[      48ms] [ERROR] Failed to load resource: the server responded with a status of 500 (Internal Server Error) @ http://localhost:3000/dashboard:0
[      81ms] [INFO] %cDownload the React DevTools for a better development experience: https://react.dev/link/react-devtools font-weight:bold @ http://localhost:3000/_next/static/chunks/node_modules_react-dom_0kla17-._.js:15093
[      97ms] Error: ./src/components/dashboard/dashboard-grid.tsx:38:3
Error: Expression expected
  36 |     { initials: "EO", name: "Elena Product Owner", date: "22 de agosto · amanhã", area: "E...
  37 |     { initials: "IR", name: "Isabela RH", date: "28 de agosto · em 7 dias", area: "Engenha...
> 38 |   };
     |   ^
  39 |
  40 |   const passedBirthdays = [
  41 |     { initials: "CT", name: "Carla Líder Técnica", date: "10 de agosto · há 11 dias", area...

Parsing ecmascript source code failed

Import trace:
  Server Component:
    ./src/components/dashboard/dashboard-grid.tsx
    ./src/app/dashboard/page.tsx


    at <unknown> (Error: ./src/components/dashboard/dashboard-grid.tsx:38:3)
    at Object.getCompilationErrors (file://C:\Users\lguar\projetos\novo-crm-acto\node_modules\next\dist\server\dev\hot-reloader-turbopack.js:1417:59)
    at DevBundlerService.getCompilationError (file://C:\Users\lguar\projetos\novo-crm-acto\node_modules\next\dist\server\lib\dev-bundler-service.js:59:55)
    at DevServer.getCompilationError (file://C:\Users\lguar\projetos\novo-crm-acto\node_modules\next\dist\server\dev\next-dev-server.js:754:42)
    at DevServer.findPageComponents (file://C:\Users\lguar\projetos\novo-crm-acto\node_modules\next\dist\server\dev\next-dev-server.js:724:43)
    at async DevServer.renderErrorToResponseImpl (file://C:\Users\lguar\projetos\novo-crm-acto\node_modules\next\dist\server\base-server.js:1828:26)
[      97ms] [LOG] [HMR] connected @ http://localhost:3000/_next/static/chunks/node_modules_next_dist_1gdrd03._.js:756
[      99ms] [ERROR] ./src/components/dashboard/dashboard-grid.tsx:38:3
Error: Expression expected
  36 |     { initials: "EO", name: "Elena Product Owner", date: "22 de agosto · amanhã", area: "E...
  37 |     { initials: "IR", name: "Isabela RH", date: "28 de agosto · em 7 dias", area: "Engenha...
> 38 |   };
     |   ^
  39 |
  40 |   const passedBirthdays = [
  41 |     { initials: "CT", name: "Carla Líder Técnica", date: "10 de agosto · há 11 dias", area...

Parsing ecmascript source code failed

Import trace:
  Server Component:
    ./src/components/dashboard/dashboard-grid.tsx
    ./src/app/dashboard/page.tsx @ http://localhost:3000/_next/static/chunks/node_modules_next_dist_1gdrd03._.js:1817
[     158ms] [ERROR] ./src/components/dashboard/dashboard-grid.tsx:38:3
Error: Expression expected
  36 |     { initials: "EO", name: "Elena Product Owner", date: "22 de agosto · amanhã", area: "E...
  37 |     { initials: "IR", name: "Isabela RH", date: "28 de agosto · em 7 dias", area: "Engenha...
> 38 |   };
     |   ^
  39 |
  40 |   const passedBirthdays = [
  41 |     { initials: "CT", name: "Carla Líder Técnica", date: "10 de agosto · há 11 dias", area...

Parsing ecmascript source code failed

Import trace:
  Server Component:
    ./src/components/dashboard/dashboard-grid.tsx
    ./src/app/dashboard/page.tsx @ http://localhost:3000/_next/static/chunks/node_modules_next_dist_1gdrd03._.js:1817
[     231ms] [ERROR] ./src/components/dashboard/dashboard-grid.tsx:38:3
Error: Expression expected
  36 |     { initials: "EO", name: "Elena Product Owner", date: "22 de agosto · amanhã", area: "E...
  37 |     { initials: "IR", name: "Isabela RH", date: "28 de agosto · em 7 dias", area: "Engenha...
> 38 |   };
     |   ^
  39 |
  40 |   const passedBirthdays = [
  41 |     { initials: "CT", name: "Carla Líder Técnica", date: "10 de agosto · há 11 dias", area...

Parsing ecmascript source code failed

Import trace:
  Server Component:
    ./src/components/dashboard/dashboard-grid.tsx
    ./src/app/dashboard/page.tsx @ http://localhost:3000/_next/static/chunks/node_modules_next_dist_1gdrd03._.js:1817
[     294ms] [ERROR] ./src/components/dashboard/dashboard-grid.tsx:38:3
Error: Expression expected
  36 |     { initials: "EO", name: "Elena Product Owner", date: "22 de agosto · amanhã", area: "E...
  37 |     { initials: "IR", name: "Isabela RH", date: "28 de agosto · em 7 dias", area: "Engenha...
> 38 |   };
     |   ^
  39 |
  40 |   const passedBirthdays = [
  41 |     { initials: "CT", name: "Carla Líder Técnica", date: "10 de agosto · há 11 dias", area...

Parsing ecmascript source code failed

Import trace:
  Server Component:
    ./src/components/dashboard/dashboard-grid.tsx
    ./src/app/dashboard/page.tsx @ http://localhost:3000/_next/static/chunks/node_modules_next_dist_1gdrd03._.js:1817
[     348ms] [ERROR] ./src/components/dashboard/dashboard-grid.tsx:38:3
Error: Expression expected
  36 |     { initials: "EO", name: "Elena Product Owner", date: "22 de agosto · amanhã", area: "E...
  37 |     { initials: "IR", name: "Isabela RH", date: "28 de agosto · em 7 dias", area: "Engenha...
> 38 |   };
     |   ^
  39 |
  40 |   const passedBirthdays = [
  41 |     { initials: "CT", name: "Carla Líder Técnica", date: "10 de agosto · há 11 dias", area...

Parsing ecmascript source code failed

Import trace:
  Server Component:
    ./src/components/dashboard/dashboard-grid.tsx
    ./src/app/dashboard/page.tsx @ http://localhost:3000/_next/static/chunks/node_modules_next_dist_1gdrd03._.js:1817
[     397ms] [ERROR] ./src/components/dashboard/dashboard-grid.tsx:38:3
Error: Expression expected
  36 |     { initials: "EO", name: "Elena Product Owner", date: "22 de agosto · amanhã", area: "E...
  37 |     { initials: "IR", name: "Isabela RH", date: "28 de agosto · em 7 dias", area: "Engenha...
> 38 |   };
     |   ^
  39 |
  40 |   const passedBirthdays = [
  41 |     { initials: "CT", name: "Carla Líder Técnica", date: "10 de agosto · há 11 dias", area...

Parsing ecmascript source code failed

Import trace:
  Server Component:
    ./src/components/dashboard/dashboard-grid.tsx
    ./src/app/dashboard/page.tsx @ http://localhost:3000/_next/static/chunks/node_modules_next_dist_1gdrd03._.js:1817
[     448ms] [ERROR] ./src/components/dashboard/dashboard-grid.tsx:38:3
Error: Expression expected
  36 |     { initials: "EO", name: "Elena Product Owner", date: "22 de agosto · amanhã", area: "E...
  37 |     { initials: "IR", name: "Isabela RH", date: "28 de agosto · em 7 dias", area: "Engenha...
> 38 |   };
     |   ^
  39 |
  40 |   const passedBirthdays = [
  41 |     { initials: "CT", name: "Carla Líder Técnica", date: "10 de agosto · há 11 dias", area...

Parsing ecmascript source code failed

Import trace:
  Server Component:
    ./src/components/dashboard/dashboard-grid.tsx
    ./src/app/dashboard/page.tsx @ http://localhost:3000/_next/static/chunks/node_modules_next_dist_1gdrd03._.js:1817
[     496ms] [ERROR] ./src/components/dashboard/dashboard-grid.tsx:38:3
Error: Expression expected
  36 |     { initials: "EO", name: "Elena Product Owner", date: "22 de agosto · amanhã", area: "E...
  37 |     { initials: "IR", name: "Isabela RH", date: "28 de agosto · em 7 dias", area: "Engenha...
> 38 |   };
     |   ^
  39 |
  40 |   const passedBirthdays = [
  41 |     { initials: "CT", name: "Carla Líder Técnica", date: "10 de agosto · há 11 dias", area...

Parsing ecmascript source code failed

Import trace:
  Server Component:
    ./src/components/dashboard/dashboard-grid.tsx
    ./src/app/dashboard/page.tsx @ http://localhost:3000/_next/static/chunks/node_modules_next_dist_1gdrd03._.js:1817
[     548ms] [ERROR] ./src/components/dashboard/dashboard-grid.tsx:38:3
Error: Expression expected
  36 |     { initials: "EO", name: "Elena Product Owner", date: "22 de agosto · amanhã", area: "E...
  37 |     { initials: "IR", name: "Isabela RH", date: "28 de agosto · em 7 dias", area: "Engenha...
> 38 |   };
     |   ^
  39 |
  40 |   const passedBirthdays = [
  41 |     { initials: "CT", name: "Carla Líder Técnica", date: "10 de agosto · há 11 dias", area...

Parsing ecmascript source code failed

Import trace:
  Server Component:
    ./src/components/dashboard/dashboard-grid.tsx
    ./src/app/dashboard/page.tsx @ http://localhost:3000/_next/static/chunks/node_modules_next_dist_1gdrd03._.js:1817
[     596ms] [ERROR] ./src/components/dashboard/dashboard-grid.tsx:38:3
Error: Expression expected
  36 |     { initials: "EO", name: "Elena Product Owner", date: "22 de agosto · amanhã", area: "E...
  37 |     { initials: "IR", name: "Isabela RH", date: "28 de agosto · em 7 dias", area: "Engenha...
> 38 |   };
     |   ^
  39 |
  40 |   const passedBirthdays = [
  41 |     { initials: "CT", name: "Carla Líder Técnica", date: "10 de agosto · há 11 dias", area...

Parsing ecmascript source code failed

Import trace:
  Server Component:
    ./src/components/dashboard/dashboard-grid.tsx
    ./src/app/dashboard/page.tsx @ http://localhost:3000/_next/static/chunks/node_modules_next_dist_1gdrd03._.js:1817
[     648ms] [ERROR] ./src/components/dashboard/dashboard-grid.tsx:38:3
Error: Expression expected
  36 |     { initials: "EO", name: "Elena Product Owner", date: "22 de agosto · amanhã", area: "E...
  37 |     { initials: "IR", name: "Isabela RH", date: "28 de agosto · em 7 dias", area: "Engenha...
> 38 |   };
     |   ^
  39 |
  40 |   const passedBirthdays = [
  41 |     { initials: "CT", name: "Carla Líder Técnica", date: "10 de agosto · há 11 dias", area...

Parsing ecmascript source code failed

Import trace:
  Server Component:
    ./src/components/dashboard/dashboard-grid.tsx
    ./src/app/dashboard/page.tsx @ http://localhost:3000/_next/static/chunks/node_modules_next_dist_1gdrd03._.js:1817
[     697ms] [ERROR] ./src/components/dashboard/dashboard-grid.tsx:38:3
Error: Expression expected
  36 |     { initials: "EO", name: "Elena Product Owner", date: "22 de agosto · amanhã", area: "E...
  37 |     { initials: "IR", name: "Isabela RH", date: "28 de agosto · em 7 dias", area: "Engenha...
> 38 |   };
     |   ^
  39 |
  40 |   const passedBirthdays = [
  41 |     { initials: "CT", name: "Carla Líder Técnica", date: "10 de agosto · há 11 dias", area...

Parsing ecmascript source code failed

Import trace:
  Server Component:
    ./src/components/dashboard/dashboard-grid.tsx
    ./src/app/dashboard/page.tsx @ http://localhost:3000/_next/static/chunks/node_modules_next_dist_1gdrd03._.js:1817
[     748ms] [ERROR] ./src/components/dashboard/dashboard-grid.tsx:38:3
Error: Expression expected
  36 |     { initials: "EO", name: "Elena Product Owner", date: "22 de agosto · amanhã", area: "E...
  37 |     { initials: "IR", name: "Isabela RH", date: "28 de agosto · em 7 dias", area: "Engenha...
> 38 |   };
     |   ^
  39 |
  40 |   const passedBirthdays = [
  41 |     { initials: "CT", name: "Carla Líder Técnica", date: "10 de agosto · há 11 dias", area...

Parsing ecmascript source code failed

Import trace:
  Server Component:
    ./src/components/dashboard/dashboard-grid.tsx
    ./src/app/dashboard/page.tsx @ http://localhost:3000/_next/static/chunks/node_modules_next_dist_1gdrd03._.js:1817
[     797ms] [ERROR] ./src/components/dashboard/dashboard-grid.tsx:38:3
Error: Expression expected
  36 |     { initials: "EO", name: "Elena Product Owner", date: "22 de agosto · amanhã", area: "E...
  37 |     { initials: "IR", name: "Isabela RH", date: "28 de agosto · em 7 dias", area: "Engenha...
> 38 |   };
     |   ^
  39 |
  40 |   const passedBirthdays = [
  41 |     { initials: "CT", name: "Carla Líder Técnica", date: "10 de agosto · há 11 dias", area...

Parsing ecmascript source code failed

Import trace:
  Server Component:
    ./src/components/dashboard/dashboard-grid.tsx
    ./src/app/dashboard/page.tsx @ http://localhost:3000/_next/static/chunks/node_modules_next_dist_1gdrd03._.js:1817
[     847ms] [ERROR] ./src/components/dashboard/dashboard-grid.tsx:38:3
Error: Expression expected
  36 |     { initials: "EO", name: "Elena Product Owner", date: "22 de agosto · amanhã", area: "E...
  37 |     { initials: "IR", name: "Isabela RH", date: "28 de agosto · em 7 dias", area: "Engenha...
> 38 |   };
     |   ^
  39 |
  40 |   const passedBirthdays = [
  41 |     { initials: "CT", name: "Carla Líder Técnica", date: "10 de agosto · há 11 dias", area...

Parsing ecmascript source code failed

Import trace:
  Server Component:
    ./src/components/dashboard/dashboard-grid.tsx
    ./src/app/dashboard/page.tsx @ http://localhost:3000/_next/static/chunks/node_modules_next_dist_1gdrd03._.js:1817
[     898ms] [ERROR] ./src/components/dashboard/dashboard-grid.tsx:38:3
Error: Expression expected
  36 |     { initials: "EO", name: "Elena Product Owner", date: "22 de agosto · amanhã", area: "E...
  37 |     { initials: "IR", name: "Isabela RH", date: "28 de agosto · em 7 dias", area: "Engenha...
> 38 |   };
     |   ^
  39 |
  40 |   const passedBirthdays = [
  41 |     { initials: "CT", name: "Carla Líder Técnica", date: "10 de agosto · há 11 dias", area...

Parsing ecmascript source code failed

Import trace:
  Server Component:
    ./src/components/dashboard/dashboard-grid.tsx
    ./src/app/dashboard/page.tsx @ http://localhost:3000/_next/static/chunks/node_modules_next_dist_1gdrd03._.js:1817
[     948ms] [ERROR] ./src/components/dashboard/dashboard-grid.tsx:38:3
Error: Expression expected
  36 |     { initials: "EO", name: "Elena Product Owner", date: "22 de agosto · amanhã", area: "E...
  37 |     { initials: "IR", name: "Isabela RH", date: "28 de agosto · em 7 dias", area: "Engenha...
> 38 |   };
     |   ^
  39 |
  40 |   const passedBirthdays = [
  41 |     { initials: "CT", name: "Carla Líder Técnica", date: "10 de agosto · há 11 dias", area...

Parsing ecmascript source code failed

Import trace:
  Server Component:
    ./src/components/dashboard/dashboard-grid.tsx
    ./src/app/dashboard/page.tsx @ http://localhost:3000/_next/static/chunks/node_modules_next_dist_1gdrd03._.js:1817
[     998ms] [ERROR] ./src/components/dashboard/dashboard-grid.tsx:38:3
Error: Expression expected
  36 |     { initials: "EO", name: "Elena Product Owner", date: "22 de agosto · amanhã", area: "E...
  37 |     { initials: "IR", name: "Isabela RH", date: "28 de agosto · em 7 dias", area: "Engenha...
> 38 |   };
     |   ^
  39 |
  40 |   const passedBirthdays = [
  41 |     { initials: "CT", name: "Carla Líder Técnica", date: "10 de agosto · há 11 dias", area...

Parsing ecmascript source code failed

Import trace:
  Server Component:
    ./src/components/dashboard/dashboard-grid.tsx
    ./src/app/dashboard/page.tsx @ http://localhost:3000/_next/static/chunks/node_modules_next_dist_1gdrd03._.js:1817
[    1052ms] [ERROR] ./src/components/dashboard/dashboard-grid.tsx:38:3
Error: Expression expected
  36 |     { initials: "EO", name: "Elena Product Owner", date: "22 de agosto · amanhã", area: "E...
  37 |     { initials: "IR", name: "Isabela RH", date: "28 de agosto · em 7 dias", area: "Engenha...
> 38 |   };
     |   ^
  39 |
  40 |   const passedBirthdays = [
  41 |     { initials: "CT", name: "Carla Líder Técnica", date: "10 de agosto · há 11 dias", area...

Parsing ecmascript source code failed

Import trace:
  Server Component:
    ./src/components/dashboard/dashboard-grid.tsx
    ./src/app/dashboard/page.tsx @ http://localhost:3000/_next/static/chunks/node_modules_next_dist_1gdrd03._.js:1817
[    1116ms] [ERROR] ./src/components/dashboard/dashboard-grid.tsx:38:3
Error: Expression expected
  36 |     { initials: "EO", name: "Elena Product Owner", date: "22 de agosto · amanhã", area: "E...
  37 |     { initials: "IR", name: "Isabela RH", date: "28 de agosto · em 7 dias", area: "Engenha...
> 38 |   };
     |   ^
  39 |
  40 |   const passedBirthdays = [
  41 |     { initials: "CT", name: "Carla Líder Técnica", date: "10 de agosto · há 11 dias", area...

Parsing ecmascript source code failed

Import trace:
  Server Component:
    ./src/components/dashboard/dashboard-grid.tsx
    ./src/app/dashboard/page.tsx @ http://localhost:3000/_next/static/chunks/node_modules_next_dist_1gdrd03._.js:1817
[    1165ms] [ERROR] ./src/components/dashboard/dashboard-grid.tsx:38:3
Error: Expression expected
  36 |     { initials: "EO", name: "Elena Product Owner", date: "22 de agosto · amanhã", area: "E...
  37 |     { initials: "IR", name: "Isabela RH", date: "28 de agosto · em 7 dias", area: "Engenha...
> 38 |   };
     |   ^
  39 |
  40 |   const passedBirthdays = [
  41 |     { initials: "CT", name: "Carla Líder Técnica", date: "10 de agosto · há 11 dias", area...

Parsing ecmascript source code failed

Import trace:
  Server Component:
    ./src/components/dashboard/dashboard-grid.tsx
    ./src/app/dashboard/page.tsx @ http://localhost:3000/_next/static/chunks/node_modules_next_dist_1gdrd03._.js:1817
[    1213ms] [ERROR] ./src/components/dashboard/dashboard-grid.tsx:38:3
Error: Expression expected
  36 |     { initials: "EO", name: "Elena Product Owner", date: "22 de agosto · amanhã", area: "E...
  37 |     { initials: "IR", name: "Isabela RH", date: "28 de agosto · em 7 dias", area: "Engenha...
> 38 |   };
     |   ^
  39 |
  40 |   const passedBirthdays = [
  41 |     { initials: "CT", name: "Carla Líder Técnica", date: "10 de agosto · há 11 dias", area...

Parsing ecmascript source code failed

Import trace:
  Server Component:
    ./src/components/dashboard/dashboard-grid.tsx
    ./src/app/dashboard/page.tsx @ http://localhost:3000/_next/static/chunks/node_modules_next_dist_1gdrd03._.js:1817
[    1263ms] [ERROR] ./src/components/dashboard/dashboard-grid.tsx:38:3
Error: Expression expected
  36 |     { initials: "EO", name: "Elena Product Owner", date: "22 de agosto · amanhã", area: "E...
  37 |     { initials: "IR", name: "Isabela RH", date: "28 de agosto · em 7 dias", area: "Engenha...
> 38 |   };
     |   ^
  39 |
  40 |   const passedBirthdays = [
  41 |     { initials: "CT", name: "Carla Líder Técnica", date: "10 de agosto · há 11 dias", area...

Parsing ecmascript source code failed

Import trace:
  Server Component:
    ./src/components/dashboard/dashboard-grid.tsx
    ./src/app/dashboard/page.tsx @ http://localhost:3000/_next/static/chunks/node_modules_next_dist_1gdrd03._.js:1817
[    1315ms] [ERROR] ./src/components/dashboard/dashboard-grid.tsx:38:3
Error: Expression expected
  36 |     { initials: "EO", name: "Elena Product Owner", date: "22 de agosto · amanhã", area: "E...
  37 |     { initials: "IR", name: "Isabela RH", date: "28 de agosto · em 7 dias", area: "Engenha...
> 38 |   };
     |   ^
  39 |
  40 |   const passedBirthdays = [
  41 |     { initials: "CT", name: "Carla Líder Técnica", date: "10 de agosto · há 11 dias", area...

Parsing ecmascript source code failed

Import trace:
  Server Component:
    ./src/components/dashboard/dashboard-grid.tsx
    ./src/app/dashboard/page.tsx @ http://localhost:3000/_next/static/chunks/node_modules_next_dist_1gdrd03._.js:1817
[    1364ms] [ERROR] ./src/components/dashboard/dashboard-grid.tsx:38:3
Error: Expression expected
  36 |     { initials: "EO", name: "Elena Product Owner", date: "22 de agosto · amanhã", area: "E...
  37 |     { initials: "IR", name: "Isabela RH", date: "28 de agosto · em 7 dias", area: "Engenha...
> 38 |   };
     |   ^
  39 |
  40 |   const passedBirthdays = [
  41 |     { initials: "CT", name: "Carla Líder Técnica", date: "10 de agosto · há 11 dias", area...

Parsing ecmascript source code failed

Import trace:
  Server Component:
    ./src/components/dashboard/dashboard-grid.tsx
    ./src/app/dashboard/page.tsx @ http://localhost:3000/_next/static/chunks/node_modules_next_dist_1gdrd03._.js:1817
[    1413ms] [ERROR] ./src/components/dashboard/dashboard-grid.tsx:38:3
Error: Expression expected
  36 |     { initials: "EO", name: "Elena Product Owner", date: "22 de agosto · amanhã", area: "E...
  37 |     { initials: "IR", name: "Isabela RH", date: "28 de agosto · em 7 dias", area: "Engenha...
> 38 |   };
     |   ^
  39 |
  40 |   const passedBirthdays = [
  41 |     { initials: "CT", name: "Carla Líder Técnica", date: "10 de agosto · há 11 dias", area...

Parsing ecmascript source code failed

Import trace:
  Server Component:
    ./src/components/dashboard/dashboard-grid.tsx
    ./src/app/dashboard/page.tsx @ http://localhost:3000/_next/static/chunks/node_modules_next_dist_1gdrd03._.js:1817
[    1464ms] [ERROR] ./src/components/dashboard/dashboard-grid.tsx:38:3
Error: Expression expected
  36 |     { initials: "EO", name: "Elena Product Owner", date: "22 de agosto · amanhã", area: "E...
  37 |     { initials: "IR", name: "Isabela RH", date: "28 de agosto · em 7 dias", area: "Engenha...
> 38 |   };
     |   ^
  39 |
  40 |   const passedBirthdays = [
  41 |     { initials: "CT", name: "Carla Líder Técnica", date: "10 de agosto · há 11 dias", area...

Parsing ecmascript source code failed

Import trace:
  Server Component:
    ./src/components/dashboard/dashboard-grid.tsx
    ./src/app/dashboard/page.tsx @ http://localhost:3000/_next/static/chunks/node_modules_next_dist_1gdrd03._.js:1817
[    1514ms] [ERROR] ./src/components/dashboard/dashboard-grid.tsx:38:3
Error: Expression expected
  36 |     { initials: "EO", name: "Elena Product Owner", date: "22 de agosto · amanhã", area: "E...
  37 |     { initials: "IR", name: "Isabela RH", date: "28 de agosto · em 7 dias", area: "Engenha...
> 38 |   };
     |   ^
  39 |
  40 |   const passedBirthdays = [
  41 |     { initials: "CT", name: "Carla Líder Técnica", date: "10 de agosto · há 11 dias", area...

Parsing ecmascript source code failed

Import trace:
  Server Component:
    ./src/components/dashboard/dashboard-grid.tsx
    ./src/app/dashboard/page.tsx @ http://localhost:3000/_next/static/chunks/node_modules_next_dist_1gdrd03._.js:1817
[    1563ms] [ERROR] ./src/components/dashboard/dashboard-grid.tsx:38:3
Error: Expression expected
  36 |     { initials: "EO", name: "Elena Product Owner", date: "22 de agosto · amanhã", area: "E...
  37 |     { initials: "IR", name: "Isabela RH", date: "28 de agosto · em 7 dias", area: "Engenha...
> 38 |   };
     |   ^
  39 |
  40 |   const passedBirthdays = [
  41 |     { initials: "CT", name: "Carla Líder Técnica", date: "10 de agosto · há 11 dias", area...

Parsing ecmascript source code failed

Import trace:
  Server Component:
    ./src/components/dashboard/dashboard-grid.tsx
    ./src/app/dashboard/page.tsx @ http://localhost:3000/_next/static/chunks/node_modules_next_dist_1gdrd03._.js:1817
[    1614ms] [ERROR] ./src/components/dashboard/dashboard-grid.tsx:38:3
Error: Expression expected
  36 |     { initials: "EO", name: "Elena Product Owner", date: "22 de agosto · amanhã", area: "E...
  37 |     { initials: "IR", name: "Isabela RH", date: "28 de agosto · em 7 dias", area: "Engenha...
> 38 |   };
     |   ^
  39 |
  40 |   const passedBirthdays = [
  41 |     { initials: "CT", name: "Carla Líder Técnica", date: "10 de agosto · há 11 dias", area...

Parsing ecmascript source code failed

Import trace:
  Server Component:
    ./src/components/dashboard/dashboard-grid.tsx
    ./src/app/dashboard/page.tsx @ http://localhost:3000/_next/static/chunks/node_modules_next_dist_1gdrd03._.js:1817
[    1663ms] [ERROR] ./src/components/dashboard/dashboard-grid.tsx:38:3
Error: Expression expected
  36 |     { initials: "EO", name: "Elena Product Owner", date: "22 de agosto · amanhã", area: "E...
  37 |     { initials: "IR", name: "Isabela RH", date: "28 de agosto · em 7 dias", area: "Engenha...
> 38 |   };
     |   ^
  39 |
  40 |   const passedBirthdays = [
  41 |     { initials: "CT", name: "Carla Líder Técnica", date: "10 de agosto · há 11 dias", area...

Parsing ecmascript source code failed

Import trace:
  Server Component:
    ./src/components/dashboard/dashboard-grid.tsx
    ./src/app/dashboard/page.tsx @ http://localhost:3000/_next/static/chunks/node_modules_next_dist_1gdrd03._.js:1817
[    1713ms] [ERROR] ./src/components/dashboard/dashboard-grid.tsx:38:3
Error: Expression expected
  36 |     { initials: "EO", name: "Elena Product Owner", date: "22 de agosto · amanhã", area: "E...
  37 |     { initials: "IR", name: "Isabela RH", date: "28 de agosto · em 7 dias", area: "Engenha...
> 38 |   };
     |   ^
  39 |
  40 |   const passedBirthdays = [
  41 |     { initials: "CT", name: "Carla Líder Técnica", date: "10 de agosto · há 11 dias", area...

Parsing ecmascript source code failed

Import trace:
  Server Component:
    ./src/components/dashboard/dashboard-grid.tsx
    ./src/app/dashboard/page.tsx @ http://localhost:3000/_next/static/chunks/node_modules_next_dist_1gdrd03._.js:1817
[    1779ms] [ERROR] ./src/components/dashboard/dashboard-grid.tsx:38:3
Error: Expression expected
  36 |     { initials: "EO", name: "Elena Product Owner", date: "22 de agosto · amanhã", area: "E...
  37 |     { initials: "IR", name: "Isabela RH", date: "28 de agosto · em 7 dias", area: "Engenha...
> 38 |   };
     |   ^
  39 |
  40 |   const passedBirthdays = [
  41 |     { initials: "CT", name: "Carla Líder Técnica", date: "10 de agosto · há 11 dias", area...

Parsing ecmascript source code failed

Import trace:
  Server Component:
    ./src/components/dashboard/dashboard-grid.tsx
    ./src/app/dashboard/page.tsx @ http://localhost:3000/_next/static/chunks/node_modules_next_dist_1gdrd03._.js:1817
[    1829ms] [ERROR] ./src/components/dashboard/dashboard-grid.tsx:38:3
Error: Expression expected
  36 |     { initials: "EO", name: "Elena Product Owner", date: "22 de agosto · amanhã", area: "E...
  37 |     { initials: "IR", name: "Isabela RH", date: "28 de agosto · em 7 dias", area: "Engenha...
> 38 |   };
     |   ^
  39 |
  40 |   const passedBirthdays = [
  41 |     { initials: "CT", name: "Carla Líder Técnica", date: "10 de agosto · há 11 dias", area...

Parsing ecmascript source code failed

Import trace:
  Server Component:
    ./src/components/dashboard/dashboard-grid.tsx
    ./src/app/dashboard/page.tsx @ http://localhost:3000/_next/static/chunks/node_modules_next_dist_1gdrd03._.js:1817
[    1881ms] [ERROR] ./src/components/dashboard/dashboard-grid.tsx:38:3
Error: Expression expected
  36 |     { initials: "EO", name: "Elena Product Owner", date: "22 de agosto · amanhã", area: "E...
  37 |     { initials: "IR", name: "Isabela RH", date: "28 de agosto · em 7 dias", area: "Engenha...
> 38 |   };
     |   ^
  39 |
  40 |   const passedBirthdays = [
  41 |     { initials: "CT", name: "Carla Líder Técnica", date: "10 de agosto · há 11 dias", area...

Parsing ecmascript source code failed

Import trace:
  Server Component:
    ./src/components/dashboard/dashboard-grid.tsx
    ./src/app/dashboard/page.tsx @ http://localhost:3000/_next/static/chunks/node_modules_next_dist_1gdrd03._.js:1817
[    1929ms] [ERROR] ./src/components/dashboard/dashboard-grid.tsx:38:3
Error: Expression expected
  36 |     { initials: "EO", name: "Elena Product Owner", date: "22 de agosto · amanhã", area: "E...
  37 |     { initials: "IR", name: "Isabela RH", date: "28 de agosto · em 7 dias", area: "Engenha...
> 38 |   };
     |   ^
  39 |
  40 |   const passedBirthdays = [
  41 |     { initials: "CT", name: "Carla Líder Técnica", date: "10 de agosto · há 11 dias", area...

Parsing ecmascript source code failed

Import trace:
  Server Component:
    ./src/components/dashboard/dashboard-grid.tsx
    ./src/app/dashboard/page.tsx @ http://localhost:3000/_next/static/chunks/node_modules_next_dist_1gdrd03._.js:1817
[    1984ms] [ERROR] ./src/components/dashboard/dashboard-grid.tsx:38:3
Error: Expression expected
  36 |     { initials: "EO", name: "Elena Product Owner", date: "22 de agosto · amanhã", area: "E...
  37 |     { initials: "IR", name: "Isabela RH", date: "28 de agosto · em 7 dias", area: "Engenha...
> 38 |   };
     |   ^
  39 |
  40 |   const passedBirthdays = [
  41 |     { initials: "CT", name: "Carla Líder Técnica", date: "10 de agosto · há 11 dias", area...

Parsing ecmascript source code failed

Import trace:
  Server Component:
    ./src/components/dashboard/dashboard-grid.tsx
    ./src/app/dashboard/page.tsx @ http://localhost:3000/_next/static/chunks/node_modules_next_dist_1gdrd03._.js:1817
[    2047ms] [ERROR] ./src/components/dashboard/dashboard-grid.tsx:38:3
Error: Expression expected
  36 |     { initials: "EO", name: "Elena Product Owner", date: "22 de agosto · amanhã", area: "E...
  37 |     { initials: "IR", name: "Isabela RH", date: "28 de agosto · em 7 dias", area: "Engenha...
> 38 |   };
     |   ^
  39 |
  40 |   const passedBirthdays = [
  41 |     { initials: "CT", name: "Carla Líder Técnica", date: "10 de agosto · há 11 dias", area...

Parsing ecmascript source code failed

Import trace:
  Server Component:
    ./src/components/dashboard/dashboard-grid.tsx
    ./src/app/dashboard/page.tsx @ http://localhost:3000/_next/static/chunks/node_modules_next_dist_1gdrd03._.js:1817
[    2097ms] [ERROR] ./src/components/dashboard/dashboard-grid.tsx:38:3
Error: Expression expected
  36 |     { initials: "EO", name: "Elena Product Owner", date: "22 de agosto · amanhã", area: "E...
  37 |     { initials: "IR", name: "Isabela RH", date: "28 de agosto · em 7 dias", area: "Engenha...
> 38 |   };
     |   ^
  39 |
  40 |   const passedBirthdays = [
  41 |     { initials: "CT", name: "Carla Líder Técnica", date: "10 de agosto · há 11 dias", area...

Parsing ecmascript source code failed

Import trace:
  Server Component:
    ./src/components/dashboard/dashboard-grid.tsx
    ./src/app/dashboard/page.tsx @ http://localhost:3000/_next/static/chunks/node_modules_next_dist_1gdrd03._.js:1817
[    2147ms] [ERROR] ./src/components/dashboard/dashboard-grid.tsx:38:3
Error: Expression expected
  36 |     { initials: "EO", name: "Elena Product Owner", date: "22 de agosto · amanhã", area: "E...
  37 |     { initials: "IR", name: "Isabela RH", date: "28 de agosto · em 7 dias", area: "Engenha...
> 38 |   };
     |   ^
  39 |
  40 |   const passedBirthdays = [
  41 |     { initials: "CT", name: "Carla Líder Técnica", date: "10 de agosto · há 11 dias", area...

Parsing ecmascript source code failed

Import trace:
  Server Component:
    ./src/components/dashboard/dashboard-grid.tsx
    ./src/app/dashboard/page.tsx @ http://localhost:3000/_next/static/chunks/node_modules_next_dist_1gdrd03._.js:1817
[    2197ms] [ERROR] ./src/components/dashboard/dashboard-grid.tsx:38:3
Error: Expression expected
  36 |     { initials: "EO", name: "Elena Product Owner", date: "22 de agosto · amanhã", area: "E...
  37 |     { initials: "IR", name: "Isabela RH", date: "28 de agosto · em 7 dias", area: "Engenha...
> 38 |   };
     |   ^
  39 |
  40 |   const passedBirthdays = [
  41 |     { initials: "CT", name: "Carla Líder Técnica", date: "10 de agosto · há 11 dias", area...

Parsing ecmascript source code failed

Import trace:
  Server Component:
    ./src/components/dashboard/dashboard-grid.tsx
    ./src/app/dashboard/page.tsx @ http://localhost:3000/_next/static/chunks/node_modules_next_dist_1gdrd03._.js:1817
[    2263ms] [ERROR] ./src/components/dashboard/dashboard-grid.tsx:38:3
Error: Expression expected
  36 |     { initials: "EO", name: "Elena Product Owner", date: "22 de agosto · amanhã", area: "E...
  37 |     { initials: "IR", name: "Isabela RH", date: "28 de agosto · em 7 dias", area: "Engenha...
> 38 |   };
     |   ^
  39 |
  40 |   const passedBirthdays = [
  41 |     { initials: "CT", name: "Carla Líder Técnica", date: "10 de agosto · há 11 dias", area...

Parsing ecmascript source code failed

Import trace:
  Server Component:
    ./src/components/dashboard/dashboard-grid.tsx
    ./src/app/dashboard/page.tsx @ http://localhost:3000/_next/static/chunks/node_modules_next_dist_1gdrd03._.js:1817
[    2314ms] [ERROR] ./src/components/dashboard/dashboard-grid.tsx:38:3
Error: Expression expected
  36 |     { initials: "EO", name: "Elena Product Owner", date: "22 de agosto · amanhã", area: "E...
  37 |     { initials: "IR", name: "Isabela RH", date: "28 de agosto · em 7 dias", area: "Engenha...
> 38 |   };
     |   ^
  39 |
  40 |   const passedBirthdays = [
  41 |     { initials: "CT", name: "Carla Líder Técnica", date: "10 de agosto · há 11 dias", area...

Parsing ecmascript source code failed

Import trace:
  Server Component:
    ./src/components/dashboard/dashboard-grid.tsx
    ./src/app/dashboard/page.tsx @ http://localhost:3000/_next/static/chunks/node_modules_next_dist_1gdrd03._.js:1817
[    2362ms] [ERROR] ./src/components/dashboard/dashboard-grid.tsx:38:3
Error: Expression expected
  36 |     { initials: "EO", name: "Elena Product Owner", date: "22 de agosto · amanhã", area: "E...
  37 |     { initials: "IR", name: "Isabela RH", date: "28 de agosto · em 7 dias", area: "Engenha...
> 38 |   };
     |   ^
  39 |
  40 |   const passedBirthdays = [
  41 |     { initials: "CT", name: "Carla Líder Técnica", date: "10 de agosto · há 11 dias", area...

Parsing ecmascript source code failed

Import trace:
  Server Component:
    ./src/components/dashboard/dashboard-grid.tsx
    ./src/app/dashboard/page.tsx @ http://localhost:3000/_next/static/chunks/node_modules_next_dist_1gdrd03._.js:1817
[    2413ms] [ERROR] ./src/components/dashboard/dashboard-grid.tsx:38:3
Error: Expression expected
  36 |     { initials: "EO", name: "Elena Product Owner", date: "22 de agosto · amanhã", area: "E...
  37 |     { initials: "IR", name: "Isabela RH", date: "28 de agosto · em 7 dias", area: "Engenha...
> 38 |   };
     |   ^
  39 |
  40 |   const passedBirthdays = [
  41 |     { initials: "CT", name: "Carla Líder Técnica", date: "10 de agosto · há 11 dias", area...

Parsing ecmascript source code failed

Import trace:
  Server Component:
    ./src/components/dashboard/dashboard-grid.tsx
    ./src/app/dashboard/page.tsx @ http://localhost:3000/_next/static/chunks/node_modules_next_dist_1gdrd03._.js:1817
[    2463ms] [ERROR] ./src/components/dashboard/dashboard-grid.tsx:38:3
Error: Expression expected
  36 |     { initials: "EO", name: "Elena Product Owner", date: "22 de agosto · amanhã", area: "E...
  37 |     { initials: "IR", name: "Isabela RH", date: "28 de agosto · em 7 dias", area: "Engenha...
> 38 |   };
     |   ^
  39 |
  40 |   const passedBirthdays = [
  41 |     { initials: "CT", name: "Carla Líder Técnica", date: "10 de agosto · há 11 dias", area...

Parsing ecmascript source code failed

Import trace:
  Server Component:
    ./src/components/dashboard/dashboard-grid.tsx
    ./src/app/dashboard/page.tsx @ http://localhost:3000/_next/static/chunks/node_modules_next_dist_1gdrd03._.js:1817
[    2513ms] [ERROR] ./src/components/dashboard/dashboard-grid.tsx:38:3
Error: Expression expected
  36 |     { initials: "EO", name: "Elena Product Owner", date: "22 de agosto · amanhã", area: "E...
  37 |     { initials: "IR", name: "Isabela RH", date: "28 de agosto · em 7 dias", area: "Engenha...
> 38 |   };
     |   ^
  39 |
  40 |   const passedBirthdays = [
  41 |     { initials: "CT", name: "Carla Líder Técnica", date: "10 de agosto · há 11 dias", area...

Parsing ecmascript source code failed

Import trace:
  Server Component:
    ./src/components/dashboard/dashboard-grid.tsx
    ./src/app/dashboard/page.tsx @ http://localhost:3000/_next/static/chunks/node_modules_next_dist_1gdrd03._.js:1817
[    2578ms] [ERROR] ./src/components/dashboard/dashboard-grid.tsx:38:3
Error: Expression expected
  36 |     { initials: "EO", name: "Elena Product Owner", date: "22 de agosto · amanhã", area: "E...
  37 |     { initials: "IR", name: "Isabela RH", date: "28 de agosto · em 7 dias", area: "Engenha...
> 38 |   };
     |   ^
  39 |
  40 |   const passedBirthdays = [
  41 |     { initials: "CT", name: "Carla Líder Técnica", date: "10 de agosto · há 11 dias", area...

Parsing ecmascript source code failed

Import trace:
  Server Component:
    ./src/components/dashboard/dashboard-grid.tsx
    ./src/app/dashboard/page.tsx @ http://localhost:3000/_next/static/chunks/node_modules_next_dist_1gdrd03._.js:1817
[    2630ms] [ERROR] ./src/components/dashboard/dashboard-grid.tsx:38:3
Error: Expression expected
  36 |     { initials: "EO", name: "Elena Product Owner", date: "22 de agosto · amanhã", area: "E...
  37 |     { initials: "IR", name: "Isabela RH", date: "28 de agosto · em 7 dias", area: "Engenha...
> 38 |   };
     |   ^
  39 |
  40 |   const passedBirthdays = [
  41 |     { initials: "CT", name: "Carla Líder Técnica", date: "10 de agosto · há 11 dias", area...

Parsing ecmascript source code failed

Import trace:
  Server Component:
    ./src/components/dashboard/dashboard-grid.tsx
    ./src/app/dashboard/page.tsx @ http://localhost:3000/_next/static/chunks/node_modules_next_dist_1gdrd03._.js:1817
[    2681ms] [ERROR] ./src/components/dashboard/dashboard-grid.tsx:38:3
Error: Expression expected
  36 |     { initials: "EO", name: "Elena Product Owner", date: "22 de agosto · amanhã", area: "E...
  37 |     { initials: "IR", name: "Isabela RH", date: "28 de agosto · em 7 dias", area: "Engenha...
> 38 |   };
     |   ^
  39 |
  40 |   const passedBirthdays = [
  41 |     { initials: "CT", name: "Carla Líder Técnica", date: "10 de agosto · há 11 dias", area...

Parsing ecmascript source code failed

Import trace:
  Server Component:
    ./src/components/dashboard/dashboard-grid.tsx
    ./src/app/dashboard/page.tsx @ http://localhost:3000/_next/static/chunks/node_modules_next_dist_1gdrd03._.js:1817
[    2730ms] [ERROR] ./src/components/dashboard/dashboard-grid.tsx:38:3
Error: Expression expected
  36 |     { initials: "EO", name: "Elena Product Owner", date: "22 de agosto · amanhã", area: "E...
  37 |     { initials: "IR", name: "Isabela RH", date: "28 de agosto · em 7 dias", area: "Engenha...
> 38 |   };
     |   ^
  39 |
  40 |   const passedBirthdays = [
  41 |     { initials: "CT", name: "Carla Líder Técnica", date: "10 de agosto · há 11 dias", area...

Parsing ecmascript source code failed

Import trace:
  Server Component:
    ./src/components/dashboard/dashboard-grid.tsx
    ./src/app/dashboard/page.tsx @ http://localhost:3000/_next/static/chunks/node_modules_next_dist_1gdrd03._.js:1817
[    2781ms] [ERROR] ./src/components/dashboard/dashboard-grid.tsx:38:3
Error: Expression expected
  36 |     { initials: "EO", name: "Elena Product Owner", date: "22 de agosto · amanhã", area: "E...
  37 |     { initials: "IR", name: "Isabela RH", date: "28 de agosto · em 7 dias", area: "Engenha...
> 38 |   };
     |   ^
  39 |
  40 |   const passedBirthdays = [
  41 |     { initials: "CT", name: "Carla Líder Técnica", date: "10 de agosto · há 11 dias", area...

Parsing ecmascript source code failed

Import trace:
  Server Component:
    ./src/components/dashboard/dashboard-grid.tsx
    ./src/app/dashboard/page.tsx @ http://localhost:3000/_next/static/chunks/node_modules_next_dist_1gdrd03._.js:1817
[    2831ms] [ERROR] ./src/components/dashboard/dashboard-grid.tsx:38:3
Error: Expression expected
  36 |     { initials: "EO", name: "Elena Product Owner", date: "22 de agosto · amanhã", area: "E...
  37 |     { initials: "IR", name: "Isabela RH", date: "28 de agosto · em 7 dias", area: "Engenha...
> 38 |   };
     |   ^
  39 |
  40 |   const passedBirthdays = [
  41 |     { initials: "CT", name: "Carla Líder Técnica", date: "10 de agosto · há 11 dias", area...

Parsing ecmascript source code failed

Import trace:
  Server Component:
    ./src/components/dashboard/dashboard-grid.tsx
    ./src/app/dashboard/page.tsx @ http://localhost:3000/_next/static/chunks/node_modules_next_dist_1gdrd03._.js:1817
[    2880ms] [ERROR] ./src/components/dashboard/dashboard-grid.tsx:38:3
Error: Expression expected
  36 |     { initials: "EO", name: "Elena Product Owner", date: "22 de agosto · amanhã", area: "E...
  37 |     { initials: "IR", name: "Isabela RH", date: "28 de agosto · em 7 dias", area: "Engenha...
> 38 |   };
     |   ^
  39 |
  40 |   const passedBirthdays = [
  41 |     { initials: "CT", name: "Carla Líder Técnica", date: "10 de agosto · há 11 dias", area...

Parsing ecmascript source code failed

Import trace:
  Server Component:
    ./src/components/dashboard/dashboard-grid.tsx
    ./src/app/dashboard/page.tsx @ http://localhost:3000/_next/static/chunks/node_modules_next_dist_1gdrd03._.js:1817
[    2938ms] [ERROR] ./src/components/dashboard/dashboard-grid.tsx:38:3
Error: Expression expected
  36 |     { initials: "EO", name: "Elena Product Owner", date: "22 de agosto · amanhã", area: "E...
  37 |     { initials: "IR", name: "Isabela RH", date: "28 de agosto · em 7 dias", area: "Engenha...
> 38 |   };
     |   ^
  39 |
  40 |   const passedBirthdays = [
  41 |     { initials: "CT", name: "Carla Líder Técnica", date: "10 de agosto · há 11 dias", area...

Parsing ecmascript source code failed

Import trace:
  Server Component:
    ./src/components/dashboard/dashboard-grid.tsx
    ./src/app/dashboard/page.tsx @ http://localhost:3000/_next/static/chunks/node_modules_next_dist_1gdrd03._.js:1817
[    2980ms] [ERROR] ./src/components/dashboard/dashboard-grid.tsx:38:3
Error: Expression expected
  36 |     { initials: "EO", name: "Elena Product Owner", date: "22 de agosto · amanhã", area: "E...
  37 |     { initials: "IR", name: "Isabela RH", date: "28 de agosto · em 7 dias", area: "Engenha...
> 38 |   };
     |   ^
  39 |
  40 |   const passedBirthdays = [
  41 |     { initials: "CT", name: "Carla Líder Técnica", date: "10 de agosto · há 11 dias", area...

Parsing ecmascript source code failed

Import trace:
  Server Component:
    ./src/components/dashboard/dashboard-grid.tsx
    ./src/app/dashboard/page.tsx @ http://localhost:3000/_next/static/chunks/node_modules_next_dist_1gdrd03._.js:1817
[    3031ms] [ERROR] ./src/components/dashboard/dashboard-grid.tsx:38:3
Error: Expression expected
  36 |     { initials: "EO", name: "Elena Product Owner", date: "22 de agosto · amanhã", area: "E...
  37 |     { initials: "IR", name: "Isabela RH", date: "28 de agosto · em 7 dias", area: "Engenha...
> 38 |   };
     |   ^
  39 |
  40 |   const passedBirthdays = [
  41 |     { initials: "CT", name: "Carla Líder Técnica", date: "10 de agosto · há 11 dias", area...

Parsing ecmascript source code failed

Import trace:
  Server Component:
    ./src/components/dashboard/dashboard-grid.tsx
    ./src/app/dashboard/page.tsx @ http://localhost:3000/_next/static/chunks/node_modules_next_dist_1gdrd03._.js:1817
[    3081ms] [ERROR] ./src/components/dashboard/dashboard-grid.tsx:38:3
Error: Expression expected
  36 |     { initials: "EO", name: "Elena Product Owner", date: "22 de agosto · amanhã", area: "E...
  37 |     { initials: "IR", name: "Isabela RH", date: "28 de agosto · em 7 dias", area: "Engenha...
> 38 |   };
     |   ^
  39 |
  40 |   const passedBirthdays = [
  41 |     { initials: "CT", name: "Carla Líder Técnica", date: "10 de agosto · há 11 dias", area...

Parsing ecmascript source code failed

Import trace:
  Server Component:
    ./src/components/dashboard/dashboard-grid.tsx
    ./src/app/dashboard/page.tsx @ http://localhost:3000/_next/static/chunks/node_modules_next_dist_1gdrd03._.js:1817
[    3131ms] [ERROR] ./src/components/dashboard/dashboard-grid.tsx:38:3
Error: Expression expected
  36 |     { initials: "EO", name: "Elena Product Owner", date: "22 de agosto · amanhã", area: "E...
  37 |     { initials: "IR", name: "Isabela RH", date: "28 de agosto · em 7 dias", area: "Engenha...
> 38 |   };
     |   ^
  39 |
  40 |   const passedBirthdays = [
  41 |     { initials: "CT", name: "Carla Líder Técnica", date: "10 de agosto · há 11 dias", area...

Parsing ecmascript source code failed

Import trace:
  Server Component:
    ./src/components/dashboard/dashboard-grid.tsx
    ./src/app/dashboard/page.tsx @ http://localhost:3000/_next/static/chunks/node_modules_next_dist_1gdrd03._.js:1817
[    3180ms] [ERROR] ./src/components/dashboard/dashboard-grid.tsx:38:3
Error: Expression expected
  36 |     { initials: "EO", name: "Elena Product Owner", date: "22 de agosto · amanhã", area: "E...
  37 |     { initials: "IR", name: "Isabela RH", date: "28 de agosto · em 7 dias", area: "Engenha...
> 38 |   };
     |   ^
  39 |
  40 |   const passedBirthdays = [
  41 |     { initials: "CT", name: "Carla Líder Técnica", date: "10 de agosto · há 11 dias", area...

Parsing ecmascript source code failed

Import trace:
  Server Component:
    ./src/components/dashboard/dashboard-grid.tsx
    ./src/app/dashboard/page.tsx @ http://localhost:3000/_next/static/chunks/node_modules_next_dist_1gdrd03._.js:1817
[    3230ms] [ERROR] ./src/components/dashboard/dashboard-grid.tsx:38:3
Error: Expression expected
  36 |     { initials: "EO", name: "Elena Product Owner", date: "22 de agosto · amanhã", area: "E...
  37 |     { initials: "IR", name: "Isabela RH", date: "28 de agosto · em 7 dias", area: "Engenha...
> 38 |   };
     |   ^
  39 |
  40 |   const passedBirthdays = [
  41 |     { initials: "CT", name: "Carla Líder Técnica", date: "10 de agosto · há 11 dias", area...

Parsing ecmascript source code failed

Import trace:
  Server Component:
    ./src/components/dashboard/dashboard-grid.tsx
    ./src/app/dashboard/page.tsx @ http://localhost:3000/_next/static/chunks/node_modules_next_dist_1gdrd03._.js:1817
[    3282ms] [ERROR] ./src/components/dashboard/dashboard-grid.tsx:38:3
Error: Expression expected
  36 |     { initials: "EO", name: "Elena Product Owner", date: "22 de agosto · amanhã", area: "E...
  37 |     { initials: "IR", name: "Isabela RH", date: "28 de agosto · em 7 dias", area: "Engenha...
> 38 |   };
     |   ^
  39 |
  40 |   const passedBirthdays = [
  41 |     { initials: "CT", name: "Carla Líder Técnica", date: "10 de agosto · há 11 dias", area...

Parsing ecmascript source code failed

Import trace:
  Server Component:
    ./src/components/dashboard/dashboard-grid.tsx
    ./src/app/dashboard/page.tsx @ http://localhost:3000/_next/static/chunks/node_modules_next_dist_1gdrd03._.js:1817
[    3331ms] [ERROR] ./src/components/dashboard/dashboard-grid.tsx:38:3
Error: Expression expected
  36 |     { initials: "EO", name: "Elena Product Owner", date: "22 de agosto · amanhã", area: "E...
  37 |     { initials: "IR", name: "Isabela RH", date: "28 de agosto · em 7 dias", area: "Engenha...
> 38 |   };
     |   ^
  39 |
  40 |   const passedBirthdays = [
  41 |     { initials: "CT", name: "Carla Líder Técnica", date: "10 de agosto · há 11 dias", area...

Parsing ecmascript source code failed

Import trace:
  Server Component:
    ./src/components/dashboard/dashboard-grid.tsx
    ./src/app/dashboard/page.tsx @ http://localhost:3000/_next/static/chunks/node_modules_next_dist_1gdrd03._.js:1817
[    3381ms] [ERROR] ./src/components/dashboard/dashboard-grid.tsx:38:3
Error: Expression expected
  36 |     { initials: "EO", name: "Elena Product Owner", date: "22 de agosto · amanhã", area: "E...
  37 |     { initials: "IR", name: "Isabela RH", date: "28 de agosto · em 7 dias", area: "Engenha...
> 38 |   };
     |   ^
  39 |
  40 |   const passedBirthdays = [
  41 |     { initials: "CT", name: "Carla Líder Técnica", date: "10 de agosto · há 11 dias", area...

Parsing ecmascript source code failed

Import trace:
  Server Component:
    ./src/components/dashboard/dashboard-grid.tsx
    ./src/app/dashboard/page.tsx @ http://localhost:3000/_next/static/chunks/node_modules_next_dist_1gdrd03._.js:1817
[    3430ms] [ERROR] ./src/components/dashboard/dashboard-grid.tsx:38:3
Error: Expression expected
  36 |     { initials: "EO", name: "Elena Product Owner", date: "22 de agosto · amanhã", area: "E...
  37 |     { initials: "IR", name: "Isabela RH", date: "28 de agosto · em 7 dias", area: "Engenha...
> 38 |   };
     |   ^
  39 |
  40 |   const passedBirthdays = [
  41 |     { initials: "CT", name: "Carla Líder Técnica", date: "10 de agosto · há 11 dias", area...

Parsing ecmascript source code failed

Import trace:
  Server Component:
    ./src/components/dashboard/dashboard-grid.tsx
    ./src/app/dashboard/page.tsx @ http://localhost:3000/_next/static/chunks/node_modules_next_dist_1gdrd03._.js:1817
[    3481ms] [ERROR] ./src/components/dashboard/dashboard-grid.tsx:38:3
Error: Expression expected
  36 |     { initials: "EO", name: "Elena Product Owner", date: "22 de agosto · amanhã", area: "E...
  37 |     { initials: "IR", name: "Isabela RH", date: "28 de agosto · em 7 dias", area: "Engenha...
> 38 |   };
     |   ^
  39 |
  40 |   const passedBirthdays = [
  41 |     { initials: "CT", name: "Carla Líder Técnica", date: "10 de agosto · há 11 dias", area...

Parsing ecmascript source code failed

Import trace:
  Server Component:
    ./src/components/dashboard/dashboard-grid.tsx
    ./src/app/dashboard/page.tsx @ http://localhost:3000/_next/static/chunks/node_modules_next_dist_1gdrd03._.js:1817
[    3531ms] [ERROR] ./src/components/dashboard/dashboard-grid.tsx:38:3
Error: Expression expected
  36 |     { initials: "EO", name: "Elena Product Owner", date: "22 de agosto · amanhã", area: "E...
  37 |     { initials: "IR", name: "Isabela RH", date: "28 de agosto · em 7 dias", area: "Engenha...
> 38 |   };
     |   ^
  39 |
  40 |   const passedBirthdays = [
  41 |     { initials: "CT", name: "Carla Líder Técnica", date: "10 de agosto · há 11 dias", area...

Parsing ecmascript source code failed

Import trace:
  Server Component:
    ./src/components/dashboard/dashboard-grid.tsx
    ./src/app/dashboard/page.tsx @ http://localhost:3000/_next/static/chunks/node_modules_next_dist_1gdrd03._.js:1817
[    3581ms] [ERROR] ./src/components/dashboard/dashboard-grid.tsx:38:3
Error: Expression expected
  36 |     { initials: "EO", name: "Elena Product Owner", date: "22 de agosto · amanhã", area: "E...
  37 |     { initials: "IR", name: "Isabela RH", date: "28 de agosto · em 7 dias", area: "Engenha...
> 38 |   };
     |   ^
  39 |
  40 |   const passedBirthdays = [
  41 |     { initials: "CT", name: "Carla Líder Técnica", date: "10 de agosto · há 11 dias", area...

Parsing ecmascript source code failed

Import trace:
  Server Component:
    ./src/components/dashboard/dashboard-grid.tsx
    ./src/app/dashboard/page.tsx @ http://localhost:3000/_next/static/chunks/node_modules_next_dist_1gdrd03._.js:1817
[    3645ms] [ERROR] ./src/components/dashboard/dashboard-grid.tsx:38:3
Error: Expression expected
  36 |     { initials: "EO", name: "Elena Product Owner", date: "22 de agosto · amanhã", area: "E...
  37 |     { initials: "IR", name: "Isabela RH", date: "28 de agosto · em 7 dias", area: "Engenha...
> 38 |   };
     |   ^
  39 |
  40 |   const passedBirthdays = [
  41 |     { initials: "CT", name: "Carla Líder Técnica", date: "10 de agosto · há 11 dias", area...

Parsing ecmascript source code failed

Import trace:
  Server Component:
    ./src/components/dashboard/dashboard-grid.tsx
    ./src/app/dashboard/page.tsx @ http://localhost:3000/_next/static/chunks/node_modules_next_dist_1gdrd03._.js:1817
[    3699ms] [ERROR] ./src/components/dashboard/dashboard-grid.tsx:38:3
Error: Expression expected
  36 |     { initials: "EO", name: "Elena Product Owner", date: "22 de agosto · amanhã", area: "E...
  37 |     { initials: "IR", name: "Isabela RH", date: "28 de agosto · em 7 dias", area: "Engenha...
> 38 |   };
     |   ^
  39 |
  40 |   const passedBirthdays = [
  41 |     { initials: "CT", name: "Carla Líder Técnica", date: "10 de agosto · há 11 dias", area...

Parsing ecmascript source code failed

Import trace:
  Server Component:
    ./src/components/dashboard/dashboard-grid.tsx
    ./src/app/dashboard/page.tsx @ http://localhost:3000/_next/static/chunks/node_modules_next_dist_1gdrd03._.js:1817
[    3762ms] [ERROR] ./src/components/dashboard/dashboard-grid.tsx:38:3
Error: Expression expected
  36 |     { initials: "EO", name: "Elena Product Owner", date: "22 de agosto · amanhã", area: "E...
  37 |     { initials: "IR", name: "Isabela RH", date: "28 de agosto · em 7 dias", area: "Engenha...
> 38 |   };
     |   ^
  39 |
  40 |   const passedBirthdays = [
  41 |     { initials: "CT", name: "Carla Líder Técnica", date: "10 de agosto · há 11 dias", area...

Parsing ecmascript source code failed

Import trace:
  Server Component:
    ./src/components/dashboard/dashboard-grid.tsx
    ./src/app/dashboard/page.tsx @ http://localhost:3000/_next/static/chunks/node_modules_next_dist_1gdrd03._.js:1817
[    3814ms] [ERROR] ./src/components/dashboard/dashboard-grid.tsx:38:3
Error: Expression expected
  36 |     { initials: "EO", name: "Elena Product Owner", date: "22 de agosto · amanhã", area: "E...
  37 |     { initials: "IR", name: "Isabela RH", date: "28 de agosto · em 7 dias", area: "Engenha...
> 38 |   };
     |   ^
  39 |
  40 |   const passedBirthdays = [
  41 |     { initials: "CT", name: "Carla Líder Técnica", date: "10 de agosto · há 11 dias", area...

Parsing ecmascript source code failed

Import trace:
  Server Component:
    ./src/components/dashboard/dashboard-grid.tsx
    ./src/app/dashboard/page.tsx @ http://localhost:3000/_next/static/chunks/node_modules_next_dist_1gdrd03._.js:1817
[    3866ms] [ERROR] ./src/components/dashboard/dashboard-grid.tsx:38:3
Error: Expression expected
  36 |     { initials: "EO", name: "Elena Product Owner", date: "22 de agosto · amanhã", area: "E...
  37 |     { initials: "IR", name: "Isabela RH", date: "28 de agosto · em 7 dias", area: "Engenha...
> 38 |   };
     |   ^
  39 |
  40 |   const passedBirthdays = [
  41 |     { initials: "CT", name: "Carla Líder Técnica", date: "10 de agosto · há 11 dias", area...

Parsing ecmascript source code failed

Import trace:
  Server Component:
    ./src/components/dashboard/dashboard-grid.tsx
    ./src/app/dashboard/page.tsx @ http://localhost:3000/_next/static/chunks/node_modules_next_dist_1gdrd03._.js:1817
[    3915ms] [ERROR] ./src/components/dashboard/dashboard-grid.tsx:38:3
Error: Expression expected
  36 |     { initials: "EO", name: "Elena Product Owner", date: "22 de agosto · amanhã", area: "E...
  37 |     { initials: "IR", name: "Isabela RH", date: "28 de agosto · em 7 dias", area: "Engenha...
> 38 |   };
     |   ^
  39 |
  40 |   const passedBirthdays = [
  41 |     { initials: "CT", name: "Carla Líder Técnica", date: "10 de agosto · há 11 dias", area...

Parsing ecmascript source code failed

Import trace:
  Server Component:
    ./src/components/dashboard/dashboard-grid.tsx
    ./src/app/dashboard/page.tsx @ http://localhost:3000/_next/static/chunks/node_modules_next_dist_1gdrd03._.js:1817
[    3964ms] [ERROR] ./src/components/dashboard/dashboard-grid.tsx:38:3
Error: Expression expected
  36 |     { initials: "EO", name: "Elena Product Owner", date: "22 de agosto · amanhã", area: "E...
  37 |     { initials: "IR", name: "Isabela RH", date: "28 de agosto · em 7 dias", area: "Engenha...
> 38 |   };
     |   ^
  39 |
  40 |   const passedBirthdays = [
  41 |     { initials: "CT", name: "Carla Líder Técnica", date: "10 de agosto · há 11 dias", area...

Parsing ecmascript source code failed

Import trace:
  Server Component:
    ./src/components/dashboard/dashboard-grid.tsx
    ./src/app/dashboard/page.tsx @ http://localhost:3000/_next/static/chunks/node_modules_next_dist_1gdrd03._.js:1817
[    4014ms] [ERROR] ./src/components/dashboard/dashboard-grid.tsx:38:3
Error: Expression expected
  36 |     { initials: "EO", name: "Elena Product Owner", date: "22 de agosto · amanhã", area: "E...
  37 |     { initials: "IR", name: "Isabela RH", date: "28 de agosto · em 7 dias", area: "Engenha...
> 38 |   };
     |   ^
  39 |
  40 |   const passedBirthdays = [
  41 |     { initials: "CT", name: "Carla Líder Técnica", date: "10 de agosto · há 11 dias", area...

Parsing ecmascript source code failed

Import trace:
  Server Component:
    ./src/components/dashboard/dashboard-grid.tsx
    ./src/app/dashboard/page.tsx @ http://localhost:3000/_next/static/chunks/node_modules_next_dist_1gdrd03._.js:1817
[    4065ms] [ERROR] ./src/components/dashboard/dashboard-grid.tsx:38:3
Error: Expression expected
  36 |     { initials: "EO", name: "Elena Product Owner", date: "22 de agosto · amanhã", area: "E...
  37 |     { initials: "IR", name: "Isabela RH", date: "28 de agosto · em 7 dias", area: "Engenha...
> 38 |   };
     |   ^
  39 |
  40 |   const passedBirthdays = [
  41 |     { initials: "CT", name: "Carla Líder Técnica", date: "10 de agosto · há 11 dias", area...

Parsing ecmascript source code failed

Import trace:
  Server Component:
    ./src/components/dashboard/dashboard-grid.tsx
    ./src/app/dashboard/page.tsx @ http://localhost:3000/_next/static/chunks/node_modules_next_dist_1gdrd03._.js:1817
[    4131ms] [ERROR] ./src/components/dashboard/dashboard-grid.tsx:38:3
Error: Expression expected
  36 |     { initials: "EO", name: "Elena Product Owner", date: "22 de agosto · amanhã", area: "E...
  37 |     { initials: "IR", name: "Isabela RH", date: "28 de agosto · em 7 dias", area: "Engenha...
> 38 |   };
     |   ^
  39 |
  40 |   const passedBirthdays = [
  41 |     { initials: "CT", name: "Carla Líder Técnica", date: "10 de agosto · há 11 dias", area...

Parsing ecmascript source code failed

Import trace:
  Server Component:
    ./src/components/dashboard/dashboard-grid.tsx
    ./src/app/dashboard/page.tsx @ http://localhost:3000/_next/static/chunks/node_modules_next_dist_1gdrd03._.js:1817
[    4181ms] [ERROR] ./src/components/dashboard/dashboard-grid.tsx:38:3
Error: Expression expected
  36 |     { initials: "EO", name: "Elena Product Owner", date: "22 de agosto · amanhã", area: "E...
  37 |     { initials: "IR", name: "Isabela RH", date: "28 de agosto · em 7 dias", area: "Engenha...
> 38 |   };
     |   ^
  39 |
  40 |   const passedBirthdays = [
  41 |     { initials: "CT", name: "Carla Líder Técnica", date: "10 de agosto · há 11 dias", area...

Parsing ecmascript source code failed

Import trace:
  Server Component:
    ./src/components/dashboard/dashboard-grid.tsx
    ./src/app/dashboard/page.tsx @ http://localhost:3000/_next/static/chunks/node_modules_next_dist_1gdrd03._.js:1817
[    4232ms] [ERROR] ./src/components/dashboard/dashboard-grid.tsx:38:3
Error: Expression expected
  36 |     { initials: "EO", name: "Elena Product Owner", date: "22 de agosto · amanhã", area: "E...
  37 |     { initials: "IR", name: "Isabela RH", date: "28 de agosto · em 7 dias", area: "Engenha...
> 38 |   };
     |   ^
  39 |
  40 |   const passedBirthdays = [
  41 |     { initials: "CT", name: "Carla Líder Técnica", date: "10 de agosto · há 11 dias", area...

Parsing ecmascript source code failed

Import trace:
  Server Component:
    ./src/components/dashboard/dashboard-grid.tsx
    ./src/app/dashboard/page.tsx @ http://localhost:3000/_next/static/chunks/node_modules_next_dist_1gdrd03._.js:1817
[    4280ms] [ERROR] ./src/components/dashboard/dashboard-grid.tsx:38:3
Error: Expression expected
  36 |     { initials: "EO", name: "Elena Product Owner", date: "22 de agosto · amanhã", area: "E...
  37 |     { initials: "IR", name: "Isabela RH", date: "28 de agosto · em 7 dias", area: "Engenha...
> 38 |   };
     |   ^
  39 |
  40 |   const passedBirthdays = [
  41 |     { initials: "CT", name: "Carla Líder Técnica", date: "10 de agosto · há 11 dias", area...

Parsing ecmascript source code failed

Import trace:
  Server Component:
    ./src/components/dashboard/dashboard-grid.tsx
    ./src/app/dashboard/page.tsx @ http://localhost:3000/_next/static/chunks/node_modules_next_dist_1gdrd03._.js:1817
[    4330ms] [ERROR] ./src/components/dashboard/dashboard-grid.tsx:38:3
Error: Expression expected
  36 |     { initials: "EO", name: "Elena Product Owner", date: "22 de agosto · amanhã", area: "E...
  37 |     { initials: "IR", name: "Isabela RH", date: "28 de agosto · em 7 dias", area: "Engenha...
> 38 |   };
     |   ^
  39 |
  40 |   const passedBirthdays = [
  41 |     { initials: "CT", name: "Carla Líder Técnica", date: "10 de agosto · há 11 dias", area...

Parsing ecmascript source code failed

Import trace:
  Server Component:
    ./src/components/dashboard/dashboard-grid.tsx
    ./src/app/dashboard/page.tsx @ http://localhost:3000/_next/static/chunks/node_modules_next_dist_1gdrd03._.js:1817
[    4380ms] [ERROR] ./src/components/dashboard/dashboard-grid.tsx:38:3
Error: Expression expected
  36 |     { initials: "EO", name: "Elena Product Owner", date: "22 de agosto · amanhã", area: "E...
  37 |     { initials: "IR", name: "Isabela RH", date: "28 de agosto · em 7 dias", area: "Engenha...
> 38 |   };
     |   ^
  39 |
  40 |   const passedBirthdays = [
  41 |     { initials: "CT", name: "Carla Líder Técnica", date: "10 de agosto · há 11 dias", area...

Parsing ecmascript source code failed

Import trace:
  Server Component:
    ./src/components/dashboard/dashboard-grid.tsx
    ./src/app/dashboard/page.tsx @ http://localhost:3000/_next/static/chunks/node_modules_next_dist_1gdrd03._.js:1817
[    4444ms] [ERROR] ./src/components/dashboard/dashboard-grid.tsx:38:3
Error: Expression expected
  36 |     { initials: "EO", name: "Elena Product Owner", date: "22 de agosto · amanhã", area: "E...
  37 |     { initials: "IR", name: "Isabela RH", date: "28 de agosto · em 7 dias", area: "Engenha...
> 38 |   };
     |   ^
  39 |
  40 |   const passedBirthdays = [
  41 |     { initials: "CT", name: "Carla Líder Técnica", date: "10 de agosto · há 11 dias", area...

Parsing ecmascript source code failed

Import trace:
  Server Component:
    ./src/components/dashboard/dashboard-grid.tsx
    ./src/app/dashboard/page.tsx @ http://localhost:3000/_next/static/chunks/node_modules_next_dist_1gdrd03._.js:1817
[    4498ms] [ERROR] ./src/components/dashboard/dashboard-grid.tsx:38:3
Error: Expression expected
  36 |     { initials: "EO", name: "Elena Product Owner", date: "22 de agosto · amanhã", area: "E...
  37 |     { initials: "IR", name: "Isabela RH", date: "28 de agosto · em 7 dias", area: "Engenha...
> 38 |   };
     |   ^
  39 |
  40 |   const passedBirthdays = [
  41 |     { initials: "CT", name: "Carla Líder Técnica", date: "10 de agosto · há 11 dias", area...

Parsing ecmascript source code failed

Import trace:
  Server Component:
    ./src/components/dashboard/dashboard-grid.tsx
    ./src/app/dashboard/page.tsx @ http://localhost:3000/_next/static/chunks/node_modules_next_dist_1gdrd03._.js:1817
[    4562ms] [ERROR] ./src/components/dashboard/dashboard-grid.tsx:38:3
Error: Expression expected
  36 |     { initials: "EO", name: "Elena Product Owner", date: "22 de agosto · amanhã", area: "E...
  37 |     { initials: "IR", name: "Isabela RH", date: "28 de agosto · em 7 dias", area: "Engenha...
> 38 |   };
     |   ^
  39 |
  40 |   const passedBirthdays = [
  41 |     { initials: "CT", name: "Carla Líder Técnica", date: "10 de agosto · há 11 dias", area...

Parsing ecmascript source code failed

Import trace:
  Server Component:
    ./src/components/dashboard/dashboard-grid.tsx
    ./src/app/dashboard/page.tsx @ http://localhost:3000/_next/static/chunks/node_modules_next_dist_1gdrd03._.js:1817
[    4616ms] [ERROR] ./src/components/dashboard/dashboard-grid.tsx:38:3
Error: Expression expected
  36 |     { initials: "EO", name: "Elena Product Owner", date: "22 de agosto · amanhã", area: "E...
  37 |     { initials: "IR", name: "Isabela RH", date: "28 de agosto · em 7 dias", area: "Engenha...
> 38 |   };
     |   ^
  39 |
  40 |   const passedBirthdays = [
  41 |     { initials: "CT", name: "Carla Líder Técnica", date: "10 de agosto · há 11 dias", area...

Parsing ecmascript source code failed

Import trace:
  Server Component:
    ./src/components/dashboard/dashboard-grid.tsx
    ./src/app/dashboard/page.tsx @ http://localhost:3000/_next/static/chunks/node_modules_next_dist_1gdrd03._.js:1817
[    4666ms] [ERROR] ./src/components/dashboard/dashboard-grid.tsx:38:3
Error: Expression expected
  36 |     { initials: "EO", name: "Elena Product Owner", date: "22 de agosto · amanhã", area: "E...
  37 |     { initials: "IR", name: "Isabela RH", date: "28 de agosto · em 7 dias", area: "Engenha...
> 38 |   };
     |   ^
  39 |
  40 |   const passedBirthdays = [
  41 |     { initials: "CT", name: "Carla Líder Técnica", date: "10 de agosto · há 11 dias", area...

Parsing ecmascript source code failed

Import trace:
  Server Component:
    ./src/components/dashboard/dashboard-grid.tsx
    ./src/app/dashboard/page.tsx @ http://localhost:3000/_next/static/chunks/node_modules_next_dist_1gdrd03._.js:1817
[    4729ms] [ERROR] ./src/components/dashboard/dashboard-grid.tsx:38:3
Error: Expression expected
  36 |     { initials: "EO", name: "Elena Product Owner", date: "22 de agosto · amanhã", area: "E...
  37 |     { initials: "IR", name: "Isabela RH", date: "28 de agosto · em 7 dias", area: "Engenha...
> 38 |   };
     |   ^
  39 |
  40 |   const passedBirthdays = [
  41 |     { initials: "CT", name: "Carla Líder Técnica", date: "10 de agosto · há 11 dias", area...

Parsing ecmascript source code failed

Import trace:
  Server Component:
    ./src/components/dashboard/dashboard-grid.tsx
    ./src/app/dashboard/page.tsx @ http://localhost:3000/_next/static/chunks/node_modules_next_dist_1gdrd03._.js:1817
[    4781ms] [ERROR] ./src/components/dashboard/dashboard-grid.tsx:38:3
Error: Expression expected
  36 |     { initials: "EO", name: "Elena Product Owner", date: "22 de agosto · amanhã", area: "E...
  37 |     { initials: "IR", name: "Isabela RH", date: "28 de agosto · em 7 dias", area: "Engenha...
> 38 |   };
     |   ^
  39 |
  40 |   const passedBirthdays = [
  41 |     { initials: "CT", name: "Carla Líder Técnica", date: "10 de agosto · há 11 dias", area...

Parsing ecmascript source code failed

Import trace:
  Server Component:
    ./src/components/dashboard/dashboard-grid.tsx
    ./src/app/dashboard/page.tsx @ http://localhost:3000/_next/static/chunks/node_modules_next_dist_1gdrd03._.js:1817
[    4845ms] [ERROR] ./src/components/dashboard/dashboard-grid.tsx:38:3
Error: Expression expected
  36 |     { initials: "EO", name: "Elena Product Owner", date: "22 de agosto · amanhã", area: "E...
  37 |     { initials: "IR", name: "Isabela RH", date: "28 de agosto · em 7 dias", area: "Engenha...
> 38 |   };
     |   ^
  39 |
  40 |   const passedBirthdays = [
  41 |     { initials: "CT", name: "Carla Líder Técnica", date: "10 de agosto · há 11 dias", area...

Parsing ecmascript source code failed

Import trace:
  Server Component:
    ./src/components/dashboard/dashboard-grid.tsx
    ./src/app/dashboard/page.tsx @ http://localhost:3000/_next/static/chunks/node_modules_next_dist_1gdrd03._.js:1817
[    4898ms] [ERROR] ./src/components/dashboard/dashboard-grid.tsx:38:3
Error: Expression expected
  36 |     { initials: "EO", name: "Elena Product Owner", date: "22 de agosto · amanhã", area: "E...
  37 |     { initials: "IR", name: "Isabela RH", date: "28 de agosto · em 7 dias", area: "Engenha...
> 38 |   };
     |   ^
  39 |
  40 |   const passedBirthdays = [
  41 |     { initials: "CT", name: "Carla Líder Técnica", date: "10 de agosto · há 11 dias", area...

Parsing ecmascript source code failed

Import trace:
  Server Component:
    ./src/components/dashboard/dashboard-grid.tsx
    ./src/app/dashboard/page.tsx @ http://localhost:3000/_next/static/chunks/node_modules_next_dist_1gdrd03._.js:1817
[    4948ms] [ERROR] ./src/components/dashboard/dashboard-grid.tsx:38:3
Error: Expression expected
  36 |     { initials: "EO", name: "Elena Product Owner", date: "22 de agosto · amanhã", area: "E...
  37 |     { initials: "IR", name: "Isabela RH", date: "28 de agosto · em 7 dias", area: "Engenha...
> 38 |   };
     |   ^
  39 |
  40 |   const passedBirthdays = [
  41 |     { initials: "CT", name: "Carla Líder Técnica", date: "10 de agosto · há 11 dias", area...

Parsing ecmascript source code failed

Import trace:
  Server Component:
    ./src/components/dashboard/dashboard-grid.tsx
    ./src/app/dashboard/page.tsx @ http://localhost:3000/_next/static/chunks/node_modules_next_dist_1gdrd03._.js:1817
[    4998ms] [ERROR] ./src/components/dashboard/dashboard-grid.tsx:38:3
Error: Expression expected
  36 |     { initials: "EO", name: "Elena Product Owner", date: "22 de agosto · amanhã", area: "E...
  37 |     { initials: "IR", name: "Isabela RH", date: "28 de agosto · em 7 dias", area: "Engenha...
> 38 |   };
     |   ^
  39 |
  40 |   const passedBirthdays = [
  41 |     { initials: "CT", name: "Carla Líder Técnica", date: "10 de agosto · há 11 dias", area...

Parsing ecmascript source code failed

Import trace:
  Server Component:
    ./src/components/dashboard/dashboard-grid.tsx
    ./src/app/dashboard/page.tsx @ http://localhost:3000/_next/static/chunks/node_modules_next_dist_1gdrd03._.js:1817
[    5047ms] [ERROR] ./src/components/dashboard/dashboard-grid.tsx:38:3
Error: Expression expected
  36 |     { initials: "EO", name: "Elena Product Owner", date: "22 de agosto · amanhã", area: "E...
  37 |     { initials: "IR", name: "Isabela RH", date: "28 de agosto · em 7 dias", area: "Engenha...
> 38 |   };
     |   ^
  39 |
  40 |   const passedBirthdays = [
  41 |     { initials: "CT", name: "Carla Líder Técnica", date: "10 de agosto · há 11 dias", area...

Parsing ecmascript source code failed

Import trace:
  Server Component:
    ./src/components/dashboard/dashboard-grid.tsx
    ./src/app/dashboard/page.tsx @ http://localhost:3000/_next/static/chunks/node_modules_next_dist_1gdrd03._.js:1817
[    5097ms] [ERROR] ./src/components/dashboard/dashboard-grid.tsx:38:3
Error: Expression expected
  36 |     { initials: "EO", name: "Elena Product Owner", date: "22 de agosto · amanhã", area: "E...
  37 |     { initials: "IR", name: "Isabela RH", date: "28 de agosto · em 7 dias", area: "Engenha...
> 38 |   };
     |   ^
  39 |
  40 |   const passedBirthdays = [
  41 |     { initials: "CT", name: "Carla Líder Técnica", date: "10 de agosto · há 11 dias", area...

Parsing ecmascript source code failed

Import trace:
  Server Component:
    ./src/components/dashboard/dashboard-grid.tsx
    ./src/app/dashboard/page.tsx @ http://localhost:3000/_next/static/chunks/node_modules_next_dist_1gdrd03._.js:1817
[    5147ms] [ERROR] ./src/components/dashboard/dashboard-grid.tsx:38:3
Error: Expression expected
  36 |     { initials: "EO", name: "Elena Product Owner", date: "22 de agosto · amanhã", area: "E...
  37 |     { initials: "IR", name: "Isabela RH", date: "28 de agosto · em 7 dias", area: "Engenha...
> 38 |   };
     |   ^
  39 |
  40 |   const passedBirthdays = [
  41 |     { initials: "CT", name: "Carla Líder Técnica", date: "10 de agosto · há 11 dias", area...

Parsing ecmascript source code failed

Import trace:
  Server Component:
    ./src/components/dashboard/dashboard-grid.tsx
    ./src/app/dashboard/page.tsx @ http://localhost:3000/_next/static/chunks/node_modules_next_dist_1gdrd03._.js:1817
[    5197ms] [ERROR] ./src/components/dashboard/dashboard-grid.tsx:38:3
Error: Expression expected
  36 |     { initials: "EO", name: "Elena Product Owner", date: "22 de agosto · amanhã", area: "E...
  37 |     { initials: "IR", name: "Isabela RH", date: "28 de agosto · em 7 dias", area: "Engenha...
> 38 |   };
     |   ^
  39 |
  40 |   const passedBirthdays = [
  41 |     { initials: "CT", name: "Carla Líder Técnica", date: "10 de agosto · há 11 dias", area...

Parsing ecmascript source code failed

Import trace:
  Server Component:
    ./src/components/dashboard/dashboard-grid.tsx
    ./src/app/dashboard/page.tsx @ http://localhost:3000/_next/static/chunks/node_modules_next_dist_1gdrd03._.js:1817
[    5246ms] [ERROR] ./src/components/dashboard/dashboard-grid.tsx:38:3
Error: Expression expected
  36 |     { initials: "EO", name: "Elena Product Owner", date: "22 de agosto · amanhã", area: "E...
  37 |     { initials: "IR", name: "Isabela RH", date: "28 de agosto · em 7 dias", area: "Engenha...
> 38 |   };
     |   ^
  39 |
  40 |   const passedBirthdays = [
  41 |     { initials: "CT", name: "Carla Líder Técnica", date: "10 de agosto · há 11 dias", area...

Parsing ecmascript source code failed

Import trace:
  Server Component:
    ./src/components/dashboard/dashboard-grid.tsx
    ./src/app/dashboard/page.tsx @ http://localhost:3000/_next/static/chunks/node_modules_next_dist_1gdrd03._.js:1817
[    5297ms] [ERROR] ./src/components/dashboard/dashboard-grid.tsx:38:3
Error: Expression expected
  36 |     { initials: "EO", name: "Elena Product Owner", date: "22 de agosto · amanhã", area: "E...
  37 |     { initials: "IR", name: "Isabela RH", date: "28 de agosto · em 7 dias", area: "Engenha...
> 38 |   };
     |   ^
  39 |
  40 |   const passedBirthdays = [
  41 |     { initials: "CT", name: "Carla Líder Técnica", date: "10 de agosto · há 11 dias", area...

Parsing ecmascript source code failed

Import trace:
  Server Component:
    ./src/components/dashboard/dashboard-grid.tsx
    ./src/app/dashboard/page.tsx @ http://localhost:3000/_next/static/chunks/node_modules_next_dist_1gdrd03._.js:1817
[    5352ms] [ERROR] ./src/components/dashboard/dashboard-grid.tsx:38:3
Error: Expression expected
  36 |     { initials: "EO", name: "Elena Product Owner", date: "22 de agosto · amanhã", area: "E...
  37 |     { initials: "IR", name: "Isabela RH", date: "28 de agosto · em 7 dias", area: "Engenha...
> 38 |   };
     |   ^
  39 |
  40 |   const passedBirthdays = [
  41 |     { initials: "CT", name: "Carla Líder Técnica", date: "10 de agosto · há 11 dias", area...

Parsing ecmascript source code failed

Import trace:
  Server Component:
    ./src/components/dashboard/dashboard-grid.tsx
    ./src/app/dashboard/page.tsx @ http://localhost:3000/_next/static/chunks/node_modules_next_dist_1gdrd03._.js:1817
[    5398ms] [ERROR] ./src/components/dashboard/dashboard-grid.tsx:38:3
Error: Expression expected
  36 |     { initials: "EO", name: "Elena Product Owner", date: "22 de agosto · amanhã", area: "E...
  37 |     { initials: "IR", name: "Isabela RH", date: "28 de agosto · em 7 dias", area: "Engenha...
> 38 |   };
     |   ^
  39 |
  40 |   const passedBirthdays = [
  41 |     { initials: "CT", name: "Carla Líder Técnica", date: "10 de agosto · há 11 dias", area...

Parsing ecmascript source code failed

Import trace:
  Server Component:
    ./src/components/dashboard/dashboard-grid.tsx
    ./src/app/dashboard/page.tsx @ http://localhost:3000/_next/static/chunks/node_modules_next_dist_1gdrd03._.js:1817
[    5448ms] [ERROR] ./src/components/dashboard/dashboard-grid.tsx:38:3
Error: Expression expected
  36 |     { initials: "EO", name: "Elena Product Owner", date: "22 de agosto · amanhã", area: "E...
  37 |     { initials: "IR", name: "Isabela RH", date: "28 de agosto · em 7 dias", area: "Engenha...
> 38 |   };
     |   ^
  39 |
  40 |   const passedBirthdays = [
  41 |     { initials: "CT", name: "Carla Líder Técnica", date: "10 de agosto · há 11 dias", area...

Parsing ecmascript source code failed

Import trace:
  Server Component:
    ./src/components/dashboard/dashboard-grid.tsx
    ./src/app/dashboard/page.tsx @ http://localhost:3000/_next/static/chunks/node_modules_next_dist_1gdrd03._.js:1817
[    5498ms] [ERROR] ./src/components/dashboard/dashboard-grid.tsx:38:3
Error: Expression expected
  36 |     { initials: "EO", name: "Elena Product Owner", date: "22 de agosto · amanhã", area: "E...
  37 |     { initials: "IR", name: "Isabela RH", date: "28 de agosto · em 7 dias", area: "Engenha...
> 38 |   };
     |   ^
  39 |
  40 |   const passedBirthdays = [
  41 |     { initials: "CT", name: "Carla Líder Técnica", date: "10 de agosto · há 11 dias", area...

Parsing ecmascript source code failed

Import trace:
  Server Component:
    ./src/components/dashboard/dashboard-grid.tsx
    ./src/app/dashboard/page.tsx @ http://localhost:3000/_next/static/chunks/node_modules_next_dist_1gdrd03._.js:1817
[    5547ms] [ERROR] ./src/components/dashboard/dashboard-grid.tsx:38:3
Error: Expression expected
  36 |     { initials: "EO", name: "Elena Product Owner", date: "22 de agosto · amanhã", area: "E...
  37 |     { initials: "IR", name: "Isabela RH", date: "28 de agosto · em 7 dias", area: "Engenha...
> 38 |   };
     |   ^
  39 |
  40 |   const passedBirthdays = [
  41 |     { initials: "CT", name: "Carla Líder Técnica", date: "10 de agosto · há 11 dias", area...

Parsing ecmascript source code failed

Import trace:
  Server Component:
    ./src/components/dashboard/dashboard-grid.tsx
    ./src/app/dashboard/page.tsx @ http://localhost:3000/_next/static/chunks/node_modules_next_dist_1gdrd03._.js:1817
[    5597ms] [ERROR] ./src/components/dashboard/dashboard-grid.tsx:38:3
Error: Expression expected
  36 |     { initials: "EO", name: "Elena Product Owner", date: "22 de agosto · amanhã", area: "E...
  37 |     { initials: "IR", name: "Isabela RH", date: "28 de agosto · em 7 dias", area: "Engenha...
> 38 |   };
     |   ^
  39 |
  40 |   const passedBirthdays = [
  41 |     { initials: "CT", name: "Carla Líder Técnica", date: "10 de agosto · há 11 dias", area...

Parsing ecmascript source code failed

Import trace:
  Server Component:
    ./src/components/dashboard/dashboard-grid.tsx
    ./src/app/dashboard/page.tsx @ http://localhost:3000/_next/static/chunks/node_modules_next_dist_1gdrd03._.js:1817
[    5648ms] [ERROR] ./src/components/dashboard/dashboard-grid.tsx:38:3
Error: Expression expected
  36 |     { initials: "EO", name: "Elena Product Owner", date: "22 de agosto · amanhã", area: "E...
  37 |     { initials: "IR", name: "Isabela RH", date: "28 de agosto · em 7 dias", area: "Engenha...
> 38 |   };
     |   ^
  39 |
  40 |   const passedBirthdays = [
  41 |     { initials: "CT", name: "Carla Líder Técnica", date: "10 de agosto · há 11 dias", area...

Parsing ecmascript source code failed

Import trace:
  Server Component:
    ./src/components/dashboard/dashboard-grid.tsx
    ./src/app/dashboard/page.tsx @ http://localhost:3000/_next/static/chunks/node_modules_next_dist_1gdrd03._.js:1817
[    5698ms] [ERROR] ./src/components/dashboard/dashboard-grid.tsx:38:3
Error: Expression expected
  36 |     { initials: "EO", name: "Elena Product Owner", date: "22 de agosto · amanhã", area: "E...
  37 |     { initials: "IR", name: "Isabela RH", date: "28 de agosto · em 7 dias", area: "Engenha...
> 38 |   };
     |   ^
  39 |
  40 |   const passedBirthdays = [
  41 |     { initials: "CT", name: "Carla Líder Técnica", date: "10 de agosto · há 11 dias", area...

Parsing ecmascript source code failed

Import trace:
  Server Component:
    ./src/components/dashboard/dashboard-grid.tsx
    ./src/app/dashboard/page.tsx @ http://localhost:3000/_next/static/chunks/node_modules_next_dist_1gdrd03._.js:1817
[    5747ms] [ERROR] ./src/components/dashboard/dashboard-grid.tsx:38:3
Error: Expression expected
  36 |     { initials: "EO", name: "Elena Product Owner", date: "22 de agosto · amanhã", area: "E...
  37 |     { initials: "IR", name: "Isabela RH", date: "28 de agosto · em 7 dias", area: "Engenha...
> 38 |   };
     |   ^
  39 |
  40 |   const passedBirthdays = [
  41 |     { initials: "CT", name: "Carla Líder Técnica", date: "10 de agosto · há 11 dias", area...

Parsing ecmascript source code failed

Import trace:
  Server Component:
    ./src/components/dashboard/dashboard-grid.tsx
    ./src/app/dashboard/page.tsx @ http://localhost:3000/_next/static/chunks/node_modules_next_dist_1gdrd03._.js:1817
[    5797ms] [ERROR] ./src/components/dashboard/dashboard-grid.tsx:38:3
Error: Expression expected
  36 |     { initials: "EO", name: "Elena Product Owner", date: "22 de agosto · amanhã", area: "E...
  37 |     { initials: "IR", name: "Isabela RH", date: "28 de agosto · em 7 dias", area: "Engenha...
> 38 |   };
     |   ^
  39 |
  40 |   const passedBirthdays = [
  41 |     { initials: "CT", name: "Carla Líder Técnica", date: "10 de agosto · há 11 dias", area...

Parsing ecmascript source code failed

Import trace:
  Server Component:
    ./src/components/dashboard/dashboard-grid.tsx
    ./src/app/dashboard/page.tsx @ http://localhost:3000/_next/static/chunks/node_modules_next_dist_1gdrd03._.js:1817
[    5846ms] [ERROR] ./src/components/dashboard/dashboard-grid.tsx:38:3
Error: Expression expected
  36 |     { initials: "EO", name: "Elena Product Owner", date: "22 de agosto · amanhã", area: "E...
  37 |     { initials: "IR", name: "Isabela RH", date: "28 de agosto · em 7 dias", area: "Engenha...
> 38 |   };
     |   ^
  39 |
  40 |   const passedBirthdays = [
  41 |     { initials: "CT", name: "Carla Líder Técnica", date: "10 de agosto · há 11 dias", area...

Parsing ecmascript source code failed

Import trace:
  Server Component:
    ./src/components/dashboard/dashboard-grid.tsx
    ./src/app/dashboard/page.tsx @ http://localhost:3000/_next/static/chunks/node_modules_next_dist_1gdrd03._.js:1817
[    5897ms] [ERROR] ./src/components/dashboard/dashboard-grid.tsx:38:3
Error: Expression expected
  36 |     { initials: "EO", name: "Elena Product Owner", date: "22 de agosto · amanhã", area: "E...
  37 |     { initials: "IR", name: "Isabela RH", date: "28 de agosto · em 7 dias", area: "Engenha...
> 38 |   };
     |   ^
  39 |
  40 |   const passedBirthdays = [
  41 |     { initials: "CT", name: "Carla Líder Técnica", date: "10 de agosto · há 11 dias", area...

Parsing ecmascript source code failed

Import trace:
  Server Component:
    ./src/components/dashboard/dashboard-grid.tsx
    ./src/app/dashboard/page.tsx @ http://localhost:3000/_next/static/chunks/node_modules_next_dist_1gdrd03._.js:1817
[    5946ms] [ERROR] ./src/components/dashboard/dashboard-grid.tsx:38:3
Error: Expression expected
  36 |     { initials: "EO", name: "Elena Product Owner", date: "22 de agosto · amanhã", area: "E...
  37 |     { initials: "IR", name: "Isabela RH", date: "28 de agosto · em 7 dias", area: "Engenha...
> 38 |   };
     |   ^
  39 |
  40 |   const passedBirthdays = [
  41 |     { initials: "CT", name: "Carla Líder Técnica", date: "10 de agosto · há 11 dias", area...

Parsing ecmascript source code failed

Import trace:
  Server Component:
    ./src/components/dashboard/dashboard-grid.tsx
    ./src/app/dashboard/page.tsx @ http://localhost:3000/_next/static/chunks/node_modules_next_dist_1gdrd03._.js:1817
[    6000ms] [ERROR] ./src/components/dashboard/dashboard-grid.tsx:38:3
Error: Expression expected
  36 |     { initials: "EO", name: "Elena Product Owner", date: "22 de agosto · amanhã", area: "E...
  37 |     { initials: "IR", name: "Isabela RH", date: "28 de agosto · em 7 dias", area: "Engenha...
> 38 |   };
     |   ^
  39 |
  40 |   const passedBirthdays = [
  41 |     { initials: "CT", name: "Carla Líder Técnica", date: "10 de agosto · há 11 dias", area...

Parsing ecmascript source code failed

Import trace:
  Server Component:
    ./src/components/dashboard/dashboard-grid.tsx
    ./src/app/dashboard/page.tsx @ http://localhost:3000/_next/static/chunks/node_modules_next_dist_1gdrd03._.js:1817
[    6063ms] [ERROR] ./src/components/dashboard/dashboard-grid.tsx:38:3
Error: Expression expected
  36 |     { initials: "EO", name: "Elena Product Owner", date: "22 de agosto · amanhã", area: "E...
  37 |     { initials: "IR", name: "Isabela RH", date: "28 de agosto · em 7 dias", area: "Engenha...
> 38 |   };
     |   ^
  39 |
  40 |   const passedBirthdays = [
  41 |     { initials: "CT", name: "Carla Líder Técnica", date: "10 de agosto · há 11 dias", area...

Parsing ecmascript source code failed

Import trace:
  Server Component:
    ./src/components/dashboard/dashboard-grid.tsx
    ./src/app/dashboard/page.tsx @ http://localhost:3000/_next/static/chunks/node_modules_next_dist_1gdrd03._.js:1817
[    6114ms] [ERROR] ./src/components/dashboard/dashboard-grid.tsx:38:3
Error: Expression expected
  36 |     { initials: "EO", name: "Elena Product Owner", date: "22 de agosto · amanhã", area: "E...
  37 |     { initials: "IR", name: "Isabela RH", date: "28 de agosto · em 7 dias", area: "Engenha...
> 38 |   };
     |   ^
  39 |
  40 |   const passedBirthdays = [
  41 |     { initials: "CT", name: "Carla Líder Técnica", date: "10 de agosto · há 11 dias", area...

Parsing ecmascript source code failed

Import trace:
  Server Component:
    ./src/components/dashboard/dashboard-grid.tsx
    ./src/app/dashboard/page.tsx @ http://localhost:3000/_next/static/chunks/node_modules_next_dist_1gdrd03._.js:1817
[    6165ms] [ERROR] ./src/components/dashboard/dashboard-grid.tsx:38:3
Error: Expression expected
  36 |     { initials: "EO", name: "Elena Product Owner", date: "22 de agosto · amanhã", area: "E...
  37 |     { initials: "IR", name: "Isabela RH", date: "28 de agosto · em 7 dias", area: "Engenha...
> 38 |   };
     |   ^
  39 |
  40 |   const passedBirthdays = [
  41 |     { initials: "CT", name: "Carla Líder Técnica", date: "10 de agosto · há 11 dias", area...

Parsing ecmascript source code failed

Import trace:
  Server Component:
    ./src/components/dashboard/dashboard-grid.tsx
    ./src/app/dashboard/page.tsx @ http://localhost:3000/_next/static/chunks/node_modules_next_dist_1gdrd03._.js:1817
[    6229ms] [ERROR] ./src/components/dashboard/dashboard-grid.tsx:38:3
Error: Expression expected
  36 |     { initials: "EO", name: "Elena Product Owner", date: "22 de agosto · amanhã", area: "E...
  37 |     { initials: "IR", name: "Isabela RH", date: "28 de agosto · em 7 dias", area: "Engenha...
> 38 |   };
     |   ^
  39 |
  40 |   const passedBirthdays = [
  41 |     { initials: "CT", name: "Carla Líder Técnica", date: "10 de agosto · há 11 dias", area...

Parsing ecmascript source code failed

Import trace:
  Server Component:
    ./src/components/dashboard/dashboard-grid.tsx
    ./src/app/dashboard/page.tsx @ http://localhost:3000/_next/static/chunks/node_modules_next_dist_1gdrd03._.js:1817
[    6281ms] [ERROR] ./src/components/dashboard/dashboard-grid.tsx:38:3
Error: Expression expected
  36 |     { initials: "EO", name: "Elena Product Owner", date: "22 de agosto · amanhã", area: "E...
  37 |     { initials: "IR", name: "Isabela RH", date: "28 de agosto · em 7 dias", area: "Engenha...
> 38 |   };
     |   ^
  39 |
  40 |   const passedBirthdays = [
  41 |     { initials: "CT", name: "Carla Líder Técnica", date: "10 de agosto · há 11 dias", area...

Parsing ecmascript source code failed

Import trace:
  Server Component:
    ./src/components/dashboard/dashboard-grid.tsx
    ./src/app/dashboard/page.tsx @ http://localhost:3000/_next/static/chunks/node_modules_next_dist_1gdrd03._.js:1817
[    6335ms] [ERROR] ./src/components/dashboard/dashboard-grid.tsx:38:3
Error: Expression expected
  36 |     { initials: "EO", name: "Elena Product Owner", date: "22 de agosto · amanhã", area: "E...
  37 |     { initials: "IR", name: "Isabela RH", date: "28 de agosto · em 7 dias", area: "Engenha...
> 38 |   };
     |   ^
  39 |
  40 |   const passedBirthdays = [
  41 |     { initials: "CT", name: "Carla Líder Técnica", date: "10 de agosto · há 11 dias", area...

Parsing ecmascript source code failed

Import trace:
  Server Component:
    ./src/components/dashboard/dashboard-grid.tsx
    ./src/app/dashboard/page.tsx @ http://localhost:3000/_next/static/chunks/node_modules_next_dist_1gdrd03._.js:1817
[    6381ms] [ERROR] ./src/components/dashboard/dashboard-grid.tsx:38:3
Error: Expression expected
  36 |     { initials: "EO", name: "Elena Product Owner", date: "22 de agosto · amanhã", area: "E...
  37 |     { initials: "IR", name: "Isabela RH", date: "28 de agosto · em 7 dias", area: "Engenha...
> 38 |   };
     |   ^
  39 |
  40 |   const passedBirthdays = [
  41 |     { initials: "CT", name: "Carla Líder Técnica", date: "10 de agosto · há 11 dias", area...

Parsing ecmascript source code failed

Import trace:
  Server Component:
    ./src/components/dashboard/dashboard-grid.tsx
    ./src/app/dashboard/page.tsx @ http://localhost:3000/_next/static/chunks/node_modules_next_dist_1gdrd03._.js:1817
[    6430ms] [ERROR] ./src/components/dashboard/dashboard-grid.tsx:38:3
Error: Expression expected
  36 |     { initials: "EO", name: "Elena Product Owner", date: "22 de agosto · amanhã", area: "E...
  37 |     { initials: "IR", name: "Isabela RH", date: "28 de agosto · em 7 dias", area: "Engenha...
> 38 |   };
     |   ^
  39 |
  40 |   const passedBirthdays = [
  41 |     { initials: "CT", name: "Carla Líder Técnica", date: "10 de agosto · há 11 dias", area...

Parsing ecmascript source code failed

Import trace:
  Server Component:
    ./src/components/dashboard/dashboard-grid.tsx
    ./src/app/dashboard/page.tsx @ http://localhost:3000/_next/static/chunks/node_modules_next_dist_1gdrd03._.js:1817
[    6479ms] [ERROR] ./src/components/dashboard/dashboard-grid.tsx:38:3
Error: Expression expected
  36 |     { initials: "EO", name: "Elena Product Owner", date: "22 de agosto · amanhã", area: "E...
  37 |     { initials: "IR", name: "Isabela RH", date: "28 de agosto · em 7 dias", area: "Engenha...
> 38 |   };
     |   ^
  39 |
  40 |   const passedBirthdays = [
  41 |     { initials: "CT", name: "Carla Líder Técnica", date: "10 de agosto · há 11 dias", area...

Parsing ecmascript source code failed

Import trace:
  Server Component:
    ./src/components/dashboard/dashboard-grid.tsx
    ./src/app/dashboard/page.tsx @ http://localhost:3000/_next/static/chunks/node_modules_next_dist_1gdrd03._.js:1817
[    6530ms] [ERROR] ./src/components/dashboard/dashboard-grid.tsx:38:3
Error: Expression expected
  36 |     { initials: "EO", name: "Elena Product Owner", date: "22 de agosto · amanhã", area: "E...
  37 |     { initials: "IR", name: "Isabela RH", date: "28 de agosto · em 7 dias", area: "Engenha...
> 38 |   };
     |   ^
  39 |
  40 |   const passedBirthdays = [
  41 |     { initials: "CT", name: "Carla Líder Técnica", date: "10 de agosto · há 11 dias", area...

Parsing ecmascript source code failed

Import trace:
  Server Component:
    ./src/components/dashboard/dashboard-grid.tsx
    ./src/app/dashboard/page.tsx @ http://localhost:3000/_next/static/chunks/node_modules_next_dist_1gdrd03._.js:1817
[    6583ms] [ERROR] ./src/components/dashboard/dashboard-grid.tsx:38:3
Error: Expression expected
  36 |     { initials: "EO", name: "Elena Product Owner", date: "22 de agosto · amanhã", area: "E...
  37 |     { initials: "IR", name: "Isabela RH", date: "28 de agosto · em 7 dias", area: "Engenha...
> 38 |   };
     |   ^
  39 |
  40 |   const passedBirthdays = [
  41 |     { initials: "CT", name: "Carla Líder Técnica", date: "10 de agosto · há 11 dias", area...

Parsing ecmascript source code failed

Import trace:
  Server Component:
    ./src/components/dashboard/dashboard-grid.tsx
    ./src/app/dashboard/page.tsx @ http://localhost:3000/_next/static/chunks/node_modules_next_dist_1gdrd03._.js:1817
[    6634ms] [ERROR] ./src/components/dashboard/dashboard-grid.tsx:38:3
Error: Expression expected
  36 |     { initials: "EO", name: "Elena Product Owner", date: "22 de agosto · amanhã", area: "E...
  37 |     { initials: "IR", name: "Isabela RH", date: "28 de agosto · em 7 dias", area: "Engenha...
> 38 |   };
     |   ^
  39 |
  40 |   const passedBirthdays = [
  41 |     { initials: "CT", name: "Carla Líder Técnica", date: "10 de agosto · há 11 dias", area...

Parsing ecmascript source code failed

Import trace:
  Server Component:
    ./src/components/dashboard/dashboard-grid.tsx
    ./src/app/dashboard/page.tsx @ http://localhost:3000/_next/static/chunks/node_modules_next_dist_1gdrd03._.js:1817
[    6681ms] [ERROR] ./src/components/dashboard/dashboard-grid.tsx:38:3
Error: Expression expected
  36 |     { initials: "EO", name: "Elena Product Owner", date: "22 de agosto · amanhã", area: "E...
  37 |     { initials: "IR", name: "Isabela RH", date: "28 de agosto · em 7 dias", area: "Engenha...
> 38 |   };
     |   ^
  39 |
  40 |   const passedBirthdays = [
  41 |     { initials: "CT", name: "Carla Líder Técnica", date: "10 de agosto · há 11 dias", area...

Parsing ecmascript source code failed

Import trace:
  Server Component:
    ./src/components/dashboard/dashboard-grid.tsx
    ./src/app/dashboard/page.tsx @ http://localhost:3000/_next/static/chunks/node_modules_next_dist_1gdrd03._.js:1817
[    6731ms] [ERROR] ./src/components/dashboard/dashboard-grid.tsx:38:3
Error: Expression expected
  36 |     { initials: "EO", name: "Elena Product Owner", date: "22 de agosto · amanhã", area: "E...
  37 |     { initials: "IR", name: "Isabela RH", date: "28 de agosto · em 7 dias", area: "Engenha...
> 38 |   };
     |   ^
  39 |
  40 |   const passedBirthdays = [
  41 |     { initials: "CT", name: "Carla Líder Técnica", date: "10 de agosto · há 11 dias", area...

Parsing ecmascript source code failed

Import trace:
  Server Component:
    ./src/components/dashboard/dashboard-grid.tsx
    ./src/app/dashboard/page.tsx @ http://localhost:3000/_next/static/chunks/node_modules_next_dist_1gdrd03._.js:1817
[    6780ms] [ERROR] ./src/components/dashboard/dashboard-grid.tsx:38:3
Error: Expression expected
  36 |     { initials: "EO", name: "Elena Product Owner", date: "22 de agosto · amanhã", area: "E...
  37 |     { initials: "IR", name: "Isabela RH", date: "28 de agosto · em 7 dias", area: "Engenha...
> 38 |   };
     |   ^
  39 |
  40 |   const passedBirthdays = [
  41 |     { initials: "CT", name: "Carla Líder Técnica", date: "10 de agosto · há 11 dias", area...

Parsing ecmascript source code failed

Import trace:
  Server Component:
    ./src/components/dashboard/dashboard-grid.tsx
    ./src/app/dashboard/page.tsx @ http://localhost:3000/_next/static/chunks/node_modules_next_dist_1gdrd03._.js:1817
[    6830ms] [ERROR] ./src/components/dashboard/dashboard-grid.tsx:38:3
Error: Expression expected
  36 |     { initials: "EO", name: "Elena Product Owner", date: "22 de agosto · amanhã", area: "E...
  37 |     { initials: "IR", name: "Isabela RH", date: "28 de agosto · em 7 dias", area: "Engenha...
> 38 |   };
     |   ^
  39 |
  40 |   const passedBirthdays = [
  41 |     { initials: "CT", name: "Carla Líder Técnica", date: "10 de agosto · há 11 dias", area...

Parsing ecmascript source code failed

Import trace:
  Server Component:
    ./src/components/dashboard/dashboard-grid.tsx
    ./src/app/dashboard/page.tsx @ http://localhost:3000/_next/static/chunks/node_modules_next_dist_1gdrd03._.js:1817
[    6881ms] [ERROR] ./src/components/dashboard/dashboard-grid.tsx:38:3
Error: Expression expected
  36 |     { initials: "EO", name: "Elena Product Owner", date: "22 de agosto · amanhã", area: "E...
  37 |     { initials: "IR", name: "Isabela RH", date: "28 de agosto · em 7 dias", area: "Engenha...
> 38 |   };
     |   ^
  39 |
  40 |   const passedBirthdays = [
  41 |     { initials: "CT", name: "Carla Líder Técnica", date: "10 de agosto · há 11 dias", area...

Parsing ecmascript source code failed

Import trace:
  Server Component:
    ./src/components/dashboard/dashboard-grid.tsx
    ./src/app/dashboard/page.tsx @ http://localhost:3000/_next/static/chunks/node_modules_next_dist_1gdrd03._.js:1817
[    6932ms] [ERROR] ./src/components/dashboard/dashboard-grid.tsx:38:3
Error: Expression expected
  36 |     { initials: "EO", name: "Elena Product Owner", date: "22 de agosto · amanhã", area: "E...
  37 |     { initials: "IR", name: "Isabela RH", date: "28 de agosto · em 7 dias", area: "Engenha...
> 38 |   };
     |   ^
  39 |
  40 |   const passedBirthdays = [
  41 |     { initials: "CT", name: "Carla Líder Técnica", date: "10 de agosto · há 11 dias", area...

Parsing ecmascript source code failed

Import trace:
  Server Component:
    ./src/components/dashboard/dashboard-grid.tsx
    ./src/app/dashboard/page.tsx @ http://localhost:3000/_next/static/chunks/node_modules_next_dist_1gdrd03._.js:1817
[    6997ms] [ERROR] ./src/components/dashboard/dashboard-grid.tsx:38:3
Error: Expression expected
  36 |     { initials: "EO", name: "Elena Product Owner", date: "22 de agosto · amanhã", area: "E...
  37 |     { initials: "IR", name: "Isabela RH", date: "28 de agosto · em 7 dias", area: "Engenha...
> 38 |   };
     |   ^
  39 |
  40 |   const passedBirthdays = [
  41 |     { initials: "CT", name: "Carla Líder Técnica", date: "10 de agosto · há 11 dias", area...

Parsing ecmascript source code failed

Import trace:
  Server Component:
    ./src/components/dashboard/dashboard-grid.tsx
    ./src/app/dashboard/page.tsx @ http://localhost:3000/_next/static/chunks/node_modules_next_dist_1gdrd03._.js:1817
[    7047ms] [ERROR] ./src/components/dashboard/dashboard-grid.tsx:38:3
Error: Expression expected
  36 |     { initials: "EO", name: "Elena Product Owner", date: "22 de agosto · amanhã", area: "E...
  37 |     { initials: "IR", name: "Isabela RH", date: "28 de agosto · em 7 dias", area: "Engenha...
> 38 |   };
     |   ^
  39 |
  40 |   const passedBirthdays = [
  41 |     { initials: "CT", name: "Carla Líder Técnica", date: "10 de agosto · há 11 dias", area...

Parsing ecmascript source code failed

Import trace:
  Server Component:
    ./src/components/dashboard/dashboard-grid.tsx
    ./src/app/dashboard/page.tsx @ http://localhost:3000/_next/static/chunks/node_modules_next_dist_1gdrd03._.js:1817
[    7097ms] [ERROR] ./src/components/dashboard/dashboard-grid.tsx:38:3
Error: Expression expected
  36 |     { initials: "EO", name: "Elena Product Owner", date: "22 de agosto · amanhã", area: "E...
  37 |     { initials: "IR", name: "Isabela RH", date: "28 de agosto · em 7 dias", area: "Engenha...
> 38 |   };
     |   ^
  39 |
  40 |   const passedBirthdays = [
  41 |     { initials: "CT", name: "Carla Líder Técnica", date: "10 de agosto · há 11 dias", area...

Parsing ecmascript source code failed

Import trace:
  Server Component:
    ./src/components/dashboard/dashboard-grid.tsx
    ./src/app/dashboard/page.tsx @ http://localhost:3000/_next/static/chunks/node_modules_next_dist_1gdrd03._.js:1817
[    7147ms] [ERROR] ./src/components/dashboard/dashboard-grid.tsx:38:3
Error: Expression expected
  36 |     { initials: "EO", name: "Elena Product Owner", date: "22 de agosto · amanhã", area: "E...
  37 |     { initials: "IR", name: "Isabela RH", date: "28 de agosto · em 7 dias", area: "Engenha...
> 38 |   };
     |   ^
  39 |
  40 |   const passedBirthdays = [
  41 |     { initials: "CT", name: "Carla Líder Técnica", date: "10 de agosto · há 11 dias", area...

Parsing ecmascript source code failed

Import trace:
  Server Component:
    ./src/components/dashboard/dashboard-grid.tsx
    ./src/app/dashboard/page.tsx @ http://localhost:3000/_next/static/chunks/node_modules_next_dist_1gdrd03._.js:1817
[    7197ms] [ERROR] ./src/components/dashboard/dashboard-grid.tsx:38:3
Error: Expression expected
  36 |     { initials: "EO", name: "Elena Product Owner", date: "22 de agosto · amanhã", area: "E...
  37 |     { initials: "IR", name: "Isabela RH", date: "28 de agosto · em 7 dias", area: "Engenha...
> 38 |   };
     |   ^
  39 |
  40 |   const passedBirthdays = [
  41 |     { initials: "CT", name: "Carla Líder Técnica", date: "10 de agosto · há 11 dias", area...

Parsing ecmascript source code failed

Import trace:
  Server Component:
    ./src/components/dashboard/dashboard-grid.tsx
    ./src/app/dashboard/page.tsx @ http://localhost:3000/_next/static/chunks/node_modules_next_dist_1gdrd03._.js:1817
[    7247ms] [ERROR] ./src/components/dashboard/dashboard-grid.tsx:38:3
Error: Expression expected
  36 |     { initials: "EO", name: "Elena Product Owner", date: "22 de agosto · amanhã", area: "E...
  37 |     { initials: "IR", name: "Isabela RH", date: "28 de agosto · em 7 dias", area: "Engenha...
> 38 |   };
     |   ^
  39 |
  40 |   const passedBirthdays = [
  41 |     { initials: "CT", name: "Carla Líder Técnica", date: "10 de agosto · há 11 dias", area...

Parsing ecmascript source code failed

Import trace:
  Server Component:
    ./src/components/dashboard/dashboard-grid.tsx
    ./src/app/dashboard/page.tsx @ http://localhost:3000/_next/static/chunks/node_modules_next_dist_1gdrd03._.js:1817
[    7298ms] [ERROR] ./src/components/dashboard/dashboard-grid.tsx:38:3
Error: Expression expected
  36 |     { initials: "EO", name: "Elena Product Owner", date: "22 de agosto · amanhã", area: "E...
  37 |     { initials: "IR", name: "Isabela RH", date: "28 de agosto · em 7 dias", area: "Engenha...
> 38 |   };
     |   ^
  39 |
  40 |   const passedBirthdays = [
  41 |     { initials: "CT", name: "Carla Líder Técnica", date: "10 de agosto · há 11 dias", area...

Parsing ecmascript source code failed

Import trace:
  Server Component:
    ./src/components/dashboard/dashboard-grid.tsx
    ./src/app/dashboard/page.tsx @ http://localhost:3000/_next/static/chunks/node_modules_next_dist_1gdrd03._.js:1817
[    7348ms] [ERROR] ./src/components/dashboard/dashboard-grid.tsx:38:3
Error: Expression expected
  36 |     { initials: "EO", name: "Elena Product Owner", date: "22 de agosto · amanhã", area: "E...
  37 |     { initials: "IR", name: "Isabela RH", date: "28 de agosto · em 7 dias", area: "Engenha...
> 38 |   };
     |   ^
  39 |
  40 |   const passedBirthdays = [
  41 |     { initials: "CT", name: "Carla Líder Técnica", date: "10 de agosto · há 11 dias", area...

Parsing ecmascript source code failed

Import trace:
  Server Component:
    ./src/components/dashboard/dashboard-grid.tsx
    ./src/app/dashboard/page.tsx @ http://localhost:3000/_next/static/chunks/node_modules_next_dist_1gdrd03._.js:1817
[    7398ms] [ERROR] ./src/components/dashboard/dashboard-grid.tsx:38:3
Error: Expression expected
  36 |     { initials: "EO", name: "Elena Product Owner", date: "22 de agosto · amanhã", area: "E...
  37 |     { initials: "IR", name: "Isabela RH", date: "28 de agosto · em 7 dias", area: "Engenha...
> 38 |   };
     |   ^
  39 |
  40 |   const passedBirthdays = [
  41 |     { initials: "CT", name: "Carla Líder Técnica", date: "10 de agosto · há 11 dias", area...

Parsing ecmascript source code failed

Import trace:
  Server Component:
    ./src/components/dashboard/dashboard-grid.tsx
    ./src/app/dashboard/page.tsx @ http://localhost:3000/_next/static/chunks/node_modules_next_dist_1gdrd03._.js:1817
[    7447ms] [ERROR] ./src/components/dashboard/dashboard-grid.tsx:38:3
Error: Expression expected
  36 |     { initials: "EO", name: "Elena Product Owner", date: "22 de agosto · amanhã", area: "E...
  37 |     { initials: "IR", name: "Isabela RH", date: "28 de agosto · em 7 dias", area: "Engenha...
> 38 |   };
     |   ^
  39 |
  40 |   const passedBirthdays = [
  41 |     { initials: "CT", name: "Carla Líder Técnica", date: "10 de agosto · há 11 dias", area...

Parsing ecmascript source code failed

Import trace:
  Server Component:
    ./src/components/dashboard/dashboard-grid.tsx
    ./src/app/dashboard/page.tsx @ http://localhost:3000/_next/static/chunks/node_modules_next_dist_1gdrd03._.js:1817
[    7497ms] [ERROR] ./src/components/dashboard/dashboard-grid.tsx:38:3
Error: Expression expected
  36 |     { initials: "EO", name: "Elena Product Owner", date: "22 de agosto · amanhã", area: "E...
  37 |     { initials: "IR", name: "Isabela RH", date: "28 de agosto · em 7 dias", area: "Engenha...
> 38 |   };
     |   ^
  39 |
  40 |   const passedBirthdays = [
  41 |     { initials: "CT", name: "Carla Líder Técnica", date: "10 de agosto · há 11 dias", area...

Parsing ecmascript source code failed

Import trace:
  Server Component:
    ./src/components/dashboard/dashboard-grid.tsx
    ./src/app/dashboard/page.tsx @ http://localhost:3000/_next/static/chunks/node_modules_next_dist_1gdrd03._.js:1817
[    7562ms] [ERROR] ./src/components/dashboard/dashboard-grid.tsx:38:3
Error: Expression expected
  36 |     { initials: "EO", name: "Elena Product Owner", date: "22 de agosto · amanhã", area: "E...
  37 |     { initials: "IR", name: "Isabela RH", date: "28 de agosto · em 7 dias", area: "Engenha...
> 38 |   };
     |   ^
  39 |
  40 |   const passedBirthdays = [
  41 |     { initials: "CT", name: "Carla Líder Técnica", date: "10 de agosto · há 11 dias", area...

Parsing ecmascript source code failed

Import trace:
  Server Component:
    ./src/components/dashboard/dashboard-grid.tsx
    ./src/app/dashboard/page.tsx @ http://localhost:3000/_next/static/chunks/node_modules_next_dist_1gdrd03._.js:1817
[    7612ms] [ERROR] ./src/components/dashboard/dashboard-grid.tsx:38:3
Error: Expression expected
  36 |     { initials: "EO", name: "Elena Product Owner", date: "22 de agosto · amanhã", area: "E...
  37 |     { initials: "IR", name: "Isabela RH", date: "28 de agosto · em 7 dias", area: "Engenha...
> 38 |   };
     |   ^
  39 |
  40 |   const passedBirthdays = [
  41 |     { initials: "CT", name: "Carla Líder Técnica", date: "10 de agosto · há 11 dias", area...

Parsing ecmascript source code failed

Import trace:
  Server Component:
    ./src/components/dashboard/dashboard-grid.tsx
    ./src/app/dashboard/page.tsx @ http://localhost:3000/_next/static/chunks/node_modules_next_dist_1gdrd03._.js:1817
[    7664ms] [ERROR] ./src/components/dashboard/dashboard-grid.tsx:38:3
Error: Expression expected
  36 |     { initials: "EO", name: "Elena Product Owner", date: "22 de agosto · amanhã", area: "E...
  37 |     { initials: "IR", name: "Isabela RH", date: "28 de agosto · em 7 dias", area: "Engenha...
> 38 |   };
     |   ^
  39 |
  40 |   const passedBirthdays = [
  41 |     { initials: "CT", name: "Carla Líder Técnica", date: "10 de agosto · há 11 dias", area...

Parsing ecmascript source code failed

Import trace:
  Server Component:
    ./src/components/dashboard/dashboard-grid.tsx
    ./src/app/dashboard/page.tsx @ http://localhost:3000/_next/static/chunks/node_modules_next_dist_1gdrd03._.js:1817
[    7715ms] [ERROR] ./src/components/dashboard/dashboard-grid.tsx:38:3
Error: Expression expected
  36 |     { initials: "EO", name: "Elena Product Owner", date: "22 de agosto · amanhã", area: "E...
  37 |     { initials: "IR", name: "Isabela RH", date: "28 de agosto · em 7 dias", area: "Engenha...
> 38 |   };
     |   ^
  39 |
  40 |   const passedBirthdays = [
  41 |     { initials: "CT", name: "Carla Líder Técnica", date: "10 de agosto · há 11 dias", area...

Parsing ecmascript source code failed

Import trace:
  Server Component:
    ./src/components/dashboard/dashboard-grid.tsx
    ./src/app/dashboard/page.tsx @ http://localhost:3000/_next/static/chunks/node_modules_next_dist_1gdrd03._.js:1817
[    7778ms] [ERROR] ./src/components/dashboard/dashboard-grid.tsx:38:3
Error: Expression expected
  36 |     { initials: "EO", name: "Elena Product Owner", date: "22 de agosto · amanhã", area: "E...
  37 |     { initials: "IR", name: "Isabela RH", date: "28 de agosto · em 7 dias", area: "Engenha...
> 38 |   };
     |   ^
  39 |
  40 |   const passedBirthdays = [
  41 |     { initials: "CT", name: "Carla Líder Técnica", date: "10 de agosto · há 11 dias", area...

Parsing ecmascript source code failed

Import trace:
  Server Component:
    ./src/components/dashboard/dashboard-grid.tsx
    ./src/app/dashboard/page.tsx @ http://localhost:3000/_next/static/chunks/node_modules_next_dist_1gdrd03._.js:1817
[    7831ms] [ERROR] ./src/components/dashboard/dashboard-grid.tsx:38:3
Error: Expression expected
  36 |     { initials: "EO", name: "Elena Product Owner", date: "22 de agosto · amanhã", area: "E...
  37 |     { initials: "IR", name: "Isabela RH", date: "28 de agosto · em 7 dias", area: "Engenha...
> 38 |   };
     |   ^
  39 |
  40 |   const passedBirthdays = [
  41 |     { initials: "CT", name: "Carla Líder Técnica", date: "10 de agosto · há 11 dias", area...

Parsing ecmascript source code failed

Import trace:
  Server Component:
    ./src/components/dashboard/dashboard-grid.tsx
    ./src/app/dashboard/page.tsx @ http://localhost:3000/_next/static/chunks/node_modules_next_dist_1gdrd03._.js:1817
[    7880ms] [ERROR] ./src/components/dashboard/dashboard-grid.tsx:38:3
Error: Expression expected
  36 |     { initials: "EO", name: "Elena Product Owner", date: "22 de agosto · amanhã", area: "E...
  37 |     { initials: "IR", name: "Isabela RH", date: "28 de agosto · em 7 dias", area: "Engenha...
> 38 |   };
     |   ^
  39 |
  40 |   const passedBirthdays = [
  41 |     { initials: "CT", name: "Carla Líder Técnica", date: "10 de agosto · há 11 dias", area...

Parsing ecmascript source code failed

Import trace:
  Server Component:
    ./src/components/dashboard/dashboard-grid.tsx
    ./src/app/dashboard/page.tsx @ http://localhost:3000/_next/static/chunks/node_modules_next_dist_1gdrd03._.js:1817
[    7931ms] [ERROR] ./src/components/dashboard/dashboard-grid.tsx:38:3
Error: Expression expected
  36 |     { initials: "EO", name: "Elena Product Owner", date: "22 de agosto · amanhã", area: "E...
  37 |     { initials: "IR", name: "Isabela RH", date: "28 de agosto · em 7 dias", area: "Engenha...
> 38 |   };
     |   ^
  39 |
  40 |   const passedBirthdays = [
  41 |     { initials: "CT", name: "Carla Líder Técnica", date: "10 de agosto · há 11 dias", area...

Parsing ecmascript source code failed

Import trace:
  Server Component:
    ./src/components/dashboard/dashboard-grid.tsx
    ./src/app/dashboard/page.tsx @ http://localhost:3000/_next/static/chunks/node_modules_next_dist_1gdrd03._.js:1817
[    7981ms] [ERROR] ./src/components/dashboard/dashboard-grid.tsx:38:3
Error: Expression expected
  36 |     { initials: "EO", name: "Elena Product Owner", date: "22 de agosto · amanhã", area: "E...
  37 |     { initials: "IR", name: "Isabela RH", date: "28 de agosto · em 7 dias", area: "Engenha...
> 38 |   };
     |   ^
  39 |
  40 |   const passedBirthdays = [
  41 |     { initials: "CT", name: "Carla Líder Técnica", date: "10 de agosto · há 11 dias", area...

Parsing ecmascript source code failed

Import trace:
  Server Component:
    ./src/components/dashboard/dashboard-grid.tsx
    ./src/app/dashboard/page.tsx @ http://localhost:3000/_next/static/chunks/node_modules_next_dist_1gdrd03._.js:1817
[    8046ms] [ERROR] ./src/components/dashboard/dashboard-grid.tsx:38:3
Error: Expression expected
  36 |     { initials: "EO", name: "Elena Product Owner", date: "22 de agosto · amanhã", area: "E...
  37 |     { initials: "IR", name: "Isabela RH", date: "28 de agosto · em 7 dias", area: "Engenha...
> 38 |   };
     |   ^
  39 |
  40 |   const passedBirthdays = [
  41 |     { initials: "CT", name: "Carla Líder Técnica", date: "10 de agosto · há 11 dias", area...

Parsing ecmascript source code failed

Import trace:
  Server Component:
    ./src/components/dashboard/dashboard-grid.tsx
    ./src/app/dashboard/page.tsx @ http://localhost:3000/_next/static/chunks/node_modules_next_dist_1gdrd03._.js:1817
[    8098ms] [ERROR] ./src/components/dashboard/dashboard-grid.tsx:38:3
Error: Expression expected
  36 |     { initials: "EO", name: "Elena Product Owner", date: "22 de agosto · amanhã", area: "E...
  37 |     { initials: "IR", name: "Isabela RH", date: "28 de agosto · em 7 dias", area: "Engenha...
> 38 |   };
     |   ^
  39 |
  40 |   const passedBirthdays = [
  41 |     { initials: "CT", name: "Carla Líder Técnica", date: "10 de agosto · há 11 dias", area...

Parsing ecmascript source code failed

Import trace:
  Server Component:
    ./src/components/dashboard/dashboard-grid.tsx
    ./src/app/dashboard/page.tsx @ http://localhost:3000/_next/static/chunks/node_modules_next_dist_1gdrd03._.js:1817
[    8146ms] [ERROR] ./src/components/dashboard/dashboard-grid.tsx:38:3
Error: Expression expected
  36 |     { initials: "EO", name: "Elena Product Owner", date: "22 de agosto · amanhã", area: "E...
  37 |     { initials: "IR", name: "Isabela RH", date: "28 de agosto · em 7 dias", area: "Engenha...
> 38 |   };
     |   ^
  39 |
  40 |   const passedBirthdays = [
  41 |     { initials: "CT", name: "Carla Líder Técnica", date: "10 de agosto · há 11 dias", area...

Parsing ecmascript source code failed

Import trace:
  Server Component:
    ./src/components/dashboard/dashboard-grid.tsx
    ./src/app/dashboard/page.tsx @ http://localhost:3000/_next/static/chunks/node_modules_next_dist_1gdrd03._.js:1817
[    8196ms] [ERROR] ./src/components/dashboard/dashboard-grid.tsx:38:3
Error: Expression expected
  36 |     { initials: "EO", name: "Elena Product Owner", date: "22 de agosto · amanhã", area: "E...
  37 |     { initials: "IR", name: "Isabela RH", date: "28 de agosto · em 7 dias", area: "Engenha...
> 38 |   };
     |   ^
  39 |
  40 |   const passedBirthdays = [
  41 |     { initials: "CT", name: "Carla Líder Técnica", date: "10 de agosto · há 11 dias", area...

Parsing ecmascript source code failed

Import trace:
  Server Component:
    ./src/components/dashboard/dashboard-grid.tsx
    ./src/app/dashboard/page.tsx @ http://localhost:3000/_next/static/chunks/node_modules_next_dist_1gdrd03._.js:1817
[    8246ms] [ERROR] ./src/components/dashboard/dashboard-grid.tsx:38:3
Error: Expression expected
  36 |     { initials: "EO", name: "Elena Product Owner", date: "22 de agosto · amanhã", area: "E...
  37 |     { initials: "IR", name: "Isabela RH", date: "28 de agosto · em 7 dias", area: "Engenha...
> 38 |   };
     |   ^
  39 |
  40 |   const passedBirthdays = [
  41 |     { initials: "CT", name: "Carla Líder Técnica", date: "10 de agosto · há 11 dias", area...

Parsing ecmascript source code failed

Import trace:
  Server Component:
    ./src/components/dashboard/dashboard-grid.tsx
    ./src/app/dashboard/page.tsx @ http://localhost:3000/_next/static/chunks/node_modules_next_dist_1gdrd03._.js:1817
[    8297ms] [ERROR] ./src/components/dashboard/dashboard-grid.tsx:38:3
Error: Expression expected
  36 |     { initials: "EO", name: "Elena Product Owner", date: "22 de agosto · amanhã", area: "E...
  37 |     { initials: "IR", name: "Isabela RH", date: "28 de agosto · em 7 dias", area: "Engenha...
> 38 |   };
     |   ^
  39 |
  40 |   const passedBirthdays = [
  41 |     { initials: "CT", name: "Carla Líder Técnica", date: "10 de agosto · há 11 dias", area...

Parsing ecmascript source code failed

Import trace:
  Server Component:
    ./src/components/dashboard/dashboard-grid.tsx
    ./src/app/dashboard/page.tsx @ http://localhost:3000/_next/static/chunks/node_modules_next_dist_1gdrd03._.js:1817
[    8347ms] [ERROR] ./src/components/dashboard/dashboard-grid.tsx:38:3
Error: Expression expected
  36 |     { initials: "EO", name: "Elena Product Owner", date: "22 de agosto · amanhã", area: "E...
  37 |     { initials: "IR", name: "Isabela RH", date: "28 de agosto · em 7 dias", area: "Engenha...
> 38 |   };
     |   ^
  39 |
  40 |   const passedBirthdays = [
  41 |     { initials: "CT", name: "Carla Líder Técnica", date: "10 de agosto · há 11 dias", area...

Parsing ecmascript source code failed

Import trace:
  Server Component:
    ./src/components/dashboard/dashboard-grid.tsx
    ./src/app/dashboard/page.tsx @ http://localhost:3000/_next/static/chunks/node_modules_next_dist_1gdrd03._.js:1817
[    8397ms] [ERROR] ./src/components/dashboard/dashboard-grid.tsx:38:3
Error: Expression expected
  36 |     { initials: "EO", name: "Elena Product Owner", date: "22 de agosto · amanhã", area: "E...
  37 |     { initials: "IR", name: "Isabela RH", date: "28 de agosto · em 7 dias", area: "Engenha...
> 38 |   };
     |   ^
  39 |
  40 |   const passedBirthdays = [
  41 |     { initials: "CT", name: "Carla Líder Técnica", date: "10 de agosto · há 11 dias", area...

Parsing ecmascript source code failed

Import trace:
  Server Component:
    ./src/components/dashboard/dashboard-grid.tsx
    ./src/app/dashboard/page.tsx @ http://localhost:3000/_next/static/chunks/node_modules_next_dist_1gdrd03._.js:1817
[    8447ms] [ERROR] ./src/components/dashboard/dashboard-grid.tsx:38:3
Error: Expression expected
  36 |     { initials: "EO", name: "Elena Product Owner", date: "22 de agosto · amanhã", area: "E...
  37 |     { initials: "IR", name: "Isabela RH", date: "28 de agosto · em 7 dias", area: "Engenha...
> 38 |   };
     |   ^
  39 |
  40 |   const passedBirthdays = [
  41 |     { initials: "CT", name: "Carla Líder Técnica", date: "10 de agosto · há 11 dias", area...

Parsing ecmascript source code failed

Import trace:
  Server Component:
    ./src/components/dashboard/dashboard-grid.tsx
    ./src/app/dashboard/page.tsx @ http://localhost:3000/_next/static/chunks/node_modules_next_dist_1gdrd03._.js:1817
[    8497ms] [ERROR] ./src/components/dashboard/dashboard-grid.tsx:38:3
Error: Expression expected
  36 |     { initials: "EO", name: "Elena Product Owner", date: "22 de agosto · amanhã", area: "E...
  37 |     { initials: "IR", name: "Isabela RH", date: "28 de agosto · em 7 dias", area: "Engenha...
> 38 |   };
     |   ^
  39 |
  40 |   const passedBirthdays = [
  41 |     { initials: "CT", name: "Carla Líder Técnica", date: "10 de agosto · há 11 dias", area...

Parsing ecmascript source code failed

Import trace:
  Server Component:
    ./src/components/dashboard/dashboard-grid.tsx
    ./src/app/dashboard/page.tsx @ http://localhost:3000/_next/static/chunks/node_modules_next_dist_1gdrd03._.js:1817
[    8546ms] [ERROR] ./src/components/dashboard/dashboard-grid.tsx:38:3
Error: Expression expected
  36 |     { initials: "EO", name: "Elena Product Owner", date: "22 de agosto · amanhã", area: "E...
  37 |     { initials: "IR", name: "Isabela RH", date: "28 de agosto · em 7 dias", area: "Engenha...
> 38 |   };
     |   ^
  39 |
  40 |   const passedBirthdays = [
  41 |     { initials: "CT", name: "Carla Líder Técnica", date: "10 de agosto · há 11 dias", area...

Parsing ecmascript source code failed

Import trace:
  Server Component:
    ./src/components/dashboard/dashboard-grid.tsx
    ./src/app/dashboard/page.tsx @ http://localhost:3000/_next/static/chunks/node_modules_next_dist_1gdrd03._.js:1817
[    8612ms] [ERROR] ./src/components/dashboard/dashboard-grid.tsx:38:3
Error: Expression expected
  36 |     { initials: "EO", name: "Elena Product Owner", date: "22 de agosto · amanhã", area: "E...
  37 |     { initials: "IR", name: "Isabela RH", date: "28 de agosto · em 7 dias", area: "Engenha...
> 38 |   };
     |   ^
  39 |
  40 |   const passedBirthdays = [
  41 |     { initials: "CT", name: "Carla Líder Técnica", date: "10 de agosto · há 11 dias", area...

Parsing ecmascript source code failed

Import trace:
  Server Component:
    ./src/components/dashboard/dashboard-grid.tsx
    ./src/app/dashboard/page.tsx @ http://localhost:3000/_next/static/chunks/node_modules_next_dist_1gdrd03._.js:1817
[    8664ms] [ERROR] ./src/components/dashboard/dashboard-grid.tsx:38:3
Error: Expression expected
  36 |     { initials: "EO", name: "Elena Product Owner", date: "22 de agosto · amanhã", area: "E...
  37 |     { initials: "IR", name: "Isabela RH", date: "28 de agosto · em 7 dias", area: "Engenha...
> 38 |   };
     |   ^
  39 |
  40 |   const passedBirthdays = [
  41 |     { initials: "CT", name: "Carla Líder Técnica", date: "10 de agosto · há 11 dias", area...

Parsing ecmascript source code failed

Import trace:
  Server Component:
    ./src/components/dashboard/dashboard-grid.tsx
    ./src/app/dashboard/page.tsx @ http://localhost:3000/_next/static/chunks/node_modules_next_dist_1gdrd03._.js:1817
[    8714ms] [ERROR] ./src/components/dashboard/dashboard-grid.tsx:38:3
Error: Expression expected
  36 |     { initials: "EO", name: "Elena Product Owner", date: "22 de agosto · amanhã", area: "E...
  37 |     { initials: "IR", name: "Isabela RH", date: "28 de agosto · em 7 dias", area: "Engenha...
> 38 |   };
     |   ^
  39 |
  40 |   const passedBirthdays = [
  41 |     { initials: "CT", name: "Carla Líder Técnica", date: "10 de agosto · há 11 dias", area...

Parsing ecmascript source code failed

Import trace:
  Server Component:
    ./src/components/dashboard/dashboard-grid.tsx
    ./src/app/dashboard/page.tsx @ http://localhost:3000/_next/static/chunks/node_modules_next_dist_1gdrd03._.js:1817
[    8764ms] [ERROR] ./src/components/dashboard/dashboard-grid.tsx:38:3
Error: Expression expected
  36 |     { initials: "EO", name: "Elena Product Owner", date: "22 de agosto · amanhã", area: "E...
  37 |     { initials: "IR", name: "Isabela RH", date: "28 de agosto · em 7 dias", area: "Engenha...
> 38 |   };
     |   ^
  39 |
  40 |   const passedBirthdays = [
  41 |     { initials: "CT", name: "Carla Líder Técnica", date: "10 de agosto · há 11 dias", area...

Parsing ecmascript source code failed

Import trace:
  Server Component:
    ./src/components/dashboard/dashboard-grid.tsx
    ./src/app/dashboard/page.tsx @ http://localhost:3000/_next/static/chunks/node_modules_next_dist_1gdrd03._.js:1817
[    8830ms] [ERROR] ./src/components/dashboard/dashboard-grid.tsx:38:3
Error: Expression expected
  36 |     { initials: "EO", name: "Elena Product Owner", date: "22 de agosto · amanhã", area: "E...
  37 |     { initials: "IR", name: "Isabela RH", date: "28 de agosto · em 7 dias", area: "Engenha...
> 38 |   };
     |   ^
  39 |
  40 |   const passedBirthdays = [
  41 |     { initials: "CT", name: "Carla Líder Técnica", date: "10 de agosto · há 11 dias", area...

Parsing ecmascript source code failed

Import trace:
  Server Component:
    ./src/components/dashboard/dashboard-grid.tsx
    ./src/app/dashboard/page.tsx @ http://localhost:3000/_next/static/chunks/node_modules_next_dist_1gdrd03._.js:1817
[    8880ms] [ERROR] ./src/components/dashboard/dashboard-grid.tsx:38:3
Error: Expression expected
  36 |     { initials: "EO", name: "Elena Product Owner", date: "22 de agosto · amanhã", area: "E...
  37 |     { initials: "IR", name: "Isabela RH", date: "28 de agosto · em 7 dias", area: "Engenha...
> 38 |   };
     |   ^
  39 |
  40 |   const passedBirthdays = [
  41 |     { initials: "CT", name: "Carla Líder Técnica", date: "10 de agosto · há 11 dias", area...

Parsing ecmascript source code failed

Import trace:
  Server Component:
    ./src/components/dashboard/dashboard-grid.tsx
    ./src/app/dashboard/page.tsx @ http://localhost:3000/_next/static/chunks/node_modules_next_dist_1gdrd03._.js:1817
[    8930ms] [ERROR] ./src/components/dashboard/dashboard-grid.tsx:38:3
Error: Expression expected
  36 |     { initials: "EO", name: "Elena Product Owner", date: "22 de agosto · amanhã", area: "E...
  37 |     { initials: "IR", name: "Isabela RH", date: "28 de agosto · em 7 dias", area: "Engenha...
> 38 |   };
     |   ^
  39 |
  40 |   const passedBirthdays = [
  41 |     { initials: "CT", name: "Carla Líder Técnica", date: "10 de agosto · há 11 dias", area...

Parsing ecmascript source code failed

Import trace:
  Server Component:
    ./src/components/dashboard/dashboard-grid.tsx
    ./src/app/dashboard/page.tsx @ http://localhost:3000/_next/static/chunks/node_modules_next_dist_1gdrd03._.js:1817
[    8982ms] [ERROR] ./src/components/dashboard/dashboard-grid.tsx:38:3
Error: Expression expected
  36 |     { initials: "EO", name: "Elena Product Owner", date: "22 de agosto · amanhã", area: "E...
  37 |     { initials: "IR", name: "Isabela RH", date: "28 de agosto · em 7 dias", area: "Engenha...
> 38 |   };
     |   ^
  39 |
  40 |   const passedBirthdays = [
  41 |     { initials: "CT", name: "Carla Líder Técnica", date: "10 de agosto · há 11 dias", area...

Parsing ecmascript source code failed

Import trace:
  Server Component:
    ./src/components/dashboard/dashboard-grid.tsx
    ./src/app/dashboard/page.tsx @ http://localhost:3000/_next/static/chunks/node_modules_next_dist_1gdrd03._.js:1817
[    9046ms] [ERROR] ./src/components/dashboard/dashboard-grid.tsx:38:3
Error: Expression expected
  36 |     { initials: "EO", name: "Elena Product Owner", date: "22 de agosto · amanhã", area: "E...
  37 |     { initials: "IR", name: "Isabela RH", date: "28 de agosto · em 7 dias", area: "Engenha...
> 38 |   };
     |   ^
  39 |
  40 |   const passedBirthdays = [
  41 |     { initials: "CT", name: "Carla Líder Técnica", date: "10 de agosto · há 11 dias", area...

Parsing ecmascript source code failed

Import trace:
  Server Component:
    ./src/components/dashboard/dashboard-grid.tsx
    ./src/app/dashboard/page.tsx @ http://localhost:3000/_next/static/chunks/node_modules_next_dist_1gdrd03._.js:1817
[    9096ms] [ERROR] ./src/components/dashboard/dashboard-grid.tsx:38:3
Error: Expression expected
  36 |     { initials: "EO", name: "Elena Product Owner", date: "22 de agosto · amanhã", area: "E...
  37 |     { initials: "IR", name: "Isabela RH", date: "28 de agosto · em 7 dias", area: "Engenha...
> 38 |   };
     |   ^
  39 |
  40 |   const passedBirthdays = [
  41 |     { initials: "CT", name: "Carla Líder Técnica", date: "10 de agosto · há 11 dias", area...

Parsing ecmascript source code failed

Import trace:
  Server Component:
    ./src/components/dashboard/dashboard-grid.tsx
    ./src/app/dashboard/page.tsx @ http://localhost:3000/_next/static/chunks/node_modules_next_dist_1gdrd03._.js:1817
[    9147ms] [ERROR] ./src/components/dashboard/dashboard-grid.tsx:38:3
Error: Expression expected
  36 |     { initials: "EO", name: "Elena Product Owner", date: "22 de agosto · amanhã", area: "E...
  37 |     { initials: "IR", name: "Isabela RH", date: "28 de agosto · em 7 dias", area: "Engenha...
> 38 |   };
     |   ^
  39 |
  40 |   const passedBirthdays = [
  41 |     { initials: "CT", name: "Carla Líder Técnica", date: "10 de agosto · há 11 dias", area...

Parsing ecmascript source code failed

Import trace:
  Server Component:
    ./src/components/dashboard/dashboard-grid.tsx
    ./src/app/dashboard/page.tsx @ http://localhost:3000/_next/static/chunks/node_modules_next_dist_1gdrd03._.js:1817
[    9212ms] [ERROR] ./src/components/dashboard/dashboard-grid.tsx:38:3
Error: Expression expected
  36 |     { initials: "EO", name: "Elena Product Owner", date: "22 de agosto · amanhã", area: "E...
  37 |     { initials: "IR", name: "Isabela RH", date: "28 de agosto · em 7 dias", area: "Engenha...
> 38 |   };
     |   ^
  39 |
  40 |   const passedBirthdays = [
  41 |     { initials: "CT", name: "Carla Líder Técnica", date: "10 de agosto · há 11 dias", area...

Parsing ecmascript source code failed

Import trace:
  Server Component:
    ./src/components/dashboard/dashboard-grid.tsx
    ./src/app/dashboard/page.tsx @ http://localhost:3000/_next/static/chunks/node_modules_next_dist_1gdrd03._.js:1817
[    9248ms] [ERROR] ./src/components/dashboard/dashboard-grid.tsx:38:3
Error: Expression expected
  36 |     { initials: "EO", name: "Elena Product Owner", date: "22 de agosto · amanhã", area: "E...
  37 |     { initials: "IR", name: "Isabela RH", date: "28 de agosto · em 7 dias", area: "Engenha...
> 38 |   };
     |   ^
  39 |
  40 |   const passedBirthdays = [
  41 |     { initials: "CT", name: "Carla Líder Técnica", date: "10 de agosto · há 11 dias", area...

Parsing ecmascript source code failed

Import trace:
  Server Component:
    ./src/components/dashboard/dashboard-grid.tsx
    ./src/app/dashboard/page.tsx @ http://localhost:3000/_next/static/chunks/node_modules_next_dist_1gdrd03._.js:1817
[    9300ms] [ERROR] ./src/components/dashboard/dashboard-grid.tsx:38:3
Error: Expression expected
  36 |     { initials: "EO", name: "Elena Product Owner", date: "22 de agosto · amanhã", area: "E...
  37 |     { initials: "IR", name: "Isabela RH", date: "28 de agosto · em 7 dias", area: "Engenha...
> 38 |   };
     |   ^
  39 |
  40 |   const passedBirthdays = [
  41 |     { initials: "CT", name: "Carla Líder Técnica", date: "10 de agosto · há 11 dias", area...

Parsing ecmascript source code failed

Import trace:
  Server Component:
    ./src/components/dashboard/dashboard-grid.tsx
    ./src/app/dashboard/page.tsx @ http://localhost:3000/_next/static/chunks/node_modules_next_dist_1gdrd03._.js:1817
[    9347ms] [ERROR] ./src/components/dashboard/dashboard-grid.tsx:38:3
Error: Expression expected
  36 |     { initials: "EO", name: "Elena Product Owner", date: "22 de agosto · amanhã", area: "E...
  37 |     { initials: "IR", name: "Isabela RH", date: "28 de agosto · em 7 dias", area: "Engenha...
> 38 |   };
     |   ^
  39 |
  40 |   const passedBirthdays = [
  41 |     { initials: "CT", name: "Carla Líder Técnica", date: "10 de agosto · há 11 dias", area...

Parsing ecmascript source code failed

Import trace:
  Server Component:
    ./src/components/dashboard/dashboard-grid.tsx
    ./src/app/dashboard/page.tsx @ http://localhost:3000/_next/static/chunks/node_modules_next_dist_1gdrd03._.js:1817
[    9398ms] [ERROR] ./src/components/dashboard/dashboard-grid.tsx:38:3
Error: Expression expected
  36 |     { initials: "EO", name: "Elena Product Owner", date: "22 de agosto · amanhã", area: "E...
  37 |     { initials: "IR", name: "Isabela RH", date: "28 de agosto · em 7 dias", area: "Engenha...
> 38 |   };
     |   ^
  39 |
  40 |   const passedBirthdays = [
  41 |     { initials: "CT", name: "Carla Líder Técnica", date: "10 de agosto · há 11 dias", area...

Parsing ecmascript source code failed

Import trace:
  Server Component:
    ./src/components/dashboard/dashboard-grid.tsx
    ./src/app/dashboard/page.tsx @ http://localhost:3000/_next/static/chunks/node_modules_next_dist_1gdrd03._.js:1817
[    9448ms] [ERROR] ./src/components/dashboard/dashboard-grid.tsx:38:3
Error: Expression expected
  36 |     { initials: "EO", name: "Elena Product Owner", date: "22 de agosto · amanhã", area: "E...
  37 |     { initials: "IR", name: "Isabela RH", date: "28 de agosto · em 7 dias", area: "Engenha...
> 38 |   };
     |   ^
  39 |
  40 |   const passedBirthdays = [
  41 |     { initials: "CT", name: "Carla Líder Técnica", date: "10 de agosto · há 11 dias", area...

Parsing ecmascript source code failed

Import trace:
  Server Component:
    ./src/components/dashboard/dashboard-grid.tsx
    ./src/app/dashboard/page.tsx @ http://localhost:3000/_next/static/chunks/node_modules_next_dist_1gdrd03._.js:1817
[    9498ms] [ERROR] ./src/components/dashboard/dashboard-grid.tsx:38:3
Error: Expression expected
  36 |     { initials: "EO", name: "Elena Product Owner", date: "22 de agosto · amanhã", area: "E...
  37 |     { initials: "IR", name: "Isabela RH", date: "28 de agosto · em 7 dias", area: "Engenha...
> 38 |   };
     |   ^
  39 |
  40 |   const passedBirthdays = [
  41 |     { initials: "CT", name: "Carla Líder Técnica", date: "10 de agosto · há 11 dias", area...

Parsing ecmascript source code failed

Import trace:
  Server Component:
    ./src/components/dashboard/dashboard-grid.tsx
    ./src/app/dashboard/page.tsx @ http://localhost:3000/_next/static/chunks/node_modules_next_dist_1gdrd03._.js:1817
[    9548ms] [ERROR] ./src/components/dashboard/dashboard-grid.tsx:38:3
Error: Expression expected
  36 |     { initials: "EO", name: "Elena Product Owner", date: "22 de agosto · amanhã", area: "E...
  37 |     { initials: "IR", name: "Isabela RH", date: "28 de agosto · em 7 dias", area: "Engenha...
> 38 |   };
     |   ^
  39 |
  40 |   const passedBirthdays = [
  41 |     { initials: "CT", name: "Carla Líder Técnica", date: "10 de agosto · há 11 dias", area...

Parsing ecmascript source code failed

Import trace:
  Server Component:
    ./src/components/dashboard/dashboard-grid.tsx
    ./src/app/dashboard/page.tsx @ http://localhost:3000/_next/static/chunks/node_modules_next_dist_1gdrd03._.js:1817
[    9598ms] [ERROR] ./src/components/dashboard/dashboard-grid.tsx:38:3
Error: Expression expected
  36 |     { initials: "EO", name: "Elena Product Owner", date: "22 de agosto · amanhã", area: "E...
  37 |     { initials: "IR", name: "Isabela RH", date: "28 de agosto · em 7 dias", area: "Engenha...
> 38 |   };
     |   ^
  39 |
  40 |   const passedBirthdays = [
  41 |     { initials: "CT", name: "Carla Líder Técnica", date: "10 de agosto · há 11 dias", area...

Parsing ecmascript source code failed

Import trace:
  Server Component:
    ./src/components/dashboard/dashboard-grid.tsx
    ./src/app/dashboard/page.tsx @ http://localhost:3000/_next/static/chunks/node_modules_next_dist_1gdrd03._.js:1817
[    9649ms] [ERROR] ./src/components/dashboard/dashboard-grid.tsx:38:3
Error: Expression expected
  36 |     { initials: "EO", name: "Elena Product Owner", date: "22 de agosto · amanhã", area: "E...
  37 |     { initials: "IR", name: "Isabela RH", date: "28 de agosto · em 7 dias", area: "Engenha...
> 38 |   };
     |   ^
  39 |
  40 |   const passedBirthdays = [
  41 |     { initials: "CT", name: "Carla Líder Técnica", date: "10 de agosto · há 11 dias", area...

Parsing ecmascript source code failed

Import trace:
  Server Component:
    ./src/components/dashboard/dashboard-grid.tsx
    ./src/app/dashboard/page.tsx @ http://localhost:3000/_next/static/chunks/node_modules_next_dist_1gdrd03._.js:1817
[    9699ms] [ERROR] ./src/components/dashboard/dashboard-grid.tsx:38:3
Error: Expression expected
  36 |     { initials: "EO", name: "Elena Product Owner", date: "22 de agosto · amanhã", area: "E...
  37 |     { initials: "IR", name: "Isabela RH", date: "28 de agosto · em 7 dias", area: "Engenha...
> 38 |   };
     |   ^
  39 |
  40 |   const passedBirthdays = [
  41 |     { initials: "CT", name: "Carla Líder Técnica", date: "10 de agosto · há 11 dias", area...

Parsing ecmascript source code failed

Import trace:
  Server Component:
    ./src/components/dashboard/dashboard-grid.tsx
    ./src/app/dashboard/page.tsx @ http://localhost:3000/_next/static/chunks/node_modules_next_dist_1gdrd03._.js:1817
[    9748ms] [ERROR] ./src/components/dashboard/dashboard-grid.tsx:38:3
Error: Expression expected
  36 |     { initials: "EO", name: "Elena Product Owner", date: "22 de agosto · amanhã", area: "E...
  37 |     { initials: "IR", name: "Isabela RH", date: "28 de agosto · em 7 dias", area: "Engenha...
> 38 |   };
     |   ^
  39 |
  40 |   const passedBirthdays = [
  41 |     { initials: "CT", name: "Carla Líder Técnica", date: "10 de agosto · há 11 dias", area...

Parsing ecmascript source code failed

Import trace:
  Server Component:
    ./src/components/dashboard/dashboard-grid.tsx
    ./src/app/dashboard/page.tsx @ http://localhost:3000/_next/static/chunks/node_modules_next_dist_1gdrd03._.js:1817
[    9798ms] [ERROR] ./src/components/dashboard/dashboard-grid.tsx:38:3
Error: Expression expected
  36 |     { initials: "EO", name: "Elena Product Owner", date: "22 de agosto · amanhã", area: "E...
  37 |     { initials: "IR", name: "Isabela RH", date: "28 de agosto · em 7 dias", area: "Engenha...
> 38 |   };
     |   ^
  39 |
  40 |   const passedBirthdays = [
  41 |     { initials: "CT", name: "Carla Líder Técnica", date: "10 de agosto · há 11 dias", area...

Parsing ecmascript source code failed

Import trace:
  Server Component:
    ./src/components/dashboard/dashboard-grid.tsx
    ./src/app/dashboard/page.tsx @ http://localhost:3000/_next/static/chunks/node_modules_next_dist_1gdrd03._.js:1817
[    9848ms] [ERROR] ./src/components/dashboard/dashboard-grid.tsx:38:3
Error: Expression expected
  36 |     { initials: "EO", name: "Elena Product Owner", date: "22 de agosto · amanhã", area: "E...
  37 |     { initials: "IR", name: "Isabela RH", date: "28 de agosto · em 7 dias", area: "Engenha...
> 38 |   };
     |   ^
  39 |
  40 |   const passedBirthdays = [
  41 |     { initials: "CT", name: "Carla Líder Técnica", date: "10 de agosto · há 11 dias", area...

Parsing ecmascript source code failed

Import trace:
  Server Component:
    ./src/components/dashboard/dashboard-grid.tsx
    ./src/app/dashboard/page.tsx @ http://localhost:3000/_next/static/chunks/node_modules_next_dist_1gdrd03._.js:1817
[    9898ms] [ERROR] ./src/components/dashboard/dashboard-grid.tsx:38:3
Error: Expression expected
  36 |     { initials: "EO", name: "Elena Product Owner", date: "22 de agosto · amanhã", area: "E...
  37 |     { initials: "IR", name: "Isabela RH", date: "28 de agosto · em 7 dias", area: "Engenha...
> 38 |   };
     |   ^
  39 |
  40 |   const passedBirthdays = [
  41 |     { initials: "CT", name: "Carla Líder Técnica", date: "10 de agosto · há 11 dias", area...

Parsing ecmascript source code failed

Import trace:
  Server Component:
    ./src/components/dashboard/dashboard-grid.tsx
    ./src/app/dashboard/page.tsx @ http://localhost:3000/_next/static/chunks/node_modules_next_dist_1gdrd03._.js:1817
[    9949ms] [ERROR] ./src/components/dashboard/dashboard-grid.tsx:38:3
Error: Expression expected
  36 |     { initials: "EO", name: "Elena Product Owner", date: "22 de agosto · amanhã", area: "E...
  37 |     { initials: "IR", name: "Isabela RH", date: "28 de agosto · em 7 dias", area: "Engenha...
> 38 |   };
     |   ^
  39 |
  40 |   const passedBirthdays = [
  41 |     { initials: "CT", name: "Carla Líder Técnica", date: "10 de agosto · há 11 dias", area...

Parsing ecmascript source code failed

Import trace:
  Server Component:
    ./src/components/dashboard/dashboard-grid.tsx
    ./src/app/dashboard/page.tsx @ http://localhost:3000/_next/static/chunks/node_modules_next_dist_1gdrd03._.js:1817
[    9998ms] [ERROR] ./src/components/dashboard/dashboard-grid.tsx:38:3
Error: Expression expected
  36 |     { initials: "EO", name: "Elena Product Owner", date: "22 de agosto · amanhã", area: "E...
  37 |     { initials: "IR", name: "Isabela RH", date: "28 de agosto · em 7 dias", area: "Engenha...
> 38 |   };
     |   ^
  39 |
  40 |   const passedBirthdays = [
  41 |     { initials: "CT", name: "Carla Líder Técnica", date: "10 de agosto · há 11 dias", area...

Parsing ecmascript source code failed

Import trace:
  Server Component:
    ./src/components/dashboard/dashboard-grid.tsx
    ./src/app/dashboard/page.tsx @ http://localhost:3000/_next/static/chunks/node_modules_next_dist_1gdrd03._.js:1817
[   10047ms] [ERROR] ./src/components/dashboard/dashboard-grid.tsx:38:3
Error: Expression expected
  36 |     { initials: "EO", name: "Elena Product Owner", date: "22 de agosto · amanhã", area: "E...
  37 |     { initials: "IR", name: "Isabela RH", date: "28 de agosto · em 7 dias", area: "Engenha...
> 38 |   };
     |   ^
  39 |
  40 |   const passedBirthdays = [
  41 |     { initials: "CT", name: "Carla Líder Técnica", date: "10 de agosto · há 11 dias", area...

Parsing ecmascript source code failed

Import trace:
  Server Component:
    ./src/components/dashboard/dashboard-grid.tsx
    ./src/app/dashboard/page.tsx @ http://localhost:3000/_next/static/chunks/node_modules_next_dist_1gdrd03._.js:1817
[   10098ms] [ERROR] ./src/components/dashboard/dashboard-grid.tsx:38:3
Error: Expression expected
  36 |     { initials: "EO", name: "Elena Product Owner", date: "22 de agosto · amanhã", area: "E...
  37 |     { initials: "IR", name: "Isabela RH", date: "28 de agosto · em 7 dias", area: "Engenha...
> 38 |   };
     |   ^
  39 |
  40 |   const passedBirthdays = [
  41 |     { initials: "CT", name: "Carla Líder Técnica", date: "10 de agosto · há 11 dias", area...

Parsing ecmascript source code failed

Import trace:
  Server Component:
    ./src/components/dashboard/dashboard-grid.tsx
    ./src/app/dashboard/page.tsx @ http://localhost:3000/_next/static/chunks/node_modules_next_dist_1gdrd03._.js:1817
[   10147ms] [ERROR] ./src/components/dashboard/dashboard-grid.tsx:38:3
Error: Expression expected
  36 |     { initials: "EO", name: "Elena Product Owner", date: "22 de agosto · amanhã", area: "E...
  37 |     { initials: "IR", name: "Isabela RH", date: "28 de agosto · em 7 dias", area: "Engenha...
> 38 |   };
     |   ^
  39 |
  40 |   const passedBirthdays = [
  41 |     { initials: "CT", name: "Carla Líder Técnica", date: "10 de agosto · há 11 dias", area...

Parsing ecmascript source code failed

Import trace:
  Server Component:
    ./src/components/dashboard/dashboard-grid.tsx
    ./src/app/dashboard/page.tsx @ http://localhost:3000/_next/static/chunks/node_modules_next_dist_1gdrd03._.js:1817
[   10198ms] [ERROR] ./src/components/dashboard/dashboard-grid.tsx:38:3
Error: Expression expected
  36 |     { initials: "EO", name: "Elena Product Owner", date: "22 de agosto · amanhã", area: "E...
  37 |     { initials: "IR", name: "Isabela RH", date: "28 de agosto · em 7 dias", area: "Engenha...
> 38 |   };
     |   ^
  39 |
  40 |   const passedBirthdays = [
  41 |     { initials: "CT", name: "Carla Líder Técnica", date: "10 de agosto · há 11 dias", area...

Parsing ecmascript source code failed

Import trace:
  Server Component:
    ./src/components/dashboard/dashboard-grid.tsx
    ./src/app/dashboard/page.tsx @ http://localhost:3000/_next/static/chunks/node_modules_next_dist_1gdrd03._.js:1817
[   10248ms] [ERROR] ./src/components/dashboard/dashboard-grid.tsx:38:3
Error: Expression expected
  36 |     { initials: "EO", name: "Elena Product Owner", date: "22 de agosto · amanhã", area: "E...
  37 |     { initials: "IR", name: "Isabela RH", date: "28 de agosto · em 7 dias", area: "Engenha...
> 38 |   };
     |   ^
  39 |
  40 |   const passedBirthdays = [
  41 |     { initials: "CT", name: "Carla Líder Técnica", date: "10 de agosto · há 11 dias", area...

Parsing ecmascript source code failed

Import trace:
  Server Component:
    ./src/components/dashboard/dashboard-grid.tsx
    ./src/app/dashboard/page.tsx @ http://localhost:3000/_next/static/chunks/node_modules_next_dist_1gdrd03._.js:1817
[   10298ms] [ERROR] ./src/components/dashboard/dashboard-grid.tsx:38:3
Error: Expression expected
  36 |     { initials: "EO", name: "Elena Product Owner", date: "22 de agosto · amanhã", area: "E...
  37 |     { initials: "IR", name: "Isabela RH", date: "28 de agosto · em 7 dias", area: "Engenha...
> 38 |   };
     |   ^
  39 |
  40 |   const passedBirthdays = [
  41 |     { initials: "CT", name: "Carla Líder Técnica", date: "10 de agosto · há 11 dias", area...

Parsing ecmascript source code failed

Import trace:
  Server Component:
    ./src/components/dashboard/dashboard-grid.tsx
    ./src/app/dashboard/page.tsx @ http://localhost:3000/_next/static/chunks/node_modules_next_dist_1gdrd03._.js:1817
[   10348ms] [ERROR] ./src/components/dashboard/dashboard-grid.tsx:38:3
Error: Expression expected
  36 |     { initials: "EO", name: "Elena Product Owner", date: "22 de agosto · amanhã", area: "E...
  37 |     { initials: "IR", name: "Isabela RH", date: "28 de agosto · em 7 dias", area: "Engenha...
> 38 |   };
     |   ^
  39 |
  40 |   const passedBirthdays = [
  41 |     { initials: "CT", name: "Carla Líder Técnica", date: "10 de agosto · há 11 dias", area...

Parsing ecmascript source code failed

Import trace:
  Server Component:
    ./src/components/dashboard/dashboard-grid.tsx
    ./src/app/dashboard/page.tsx @ http://localhost:3000/_next/static/chunks/node_modules_next_dist_1gdrd03._.js:1817
[   10398ms] [ERROR] ./src/components/dashboard/dashboard-grid.tsx:38:3
Error: Expression expected
  36 |     { initials: "EO", name: "Elena Product Owner", date: "22 de agosto · amanhã", area: "E...
  37 |     { initials: "IR", name: "Isabela RH", date: "28 de agosto · em 7 dias", area: "Engenha...
> 38 |   };
     |   ^
  39 |
  40 |   const passedBirthdays = [
  41 |     { initials: "CT", name: "Carla Líder Técnica", date: "10 de agosto · há 11 dias", area...

Parsing ecmascript source code failed

Import trace:
  Server Component:
    ./src/components/dashboard/dashboard-grid.tsx
    ./src/app/dashboard/page.tsx @ http://localhost:3000/_next/static/chunks/node_modules_next_dist_1gdrd03._.js:1817
[   10448ms] [ERROR] ./src/components/dashboard/dashboard-grid.tsx:38:3
Error: Expression expected
  36 |     { initials: "EO", name: "Elena Product Owner", date: "22 de agosto · amanhã", area: "E...
  37 |     { initials: "IR", name: "Isabela RH", date: "28 de agosto · em 7 dias", area: "Engenha...
> 38 |   };
     |   ^
  39 |
  40 |   const passedBirthdays = [
  41 |     { initials: "CT", name: "Carla Líder Técnica", date: "10 de agosto · há 11 dias", area...

Parsing ecmascript source code failed

Import trace:
  Server Component:
    ./src/components/dashboard/dashboard-grid.tsx
    ./src/app/dashboard/page.tsx @ http://localhost:3000/_next/static/chunks/node_modules_next_dist_1gdrd03._.js:1817
[   10498ms] [ERROR] ./src/components/dashboard/dashboard-grid.tsx:38:3
Error: Expression expected
  36 |     { initials: "EO", name: "Elena Product Owner", date: "22 de agosto · amanhã", area: "E...
  37 |     { initials: "IR", name: "Isabela RH", date: "28 de agosto · em 7 dias", area: "Engenha...
> 38 |   };
     |   ^
  39 |
  40 |   const passedBirthdays = [
  41 |     { initials: "CT", name: "Carla Líder Técnica", date: "10 de agosto · há 11 dias", area...

Parsing ecmascript source code failed

Import trace:
  Server Component:
    ./src/components/dashboard/dashboard-grid.tsx
    ./src/app/dashboard/page.tsx @ http://localhost:3000/_next/static/chunks/node_modules_next_dist_1gdrd03._.js:1817
[   10548ms] [ERROR] ./src/components/dashboard/dashboard-grid.tsx:38:3
Error: Expression expected
  36 |     { initials: "EO", name: "Elena Product Owner", date: "22 de agosto · amanhã", area: "E...
  37 |     { initials: "IR", name: "Isabela RH", date: "28 de agosto · em 7 dias", area: "Engenha...
> 38 |   };
     |   ^
  39 |
  40 |   const passedBirthdays = [
  41 |     { initials: "CT", name: "Carla Líder Técnica", date: "10 de agosto · há 11 dias", area...

Parsing ecmascript source code failed

Import trace:
  Server Component:
    ./src/components/dashboard/dashboard-grid.tsx
    ./src/app/dashboard/page.tsx @ http://localhost:3000/_next/static/chunks/node_modules_next_dist_1gdrd03._.js:1817
[   10598ms] [ERROR] ./src/components/dashboard/dashboard-grid.tsx:38:3
Error: Expression expected
  36 |     { initials: "EO", name: "Elena Product Owner", date: "22 de agosto · amanhã", area: "E...
  37 |     { initials: "IR", name: "Isabela RH", date: "28 de agosto · em 7 dias", area: "Engenha...
> 38 |   };
     |   ^
  39 |
  40 |   const passedBirthdays = [
  41 |     { initials: "CT", name: "Carla Líder Técnica", date: "10 de agosto · há 11 dias", area...

Parsing ecmascript source code failed

Import trace:
  Server Component:
    ./src/components/dashboard/dashboard-grid.tsx
    ./src/app/dashboard/page.tsx @ http://localhost:3000/_next/static/chunks/node_modules_next_dist_1gdrd03._.js:1817
[   10648ms] [ERROR] ./src/components/dashboard/dashboard-grid.tsx:38:3
Error: Expression expected
  36 |     { initials: "EO", name: "Elena Product Owner", date: "22 de agosto · amanhã", area: "E...
  37 |     { initials: "IR", name: "Isabela RH", date: "28 de agosto · em 7 dias", area: "Engenha...
> 38 |   };
     |   ^
  39 |
  40 |   const passedBirthdays = [
  41 |     { initials: "CT", name: "Carla Líder Técnica", date: "10 de agosto · há 11 dias", area...

Parsing ecmascript source code failed

Import trace:
  Server Component:
    ./src/components/dashboard/dashboard-grid.tsx
    ./src/app/dashboard/page.tsx @ http://localhost:3000/_next/static/chunks/node_modules_next_dist_1gdrd03._.js:1817
[   10698ms] [ERROR] ./src/components/dashboard/dashboard-grid.tsx:38:3
Error: Expression expected
  36 |     { initials: "EO", name: "Elena Product Owner", date: "22 de agosto · amanhã", area: "E...
  37 |     { initials: "IR", name: "Isabela RH", date: "28 de agosto · em 7 dias", area: "Engenha...
> 38 |   };
     |   ^
  39 |
  40 |   const passedBirthdays = [
  41 |     { initials: "CT", name: "Carla Líder Técnica", date: "10 de agosto · há 11 dias", area...

Parsing ecmascript source code failed

Import trace:
  Server Component:
    ./src/components/dashboard/dashboard-grid.tsx
    ./src/app/dashboard/page.tsx @ http://localhost:3000/_next/static/chunks/node_modules_next_dist_1gdrd03._.js:1817
[   10761ms] [ERROR] ./src/components/dashboard/dashboard-grid.tsx:38:3
Error: Expression expected
  36 |     { initials: "EO", name: "Elena Product Owner", date: "22 de agosto · amanhã", area: "E...
  37 |     { initials: "IR", name: "Isabela RH", date: "28 de agosto · em 7 dias", area: "Engenha...
> 38 |   };
     |   ^
  39 |
  40 |   const passedBirthdays = [
  41 |     { initials: "CT", name: "Carla Líder Técnica", date: "10 de agosto · há 11 dias", area...

Parsing ecmascript source code failed

Import trace:
  Server Component:
    ./src/components/dashboard/dashboard-grid.tsx
    ./src/app/dashboard/page.tsx @ http://localhost:3000/_next/static/chunks/node_modules_next_dist_1gdrd03._.js:1817
[   10797ms] [ERROR] ./src/components/dashboard/dashboard-grid.tsx:38:3
Error: Expression expected
  36 |     { initials: "EO", name: "Elena Product Owner", date: "22 de agosto · amanhã", area: "E...
  37 |     { initials: "IR", name: "Isabela RH", date: "28 de agosto · em 7 dias", area: "Engenha...
> 38 |   };
     |   ^
  39 |
  40 |   const passedBirthdays = [
  41 |     { initials: "CT", name: "Carla Líder Técnica", date: "10 de agosto · há 11 dias", area...

Parsing ecmascript source code failed

Import trace:
  Server Component:
    ./src/components/dashboard/dashboard-grid.tsx
    ./src/app/dashboard/page.tsx @ http://localhost:3000/_next/static/chunks/node_modules_next_dist_1gdrd03._.js:1817
[   10847ms] [ERROR] ./src/components/dashboard/dashboard-grid.tsx:38:3
Error: Expression expected
  36 |     { initials: "EO", name: "Elena Product Owner", date: "22 de agosto · amanhã", area: "E...
  37 |     { initials: "IR", name: "Isabela RH", date: "28 de agosto · em 7 dias", area: "Engenha...
> 38 |   };
     |   ^
  39 |
  40 |   const passedBirthdays = [
  41 |     { initials: "CT", name: "Carla Líder Técnica", date: "10 de agosto · há 11 dias", area...

Parsing ecmascript source code failed

Import trace:
  Server Component:
    ./src/components/dashboard/dashboard-grid.tsx
    ./src/app/dashboard/page.tsx @ http://localhost:3000/_next/static/chunks/node_modules_next_dist_1gdrd03._.js:1817
[   10898ms] [ERROR] ./src/components/dashboard/dashboard-grid.tsx:38:3
Error: Expression expected
  36 |     { initials: "EO", name: "Elena Product Owner", date: "22 de agosto · amanhã", area: "E...
  37 |     { initials: "IR", name: "Isabela RH", date: "28 de agosto · em 7 dias", area: "Engenha...
> 38 |   };
     |   ^
  39 |
  40 |   const passedBirthdays = [
  41 |     { initials: "CT", name: "Carla Líder Técnica", date: "10 de agosto · há 11 dias", area...

Parsing ecmascript source code failed

Import trace:
  Server Component:
    ./src/components/dashboard/dashboard-grid.tsx
    ./src/app/dashboard/page.tsx @ http://localhost:3000/_next/static/chunks/node_modules_next_dist_1gdrd03._.js:1817
[   10949ms] [ERROR] ./src/components/dashboard/dashboard-grid.tsx:38:3
Error: Expression expected
  36 |     { initials: "EO", name: "Elena Product Owner", date: "22 de agosto · amanhã", area: "E...
  37 |     { initials: "IR", name: "Isabela RH", date: "28 de agosto · em 7 dias", area: "Engenha...
> 38 |   };
     |   ^
  39 |
  40 |   const passedBirthdays = [
  41 |     { initials: "CT", name: "Carla Líder Técnica", date: "10 de agosto · há 11 dias", area...

Parsing ecmascript source code failed

Import trace:
  Server Component:
    ./src/components/dashboard/dashboard-grid.tsx
    ./src/app/dashboard/page.tsx @ http://localhost:3000/_next/static/chunks/node_modules_next_dist_1gdrd03._.js:1817
[   10999ms] [ERROR] ./src/components/dashboard/dashboard-grid.tsx:38:3
Error: Expression expected
  36 |     { initials: "EO", name: "Elena Product Owner", date: "22 de agosto · amanhã", area: "E...
  37 |     { initials: "IR", name: "Isabela RH", date: "28 de agosto · em 7 dias", area: "Engenha...
> 38 |   };
     |   ^
  39 |
  40 |   const passedBirthdays = [
  41 |     { initials: "CT", name: "Carla Líder Técnica", date: "10 de agosto · há 11 dias", area...

Parsing ecmascript source code failed

Import trace:
  Server Component:
    ./src/components/dashboard/dashboard-grid.tsx
    ./src/app/dashboard/page.tsx @ http://localhost:3000/_next/static/chunks/node_modules_next_dist_1gdrd03._.js:1817
[   11050ms] [ERROR] ./src/components/dashboard/dashboard-grid.tsx:38:3
Error: Expression expected
  36 |     { initials: "EO", name: "Elena Product Owner", date: "22 de agosto · amanhã", area: "E...
  37 |     { initials: "IR", name: "Isabela RH", date: "28 de agosto · em 7 dias", area: "Engenha...
> 38 |   };
     |   ^
  39 |
  40 |   const passedBirthdays = [
  41 |     { initials: "CT", name: "Carla Líder Técnica", date: "10 de agosto · há 11 dias", area...

Parsing ecmascript source code failed

Import trace:
  Server Component:
    ./src/components/dashboard/dashboard-grid.tsx
    ./src/app/dashboard/page.tsx @ http://localhost:3000/_next/static/chunks/node_modules_next_dist_1gdrd03._.js:1817
[   11106ms] [ERROR] ./src/components/dashboard/dashboard-grid.tsx:38:3
Error: Expression expected
  36 |     { initials: "EO", name: "Elena Product Owner", date: "22 de agosto · amanhã", area: "E...
  37 |     { initials: "IR", name: "Isabela RH", date: "28 de agosto · em 7 dias", area: "Engenha...
> 38 |   };
     |   ^
  39 |
  40 |   const passedBirthdays = [
  41 |     { initials: "CT", name: "Carla Líder Técnica", date: "10 de agosto · há 11 dias", area...

Parsing ecmascript source code failed

Import trace:
  Server Component:
    ./src/components/dashboard/dashboard-grid.tsx
    ./src/app/dashboard/page.tsx @ http://localhost:3000/_next/static/chunks/node_modules_next_dist_1gdrd03._.js:1817
[   11165ms] [ERROR] ./src/components/dashboard/dashboard-grid.tsx:38:3
Error: Expression expected
  36 |     { initials: "EO", name: "Elena Product Owner", date: "22 de agosto · amanhã", area: "E...
  37 |     { initials: "IR", name: "Isabela RH", date: "28 de agosto · em 7 dias", area: "Engenha...
> 38 |   };
     |   ^
  39 |
  40 |   const passedBirthdays = [
  41 |     { initials: "CT", name: "Carla Líder Técnica", date: "10 de agosto · há 11 dias", area...

Parsing ecmascript source code failed

Import trace:
  Server Component:
    ./src/components/dashboard/dashboard-grid.tsx
    ./src/app/dashboard/page.tsx @ http://localhost:3000/_next/static/chunks/node_modules_next_dist_1gdrd03._.js:1817
[   11217ms] [ERROR] ./src/components/dashboard/dashboard-grid.tsx:38:3
Error: Expression expected
  36 |     { initials: "EO", name: "Elena Product Owner", date: "22 de agosto · amanhã", area: "E...
  37 |     { initials: "IR", name: "Isabela RH", date: "28 de agosto · em 7 dias", area: "Engenha...
> 38 |   };
     |   ^
  39 |
  40 |   const passedBirthdays = [
  41 |     { initials: "CT", name: "Carla Líder Técnica", date: "10 de agosto · há 11 dias", area...

Parsing ecmascript source code failed

Import trace:
  Server Component:
    ./src/components/dashboard/dashboard-grid.tsx
    ./src/app/dashboard/page.tsx @ http://localhost:3000/_next/static/chunks/node_modules_next_dist_1gdrd03._.js:1817
[   11267ms] [ERROR] ./src/components/dashboard/dashboard-grid.tsx:38:3
Error: Expression expected
  36 |     { initials: "EO", name: "Elena Product Owner", date: "22 de agosto · amanhã", area: "E...
  37 |     { initials: "IR", name: "Isabela RH", date: "28 de agosto · em 7 dias", area: "Engenha...
> 38 |   };
     |   ^
  39 |
  40 |   const passedBirthdays = [
  41 |     { initials: "CT", name: "Carla Líder Técnica", date: "10 de agosto · há 11 dias", area...

Parsing ecmascript source code failed

Import trace:
  Server Component:
    ./src/components/dashboard/dashboard-grid.tsx
    ./src/app/dashboard/page.tsx @ http://localhost:3000/_next/static/chunks/node_modules_next_dist_1gdrd03._.js:1817
[   11316ms] [ERROR] ./src/components/dashboard/dashboard-grid.tsx:38:3
Error: Expression expected
  36 |     { initials: "EO", name: "Elena Product Owner", date: "22 de agosto · amanhã", area: "E...
  37 |     { initials: "IR", name: "Isabela RH", date: "28 de agosto · em 7 dias", area: "Engenha...
> 38 |   };
     |   ^
  39 |
  40 |   const passedBirthdays = [
  41 |     { initials: "CT", name: "Carla Líder Técnica", date: "10 de agosto · há 11 dias", area...

Parsing ecmascript source code failed

Import trace:
  Server Component:
    ./src/components/dashboard/dashboard-grid.tsx
    ./src/app/dashboard/page.tsx @ http://localhost:3000/_next/static/chunks/node_modules_next_dist_1gdrd03._.js:1817
[   11367ms] [ERROR] ./src/components/dashboard/dashboard-grid.tsx:38:3
Error: Expression expected
  36 |     { initials: "EO", name: "Elena Product Owner", date: "22 de agosto · amanhã", area: "E...
  37 |     { initials: "IR", name: "Isabela RH", date: "28 de agosto · em 7 dias", area: "Engenha...
> 38 |   };
     |   ^
  39 |
  40 |   const passedBirthdays = [
  41 |     { initials: "CT", name: "Carla Líder Técnica", date: "10 de agosto · há 11 dias", area...

Parsing ecmascript source code failed

Import trace:
  Server Component:
    ./src/components/dashboard/dashboard-grid.tsx
    ./src/app/dashboard/page.tsx @ http://localhost:3000/_next/static/chunks/node_modules_next_dist_1gdrd03._.js:1817
[   11416ms] [ERROR] ./src/components/dashboard/dashboard-grid.tsx:38:3
Error: Expression expected
  36 |     { initials: "EO", name: "Elena Product Owner", date: "22 de agosto · amanhã", area: "E...
  37 |     { initials: "IR", name: "Isabela RH", date: "28 de agosto · em 7 dias", area: "Engenha...
> 38 |   };
     |   ^
  39 |
  40 |   const passedBirthdays = [
  41 |     { initials: "CT", name: "Carla Líder Técnica", date: "10 de agosto · há 11 dias", area...

Parsing ecmascript source code failed

Import trace:
  Server Component:
    ./src/components/dashboard/dashboard-grid.tsx
    ./src/app/dashboard/page.tsx @ http://localhost:3000/_next/static/chunks/node_modules_next_dist_1gdrd03._.js:1817
[   11481ms] [ERROR] ./src/components/dashboard/dashboard-grid.tsx:38:3
Error: Expression expected
  36 |     { initials: "EO", name: "Elena Product Owner", date: "22 de agosto · amanhã", area: "E...
  37 |     { initials: "IR", name: "Isabela RH", date: "28 de agosto · em 7 dias", area: "Engenha...
> 38 |   };
     |   ^
  39 |
  40 |   const passedBirthdays = [
  41 |     { initials: "CT", name: "Carla Líder Técnica", date: "10 de agosto · há 11 dias", area...

Parsing ecmascript source code failed

Import trace:
  Server Component:
    ./src/components/dashboard/dashboard-grid.tsx
    ./src/app/dashboard/page.tsx @ http://localhost:3000/_next/static/chunks/node_modules_next_dist_1gdrd03._.js:1817
[   11531ms] [ERROR] ./src/components/dashboard/dashboard-grid.tsx:38:3
Error: Expression expected
  36 |     { initials: "EO", name: "Elena Product Owner", date: "22 de agosto · amanhã", area: "E...
  37 |     { initials: "IR", name: "Isabela RH", date: "28 de agosto · em 7 dias", area: "Engenha...
> 38 |   };
     |   ^
  39 |
  40 |   const passedBirthdays = [
  41 |     { initials: "CT", name: "Carla Líder Técnica", date: "10 de agosto · há 11 dias", area...

Parsing ecmascript source code failed

Import trace:
  Server Component:
    ./src/components/dashboard/dashboard-grid.tsx
    ./src/app/dashboard/page.tsx @ http://localhost:3000/_next/static/chunks/node_modules_next_dist_1gdrd03._.js:1817
[   11582ms] [ERROR] ./src/components/dashboard/dashboard-grid.tsx:38:3
Error: Expression expected
  36 |     { initials: "EO", name: "Elena Product Owner", date: "22 de agosto · amanhã", area: "E...
  37 |     { initials: "IR", name: "Isabela RH", date: "28 de agosto · em 7 dias", area: "Engenha...
> 38 |   };
     |   ^
  39 |
  40 |   const passedBirthdays = [
  41 |     { initials: "CT", name: "Carla Líder Técnica", date: "10 de agosto · há 11 dias", area...

Parsing ecmascript source code failed

Import trace:
  Server Component:
    ./src/components/dashboard/dashboard-grid.tsx
    ./src/app/dashboard/page.tsx @ http://localhost:3000/_next/static/chunks/node_modules_next_dist_1gdrd03._.js:1817
[   11632ms] [ERROR] ./src/components/dashboard/dashboard-grid.tsx:38:3
Error: Expression expected
  36 |     { initials: "EO", name: "Elena Product Owner", date: "22 de agosto · amanhã", area: "E...
  37 |     { initials: "IR", name: "Isabela RH", date: "28 de agosto · em 7 dias", area: "Engenha...
> 38 |   };
     |   ^
  39 |
  40 |   const passedBirthdays = [
  41 |     { initials: "CT", name: "Carla Líder Técnica", date: "10 de agosto · há 11 dias", area...

Parsing ecmascript source code failed

Import trace:
  Server Component:
    ./src/components/dashboard/dashboard-grid.tsx
    ./src/app/dashboard/page.tsx @ http://localhost:3000/_next/static/chunks/node_modules_next_dist_1gdrd03._.js:1817
[   11683ms] [ERROR] ./src/components/dashboard/dashboard-grid.tsx:38:3
Error: Expression expected
  36 |     { initials: "EO", name: "Elena Product Owner", date: "22 de agosto · amanhã", area: "E...
  37 |     { initials: "IR", name: "Isabela RH", date: "28 de agosto · em 7 dias", area: "Engenha...
> 38 |   };
     |   ^
  39 |
  40 |   const passedBirthdays = [
  41 |     { initials: "CT", name: "Carla Líder Técnica", date: "10 de agosto · há 11 dias", area...

Parsing ecmascript source code failed

Import trace:
  Server Component:
    ./src/components/dashboard/dashboard-grid.tsx
    ./src/app/dashboard/page.tsx @ http://localhost:3000/_next/static/chunks/node_modules_next_dist_1gdrd03._.js:1817
[   11732ms] [ERROR] ./src/components/dashboard/dashboard-grid.tsx:38:3
Error: Expression expected
  36 |     { initials: "EO", name: "Elena Product Owner", date: "22 de agosto · amanhã", area: "E...
  37 |     { initials: "IR", name: "Isabela RH", date: "28 de agosto · em 7 dias", area: "Engenha...
> 38 |   };
     |   ^
  39 |
  40 |   const passedBirthdays = [
  41 |     { initials: "CT", name: "Carla Líder Técnica", date: "10 de agosto · há 11 dias", area...

Parsing ecmascript source code failed

Import trace:
  Server Component:
    ./src/components/dashboard/dashboard-grid.tsx
    ./src/app/dashboard/page.tsx @ http://localhost:3000/_next/static/chunks/node_modules_next_dist_1gdrd03._.js:1817
[   11782ms] [ERROR] ./src/components/dashboard/dashboard-grid.tsx:38:3
Error: Expression expected
  36 |     { initials: "EO", name: "Elena Product Owner", date: "22 de agosto · amanhã", area: "E...
  37 |     { initials: "IR", name: "Isabela RH", date: "28 de agosto · em 7 dias", area: "Engenha...
> 38 |   };
     |   ^
  39 |
  40 |   const passedBirthdays = [
  41 |     { initials: "CT", name: "Carla Líder Técnica", date: "10 de agosto · há 11 dias", area...

Parsing ecmascript source code failed

Import trace:
  Server Component:
    ./src/components/dashboard/dashboard-grid.tsx
    ./src/app/dashboard/page.tsx @ http://localhost:3000/_next/static/chunks/node_modules_next_dist_1gdrd03._.js:1817
[   11833ms] [ERROR] ./src/components/dashboard/dashboard-grid.tsx:38:3
Error: Expression expected
  36 |     { initials: "EO", name: "Elena Product Owner", date: "22 de agosto · amanhã", area: "E...
  37 |     { initials: "IR", name: "Isabela RH", date: "28 de agosto · em 7 dias", area: "Engenha...
> 38 |   };
     |   ^
  39 |
  40 |   const passedBirthdays = [
  41 |     { initials: "CT", name: "Carla Líder Técnica", date: "10 de agosto · há 11 dias", area...

Parsing ecmascript source code failed

Import trace:
  Server Component:
    ./src/components/dashboard/dashboard-grid.tsx
    ./src/app/dashboard/page.tsx @ http://localhost:3000/_next/static/chunks/node_modules_next_dist_1gdrd03._.js:1817
[   11898ms] [ERROR] ./src/components/dashboard/dashboard-grid.tsx:38:3
Error: Expression expected
  36 |     { initials: "EO", name: "Elena Product Owner", date: "22 de agosto · amanhã", area: "E...
  37 |     { initials: "IR", name: "Isabela RH", date: "28 de agosto · em 7 dias", area: "Engenha...
> 38 |   };
     |   ^
  39 |
  40 |   const passedBirthdays = [
  41 |     { initials: "CT", name: "Carla Líder Técnica", date: "10 de agosto · há 11 dias", area...

Parsing ecmascript source code failed

Import trace:
  Server Component:
    ./src/components/dashboard/dashboard-grid.tsx
    ./src/app/dashboard/page.tsx @ http://localhost:3000/_next/static/chunks/node_modules_next_dist_1gdrd03._.js:1817
[   11950ms] [ERROR] ./src/components/dashboard/dashboard-grid.tsx:38:3
Error: Expression expected
  36 |     { initials: "EO", name: "Elena Product Owner", date: "22 de agosto · amanhã", area: "E...
  37 |     { initials: "IR", name: "Isabela RH", date: "28 de agosto · em 7 dias", area: "Engenha...
> 38 |   };
     |   ^
  39 |
  40 |   const passedBirthdays = [
  41 |     { initials: "CT", name: "Carla Líder Técnica", date: "10 de agosto · há 11 dias", area...

Parsing ecmascript source code failed

Import trace:
  Server Component:
    ./src/components/dashboard/dashboard-grid.tsx
    ./src/app/dashboard/page.tsx @ http://localhost:3000/_next/static/chunks/node_modules_next_dist_1gdrd03._.js:1817
[   11999ms] [ERROR] ./src/components/dashboard/dashboard-grid.tsx:38:3
Error: Expression expected
  36 |     { initials: "EO", name: "Elena Product Owner", date: "22 de agosto · amanhã", area: "E...
  37 |     { initials: "IR", name: "Isabela RH", date: "28 de agosto · em 7 dias", area: "Engenha...
> 38 |   };
     |   ^
  39 |
  40 |   const passedBirthdays = [
  41 |     { initials: "CT", name: "Carla Líder Técnica", date: "10 de agosto · há 11 dias", area...

Parsing ecmascript source code failed

Import trace:
  Server Component:
    ./src/components/dashboard/dashboard-grid.tsx
    ./src/app/dashboard/page.tsx @ http://localhost:3000/_next/static/chunks/node_modules_next_dist_1gdrd03._.js:1817
[   12050ms] [ERROR] ./src/components/dashboard/dashboard-grid.tsx:38:3
Error: Expression expected
  36 |     { initials: "EO", name: "Elena Product Owner", date: "22 de agosto · amanhã", area: "E...
  37 |     { initials: "IR", name: "Isabela RH", date: "28 de agosto · em 7 dias", area: "Engenha...
> 38 |   };
     |   ^
  39 |
  40 |   const passedBirthdays = [
  41 |     { initials: "CT", name: "Carla Líder Técnica", date: "10 de agosto · há 11 dias", area...

Parsing ecmascript source code failed

Import trace:
  Server Component:
    ./src/components/dashboard/dashboard-grid.tsx
    ./src/app/dashboard/page.tsx @ http://localhost:3000/_next/static/chunks/node_modules_next_dist_1gdrd03._.js:1817
[   12099ms] [ERROR] ./src/components/dashboard/dashboard-grid.tsx:38:3
Error: Expression expected
  36 |     { initials: "EO", name: "Elena Product Owner", date: "22 de agosto · amanhã", area: "E...
  37 |     { initials: "IR", name: "Isabela RH", date: "28 de agosto · em 7 dias", area: "Engenha...
> 38 |   };
     |   ^
  39 |
  40 |   const passedBirthdays = [
  41 |     { initials: "CT", name: "Carla Líder Técnica", date: "10 de agosto · há 11 dias", area...

Parsing ecmascript source code failed

Import trace:
  Server Component:
    ./src/components/dashboard/dashboard-grid.tsx
    ./src/app/dashboard/page.tsx @ http://localhost:3000/_next/static/chunks/node_modules_next_dist_1gdrd03._.js:1817
[   12149ms] [ERROR] ./src/components/dashboard/dashboard-grid.tsx:38:3
Error: Expression expected
  36 |     { initials: "EO", name: "Elena Product Owner", date: "22 de agosto · amanhã", area: "E...
  37 |     { initials: "IR", name: "Isabela RH", date: "28 de agosto · em 7 dias", area: "Engenha...
> 38 |   };
     |   ^
  39 |
  40 |   const passedBirthdays = [
  41 |     { initials: "CT", name: "Carla Líder Técnica", date: "10 de agosto · há 11 dias", area...

Parsing ecmascript source code failed

Import trace:
  Server Component:
    ./src/components/dashboard/dashboard-grid.tsx
    ./src/app/dashboard/page.tsx @ http://localhost:3000/_next/static/chunks/node_modules_next_dist_1gdrd03._.js:1817
[   12199ms] [ERROR] ./src/components/dashboard/dashboard-grid.tsx:38:3
Error: Expression expected
  36 |     { initials: "EO", name: "Elena Product Owner", date: "22 de agosto · amanhã", area: "E...
  37 |     { initials: "IR", name: "Isabela RH", date: "28 de agosto · em 7 dias", area: "Engenha...
> 38 |   };
     |   ^
  39 |
  40 |   const passedBirthdays = [
  41 |     { initials: "CT", name: "Carla Líder Técnica", date: "10 de agosto · há 11 dias", area...

Parsing ecmascript source code failed

Import trace:
  Server Component:
    ./src/components/dashboard/dashboard-grid.tsx
    ./src/app/dashboard/page.tsx @ http://localhost:3000/_next/static/chunks/node_modules_next_dist_1gdrd03._.js:1817
[   12264ms] [ERROR] ./src/components/dashboard/dashboard-grid.tsx:38:3
Error: Expression expected
  36 |     { initials: "EO", name: "Elena Product Owner", date: "22 de agosto · amanhã", area: "E...
  37 |     { initials: "IR", name: "Isabela RH", date: "28 de agosto · em 7 dias", area: "Engenha...
> 38 |   };
     |   ^
  39 |
  40 |   const passedBirthdays = [
  41 |     { initials: "CT", name: "Carla Líder Técnica", date: "10 de agosto · há 11 dias", area...

Parsing ecmascript source code failed

Import trace:
  Server Component:
    ./src/components/dashboard/dashboard-grid.tsx
    ./src/app/dashboard/page.tsx @ http://localhost:3000/_next/static/chunks/node_modules_next_dist_1gdrd03._.js:1817
[   12314ms] [ERROR] ./src/components/dashboard/dashboard-grid.tsx:38:3
Error: Expression expected
  36 |     { initials: "EO", name: "Elena Product Owner", date: "22 de agosto · amanhã", area: "E...
  37 |     { initials: "IR", name: "Isabela RH", date: "28 de agosto · em 7 dias", area: "Engenha...
> 38 |   };
     |   ^
  39 |
  40 |   const passedBirthdays = [
  41 |     { initials: "CT", name: "Carla Líder Técnica", date: "10 de agosto · há 11 dias", area...

Parsing ecmascript source code failed

Import trace:
  Server Component:
    ./src/components/dashboard/dashboard-grid.tsx
    ./src/app/dashboard/page.tsx @ http://localhost:3000/_next/static/chunks/node_modules_next_dist_1gdrd03._.js:1817
[   12365ms] [ERROR] ./src/components/dashboard/dashboard-grid.tsx:38:3
Error: Expression expected
  36 |     { initials: "EO", name: "Elena Product Owner", date: "22 de agosto · amanhã", area: "E...
  37 |     { initials: "IR", name: "Isabela RH", date: "28 de agosto · em 7 dias", area: "Engenha...
> 38 |   };
     |   ^
  39 |
  40 |   const passedBirthdays = [
  41 |     { initials: "CT", name: "Carla Líder Técnica", date: "10 de agosto · há 11 dias", area...

Parsing ecmascript source code failed

Import trace:
  Server Component:
    ./src/components/dashboard/dashboard-grid.tsx
    ./src/app/dashboard/page.tsx @ http://localhost:3000/_next/static/chunks/node_modules_next_dist_1gdrd03._.js:1817
[   12416ms] [ERROR] ./src/components/dashboard/dashboard-grid.tsx:38:3
Error: Expression expected
  36 |     { initials: "EO", name: "Elena Product Owner", date: "22 de agosto · amanhã", area: "E...
  37 |     { initials: "IR", name: "Isabela RH", date: "28 de agosto · em 7 dias", area: "Engenha...
> 38 |   };
     |   ^
  39 |
  40 |   const passedBirthdays = [
  41 |     { initials: "CT", name: "Carla Líder Técnica", date: "10 de agosto · há 11 dias", area...

Parsing ecmascript source code failed

Import trace:
  Server Component:
    ./src/components/dashboard/dashboard-grid.tsx
    ./src/app/dashboard/page.tsx @ http://localhost:3000/_next/static/chunks/node_modules_next_dist_1gdrd03._.js:1817
[   12466ms] [ERROR] ./src/components/dashboard/dashboard-grid.tsx:38:3
Error: Expression expected
  36 |     { initials: "EO", name: "Elena Product Owner", date: "22 de agosto · amanhã", area: "E...
  37 |     { initials: "IR", name: "Isabela RH", date: "28 de agosto · em 7 dias", area: "Engenha...
> 38 |   };
     |   ^
  39 |
  40 |   const passedBirthdays = [
  41 |     { initials: "CT", name: "Carla Líder Técnica", date: "10 de agosto · há 11 dias", area...

Parsing ecmascript source code failed

Import trace:
  Server Component:
    ./src/components/dashboard/dashboard-grid.tsx
    ./src/app/dashboard/page.tsx @ http://localhost:3000/_next/static/chunks/node_modules_next_dist_1gdrd03._.js:1817
[   12516ms] [ERROR] ./src/components/dashboard/dashboard-grid.tsx:38:3
Error: Expression expected
  36 |     { initials: "EO", name: "Elena Product Owner", date: "22 de agosto · amanhã", area: "E...
  37 |     { initials: "IR", name: "Isabela RH", date: "28 de agosto · em 7 dias", area: "Engenha...
> 38 |   };
     |   ^
  39 |
  40 |   const passedBirthdays = [
  41 |     { initials: "CT", name: "Carla Líder Técnica", date: "10 de agosto · há 11 dias", area...

Parsing ecmascript source code failed

Import trace:
  Server Component:
    ./src/components/dashboard/dashboard-grid.tsx
    ./src/app/dashboard/page.tsx @ http://localhost:3000/_next/static/chunks/node_modules_next_dist_1gdrd03._.js:1817
[   12567ms] [ERROR] ./src/components/dashboard/dashboard-grid.tsx:38:3
Error: Expression expected
  36 |     { initials: "EO", name: "Elena Product Owner", date: "22 de agosto · amanhã", area: "E...
  37 |     { initials: "IR", name: "Isabela RH", date: "28 de agosto · em 7 dias", area: "Engenha...
> 38 |   };
     |   ^
  39 |
  40 |   const passedBirthdays = [
  41 |     { initials: "CT", name: "Carla Líder Técnica", date: "10 de agosto · há 11 dias", area...

Parsing ecmascript source code failed

Import trace:
  Server Component:
    ./src/components/dashboard/dashboard-grid.tsx
    ./src/app/dashboard/page.tsx @ http://localhost:3000/_next/static/chunks/node_modules_next_dist_1gdrd03._.js:1817
[   12631ms] [ERROR] ./src/components/dashboard/dashboard-grid.tsx:38:3
Error: Expression expected
  36 |     { initials: "EO", name: "Elena Product Owner", date: "22 de agosto · amanhã", area: "E...
  37 |     { initials: "IR", name: "Isabela RH", date: "28 de agosto · em 7 dias", area: "Engenha...
> 38 |   };
     |   ^
  39 |
  40 |   const passedBirthdays = [
  41 |     { initials: "CT", name: "Carla Líder Técnica", date: "10 de agosto · há 11 dias", area...

Parsing ecmascript source code failed

Import trace:
  Server Component:
    ./src/components/dashboard/dashboard-grid.tsx
    ./src/app/dashboard/page.tsx @ http://localhost:3000/_next/static/chunks/node_modules_next_dist_1gdrd03._.js:1817
[   12682ms] [ERROR] ./src/components/dashboard/dashboard-grid.tsx:38:3
Error: Expression expected
  36 |     { initials: "EO", name: "Elena Product Owner", date: "22 de agosto · amanhã", area: "E...
  37 |     { initials: "IR", name: "Isabela RH", date: "28 de agosto · em 7 dias", area: "Engenha...
> 38 |   };
     |   ^
  39 |
  40 |   const passedBirthdays = [
  41 |     { initials: "CT", name: "Carla Líder Técnica", date: "10 de agosto · há 11 dias", area...

Parsing ecmascript source code failed

Import trace:
  Server Component:
    ./src/components/dashboard/dashboard-grid.tsx
    ./src/app/dashboard/page.tsx @ http://localhost:3000/_next/static/chunks/node_modules_next_dist_1gdrd03._.js:1817
[   12732ms] [ERROR] ./src/components/dashboard/dashboard-grid.tsx:38:3
Error: Expression expected
  36 |     { initials: "EO", name: "Elena Product Owner", date: "22 de agosto · amanhã", area: "E...
  37 |     { initials: "IR", name: "Isabela RH", date: "28 de agosto · em 7 dias", area: "Engenha...
> 38 |   };
     |   ^
  39 |
  40 |   const passedBirthdays = [
  41 |     { initials: "CT", name: "Carla Líder Técnica", date: "10 de agosto · há 11 dias", area...

Parsing ecmascript source code failed

Import trace:
  Server Component:
    ./src/components/dashboard/dashboard-grid.tsx
    ./src/app/dashboard/page.tsx @ http://localhost:3000/_next/static/chunks/node_modules_next_dist_1gdrd03._.js:1817
[   12782ms] [ERROR] ./src/components/dashboard/dashboard-grid.tsx:38:3
Error: Expression expected
  36 |     { initials: "EO", name: "Elena Product Owner", date: "22 de agosto · amanhã", area: "E...
  37 |     { initials: "IR", name: "Isabela RH", date: "28 de agosto · em 7 dias", area: "Engenha...
> 38 |   };
     |   ^
  39 |
  40 |   const passedBirthdays = [
  41 |     { initials: "CT", name: "Carla Líder Técnica", date: "10 de agosto · há 11 dias", area...

Parsing ecmascript source code failed

Import trace:
  Server Component:
    ./src/components/dashboard/dashboard-grid.tsx
    ./src/app/dashboard/page.tsx @ http://localhost:3000/_next/static/chunks/node_modules_next_dist_1gdrd03._.js:1817
[   12833ms] [ERROR] ./src/components/dashboard/dashboard-grid.tsx:38:3
Error: Expression expected
  36 |     { initials: "EO", name: "Elena Product Owner", date: "22 de agosto · amanhã", area: "E...
  37 |     { initials: "IR", name: "Isabela RH", date: "28 de agosto · em 7 dias", area: "Engenha...
> 38 |   };
     |   ^
  39 |
  40 |   const passedBirthdays = [
  41 |     { initials: "CT", name: "Carla Líder Técnica", date: "10 de agosto · há 11 dias", area...

Parsing ecmascript source code failed

Import trace:
  Server Component:
    ./src/components/dashboard/dashboard-grid.tsx
    ./src/app/dashboard/page.tsx @ http://localhost:3000/_next/static/chunks/node_modules_next_dist_1gdrd03._.js:1817
[   12882ms] [ERROR] ./src/components/dashboard/dashboard-grid.tsx:38:3
Error: Expression expected
  36 |     { initials: "EO", name: "Elena Product Owner", date: "22 de agosto · amanhã", area: "E...
  37 |     { initials: "IR", name: "Isabela RH", date: "28 de agosto · em 7 dias", area: "Engenha...
> 38 |   };
     |   ^
  39 |
  40 |   const passedBirthdays = [
  41 |     { initials: "CT", name: "Carla Líder Técnica", date: "10 de agosto · há 11 dias", area...

Parsing ecmascript source code failed

Import trace:
  Server Component:
    ./src/components/dashboard/dashboard-grid.tsx
    ./src/app/dashboard/page.tsx @ http://localhost:3000/_next/static/chunks/node_modules_next_dist_1gdrd03._.js:1817
[   12933ms] [ERROR] ./src/components/dashboard/dashboard-grid.tsx:38:3
Error: Expression expected
  36 |     { initials: "EO", name: "Elena Product Owner", date: "22 de agosto · amanhã", area: "E...
  37 |     { initials: "IR", name: "Isabela RH", date: "28 de agosto · em 7 dias", area: "Engenha...
> 38 |   };
     |   ^
  39 |
  40 |   const passedBirthdays = [
  41 |     { initials: "CT", name: "Carla Líder Técnica", date: "10 de agosto · há 11 dias", area...

Parsing ecmascript source code failed

Import trace:
  Server Component:
    ./src/components/dashboard/dashboard-grid.tsx
    ./src/app/dashboard/page.tsx @ http://localhost:3000/_next/static/chunks/node_modules_next_dist_1gdrd03._.js:1817
[   12983ms] [ERROR] ./src/components/dashboard/dashboard-grid.tsx:38:3
Error: Expression expected
  36 |     { initials: "EO", name: "Elena Product Owner", date: "22 de agosto · amanhã", area: "E...
  37 |     { initials: "IR", name: "Isabela RH", date: "28 de agosto · em 7 dias", area: "Engenha...
> 38 |   };
     |   ^
  39 |
  40 |   const passedBirthdays = [
  41 |     { initials: "CT", name: "Carla Líder Técnica", date: "10 de agosto · há 11 dias", area...

Parsing ecmascript source code failed

Import trace:
  Server Component:
    ./src/components/dashboard/dashboard-grid.tsx
    ./src/app/dashboard/page.tsx @ http://localhost:3000/_next/static/chunks/node_modules_next_dist_1gdrd03._.js:1817
[   13031ms] [ERROR] ./src/components/dashboard/dashboard-grid.tsx:38:3
Error: Expression expected
  36 |     { initials: "EO", name: "Elena Product Owner", date: "22 de agosto · amanhã", area: "E...
  37 |     { initials: "IR", name: "Isabela RH", date: "28 de agosto · em 7 dias", area: "Engenha...
> 38 |   };
     |   ^
  39 |
  40 |   const passedBirthdays = [
  41 |     { initials: "CT", name: "Carla Líder Técnica", date: "10 de agosto · há 11 dias", area...

Parsing ecmascript source code failed

Import trace:
  Server Component:
    ./src/components/dashboard/dashboard-grid.tsx
    ./src/app/dashboard/page.tsx @ http://localhost:3000/_next/static/chunks/node_modules_next_dist_1gdrd03._.js:1817
[   13083ms] [ERROR] ./src/components/dashboard/dashboard-grid.tsx:38:3
Error: Expression expected
  36 |     { initials: "EO", name: "Elena Product Owner", date: "22 de agosto · amanhã", area: "E...
  37 |     { initials: "IR", name: "Isabela RH", date: "28 de agosto · em 7 dias", area: "Engenha...
> 38 |   };
     |   ^
  39 |
  40 |   const passedBirthdays = [
  41 |     { initials: "CT", name: "Carla Líder Técnica", date: "10 de agosto · há 11 dias", area...

Parsing ecmascript source code failed

Import trace:
  Server Component:
    ./src/components/dashboard/dashboard-grid.tsx
    ./src/app/dashboard/page.tsx @ http://localhost:3000/_next/static/chunks/node_modules_next_dist_1gdrd03._.js:1817
[   13133ms] [ERROR] ./src/components/dashboard/dashboard-grid.tsx:38:3
Error: Expression expected
  36 |     { initials: "EO", name: "Elena Product Owner", date: "22 de agosto · amanhã", area: "E...
  37 |     { initials: "IR", name: "Isabela RH", date: "28 de agosto · em 7 dias", area: "Engenha...
> 38 |   };
     |   ^
  39 |
  40 |   const passedBirthdays = [
  41 |     { initials: "CT", name: "Carla Líder Técnica", date: "10 de agosto · há 11 dias", area...

Parsing ecmascript source code failed

Import trace:
  Server Component:
    ./src/components/dashboard/dashboard-grid.tsx
    ./src/app/dashboard/page.tsx @ http://localhost:3000/_next/static/chunks/node_modules_next_dist_1gdrd03._.js:1817
[   13181ms] [ERROR] ./src/components/dashboard/dashboard-grid.tsx:38:3
Error: Expression expected
  36 |     { initials: "EO", name: "Elena Product Owner", date: "22 de agosto · amanhã", area: "E...
  37 |     { initials: "IR", name: "Isabela RH", date: "28 de agosto · em 7 dias", area: "Engenha...
> 38 |   };
     |   ^
  39 |
  40 |   const passedBirthdays = [
  41 |     { initials: "CT", name: "Carla Líder Técnica", date: "10 de agosto · há 11 dias", area...

Parsing ecmascript source code failed

Import trace:
  Server Component:
    ./src/components/dashboard/dashboard-grid.tsx
    ./src/app/dashboard/page.tsx @ http://localhost:3000/_next/static/chunks/node_modules_next_dist_1gdrd03._.js:1817
[   13233ms] [ERROR] ./src/components/dashboard/dashboard-grid.tsx:38:3
Error: Expression expected
  36 |     { initials: "EO", name: "Elena Product Owner", date: "22 de agosto · amanhã", area: "E...
  37 |     { initials: "IR", name: "Isabela RH", date: "28 de agosto · em 7 dias", area: "Engenha...
> 38 |   };
     |   ^
  39 |
  40 |   const passedBirthdays = [
  41 |     { initials: "CT", name: "Carla Líder Técnica", date: "10 de agosto · há 11 dias", area...

Parsing ecmascript source code failed

Import trace:
  Server Component:
    ./src/components/dashboard/dashboard-grid.tsx
    ./src/app/dashboard/page.tsx @ http://localhost:3000/_next/static/chunks/node_modules_next_dist_1gdrd03._.js:1817
[   13282ms] [ERROR] ./src/components/dashboard/dashboard-grid.tsx:38:3
Error: Expression expected
  36 |     { initials: "EO", name: "Elena Product Owner", date: "22 de agosto · amanhã", area: "E...
  37 |     { initials: "IR", name: "Isabela RH", date: "28 de agosto · em 7 dias", area: "Engenha...
> 38 |   };
     |   ^
  39 |
  40 |   const passedBirthdays = [
  41 |     { initials: "CT", name: "Carla Líder Técnica", date: "10 de agosto · há 11 dias", area...

Parsing ecmascript source code failed

Import trace:
  Server Component:
    ./src/components/dashboard/dashboard-grid.tsx
    ./src/app/dashboard/page.tsx @ http://localhost:3000/_next/static/chunks/node_modules_next_dist_1gdrd03._.js:1817
[   13334ms] [ERROR] ./src/components/dashboard/dashboard-grid.tsx:38:3
Error: Expression expected
  36 |     { initials: "EO", name: "Elena Product Owner", date: "22 de agosto · amanhã", area: "E...
  37 |     { initials: "IR", name: "Isabela RH", date: "28 de agosto · em 7 dias", area: "Engenha...
> 38 |   };
     |   ^
  39 |
  40 |   const passedBirthdays = [
  41 |     { initials: "CT", name: "Carla Líder Técnica", date: "10 de agosto · há 11 dias", area...

Parsing ecmascript source code failed

Import trace:
  Server Component:
    ./src/components/dashboard/dashboard-grid.tsx
    ./src/app/dashboard/page.tsx @ http://localhost:3000/_next/static/chunks/node_modules_next_dist_1gdrd03._.js:1817
[   13383ms] [ERROR] ./src/components/dashboard/dashboard-grid.tsx:38:3
Error: Expression expected
  36 |     { initials: "EO", name: "Elena Product Owner", date: "22 de agosto · amanhã", area: "E...
  37 |     { initials: "IR", name: "Isabela RH", date: "28 de agosto · em 7 dias", area: "Engenha...
> 38 |   };
     |   ^
  39 |
  40 |   const passedBirthdays = [
  41 |     { initials: "CT", name: "Carla Líder Técnica", date: "10 de agosto · há 11 dias", area...

Parsing ecmascript source code failed

Import trace:
  Server Component:
    ./src/components/dashboard/dashboard-grid.tsx
    ./src/app/dashboard/page.tsx @ http://localhost:3000/_next/static/chunks/node_modules_next_dist_1gdrd03._.js:1817
[   13432ms] [ERROR] ./src/components/dashboard/dashboard-grid.tsx:38:3
Error: Expression expected
  36 |     { initials: "EO", name: "Elena Product Owner", date: "22 de agosto · amanhã", area: "E...
  37 |     { initials: "IR", name: "Isabela RH", date: "28 de agosto · em 7 dias", area: "Engenha...
> 38 |   };
     |   ^
  39 |
  40 |   const passedBirthdays = [
  41 |     { initials: "CT", name: "Carla Líder Técnica", date: "10 de agosto · há 11 dias", area...

Parsing ecmascript source code failed

Import trace:
  Server Component:
    ./src/components/dashboard/dashboard-grid.tsx
    ./src/app/dashboard/page.tsx @ http://localhost:3000/_next/static/chunks/node_modules_next_dist_1gdrd03._.js:1817
[   13480ms] [ERROR] ./src/components/dashboard/dashboard-grid.tsx:38:3
Error: Expression expected
  36 |     { initials: "EO", name: "Elena Product Owner", date: "22 de agosto · amanhã", area: "E...
  37 |     { initials: "IR", name: "Isabela RH", date: "28 de agosto · em 7 dias", area: "Engenha...
> 38 |   };
     |   ^
  39 |
  40 |   const passedBirthdays = [
  41 |     { initials: "CT", name: "Carla Líder Técnica", date: "10 de agosto · há 11 dias", area...

Parsing ecmascript source code failed

Import trace:
  Server Component:
    ./src/components/dashboard/dashboard-grid.tsx
    ./src/app/dashboard/page.tsx @ http://localhost:3000/_next/static/chunks/node_modules_next_dist_1gdrd03._.js:1817
[   13530ms] [ERROR] ./src/components/dashboard/dashboard-grid.tsx:38:3
Error: Expression expected
  36 |     { initials: "EO", name: "Elena Product Owner", date: "22 de agosto · amanhã", area: "E...
  37 |     { initials: "IR", name: "Isabela RH", date: "28 de agosto · em 7 dias", area: "Engenha...
> 38 |   };
     |   ^
  39 |
  40 |   const passedBirthdays = [
  41 |     { initials: "CT", name: "Carla Líder Técnica", date: "10 de agosto · há 11 dias", area...

Parsing ecmascript source code failed

Import trace:
  Server Component:
    ./src/components/dashboard/dashboard-grid.tsx
    ./src/app/dashboard/page.tsx @ http://localhost:3000/_next/static/chunks/node_modules_next_dist_1gdrd03._.js:1817
[   13582ms] [ERROR] ./src/components/dashboard/dashboard-grid.tsx:38:3
Error: Expression expected
  36 |     { initials: "EO", name: "Elena Product Owner", date: "22 de agosto · amanhã", area: "E...
  37 |     { initials: "IR", name: "Isabela RH", date: "28 de agosto · em 7 dias", area: "Engenha...
> 38 |   };
     |   ^
  39 |
  40 |   const passedBirthdays = [
  41 |     { initials: "CT", name: "Carla Líder Técnica", date: "10 de agosto · há 11 dias", area...

Parsing ecmascript source code failed

Import trace:
  Server Component:
    ./src/components/dashboard/dashboard-grid.tsx
    ./src/app/dashboard/page.tsx @ http://localhost:3000/_next/static/chunks/node_modules_next_dist_1gdrd03._.js:1817
[   13633ms] [ERROR] ./src/components/dashboard/dashboard-grid.tsx:38:3
Error: Expression expected
  36 |     { initials: "EO", name: "Elena Product Owner", date: "22 de agosto · amanhã", area: "E...
  37 |     { initials: "IR", name: "Isabela RH", date: "28 de agosto · em 7 dias", area: "Engenha...
> 38 |   };
     |   ^
  39 |
  40 |   const passedBirthdays = [
  41 |     { initials: "CT", name: "Carla Líder Técnica", date: "10 de agosto · há 11 dias", area...

Parsing ecmascript source code failed

Import trace:
  Server Component:
    ./src/components/dashboard/dashboard-grid.tsx
    ./src/app/dashboard/page.tsx @ http://localhost:3000/_next/static/chunks/node_modules_next_dist_1gdrd03._.js:1817
[   13681ms] [ERROR] ./src/components/dashboard/dashboard-grid.tsx:38:3
Error: Expression expected
  36 |     { initials: "EO", name: "Elena Product Owner", date: "22 de agosto · amanhã", area: "E...
  37 |     { initials: "IR", name: "Isabela RH", date: "28 de agosto · em 7 dias", area: "Engenha...
> 38 |   };
     |   ^
  39 |
  40 |   const passedBirthdays = [
  41 |     { initials: "CT", name: "Carla Líder Técnica", date: "10 de agosto · há 11 dias", area...

Parsing ecmascript source code failed

Import trace:
  Server Component:
    ./src/components/dashboard/dashboard-grid.tsx
    ./src/app/dashboard/page.tsx @ http://localhost:3000/_next/static/chunks/node_modules_next_dist_1gdrd03._.js:1817
[   13731ms] [ERROR] ./src/components/dashboard/dashboard-grid.tsx:38:3
Error: Expression expected
  36 |     { initials: "EO", name: "Elena Product Owner", date: "22 de agosto · amanhã", area: "E...
  37 |     { initials: "IR", name: "Isabela RH", date: "28 de agosto · em 7 dias", area: "Engenha...
> 38 |   };
     |   ^
  39 |
  40 |   const passedBirthdays = [
  41 |     { initials: "CT", name: "Carla Líder Técnica", date: "10 de agosto · há 11 dias", area...

Parsing ecmascript source code failed

Import trace:
  Server Component:
    ./src/components/dashboard/dashboard-grid.tsx
    ./src/app/dashboard/page.tsx @ http://localhost:3000/_next/static/chunks/node_modules_next_dist_1gdrd03._.js:1817
[   13782ms] [ERROR] ./src/components/dashboard/dashboard-grid.tsx:38:3
Error: Expression expected
  36 |     { initials: "EO", name: "Elena Product Owner", date: "22 de agosto · amanhã", area: "E...
  37 |     { initials: "IR", name: "Isabela RH", date: "28 de agosto · em 7 dias", area: "Engenha...
> 38 |   };
     |   ^
  39 |
  40 |   const passedBirthdays = [
  41 |     { initials: "CT", name: "Carla Líder Técnica", date: "10 de agosto · há 11 dias", area...

Parsing ecmascript source code failed

Import trace:
  Server Component:
    ./src/components/dashboard/dashboard-grid.tsx
    ./src/app/dashboard/page.tsx @ http://localhost:3000/_next/static/chunks/node_modules_next_dist_1gdrd03._.js:1817
[   13833ms] [ERROR] ./src/components/dashboard/dashboard-grid.tsx:38:3
Error: Expression expected
  36 |     { initials: "EO", name: "Elena Product Owner", date: "22 de agosto · amanhã", area: "E...
  37 |     { initials: "IR", name: "Isabela RH", date: "28 de agosto · em 7 dias", area: "Engenha...
> 38 |   };
     |   ^
  39 |
  40 |   const passedBirthdays = [
  41 |     { initials: "CT", name: "Carla Líder Técnica", date: "10 de agosto · há 11 dias", area...

Parsing ecmascript source code failed

Import trace:
  Server Component:
    ./src/components/dashboard/dashboard-grid.tsx
    ./src/app/dashboard/page.tsx @ http://localhost:3000/_next/static/chunks/node_modules_next_dist_1gdrd03._.js:1817
[   13885ms] [ERROR] ./src/components/dashboard/dashboard-grid.tsx:38:3
Error: Expression expected
  36 |     { initials: "EO", name: "Elena Product Owner", date: "22 de agosto · amanhã", area: "E...
  37 |     { initials: "IR", name: "Isabela RH", date: "28 de agosto · em 7 dias", area: "Engenha...
> 38 |   };
     |   ^
  39 |
  40 |   const passedBirthdays = [
  41 |     { initials: "CT", name: "Carla Líder Técnica", date: "10 de agosto · há 11 dias", area...

Parsing ecmascript source code failed

Import trace:
  Server Component:
    ./src/components/dashboard/dashboard-grid.tsx
    ./src/app/dashboard/page.tsx @ http://localhost:3000/_next/static/chunks/node_modules_next_dist_1gdrd03._.js:1817
[   13948ms] [ERROR] ./src/components/dashboard/dashboard-grid.tsx:38:3
Error: Expression expected
  36 |     { initials: "EO", name: "Elena Product Owner", date: "22 de agosto · amanhã", area: "E...
  37 |     { initials: "IR", name: "Isabela RH", date: "28 de agosto · em 7 dias", area: "Engenha...
> 38 |   };
     |   ^
  39 |
  40 |   const passedBirthdays = [
  41 |     { initials: "CT", name: "Carla Líder Técnica", date: "10 de agosto · há 11 dias", area...

Parsing ecmascript source code failed

Import trace:
  Server Component:
    ./src/components/dashboard/dashboard-grid.tsx
    ./src/app/dashboard/page.tsx @ http://localhost:3000/_next/static/chunks/node_modules_next_dist_1gdrd03._.js:1817
[   13999ms] [ERROR] ./src/components/dashboard/dashboard-grid.tsx:38:3
Error: Expression expected
  36 |     { initials: "EO", name: "Elena Product Owner", date: "22 de agosto · amanhã", area: "E...
  37 |     { initials: "IR", name: "Isabela RH", date: "28 de agosto · em 7 dias", area: "Engenha...
> 38 |   };
     |   ^
  39 |
  40 |   const passedBirthdays = [
  41 |     { initials: "CT", name: "Carla Líder Técnica", date: "10 de agosto · há 11 dias", area...

Parsing ecmascript source code failed

Import trace:
  Server Component:
    ./src/components/dashboard/dashboard-grid.tsx
    ./src/app/dashboard/page.tsx @ http://localhost:3000/_next/static/chunks/node_modules_next_dist_1gdrd03._.js:1817
[   14049ms] [ERROR] ./src/components/dashboard/dashboard-grid.tsx:38:3
Error: Expression expected
  36 |     { initials: "EO", name: "Elena Product Owner", date: "22 de agosto · amanhã", area: "E...
  37 |     { initials: "IR", name: "Isabela RH", date: "28 de agosto · em 7 dias", area: "Engenha...
> 38 |   };
     |   ^
  39 |
  40 |   const passedBirthdays = [
  41 |     { initials: "CT", name: "Carla Líder Técnica", date: "10 de agosto · há 11 dias", area...

Parsing ecmascript source code failed

Import trace:
  Server Component:
    ./src/components/dashboard/dashboard-grid.tsx
    ./src/app/dashboard/page.tsx @ http://localhost:3000/_next/static/chunks/node_modules_next_dist_1gdrd03._.js:1817
[   14099ms] [ERROR] ./src/components/dashboard/dashboard-grid.tsx:38:3
Error: Expression expected
  36 |     { initials: "EO", name: "Elena Product Owner", date: "22 de agosto · amanhã", area: "E...
  37 |     { initials: "IR", name: "Isabela RH", date: "28 de agosto · em 7 dias", area: "Engenha...
> 38 |   };
     |   ^
  39 |
  40 |   const passedBirthdays = [
  41 |     { initials: "CT", name: "Carla Líder Técnica", date: "10 de agosto · há 11 dias", area...

Parsing ecmascript source code failed

Import trace:
  Server Component:
    ./src/components/dashboard/dashboard-grid.tsx
    ./src/app/dashboard/page.tsx @ http://localhost:3000/_next/static/chunks/node_modules_next_dist_1gdrd03._.js:1817
[   14148ms] [ERROR] ./src/components/dashboard/dashboard-grid.tsx:38:3
Error: Expression expected
  36 |     { initials: "EO", name: "Elena Product Owner", date: "22 de agosto · amanhã", area: "E...
  37 |     { initials: "IR", name: "Isabela RH", date: "28 de agosto · em 7 dias", area: "Engenha...
> 38 |   };
     |   ^
  39 |
  40 |   const passedBirthdays = [
  41 |     { initials: "CT", name: "Carla Líder Técnica", date: "10 de agosto · há 11 dias", area...

Parsing ecmascript source code failed

Import trace:
  Server Component:
    ./src/components/dashboard/dashboard-grid.tsx
    ./src/app/dashboard/page.tsx @ http://localhost:3000/_next/static/chunks/node_modules_next_dist_1gdrd03._.js:1817
[   14197ms] [ERROR] ./src/components/dashboard/dashboard-grid.tsx:38:3
Error: Expression expected
  36 |     { initials: "EO", name: "Elena Product Owner", date: "22 de agosto · amanhã", area: "E...
  37 |     { initials: "IR", name: "Isabela RH", date: "28 de agosto · em 7 dias", area: "Engenha...
> 38 |   };
     |   ^
  39 |
  40 |   const passedBirthdays = [
  41 |     { initials: "CT", name: "Carla Líder Técnica", date: "10 de agosto · há 11 dias", area...

Parsing ecmascript source code failed

Import trace:
  Server Component:
    ./src/components/dashboard/dashboard-grid.tsx
    ./src/app/dashboard/page.tsx @ http://localhost:3000/_next/static/chunks/node_modules_next_dist_1gdrd03._.js:1817
[   14249ms] [ERROR] ./src/components/dashboard/dashboard-grid.tsx:38:3
Error: Expression expected
  36 |     { initials: "EO", name: "Elena Product Owner", date: "22 de agosto · amanhã", area: "E...
  37 |     { initials: "IR", name: "Isabela RH", date: "28 de agosto · em 7 dias", area: "Engenha...
> 38 |   };
     |   ^
  39 |
  40 |   const passedBirthdays = [
  41 |     { initials: "CT", name: "Carla Líder Técnica", date: "10 de agosto · há 11 dias", area...

Parsing ecmascript source code failed

Import trace:
  Server Component:
    ./src/components/dashboard/dashboard-grid.tsx
    ./src/app/dashboard/page.tsx @ http://localhost:3000/_next/static/chunks/node_modules_next_dist_1gdrd03._.js:1817
[   14298ms] [ERROR] ./src/components/dashboard/dashboard-grid.tsx:38:3
Error: Expression expected
  36 |     { initials: "EO", name: "Elena Product Owner", date: "22 de agosto · amanhã", area: "E...
  37 |     { initials: "IR", name: "Isabela RH", date: "28 de agosto · em 7 dias", area: "Engenha...
> 38 |   };
     |   ^
  39 |
  40 |   const passedBirthdays = [
  41 |     { initials: "CT", name: "Carla Líder Técnica", date: "10 de agosto · há 11 dias", area...

Parsing ecmascript source code failed

Import trace:
  Server Component:
    ./src/components/dashboard/dashboard-grid.tsx
    ./src/app/dashboard/page.tsx @ http://localhost:3000/_next/static/chunks/node_modules_next_dist_1gdrd03._.js:1817
[   14349ms] [ERROR] ./src/components/dashboard/dashboard-grid.tsx:38:3
Error: Expression expected
  36 |     { initials: "EO", name: "Elena Product Owner", date: "22 de agosto · amanhã", area: "E...
  37 |     { initials: "IR", name: "Isabela RH", date: "28 de agosto · em 7 dias", area: "Engenha...
> 38 |   };
     |   ^
  39 |
  40 |   const passedBirthdays = [
  41 |     { initials: "CT", name: "Carla Líder Técnica", date: "10 de agosto · há 11 dias", area...

Parsing ecmascript source code failed

Import trace:
  Server Component:
    ./src/components/dashboard/dashboard-grid.tsx
    ./src/app/dashboard/page.tsx @ http://localhost:3000/_next/static/chunks/node_modules_next_dist_1gdrd03._.js:1817
[   14398ms] [ERROR] ./src/components/dashboard/dashboard-grid.tsx:38:3
Error: Expression expected
  36 |     { initials: "EO", name: "Elena Product Owner", date: "22 de agosto · amanhã", area: "E...
  37 |     { initials: "IR", name: "Isabela RH", date: "28 de agosto · em 7 dias", area: "Engenha...
> 38 |   };
     |   ^
  39 |
  40 |   const passedBirthdays = [
  41 |     { initials: "CT", name: "Carla Líder Técnica", date: "10 de agosto · há 11 dias", area...

Parsing ecmascript source code failed

Import trace:
  Server Component:
    ./src/components/dashboard/dashboard-grid.tsx
    ./src/app/dashboard/page.tsx @ http://localhost:3000/_next/static/chunks/node_modules_next_dist_1gdrd03._.js:1817
[   14450ms] [ERROR] ./src/components/dashboard/dashboard-grid.tsx:38:3
Error: Expression expected
  36 |     { initials: "EO", name: "Elena Product Owner", date: "22 de agosto · amanhã", area: "E...
  37 |     { initials: "IR", name: "Isabela RH", date: "28 de agosto · em 7 dias", area: "Engenha...
> 38 |   };
     |   ^
  39 |
  40 |   const passedBirthdays = [
  41 |     { initials: "CT", name: "Carla Líder Técnica", date: "10 de agosto · há 11 dias", area...

Parsing ecmascript source code failed

Import trace:
  Server Component:
    ./src/components/dashboard/dashboard-grid.tsx
    ./src/app/dashboard/page.tsx @ http://localhost:3000/_next/static/chunks/node_modules_next_dist_1gdrd03._.js:1817
[   14499ms] [ERROR] ./src/components/dashboard/dashboard-grid.tsx:38:3
Error: Expression expected
  36 |     { initials: "EO", name: "Elena Product Owner", date: "22 de agosto · amanhã", area: "E...
  37 |     { initials: "IR", name: "Isabela RH", date: "28 de agosto · em 7 dias", area: "Engenha...
> 38 |   };
     |   ^
  39 |
  40 |   const passedBirthdays = [
  41 |     { initials: "CT", name: "Carla Líder Técnica", date: "10 de agosto · há 11 dias", area...

Parsing ecmascript source code failed

Import trace:
  Server Component:
    ./src/components/dashboard/dashboard-grid.tsx
    ./src/app/dashboard/page.tsx @ http://localhost:3000/_next/static/chunks/node_modules_next_dist_1gdrd03._.js:1817
[   14549ms] [ERROR] ./src/components/dashboard/dashboard-grid.tsx:38:3
Error: Expression expected
  36 |     { initials: "EO", name: "Elena Product Owner", date: "22 de agosto · amanhã", area: "E...
  37 |     { initials: "IR", name: "Isabela RH", date: "28 de agosto · em 7 dias", area: "Engenha...
> 38 |   };
     |   ^
  39 |
  40 |   const passedBirthdays = [
  41 |     { initials: "CT", name: "Carla Líder Técnica", date: "10 de agosto · há 11 dias", area...

Parsing ecmascript source code failed

Import trace:
  Server Component:
    ./src/components/dashboard/dashboard-grid.tsx
    ./src/app/dashboard/page.tsx @ http://localhost:3000/_next/static/chunks/node_modules_next_dist_1gdrd03._.js:1817
[   14597ms] [ERROR] ./src/components/dashboard/dashboard-grid.tsx:38:3
Error: Expression expected
  36 |     { initials: "EO", name: "Elena Product Owner", date: "22 de agosto · amanhã", area: "E...
  37 |     { initials: "IR", name: "Isabela RH", date: "28 de agosto · em 7 dias", area: "Engenha...
> 38 |   };
     |   ^
  39 |
  40 |   const passedBirthdays = [
  41 |     { initials: "CT", name: "Carla Líder Técnica", date: "10 de agosto · há 11 dias", area...

Parsing ecmascript source code failed

Import trace:
  Server Component:
    ./src/components/dashboard/dashboard-grid.tsx
    ./src/app/dashboard/page.tsx @ http://localhost:3000/_next/static/chunks/node_modules_next_dist_1gdrd03._.js:1817
[   14648ms] [ERROR] ./src/components/dashboard/dashboard-grid.tsx:38:3
Error: Expression expected
  36 |     { initials: "EO", name: "Elena Product Owner", date: "22 de agosto · amanhã", area: "E...
  37 |     { initials: "IR", name: "Isabela RH", date: "28 de agosto · em 7 dias", area: "Engenha...
> 38 |   };
     |   ^
  39 |
  40 |   const passedBirthdays = [
  41 |     { initials: "CT", name: "Carla Líder Técnica", date: "10 de agosto · há 11 dias", area...

Parsing ecmascript source code failed

Import trace:
  Server Component:
    ./src/components/dashboard/dashboard-grid.tsx
    ./src/app/dashboard/page.tsx @ http://localhost:3000/_next/static/chunks/node_modules_next_dist_1gdrd03._.js:1817
[   14697ms] [ERROR] ./src/components/dashboard/dashboard-grid.tsx:38:3
Error: Expression expected
  36 |     { initials: "EO", name: "Elena Product Owner", date: "22 de agosto · amanhã", area: "E...
  37 |     { initials: "IR", name: "Isabela RH", date: "28 de agosto · em 7 dias", area: "Engenha...
> 38 |   };
     |   ^
  39 |
  40 |   const passedBirthdays = [
  41 |     { initials: "CT", name: "Carla Líder Técnica", date: "10 de agosto · há 11 dias", area...

Parsing ecmascript source code failed

Import trace:
  Server Component:
    ./src/components/dashboard/dashboard-grid.tsx
    ./src/app/dashboard/page.tsx @ http://localhost:3000/_next/static/chunks/node_modules_next_dist_1gdrd03._.js:1817
[   14748ms] [ERROR] ./src/components/dashboard/dashboard-grid.tsx:38:3
Error: Expression expected
  36 |     { initials: "EO", name: "Elena Product Owner", date: "22 de agosto · amanhã", area: "E...
  37 |     { initials: "IR", name: "Isabela RH", date: "28 de agosto · em 7 dias", area: "Engenha...
> 38 |   };
     |   ^
  39 |
  40 |   const passedBirthdays = [
  41 |     { initials: "CT", name: "Carla Líder Técnica", date: "10 de agosto · há 11 dias", area...

Parsing ecmascript source code failed

Import trace:
  Server Component:
    ./src/components/dashboard/dashboard-grid.tsx
    ./src/app/dashboard/page.tsx @ http://localhost:3000/_next/static/chunks/node_modules_next_dist_1gdrd03._.js:1817
[   14796ms] [ERROR] ./src/components/dashboard/dashboard-grid.tsx:38:3
Error: Expression expected
  36 |     { initials: "EO", name: "Elena Product Owner", date: "22 de agosto · amanhã", area: "E...
  37 |     { initials: "IR", name: "Isabela RH", date: "28 de agosto · em 7 dias", area: "Engenha...
> 38 |   };
     |   ^
  39 |
  40 |   const passedBirthdays = [
  41 |     { initials: "CT", name: "Carla Líder Técnica", date: "10 de agosto · há 11 dias", area...

Parsing ecmascript source code failed

Import trace:
  Server Component:
    ./src/components/dashboard/dashboard-grid.tsx
    ./src/app/dashboard/page.tsx @ http://localhost:3000/_next/static/chunks/node_modules_next_dist_1gdrd03._.js:1817
[   14848ms] [ERROR] ./src/components/dashboard/dashboard-grid.tsx:38:3
Error: Expression expected
  36 |     { initials: "EO", name: "Elena Product Owner", date: "22 de agosto · amanhã", area: "E...
  37 |     { initials: "IR", name: "Isabela RH", date: "28 de agosto · em 7 dias", area: "Engenha...
> 38 |   };
     |   ^
  39 |
  40 |   const passedBirthdays = [
  41 |     { initials: "CT", name: "Carla Líder Técnica", date: "10 de agosto · há 11 dias", area...

Parsing ecmascript source code failed

Import trace:
  Server Component:
    ./src/components/dashboard/dashboard-grid.tsx
    ./src/app/dashboard/page.tsx @ http://localhost:3000/_next/static/chunks/node_modules_next_dist_1gdrd03._.js:1817
[   14899ms] [ERROR] ./src/components/dashboard/dashboard-grid.tsx:38:3
Error: Expression expected
  36 |     { initials: "EO", name: "Elena Product Owner", date: "22 de agosto · amanhã", area: "E...
  37 |     { initials: "IR", name: "Isabela RH", date: "28 de agosto · em 7 dias", area: "Engenha...
> 38 |   };
     |   ^
  39 |
  40 |   const passedBirthdays = [
  41 |     { initials: "CT", name: "Carla Líder Técnica", date: "10 de agosto · há 11 dias", area...

Parsing ecmascript source code failed

Import trace:
  Server Component:
    ./src/components/dashboard/dashboard-grid.tsx
    ./src/app/dashboard/page.tsx @ http://localhost:3000/_next/static/chunks/node_modules_next_dist_1gdrd03._.js:1817
[   14949ms] [ERROR] ./src/components/dashboard/dashboard-grid.tsx:38:3
Error: Expression expected
  36 |     { initials: "EO", name: "Elena Product Owner", date: "22 de agosto · amanhã", area: "E...
  37 |     { initials: "IR", name: "Isabela RH", date: "28 de agosto · em 7 dias", area: "Engenha...
> 38 |   };
     |   ^
  39 |
  40 |   const passedBirthdays = [
  41 |     { initials: "CT", name: "Carla Líder Técnica", date: "10 de agosto · há 11 dias", area...

Parsing ecmascript source code failed

Import trace:
  Server Component:
    ./src/components/dashboard/dashboard-grid.tsx
    ./src/app/dashboard/page.tsx @ http://localhost:3000/_next/static/chunks/node_modules_next_dist_1gdrd03._.js:1817
[   15000ms] [ERROR] ./src/components/dashboard/dashboard-grid.tsx:38:3
Error: Expression expected
  36 |     { initials: "EO", name: "Elena Product Owner", date: "22 de agosto · amanhã", area: "E...
  37 |     { initials: "IR", name: "Isabela RH", date: "28 de agosto · em 7 dias", area: "Engenha...
> 38 |   };
     |   ^
  39 |
  40 |   const passedBirthdays = [
  41 |     { initials: "CT", name: "Carla Líder Técnica", date: "10 de agosto · há 11 dias", area...

Parsing ecmascript source code failed

Import trace:
  Server Component:
    ./src/components/dashboard/dashboard-grid.tsx
    ./src/app/dashboard/page.tsx @ http://localhost:3000/_next/static/chunks/node_modules_next_dist_1gdrd03._.js:1817
[   15049ms] [ERROR] ./src/components/dashboard/dashboard-grid.tsx:38:3
Error: Expression expected
  36 |     { initials: "EO", name: "Elena Product Owner", date: "22 de agosto · amanhã", area: "E...
  37 |     { initials: "IR", name: "Isabela RH", date: "28 de agosto · em 7 dias", area: "Engenha...
> 38 |   };
     |   ^
  39 |
  40 |   const passedBirthdays = [
  41 |     { initials: "CT", name: "Carla Líder Técnica", date: "10 de agosto · há 11 dias", area...

Parsing ecmascript source code failed

Import trace:
  Server Component:
    ./src/components/dashboard/dashboard-grid.tsx
    ./src/app/dashboard/page.tsx @ http://localhost:3000/_next/static/chunks/node_modules_next_dist_1gdrd03._.js:1817
[   15099ms] [ERROR] ./src/components/dashboard/dashboard-grid.tsx:38:3
Error: Expression expected
  36 |     { initials: "EO", name: "Elena Product Owner", date: "22 de agosto · amanhã", area: "E...
  37 |     { initials: "IR", name: "Isabela RH", date: "28 de agosto · em 7 dias", area: "Engenha...
> 38 |   };
     |   ^
  39 |
  40 |   const passedBirthdays = [
  41 |     { initials: "CT", name: "Carla Líder Técnica", date: "10 de agosto · há 11 dias", area...

Parsing ecmascript source code failed

Import trace:
  Server Component:
    ./src/components/dashboard/dashboard-grid.tsx
    ./src/app/dashboard/page.tsx @ http://localhost:3000/_next/static/chunks/node_modules_next_dist_1gdrd03._.js:1817
[   15148ms] [ERROR] ./src/components/dashboard/dashboard-grid.tsx:38:3
Error: Expression expected
  36 |     { initials: "EO", name: "Elena Product Owner", date: "22 de agosto · amanhã", area: "E...
  37 |     { initials: "IR", name: "Isabela RH", date: "28 de agosto · em 7 dias", area: "Engenha...
> 38 |   };
     |   ^
  39 |
  40 |   const passedBirthdays = [
  41 |     { initials: "CT", name: "Carla Líder Técnica", date: "10 de agosto · há 11 dias", area...

Parsing ecmascript source code failed

Import trace:
  Server Component:
    ./src/components/dashboard/dashboard-grid.tsx
    ./src/app/dashboard/page.tsx @ http://localhost:3000/_next/static/chunks/node_modules_next_dist_1gdrd03._.js:1817
[   15199ms] [ERROR] ./src/components/dashboard/dashboard-grid.tsx:38:3
Error: Expression expected
  36 |     { initials: "EO", name: "Elena Product Owner", date: "22 de agosto · amanhã", area: "E...
  37 |     { initials: "IR", name: "Isabela RH", date: "28 de agosto · em 7 dias", area: "Engenha...
> 38 |   };
     |   ^
  39 |
  40 |   const passedBirthdays = [
  41 |     { initials: "CT", name: "Carla Líder Técnica", date: "10 de agosto · há 11 dias", area...

Parsing ecmascript source code failed

Import trace:
  Server Component:
    ./src/components/dashboard/dashboard-grid.tsx
    ./src/app/dashboard/page.tsx @ http://localhost:3000/_next/static/chunks/node_modules_next_dist_1gdrd03._.js:1817
[   15249ms] [ERROR] ./src/components/dashboard/dashboard-grid.tsx:38:3
Error: Expression expected
  36 |     { initials: "EO", name: "Elena Product Owner", date: "22 de agosto · amanhã", area: "E...
  37 |     { initials: "IR", name: "Isabela RH", date: "28 de agosto · em 7 dias", area: "Engenha...
> 38 |   };
     |   ^
  39 |
  40 |   const passedBirthdays = [
  41 |     { initials: "CT", name: "Carla Líder Técnica", date: "10 de agosto · há 11 dias", area...

Parsing ecmascript source code failed

Import trace:
  Server Component:
    ./src/components/dashboard/dashboard-grid.tsx
    ./src/app/dashboard/page.tsx @ http://localhost:3000/_next/static/chunks/node_modules_next_dist_1gdrd03._.js:1817
[   15298ms] [ERROR] ./src/components/dashboard/dashboard-grid.tsx:38:3
Error: Expression expected
  36 |     { initials: "EO", name: "Elena Product Owner", date: "22 de agosto · amanhã", area: "E...
  37 |     { initials: "IR", name: "Isabela RH", date: "28 de agosto · em 7 dias", area: "Engenha...
> 38 |   };
     |   ^
  39 |
  40 |   const passedBirthdays = [
  41 |     { initials: "CT", name: "Carla Líder Técnica", date: "10 de agosto · há 11 dias", area...

Parsing ecmascript source code failed

Import trace:
  Server Component:
    ./src/components/dashboard/dashboard-grid.tsx
    ./src/app/dashboard/page.tsx @ http://localhost:3000/_next/static/chunks/node_modules_next_dist_1gdrd03._.js:1817
[   15348ms] [ERROR] ./src/components/dashboard/dashboard-grid.tsx:38:3
Error: Expression expected
  36 |     { initials: "EO", name: "Elena Product Owner", date: "22 de agosto · amanhã", area: "E...
  37 |     { initials: "IR", name: "Isabela RH", date: "28 de agosto · em 7 dias", area: "Engenha...
> 38 |   };
     |   ^
  39 |
  40 |   const passedBirthdays = [
  41 |     { initials: "CT", name: "Carla Líder Técnica", date: "10 de agosto · há 11 dias", area...

Parsing ecmascript source code failed

Import trace:
  Server Component:
    ./src/components/dashboard/dashboard-grid.tsx
    ./src/app/dashboard/page.tsx @ http://localhost:3000/_next/static/chunks/node_modules_next_dist_1gdrd03._.js:1817
[   15398ms] [ERROR] ./src/components/dashboard/dashboard-grid.tsx:38:3
Error: Expression expected
  36 |     { initials: "EO", name: "Elena Product Owner", date: "22 de agosto · amanhã", area: "E...
  37 |     { initials: "IR", name: "Isabela RH", date: "28 de agosto · em 7 dias", area: "Engenha...
> 38 |   };
     |   ^
  39 |
  40 |   const passedBirthdays = [
  41 |     { initials: "CT", name: "Carla Líder Técnica", date: "10 de agosto · há 11 dias", area...

Parsing ecmascript source code failed

Import trace:
  Server Component:
    ./src/components/dashboard/dashboard-grid.tsx
    ./src/app/dashboard/page.tsx @ http://localhost:3000/_next/static/chunks/node_modules_next_dist_1gdrd03._.js:1817
[   15449ms] [ERROR] ./src/components/dashboard/dashboard-grid.tsx:38:3
Error: Expression expected
  36 |     { initials: "EO", name: "Elena Product Owner", date: "22 de agosto · amanhã", area: "E...
  37 |     { initials: "IR", name: "Isabela RH", date: "28 de agosto · em 7 dias", area: "Engenha...
> 38 |   };
     |   ^
  39 |
  40 |   const passedBirthdays = [
  41 |     { initials: "CT", name: "Carla Líder Técnica", date: "10 de agosto · há 11 dias", area...

Parsing ecmascript source code failed

Import trace:
  Server Component:
    ./src/components/dashboard/dashboard-grid.tsx
    ./src/app/dashboard/page.tsx @ http://localhost:3000/_next/static/chunks/node_modules_next_dist_1gdrd03._.js:1817
[   15500ms] [ERROR] ./src/components/dashboard/dashboard-grid.tsx:38:3
Error: Expression expected
  36 |     { initials: "EO", name: "Elena Product Owner", date: "22 de agosto · amanhã", area: "E...
  37 |     { initials: "IR", name: "Isabela RH", date: "28 de agosto · em 7 dias", area: "Engenha...
> 38 |   };
     |   ^
  39 |
  40 |   const passedBirthdays = [
  41 |     { initials: "CT", name: "Carla Líder Técnica", date: "10 de agosto · há 11 dias", area...

Parsing ecmascript source code failed

Import trace:
  Server Component:
    ./src/components/dashboard/dashboard-grid.tsx
    ./src/app/dashboard/page.tsx @ http://localhost:3000/_next/static/chunks/node_modules_next_dist_1gdrd03._.js:1817
[   15547ms] [ERROR] ./src/components/dashboard/dashboard-grid.tsx:38:3
Error: Expression expected
  36 |     { initials: "EO", name: "Elena Product Owner", date: "22 de agosto · amanhã", area: "E...
  37 |     { initials: "IR", name: "Isabela RH", date: "28 de agosto · em 7 dias", area: "Engenha...
> 38 |   };
     |   ^
  39 |
  40 |   const passedBirthdays = [
  41 |     { initials: "CT", name: "Carla Líder Técnica", date: "10 de agosto · há 11 dias", area...

Parsing ecmascript source code failed

Import trace:
  Server Component:
    ./src/components/dashboard/dashboard-grid.tsx
    ./src/app/dashboard/page.tsx @ http://localhost:3000/_next/static/chunks/node_modules_next_dist_1gdrd03._.js:1817
[   15600ms] [ERROR] ./src/components/dashboard/dashboard-grid.tsx:38:3
Error: Expression expected
  36 |     { initials: "EO", name: "Elena Product Owner", date: "22 de agosto · amanhã", area: "E...
  37 |     { initials: "IR", name: "Isabela RH", date: "28 de agosto · em 7 dias", area: "Engenha...
> 38 |   };
     |   ^
  39 |
  40 |   const passedBirthdays = [
  41 |     { initials: "CT", name: "Carla Líder Técnica", date: "10 de agosto · há 11 dias", area...

Parsing ecmascript source code failed

Import trace:
  Server Component:
    ./src/components/dashboard/dashboard-grid.tsx
    ./src/app/dashboard/page.tsx @ http://localhost:3000/_next/static/chunks/node_modules_next_dist_1gdrd03._.js:1817
[   15649ms] [ERROR] ./src/components/dashboard/dashboard-grid.tsx:38:3
Error: Expression expected
  36 |     { initials: "EO", name: "Elena Product Owner", date: "22 de agosto · amanhã", area: "E...
  37 |     { initials: "IR", name: "Isabela RH", date: "28 de agosto · em 7 dias", area: "Engenha...
> 38 |   };
     |   ^
  39 |
  40 |   const passedBirthdays = [
  41 |     { initials: "CT", name: "Carla Líder Técnica", date: "10 de agosto · há 11 dias", area...

Parsing ecmascript source code failed

Import trace:
  Server Component:
    ./src/components/dashboard/dashboard-grid.tsx
    ./src/app/dashboard/page.tsx @ http://localhost:3000/_next/static/chunks/node_modules_next_dist_1gdrd03._.js:1817
[   15698ms] [ERROR] ./src/components/dashboard/dashboard-grid.tsx:38:3
Error: Expression expected
  36 |     { initials: "EO", name: "Elena Product Owner", date: "22 de agosto · amanhã", area: "E...
  37 |     { initials: "IR", name: "Isabela RH", date: "28 de agosto · em 7 dias", area: "Engenha...
> 38 |   };
     |   ^
  39 |
  40 |   const passedBirthdays = [
  41 |     { initials: "CT", name: "Carla Líder Técnica", date: "10 de agosto · há 11 dias", area...

Parsing ecmascript source code failed

Import trace:
  Server Component:
    ./src/components/dashboard/dashboard-grid.tsx
    ./src/app/dashboard/page.tsx @ http://localhost:3000/_next/static/chunks/node_modules_next_dist_1gdrd03._.js:1817
[   15748ms] [ERROR] ./src/components/dashboard/dashboard-grid.tsx:38:3
Error: Expression expected
  36 |     { initials: "EO", name: "Elena Product Owner", date: "22 de agosto · amanhã", area: "E...
  37 |     { initials: "IR", name: "Isabela RH", date: "28 de agosto · em 7 dias", area: "Engenha...
> 38 |   };
     |   ^
  39 |
  40 |   const passedBirthdays = [
  41 |     { initials: "CT", name: "Carla Líder Técnica", date: "10 de agosto · há 11 dias", area...

Parsing ecmascript source code failed

Import trace:
  Server Component:
    ./src/components/dashboard/dashboard-grid.tsx
    ./src/app/dashboard/page.tsx @ http://localhost:3000/_next/static/chunks/node_modules_next_dist_1gdrd03._.js:1817
[   15798ms] [ERROR] ./src/components/dashboard/dashboard-grid.tsx:38:3
Error: Expression expected
  36 |     { initials: "EO", name: "Elena Product Owner", date: "22 de agosto · amanhã", area: "E...
  37 |     { initials: "IR", name: "Isabela RH", date: "28 de agosto · em 7 dias", area: "Engenha...
> 38 |   };
     |   ^
  39 |
  40 |   const passedBirthdays = [
  41 |     { initials: "CT", name: "Carla Líder Técnica", date: "10 de agosto · há 11 dias", area...

Parsing ecmascript source code failed

Import trace:
  Server Component:
    ./src/components/dashboard/dashboard-grid.tsx
    ./src/app/dashboard/page.tsx @ http://localhost:3000/_next/static/chunks/node_modules_next_dist_1gdrd03._.js:1817
[   15848ms] [ERROR] ./src/components/dashboard/dashboard-grid.tsx:38:3
Error: Expression expected
  36 |     { initials: "EO", name: "Elena Product Owner", date: "22 de agosto · amanhã", area: "E...
  37 |     { initials: "IR", name: "Isabela RH", date: "28 de agosto · em 7 dias", area: "Engenha...
> 38 |   };
     |   ^
  39 |
  40 |   const passedBirthdays = [
  41 |     { initials: "CT", name: "Carla Líder Técnica", date: "10 de agosto · há 11 dias", area...

Parsing ecmascript source code failed

Import trace:
  Server Component:
    ./src/components/dashboard/dashboard-grid.tsx
    ./src/app/dashboard/page.tsx @ http://localhost:3000/_next/static/chunks/node_modules_next_dist_1gdrd03._.js:1817
[   15899ms] [ERROR] ./src/components/dashboard/dashboard-grid.tsx:38:3
Error: Expression expected
  36 |     { initials: "EO", name: "Elena Product Owner", date: "22 de agosto · amanhã", area: "E...
  37 |     { initials: "IR", name: "Isabela RH", date: "28 de agosto · em 7 dias", area: "Engenha...
> 38 |   };
     |   ^
  39 |
  40 |   const passedBirthdays = [
  41 |     { initials: "CT", name: "Carla Líder Técnica", date: "10 de agosto · há 11 dias", area...

Parsing ecmascript source code failed

Import trace:
  Server Component:
    ./src/components/dashboard/dashboard-grid.tsx
    ./src/app/dashboard/page.tsx @ http://localhost:3000/_next/static/chunks/node_modules_next_dist_1gdrd03._.js:1817
[   15951ms] [ERROR] ./src/components/dashboard/dashboard-grid.tsx:38:3
Error: Expression expected
  36 |     { initials: "EO", name: "Elena Product Owner", date: "22 de agosto · amanhã", area: "E...
  37 |     { initials: "IR", name: "Isabela RH", date: "28 de agosto · em 7 dias", area: "Engenha...
> 38 |   };
     |   ^
  39 |
  40 |   const passedBirthdays = [
  41 |     { initials: "CT", name: "Carla Líder Técnica", date: "10 de agosto · há 11 dias", area...

Parsing ecmascript source code failed

Import trace:
  Server Component:
    ./src/components/dashboard/dashboard-grid.tsx
    ./src/app/dashboard/page.tsx @ http://localhost:3000/_next/static/chunks/node_modules_next_dist_1gdrd03._.js:1817
[   16000ms] [ERROR] ./src/components/dashboard/dashboard-grid.tsx:38:3
Error: Expression expected
  36 |     { initials: "EO", name: "Elena Product Owner", date: "22 de agosto · amanhã", area: "E...
  37 |     { initials: "IR", name: "Isabela RH", date: "28 de agosto · em 7 dias", area: "Engenha...
> 38 |   };
     |   ^
  39 |
  40 |   const passedBirthdays = [
  41 |     { initials: "CT", name: "Carla Líder Técnica", date: "10 de agosto · há 11 dias", area...

Parsing ecmascript source code failed

Import trace:
  Server Component:
    ./src/components/dashboard/dashboard-grid.tsx
    ./src/app/dashboard/page.tsx @ http://localhost:3000/_next/static/chunks/node_modules_next_dist_1gdrd03._.js:1817
[   16048ms] [ERROR] ./src/components/dashboard/dashboard-grid.tsx:38:3
Error: Expression expected
  36 |     { initials: "EO", name: "Elena Product Owner", date: "22 de agosto · amanhã", area: "E...
  37 |     { initials: "IR", name: "Isabela RH", date: "28 de agosto · em 7 dias", area: "Engenha...
> 38 |   };
     |   ^
  39 |
  40 |   const passedBirthdays = [
  41 |     { initials: "CT", name: "Carla Líder Técnica", date: "10 de agosto · há 11 dias", area...

Parsing ecmascript source code failed

Import trace:
  Server Component:
    ./src/components/dashboard/dashboard-grid.tsx
    ./src/app/dashboard/page.tsx @ http://localhost:3000/_next/static/chunks/node_modules_next_dist_1gdrd03._.js:1817
[   16099ms] [ERROR] ./src/components/dashboard/dashboard-grid.tsx:38:3
Error: Expression expected
  36 |     { initials: "EO", name: "Elena Product Owner", date: "22 de agosto · amanhã", area: "E...
  37 |     { initials: "IR", name: "Isabela RH", date: "28 de agosto · em 7 dias", area: "Engenha...
> 38 |   };
     |   ^
  39 |
  40 |   const passedBirthdays = [
  41 |     { initials: "CT", name: "Carla Líder Técnica", date: "10 de agosto · há 11 dias", area...

Parsing ecmascript source code failed

Import trace:
  Server Component:
    ./src/components/dashboard/dashboard-grid.tsx
    ./src/app/dashboard/page.tsx @ http://localhost:3000/_next/static/chunks/node_modules_next_dist_1gdrd03._.js:1817
[   16147ms] [ERROR] ./src/components/dashboard/dashboard-grid.tsx:38:3
Error: Expression expected
  36 |     { initials: "EO", name: "Elena Product Owner", date: "22 de agosto · amanhã", area: "E...
  37 |     { initials: "IR", name: "Isabela RH", date: "28 de agosto · em 7 dias", area: "Engenha...
> 38 |   };
     |   ^
  39 |
  40 |   const passedBirthdays = [
  41 |     { initials: "CT", name: "Carla Líder Técnica", date: "10 de agosto · há 11 dias", area...

Parsing ecmascript source code failed

Import trace:
  Server Component:
    ./src/components/dashboard/dashboard-grid.tsx
    ./src/app/dashboard/page.tsx @ http://localhost:3000/_next/static/chunks/node_modules_next_dist_1gdrd03._.js:1817
[   16197ms] [ERROR] ./src/components/dashboard/dashboard-grid.tsx:38:3
Error: Expression expected
  36 |     { initials: "EO", name: "Elena Product Owner", date: "22 de agosto · amanhã", area: "E...
  37 |     { initials: "IR", name: "Isabela RH", date: "28 de agosto · em 7 dias", area: "Engenha...
> 38 |   };
     |   ^
  39 |
  40 |   const passedBirthdays = [
  41 |     { initials: "CT", name: "Carla Líder Técnica", date: "10 de agosto · há 11 dias", area...

Parsing ecmascript source code failed

Import trace:
  Server Component:
    ./src/components/dashboard/dashboard-grid.tsx
    ./src/app/dashboard/page.tsx @ http://localhost:3000/_next/static/chunks/node_modules_next_dist_1gdrd03._.js:1817
[   16250ms] [ERROR] ./src/components/dashboard/dashboard-grid.tsx:38:3
Error: Expression expected
  36 |     { initials: "EO", name: "Elena Product Owner", date: "22 de agosto · amanhã", area: "E...
  37 |     { initials: "IR", name: "Isabela RH", date: "28 de agosto · em 7 dias", area: "Engenha...
> 38 |   };
     |   ^
  39 |
  40 |   const passedBirthdays = [
  41 |     { initials: "CT", name: "Carla Líder Técnica", date: "10 de agosto · há 11 dias", area...

Parsing ecmascript source code failed

Import trace:
  Server Component:
    ./src/components/dashboard/dashboard-grid.tsx
    ./src/app/dashboard/page.tsx @ http://localhost:3000/_next/static/chunks/node_modules_next_dist_1gdrd03._.js:1817
[   16300ms] [ERROR] ./src/components/dashboard/dashboard-grid.tsx:38:3
Error: Expression expected
  36 |     { initials: "EO", name: "Elena Product Owner", date: "22 de agosto · amanhã", area: "E...
  37 |     { initials: "IR", name: "Isabela RH", date: "28 de agosto · em 7 dias", area: "Engenha...
> 38 |   };
     |   ^
  39 |
  40 |   const passedBirthdays = [
  41 |     { initials: "CT", name: "Carla Líder Técnica", date: "10 de agosto · há 11 dias", area...

Parsing ecmascript source code failed

Import trace:
  Server Component:
    ./src/components/dashboard/dashboard-grid.tsx
    ./src/app/dashboard/page.tsx @ http://localhost:3000/_next/static/chunks/node_modules_next_dist_1gdrd03._.js:1817
[   16351ms] [ERROR] ./src/components/dashboard/dashboard-grid.tsx:38:3
Error: Expression expected
  36 |     { initials: "EO", name: "Elena Product Owner", date: "22 de agosto · amanhã", area: "E...
  37 |     { initials: "IR", name: "Isabela RH", date: "28 de agosto · em 7 dias", area: "Engenha...
> 38 |   };
     |   ^
  39 |
  40 |   const passedBirthdays = [
  41 |     { initials: "CT", name: "Carla Líder Técnica", date: "10 de agosto · há 11 dias", area...

Parsing ecmascript source code failed

Import trace:
  Server Component:
    ./src/components/dashboard/dashboard-grid.tsx
    ./src/app/dashboard/page.tsx @ http://localhost:3000/_next/static/chunks/node_modules_next_dist_1gdrd03._.js:1817
[   16400ms] [ERROR] ./src/components/dashboard/dashboard-grid.tsx:38:3
Error: Expression expected
  36 |     { initials: "EO", name: "Elena Product Owner", date: "22 de agosto · amanhã", area: "E...
  37 |     { initials: "IR", name: "Isabela RH", date: "28 de agosto · em 7 dias", area: "Engenha...
> 38 |   };
     |   ^
  39 |
  40 |   const passedBirthdays = [
  41 |     { initials: "CT", name: "Carla Líder Técnica", date: "10 de agosto · há 11 dias", area...

Parsing ecmascript source code failed

Import trace:
  Server Component:
    ./src/components/dashboard/dashboard-grid.tsx
    ./src/app/dashboard/page.tsx @ http://localhost:3000/_next/static/chunks/node_modules_next_dist_1gdrd03._.js:1817
[   16449ms] [ERROR] ./src/components/dashboard/dashboard-grid.tsx:38:3
Error: Expression expected
  36 |     { initials: "EO", name: "Elena Product Owner", date: "22 de agosto · amanhã", area: "E...
  37 |     { initials: "IR", name: "Isabela RH", date: "28 de agosto · em 7 dias", area: "Engenha...
> 38 |   };
     |   ^
  39 |
  40 |   const passedBirthdays = [
  41 |     { initials: "CT", name: "Carla Líder Técnica", date: "10 de agosto · há 11 dias", area...

Parsing ecmascript source code failed

Import trace:
  Server Component:
    ./src/components/dashboard/dashboard-grid.tsx
    ./src/app/dashboard/page.tsx @ http://localhost:3000/_next/static/chunks/node_modules_next_dist_1gdrd03._.js:1817
[   16501ms] [ERROR] ./src/components/dashboard/dashboard-grid.tsx:38:3
Error: Expression expected
  36 |     { initials: "EO", name: "Elena Product Owner", date: "22 de agosto · amanhã", area: "E...
  37 |     { initials: "IR", name: "Isabela RH", date: "28 de agosto · em 7 dias", area: "Engenha...
> 38 |   };
     |   ^
  39 |
  40 |   const passedBirthdays = [
  41 |     { initials: "CT", name: "Carla Líder Técnica", date: "10 de agosto · há 11 dias", area...

Parsing ecmascript source code failed

Import trace:
  Server Component:
    ./src/components/dashboard/dashboard-grid.tsx
    ./src/app/dashboard/page.tsx @ http://localhost:3000/_next/static/chunks/node_modules_next_dist_1gdrd03._.js:1817
[   16549ms] [ERROR] ./src/components/dashboard/dashboard-grid.tsx:38:3
Error: Expression expected
  36 |     { initials: "EO", name: "Elena Product Owner", date: "22 de agosto · amanhã", area: "E...
  37 |     { initials: "IR", name: "Isabela RH", date: "28 de agosto · em 7 dias", area: "Engenha...
> 38 |   };
     |   ^
  39 |
  40 |   const passedBirthdays = [
  41 |     { initials: "CT", name: "Carla Líder Técnica", date: "10 de agosto · há 11 dias", area...

Parsing ecmascript source code failed

Import trace:
  Server Component:
    ./src/components/dashboard/dashboard-grid.tsx
    ./src/app/dashboard/page.tsx @ http://localhost:3000/_next/static/chunks/node_modules_next_dist_1gdrd03._.js:1817
[   16600ms] [ERROR] ./src/components/dashboard/dashboard-grid.tsx:38:3
Error: Expression expected
  36 |     { initials: "EO", name: "Elena Product Owner", date: "22 de agosto · amanhã", area: "E...
  37 |     { initials: "IR", name: "Isabela RH", date: "28 de agosto · em 7 dias", area: "Engenha...
> 38 |   };
     |   ^
  39 |
  40 |   const passedBirthdays = [
  41 |     { initials: "CT", name: "Carla Líder Técnica", date: "10 de agosto · há 11 dias", area...

Parsing ecmascript source code failed

Import trace:
  Server Component:
    ./src/components/dashboard/dashboard-grid.tsx
    ./src/app/dashboard/page.tsx @ http://localhost:3000/_next/static/chunks/node_modules_next_dist_1gdrd03._.js:1817
[   16650ms] [ERROR] ./src/components/dashboard/dashboard-grid.tsx:38:3
Error: Expression expected
  36 |     { initials: "EO", name: "Elena Product Owner", date: "22 de agosto · amanhã", area: "E...
  37 |     { initials: "IR", name: "Isabela RH", date: "28 de agosto · em 7 dias", area: "Engenha...
> 38 |   };
     |   ^
  39 |
  40 |   const passedBirthdays = [
  41 |     { initials: "CT", name: "Carla Líder Técnica", date: "10 de agosto · há 11 dias", area...

Parsing ecmascript source code failed

Import trace:
  Server Component:
    ./src/components/dashboard/dashboard-grid.tsx
    ./src/app/dashboard/page.tsx @ http://localhost:3000/_next/static/chunks/node_modules_next_dist_1gdrd03._.js:1817
[   16698ms] [ERROR] ./src/components/dashboard/dashboard-grid.tsx:38:3
Error: Expression expected
  36 |     { initials: "EO", name: "Elena Product Owner", date: "22 de agosto · amanhã", area: "E...
  37 |     { initials: "IR", name: "Isabela RH", date: "28 de agosto · em 7 dias", area: "Engenha...
> 38 |   };
     |   ^
  39 |
  40 |   const passedBirthdays = [
  41 |     { initials: "CT", name: "Carla Líder Técnica", date: "10 de agosto · há 11 dias", area...

Parsing ecmascript source code failed

Import trace:
  Server Component:
    ./src/components/dashboard/dashboard-grid.tsx
    ./src/app/dashboard/page.tsx @ http://localhost:3000/_next/static/chunks/node_modules_next_dist_1gdrd03._.js:1817
[   16748ms] [ERROR] ./src/components/dashboard/dashboard-grid.tsx:38:3
Error: Expression expected
  36 |     { initials: "EO", name: "Elena Product Owner", date: "22 de agosto · amanhã", area: "E...
  37 |     { initials: "IR", name: "Isabela RH", date: "28 de agosto · em 7 dias", area: "Engenha...
> 38 |   };
     |   ^
  39 |
  40 |   const passedBirthdays = [
  41 |     { initials: "CT", name: "Carla Líder Técnica", date: "10 de agosto · há 11 dias", area...

Parsing ecmascript source code failed

Import trace:
  Server Component:
    ./src/components/dashboard/dashboard-grid.tsx
    ./src/app/dashboard/page.tsx @ http://localhost:3000/_next/static/chunks/node_modules_next_dist_1gdrd03._.js:1817
[   16802ms] [ERROR] ./src/components/dashboard/dashboard-grid.tsx:38:3
Error: Expression expected
  36 |     { initials: "EO", name: "Elena Product Owner", date: "22 de agosto · amanhã", area: "E...
  37 |     { initials: "IR", name: "Isabela RH", date: "28 de agosto · em 7 dias", area: "Engenha...
> 38 |   };
     |   ^
  39 |
  40 |   const passedBirthdays = [
  41 |     { initials: "CT", name: "Carla Líder Técnica", date: "10 de agosto · há 11 dias", area...

Parsing ecmascript source code failed

Import trace:
  Server Component:
    ./src/components/dashboard/dashboard-grid.tsx
    ./src/app/dashboard/page.tsx @ http://localhost:3000/_next/static/chunks/node_modules_next_dist_1gdrd03._.js:1817
[   16850ms] [ERROR] ./src/components/dashboard/dashboard-grid.tsx:38:3
Error: Expression expected
  36 |     { initials: "EO", name: "Elena Product Owner", date: "22 de agosto · amanhã", area: "E...
  37 |     { initials: "IR", name: "Isabela RH", date: "28 de agosto · em 7 dias", area: "Engenha...
> 38 |   };
     |   ^
  39 |
  40 |   const passedBirthdays = [
  41 |     { initials: "CT", name: "Carla Líder Técnica", date: "10 de agosto · há 11 dias", area...

Parsing ecmascript source code failed

Import trace:
  Server Component:
    ./src/components/dashboard/dashboard-grid.tsx
    ./src/app/dashboard/page.tsx @ http://localhost:3000/_next/static/chunks/node_modules_next_dist_1gdrd03._.js:1817
[   16906ms] [ERROR] ./src/components/dashboard/dashboard-grid.tsx:38:3
Error: Expression expected
  36 |     { initials: "EO", name: "Elena Product Owner", date: "22 de agosto · amanhã", area: "E...
  37 |     { initials: "IR", name: "Isabela RH", date: "28 de agosto · em 7 dias", area: "Engenha...
> 38 |   };
     |   ^
  39 |
  40 |   const passedBirthdays = [
  41 |     { initials: "CT", name: "Carla Líder Técnica", date: "10 de agosto · há 11 dias", area...

Parsing ecmascript source code failed

Import trace:
  Server Component:
    ./src/components/dashboard/dashboard-grid.tsx
    ./src/app/dashboard/page.tsx @ http://localhost:3000/_next/static/chunks/node_modules_next_dist_1gdrd03._.js:1817
[   16951ms] [ERROR] ./src/components/dashboard/dashboard-grid.tsx:38:3
Error: Expression expected
  36 |     { initials: "EO", name: "Elena Product Owner", date: "22 de agosto · amanhã", area: "E...
  37 |     { initials: "IR", name: "Isabela RH", date: "28 de agosto · em 7 dias", area: "Engenha...
> 38 |   };
     |   ^
  39 |
  40 |   const passedBirthdays = [
  41 |     { initials: "CT", name: "Carla Líder Técnica", date: "10 de agosto · há 11 dias", area...

Parsing ecmascript source code failed

Import trace:
  Server Component:
    ./src/components/dashboard/dashboard-grid.tsx
    ./src/app/dashboard/page.tsx @ http://localhost:3000/_next/static/chunks/node_modules_next_dist_1gdrd03._.js:1817
[   17001ms] [ERROR] ./src/components/dashboard/dashboard-grid.tsx:38:3
Error: Expression expected
  36 |     { initials: "EO", name: "Elena Product Owner", date: "22 de agosto · amanhã", area: "E...
  37 |     { initials: "IR", name: "Isabela RH", date: "28 de agosto · em 7 dias", area: "Engenha...
> 38 |   };
     |   ^
  39 |
  40 |   const passedBirthdays = [
  41 |     { initials: "CT", name: "Carla Líder Técnica", date: "10 de agosto · há 11 dias", area...

Parsing ecmascript source code failed

Import trace:
  Server Component:
    ./src/components/dashboard/dashboard-grid.tsx
    ./src/app/dashboard/page.tsx @ http://localhost:3000/_next/static/chunks/node_modules_next_dist_1gdrd03._.js:1817
[   17065ms] [ERROR] ./src/components/dashboard/dashboard-grid.tsx:38:3
Error: Expression expected
  36 |     { initials: "EO", name: "Elena Product Owner", date: "22 de agosto · amanhã", area: "E...
  37 |     { initials: "IR", name: "Isabela RH", date: "28 de agosto · em 7 dias", area: "Engenha...
> 38 |   };
     |   ^
  39 |
  40 |   const passedBirthdays = [
  41 |     { initials: "CT", name: "Carla Líder Técnica", date: "10 de agosto · há 11 dias", area...

Parsing ecmascript source code failed

Import trace:
  Server Component:
    ./src/components/dashboard/dashboard-grid.tsx
    ./src/app/dashboard/page.tsx @ http://localhost:3000/_next/static/chunks/node_modules_next_dist_1gdrd03._.js:1817
[   17116ms] [ERROR] ./src/components/dashboard/dashboard-grid.tsx:38:3
Error: Expression expected
  36 |     { initials: "EO", name: "Elena Product Owner", date: "22 de agosto · amanhã", area: "E...
  37 |     { initials: "IR", name: "Isabela RH", date: "28 de agosto · em 7 dias", area: "Engenha...
> 38 |   };
     |   ^
  39 |
  40 |   const passedBirthdays = [
  41 |     { initials: "CT", name: "Carla Líder Técnica", date: "10 de agosto · há 11 dias", area...

Parsing ecmascript source code failed

Import trace:
  Server Component:
    ./src/components/dashboard/dashboard-grid.tsx
    ./src/app/dashboard/page.tsx @ http://localhost:3000/_next/static/chunks/node_modules_next_dist_1gdrd03._.js:1817
[   17165ms] [ERROR] ./src/components/dashboard/dashboard-grid.tsx:38:3
Error: Expression expected
  36 |     { initials: "EO", name: "Elena Product Owner", date: "22 de agosto · amanhã", area: "E...
  37 |     { initials: "IR", name: "Isabela RH", date: "28 de agosto · em 7 dias", area: "Engenha...
> 38 |   };
     |   ^
  39 |
  40 |   const passedBirthdays = [
  41 |     { initials: "CT", name: "Carla Líder Técnica", date: "10 de agosto · há 11 dias", area...

Parsing ecmascript source code failed

Import trace:
  Server Component:
    ./src/components/dashboard/dashboard-grid.tsx
    ./src/app/dashboard/page.tsx @ http://localhost:3000/_next/static/chunks/node_modules_next_dist_1gdrd03._.js:1817
[   17216ms] [ERROR] ./src/components/dashboard/dashboard-grid.tsx:38:3
Error: Expression expected
  36 |     { initials: "EO", name: "Elena Product Owner", date: "22 de agosto · amanhã", area: "E...
  37 |     { initials: "IR", name: "Isabela RH", date: "28 de agosto · em 7 dias", area: "Engenha...
> 38 |   };
     |   ^
  39 |
  40 |   const passedBirthdays = [
  41 |     { initials: "CT", name: "Carla Líder Técnica", date: "10 de agosto · há 11 dias", area...

Parsing ecmascript source code failed

Import trace:
  Server Component:
    ./src/components/dashboard/dashboard-grid.tsx
    ./src/app/dashboard/page.tsx @ http://localhost:3000/_next/static/chunks/node_modules_next_dist_1gdrd03._.js:1817
[   17265ms] [ERROR] ./src/components/dashboard/dashboard-grid.tsx:38:3
Error: Expression expected
  36 |     { initials: "EO", name: "Elena Product Owner", date: "22 de agosto · amanhã", area: "E...
  37 |     { initials: "IR", name: "Isabela RH", date: "28 de agosto · em 7 dias", area: "Engenha...
> 38 |   };
     |   ^
  39 |
  40 |   const passedBirthdays = [
  41 |     { initials: "CT", name: "Carla Líder Técnica", date: "10 de agosto · há 11 dias", area...

Parsing ecmascript source code failed

Import trace:
  Server Component:
    ./src/components/dashboard/dashboard-grid.tsx
    ./src/app/dashboard/page.tsx @ http://localhost:3000/_next/static/chunks/node_modules_next_dist_1gdrd03._.js:1817
[   17314ms] [ERROR] ./src/components/dashboard/dashboard-grid.tsx:38:3
Error: Expression expected
  36 |     { initials: "EO", name: "Elena Product Owner", date: "22 de agosto · amanhã", area: "E...
  37 |     { initials: "IR", name: "Isabela RH", date: "28 de agosto · em 7 dias", area: "Engenha...
> 38 |   };
     |   ^
  39 |
  40 |   const passedBirthdays = [
  41 |     { initials: "CT", name: "Carla Líder Técnica", date: "10 de agosto · há 11 dias", area...

Parsing ecmascript source code failed

Import trace:
  Server Component:
    ./src/components/dashboard/dashboard-grid.tsx
    ./src/app/dashboard/page.tsx @ http://localhost:3000/_next/static/chunks/node_modules_next_dist_1gdrd03._.js:1817
[   17366ms] [ERROR] ./src/components/dashboard/dashboard-grid.tsx:38:3
Error: Expression expected
  36 |     { initials: "EO", name: "Elena Product Owner", date: "22 de agosto · amanhã", area: "E...
  37 |     { initials: "IR", name: "Isabela RH", date: "28 de agosto · em 7 dias", area: "Engenha...
> 38 |   };
     |   ^
  39 |
  40 |   const passedBirthdays = [
  41 |     { initials: "CT", name: "Carla Líder Técnica", date: "10 de agosto · há 11 dias", area...

Parsing ecmascript source code failed

Import trace:
  Server Component:
    ./src/components/dashboard/dashboard-grid.tsx
    ./src/app/dashboard/page.tsx @ http://localhost:3000/_next/static/chunks/node_modules_next_dist_1gdrd03._.js:1817
[   17417ms] [ERROR] ./src/components/dashboard/dashboard-grid.tsx:38:3
Error: Expression expected
  36 |     { initials: "EO", name: "Elena Product Owner", date: "22 de agosto · amanhã", area: "E...
  37 |     { initials: "IR", name: "Isabela RH", date: "28 de agosto · em 7 dias", area: "Engenha...
> 38 |   };
     |   ^
  39 |
  40 |   const passedBirthdays = [
  41 |     { initials: "CT", name: "Carla Líder Técnica", date: "10 de agosto · há 11 dias", area...

Parsing ecmascript source code failed

Import trace:
  Server Component:
    ./src/components/dashboard/dashboard-grid.tsx
    ./src/app/dashboard/page.tsx @ http://localhost:3000/_next/static/chunks/node_modules_next_dist_1gdrd03._.js:1817
[   17482ms] [ERROR] ./src/components/dashboard/dashboard-grid.tsx:38:3
Error: Expression expected
  36 |     { initials: "EO", name: "Elena Product Owner", date: "22 de agosto · amanhã", area: "E...
  37 |     { initials: "IR", name: "Isabela RH", date: "28 de agosto · em 7 dias", area: "Engenha...
> 38 |   };
     |   ^
  39 |
  40 |   const passedBirthdays = [
  41 |     { initials: "CT", name: "Carla Líder Técnica", date: "10 de agosto · há 11 dias", area...

Parsing ecmascript source code failed

Import trace:
  Server Component:
    ./src/components/dashboard/dashboard-grid.tsx
    ./src/app/dashboard/page.tsx @ http://localhost:3000/_next/static/chunks/node_modules_next_dist_1gdrd03._.js:1817
[   17534ms] [ERROR] ./src/components/dashboard/dashboard-grid.tsx:38:3
Error: Expression expected
  36 |     { initials: "EO", name: "Elena Product Owner", date: "22 de agosto · amanhã", area: "E...
  37 |     { initials: "IR", name: "Isabela RH", date: "28 de agosto · em 7 dias", area: "Engenha...
> 38 |   };
     |   ^
  39 |
  40 |   const passedBirthdays = [
  41 |     { initials: "CT", name: "Carla Líder Técnica", date: "10 de agosto · há 11 dias", area...

Parsing ecmascript source code failed

Import trace:
  Server Component:
    ./src/components/dashboard/dashboard-grid.tsx
    ./src/app/dashboard/page.tsx @ http://localhost:3000/_next/static/chunks/node_modules_next_dist_1gdrd03._.js:1817
[   17583ms] [ERROR] ./src/components/dashboard/dashboard-grid.tsx:38:3
Error: Expression expected
  36 |     { initials: "EO", name: "Elena Product Owner", date: "22 de agosto · amanhã", area: "E...
  37 |     { initials: "IR", name: "Isabela RH", date: "28 de agosto · em 7 dias", area: "Engenha...
> 38 |   };
     |   ^
  39 |
  40 |   const passedBirthdays = [
  41 |     { initials: "CT", name: "Carla Líder Técnica", date: "10 de agosto · há 11 dias", area...

Parsing ecmascript source code failed

Import trace:
  Server Component:
    ./src/components/dashboard/dashboard-grid.tsx
    ./src/app/dashboard/page.tsx @ http://localhost:3000/_next/static/chunks/node_modules_next_dist_1gdrd03._.js:1817
[   17633ms] [ERROR] ./src/components/dashboard/dashboard-grid.tsx:38:3
Error: Expression expected
  36 |     { initials: "EO", name: "Elena Product Owner", date: "22 de agosto · amanhã", area: "E...
  37 |     { initials: "IR", name: "Isabela RH", date: "28 de agosto · em 7 dias", area: "Engenha...
> 38 |   };
     |   ^
  39 |
  40 |   const passedBirthdays = [
  41 |     { initials: "CT", name: "Carla Líder Técnica", date: "10 de agosto · há 11 dias", area...

Parsing ecmascript source code failed

Import trace:
  Server Component:
    ./src/components/dashboard/dashboard-grid.tsx
    ./src/app/dashboard/page.tsx @ http://localhost:3000/_next/static/chunks/node_modules_next_dist_1gdrd03._.js:1817
[   17682ms] [ERROR] ./src/components/dashboard/dashboard-grid.tsx:38:3
Error: Expression expected
  36 |     { initials: "EO", name: "Elena Product Owner", date: "22 de agosto · amanhã", area: "E...
  37 |     { initials: "IR", name: "Isabela RH", date: "28 de agosto · em 7 dias", area: "Engenha...
> 38 |   };
     |   ^
  39 |
  40 |   const passedBirthdays = [
  41 |     { initials: "CT", name: "Carla Líder Técnica", date: "10 de agosto · há 11 dias", area...

Parsing ecmascript source code failed

Import trace:
  Server Component:
    ./src/components/dashboard/dashboard-grid.tsx
    ./src/app/dashboard/page.tsx @ http://localhost:3000/_next/static/chunks/node_modules_next_dist_1gdrd03._.js:1817
[   17733ms] [ERROR] ./src/components/dashboard/dashboard-grid.tsx:38:3
Error: Expression expected
  36 |     { initials: "EO", name: "Elena Product Owner", date: "22 de agosto · amanhã", area: "E...
  37 |     { initials: "IR", name: "Isabela RH", date: "28 de agosto · em 7 dias", area: "Engenha...
> 38 |   };
     |   ^
  39 |
  40 |   const passedBirthdays = [
  41 |     { initials: "CT", name: "Carla Líder Técnica", date: "10 de agosto · há 11 dias", area...

Parsing ecmascript source code failed

Import trace:
  Server Component:
    ./src/components/dashboard/dashboard-grid.tsx
    ./src/app/dashboard/page.tsx @ http://localhost:3000/_next/static/chunks/node_modules_next_dist_1gdrd03._.js:1817
[   17785ms] [ERROR] ./src/components/dashboard/dashboard-grid.tsx:38:3
Error: Expression expected
  36 |     { initials: "EO", name: "Elena Product Owner", date: "22 de agosto · amanhã", area: "E...
  37 |     { initials: "IR", name: "Isabela RH", date: "28 de agosto · em 7 dias", area: "Engenha...
> 38 |   };
     |   ^
  39 |
  40 |   const passedBirthdays = [
  41 |     { initials: "CT", name: "Carla Líder Técnica", date: "10 de agosto · há 11 dias", area...

Parsing ecmascript source code failed

Import trace:
  Server Component:
    ./src/components/dashboard/dashboard-grid.tsx
    ./src/app/dashboard/page.tsx @ http://localhost:3000/_next/static/chunks/node_modules_next_dist_1gdrd03._.js:1817
[   17832ms] [ERROR] ./src/components/dashboard/dashboard-grid.tsx:38:3
Error: Expression expected
  36 |     { initials: "EO", name: "Elena Product Owner", date: "22 de agosto · amanhã", area: "E...
  37 |     { initials: "IR", name: "Isabela RH", date: "28 de agosto · em 7 dias", area: "Engenha...
> 38 |   };
     |   ^
  39 |
  40 |   const passedBirthdays = [
  41 |     { initials: "CT", name: "Carla Líder Técnica", date: "10 de agosto · há 11 dias", area...

Parsing ecmascript source code failed

Import trace:
  Server Component:
    ./src/components/dashboard/dashboard-grid.tsx
    ./src/app/dashboard/page.tsx @ http://localhost:3000/_next/static/chunks/node_modules_next_dist_1gdrd03._.js:1817
[   17883ms] [ERROR] ./src/components/dashboard/dashboard-grid.tsx:38:3
Error: Expression expected
  36 |     { initials: "EO", name: "Elena Product Owner", date: "22 de agosto · amanhã", area: "E...
  37 |     { initials: "IR", name: "Isabela RH", date: "28 de agosto · em 7 dias", area: "Engenha...
> 38 |   };
     |   ^
  39 |
  40 |   const passedBirthdays = [
  41 |     { initials: "CT", name: "Carla Líder Técnica", date: "10 de agosto · há 11 dias", area...

Parsing ecmascript source code failed

Import trace:
  Server Component:
    ./src/components/dashboard/dashboard-grid.tsx
    ./src/app/dashboard/page.tsx @ http://localhost:3000/_next/static/chunks/node_modules_next_dist_1gdrd03._.js:1817
[   17932ms] [ERROR] ./src/components/dashboard/dashboard-grid.tsx:38:3
Error: Expression expected
  36 |     { initials: "EO", name: "Elena Product Owner", date: "22 de agosto · amanhã", area: "E...
  37 |     { initials: "IR", name: "Isabela RH", date: "28 de agosto · em 7 dias", area: "Engenha...
> 38 |   };
     |   ^
  39 |
  40 |   const passedBirthdays = [
  41 |     { initials: "CT", name: "Carla Líder Técnica", date: "10 de agosto · há 11 dias", area...

Parsing ecmascript source code failed

Import trace:
  Server Component:
    ./src/components/dashboard/dashboard-grid.tsx
    ./src/app/dashboard/page.tsx @ http://localhost:3000/_next/static/chunks/node_modules_next_dist_1gdrd03._.js:1817
[   17982ms] [ERROR] ./src/components/dashboard/dashboard-grid.tsx:38:3
Error: Expression expected
  36 |     { initials: "EO", name: "Elena Product Owner", date: "22 de agosto · amanhã", area: "E...
  37 |     { initials: "IR", name: "Isabela RH", date: "28 de agosto · em 7 dias", area: "Engenha...
> 38 |   };
     |   ^
  39 |
  40 |   const passedBirthdays = [
  41 |     { initials: "CT", name: "Carla Líder Técnica", date: "10 de agosto · há 11 dias", area...

Parsing ecmascript source code failed

Import trace:
  Server Component:
    ./src/components/dashboard/dashboard-grid.tsx
    ./src/app/dashboard/page.tsx @ http://localhost:3000/_next/static/chunks/node_modules_next_dist_1gdrd03._.js:1817
[   18032ms] [ERROR] ./src/components/dashboard/dashboard-grid.tsx:38:3
Error: Expression expected
  36 |     { initials: "EO", name: "Elena Product Owner", date: "22 de agosto · amanhã", area: "E...
  37 |     { initials: "IR", name: "Isabela RH", date: "28 de agosto · em 7 dias", area: "Engenha...
> 38 |   };
     |   ^
  39 |
  40 |   const passedBirthdays = [
  41 |     { initials: "CT", name: "Carla Líder Técnica", date: "10 de agosto · há 11 dias", area...

Parsing ecmascript source code failed

Import trace:
  Server Component:
    ./src/components/dashboard/dashboard-grid.tsx
    ./src/app/dashboard/page.tsx @ http://localhost:3000/_next/static/chunks/node_modules_next_dist_1gdrd03._.js:1817
[   18083ms] [ERROR] ./src/components/dashboard/dashboard-grid.tsx:38:3
Error: Expression expected
  36 |     { initials: "EO", name: "Elena Product Owner", date: "22 de agosto · amanhã", area: "E...
  37 |     { initials: "IR", name: "Isabela RH", date: "28 de agosto · em 7 dias", area: "Engenha...
> 38 |   };
     |   ^
  39 |
  40 |   const passedBirthdays = [
  41 |     { initials: "CT", name: "Carla Líder Técnica", date: "10 de agosto · há 11 dias", area...

Parsing ecmascript source code failed

Import trace:
  Server Component:
    ./src/components/dashboard/dashboard-grid.tsx
    ./src/app/dashboard/page.tsx @ http://localhost:3000/_next/static/chunks/node_modules_next_dist_1gdrd03._.js:1817
[   18132ms] [ERROR] ./src/components/dashboard/dashboard-grid.tsx:38:3
Error: Expression expected
  36 |     { initials: "EO", name: "Elena Product Owner", date: "22 de agosto · amanhã", area: "E...
  37 |     { initials: "IR", name: "Isabela RH", date: "28 de agosto · em 7 dias", area: "Engenha...
> 38 |   };
     |   ^
  39 |
  40 |   const passedBirthdays = [
  41 |     { initials: "CT", name: "Carla Líder Técnica", date: "10 de agosto · há 11 dias", area...

Parsing ecmascript source code failed

Import trace:
  Server Component:
    ./src/components/dashboard/dashboard-grid.tsx
    ./src/app/dashboard/page.tsx @ http://localhost:3000/_next/static/chunks/node_modules_next_dist_1gdrd03._.js:1817
[   18185ms] [ERROR] ./src/components/dashboard/dashboard-grid.tsx:38:3
Error: Expression expected
  36 |     { initials: "EO", name: "Elena Product Owner", date: "22 de agosto · amanhã", area: "E...
  37 |     { initials: "IR", name: "Isabela RH", date: "28 de agosto · em 7 dias", area: "Engenha...
> 38 |   };
     |   ^
  39 |
  40 |   const passedBirthdays = [
  41 |     { initials: "CT", name: "Carla Líder Técnica", date: "10 de agosto · há 11 dias", area...

Parsing ecmascript source code failed

Import trace:
  Server Component:
    ./src/components/dashboard/dashboard-grid.tsx
    ./src/app/dashboard/page.tsx @ http://localhost:3000/_next/static/chunks/node_modules_next_dist_1gdrd03._.js:1817
[   18232ms] [ERROR] ./src/components/dashboard/dashboard-grid.tsx:38:3
Error: Expression expected
  36 |     { initials: "EO", name: "Elena Product Owner", date: "22 de agosto · amanhã", area: "E...
  37 |     { initials: "IR", name: "Isabela RH", date: "28 de agosto · em 7 dias", area: "Engenha...
> 38 |   };
     |   ^
  39 |
  40 |   const passedBirthdays = [
  41 |     { initials: "CT", name: "Carla Líder Técnica", date: "10 de agosto · há 11 dias", area...

Parsing ecmascript source code failed

Import trace:
  Server Component:
    ./src/components/dashboard/dashboard-grid.tsx
    ./src/app/dashboard/page.tsx @ http://localhost:3000/_next/static/chunks/node_modules_next_dist_1gdrd03._.js:1817
[   18284ms] [ERROR] ./src/components/dashboard/dashboard-grid.tsx:38:3
Error: Expression expected
  36 |     { initials: "EO", name: "Elena Product Owner", date: "22 de agosto · amanhã", area: "E...
  37 |     { initials: "IR", name: "Isabela RH", date: "28 de agosto · em 7 dias", area: "Engenha...
> 38 |   };
     |   ^
  39 |
  40 |   const passedBirthdays = [
  41 |     { initials: "CT", name: "Carla Líder Técnica", date: "10 de agosto · há 11 dias", area...

Parsing ecmascript source code failed

Import trace:
  Server Component:
    ./src/components/dashboard/dashboard-grid.tsx
    ./src/app/dashboard/page.tsx @ http://localhost:3000/_next/static/chunks/node_modules_next_dist_1gdrd03._.js:1817
[   18334ms] [ERROR] ./src/components/dashboard/dashboard-grid.tsx:38:3
Error: Expression expected
  36 |     { initials: "EO", name: "Elena Product Owner", date: "22 de agosto · amanhã", area: "E...
  37 |     { initials: "IR", name: "Isabela RH", date: "28 de agosto · em 7 dias", area: "Engenha...
> 38 |   };
     |   ^
  39 |
  40 |   const passedBirthdays = [
  41 |     { initials: "CT", name: "Carla Líder Técnica", date: "10 de agosto · há 11 dias", area...

Parsing ecmascript source code failed

Import trace:
  Server Component:
    ./src/components/dashboard/dashboard-grid.tsx
    ./src/app/dashboard/page.tsx @ http://localhost:3000/_next/static/chunks/node_modules_next_dist_1gdrd03._.js:1817
[   18383ms] [ERROR] ./src/components/dashboard/dashboard-grid.tsx:38:3
Error: Expression expected
  36 |     { initials: "EO", name: "Elena Product Owner", date: "22 de agosto · amanhã", area: "E...
  37 |     { initials: "IR", name: "Isabela RH", date: "28 de agosto · em 7 dias", area: "Engenha...
> 38 |   };
     |   ^
  39 |
  40 |   const passedBirthdays = [
  41 |     { initials: "CT", name: "Carla Líder Técnica", date: "10 de agosto · há 11 dias", area...

Parsing ecmascript source code failed

Import trace:
  Server Component:
    ./src/components/dashboard/dashboard-grid.tsx
    ./src/app/dashboard/page.tsx @ http://localhost:3000/_next/static/chunks/node_modules_next_dist_1gdrd03._.js:1817
[   18432ms] [ERROR] ./src/components/dashboard/dashboard-grid.tsx:38:3
Error: Expression expected
  36 |     { initials: "EO", name: "Elena Product Owner", date: "22 de agosto · amanhã", area: "E...
  37 |     { initials: "IR", name: "Isabela RH", date: "28 de agosto · em 7 dias", area: "Engenha...
> 38 |   };
     |   ^
  39 |
  40 |   const passedBirthdays = [
  41 |     { initials: "CT", name: "Carla Líder Técnica", date: "10 de agosto · há 11 dias", area...

Parsing ecmascript source code failed

Import trace:
  Server Component:
    ./src/components/dashboard/dashboard-grid.tsx
    ./src/app/dashboard/page.tsx @ http://localhost:3000/_next/static/chunks/node_modules_next_dist_1gdrd03._.js:1817
[   18487ms] [ERROR] ./src/components/dashboard/dashboard-grid.tsx:38:3
Error: Expression expected
  36 |     { initials: "EO", name: "Elena Product Owner", date: "22 de agosto · amanhã", area: "E...
  37 |     { initials: "IR", name: "Isabela RH", date: "28 de agosto · em 7 dias", area: "Engenha...
> 38 |   };
     |   ^
  39 |
  40 |   const passedBirthdays = [
  41 |     { initials: "CT", name: "Carla Líder Técnica", date: "10 de agosto · há 11 dias", area...

Parsing ecmascript source code failed

Import trace:
  Server Component:
    ./src/components/dashboard/dashboard-grid.tsx
    ./src/app/dashboard/page.tsx @ http://localhost:3000/_next/static/chunks/node_modules_next_dist_1gdrd03._.js:1817
[   18533ms] [ERROR] ./src/components/dashboard/dashboard-grid.tsx:38:3
Error: Expression expected
  36 |     { initials: "EO", name: "Elena Product Owner", date: "22 de agosto · amanhã", area: "E...
  37 |     { initials: "IR", name: "Isabela RH", date: "28 de agosto · em 7 dias", area: "Engenha...
> 38 |   };
     |   ^
  39 |
  40 |   const passedBirthdays = [
  41 |     { initials: "CT", name: "Carla Líder Técnica", date: "10 de agosto · há 11 dias", area...

Parsing ecmascript source code failed

Import trace:
  Server Component:
    ./src/components/dashboard/dashboard-grid.tsx
    ./src/app/dashboard/page.tsx @ http://localhost:3000/_next/static/chunks/node_modules_next_dist_1gdrd03._.js:1817
[   18582ms] [ERROR] ./src/components/dashboard/dashboard-grid.tsx:38:3
Error: Expression expected
  36 |     { initials: "EO", name: "Elena Product Owner", date: "22 de agosto · amanhã", area: "E...
  37 |     { initials: "IR", name: "Isabela RH", date: "28 de agosto · em 7 dias", area: "Engenha...
> 38 |   };
     |   ^
  39 |
  40 |   const passedBirthdays = [
  41 |     { initials: "CT", name: "Carla Líder Técnica", date: "10 de agosto · há 11 dias", area...

Parsing ecmascript source code failed

Import trace:
  Server Component:
    ./src/components/dashboard/dashboard-grid.tsx
    ./src/app/dashboard/page.tsx @ http://localhost:3000/_next/static/chunks/node_modules_next_dist_1gdrd03._.js:1817
[   18633ms] [ERROR] ./src/components/dashboard/dashboard-grid.tsx:38:3
Error: Expression expected
  36 |     { initials: "EO", name: "Elena Product Owner", date: "22 de agosto · amanhã", area: "E...
  37 |     { initials: "IR", name: "Isabela RH", date: "28 de agosto · em 7 dias", area: "Engenha...
> 38 |   };
     |   ^
  39 |
  40 |   const passedBirthdays = [
  41 |     { initials: "CT", name: "Carla Líder Técnica", date: "10 de agosto · há 11 dias", area...

Parsing ecmascript source code failed

Import trace:
  Server Component:
    ./src/components/dashboard/dashboard-grid.tsx
    ./src/app/dashboard/page.tsx @ http://localhost:3000/_next/static/chunks/node_modules_next_dist_1gdrd03._.js:1817
[   18689ms] [ERROR] ./src/components/dashboard/dashboard-grid.tsx:38:3
Error: Expression expected
  36 |     { initials: "EO", name: "Elena Product Owner", date: "22 de agosto · amanhã", area: "E...
  37 |     { initials: "IR", name: "Isabela RH", date: "28 de agosto · em 7 dias", area: "Engenha...
> 38 |   };
     |   ^
  39 |
  40 |   const passedBirthdays = [
  41 |     { initials: "CT", name: "Carla Líder Técnica", date: "10 de agosto · há 11 dias", area...

Parsing ecmascript source code failed

Import trace:
  Server Component:
    ./src/components/dashboard/dashboard-grid.tsx
    ./src/app/dashboard/page.tsx @ http://localhost:3000/_next/static/chunks/node_modules_next_dist_1gdrd03._.js:1817
[   18731ms] [ERROR] ./src/components/dashboard/dashboard-grid.tsx:38:3
Error: Expression expected
  36 |     { initials: "EO", name: "Elena Product Owner", date: "22 de agosto · amanhã", area: "E...
  37 |     { initials: "IR", name: "Isabela RH", date: "28 de agosto · em 7 dias", area: "Engenha...
> 38 |   };
     |   ^
  39 |
  40 |   const passedBirthdays = [
  41 |     { initials: "CT", name: "Carla Líder Técnica", date: "10 de agosto · há 11 dias", area...

Parsing ecmascript source code failed

Import trace:
  Server Component:
    ./src/components/dashboard/dashboard-grid.tsx
    ./src/app/dashboard/page.tsx @ http://localhost:3000/_next/static/chunks/node_modules_next_dist_1gdrd03._.js:1817
[   18781ms] [ERROR] ./src/components/dashboard/dashboard-grid.tsx:38:3
Error: Expression expected
  36 |     { initials: "EO", name: "Elena Product Owner", date: "22 de agosto · amanhã", area: "E...
  37 |     { initials: "IR", name: "Isabela RH", date: "28 de agosto · em 7 dias", area: "Engenha...
> 38 |   };
     |   ^
  39 |
  40 |   const passedBirthdays = [
  41 |     { initials: "CT", name: "Carla Líder Técnica", date: "10 de agosto · há 11 dias", area...

Parsing ecmascript source code failed

Import trace:
  Server Component:
    ./src/components/dashboard/dashboard-grid.tsx
    ./src/app/dashboard/page.tsx @ http://localhost:3000/_next/static/chunks/node_modules_next_dist_1gdrd03._.js:1817
[   18831ms] [ERROR] ./src/components/dashboard/dashboard-grid.tsx:38:3
Error: Expression expected
  36 |     { initials: "EO", name: "Elena Product Owner", date: "22 de agosto · amanhã", area: "E...
  37 |     { initials: "IR", name: "Isabela RH", date: "28 de agosto · em 7 dias", area: "Engenha...
> 38 |   };
     |   ^
  39 |
  40 |   const passedBirthdays = [
  41 |     { initials: "CT", name: "Carla Líder Técnica", date: "10 de agosto · há 11 dias", area...

Parsing ecmascript source code failed

Import trace:
  Server Component:
    ./src/components/dashboard/dashboard-grid.tsx
    ./src/app/dashboard/page.tsx @ http://localhost:3000/_next/static/chunks/node_modules_next_dist_1gdrd03._.js:1817
[   18882ms] [ERROR] ./src/components/dashboard/dashboard-grid.tsx:38:3
Error: Expression expected
  36 |     { initials: "EO", name: "Elena Product Owner", date: "22 de agosto · amanhã", area: "E...
  37 |     { initials: "IR", name: "Isabela RH", date: "28 de agosto · em 7 dias", area: "Engenha...
> 38 |   };
     |   ^
  39 |
  40 |   const passedBirthdays = [
  41 |     { initials: "CT", name: "Carla Líder Técnica", date: "10 de agosto · há 11 dias", area...

Parsing ecmascript source code failed

Import trace:
  Server Component:
    ./src/components/dashboard/dashboard-grid.tsx
    ./src/app/dashboard/page.tsx @ http://localhost:3000/_next/static/chunks/node_modules_next_dist_1gdrd03._.js:1817
[   18947ms] [ERROR] ./src/components/dashboard/dashboard-grid.tsx:38:3
Error: Expression expected
  36 |     { initials: "EO", name: "Elena Product Owner", date: "22 de agosto · amanhã", area: "E...
  37 |     { initials: "IR", name: "Isabela RH", date: "28 de agosto · em 7 dias", area: "Engenha...
> 38 |   };
     |   ^
  39 |
  40 |   const passedBirthdays = [
  41 |     { initials: "CT", name: "Carla Líder Técnica", date: "10 de agosto · há 11 dias", area...

Parsing ecmascript source code failed

Import trace:
  Server Component:
    ./src/components/dashboard/dashboard-grid.tsx
    ./src/app/dashboard/page.tsx @ http://localhost:3000/_next/static/chunks/node_modules_next_dist_1gdrd03._.js:1817
[   18999ms] [ERROR] ./src/components/dashboard/dashboard-grid.tsx:38:3
Error: Expression expected
  36 |     { initials: "EO", name: "Elena Product Owner", date: "22 de agosto · amanhã", area: "E...
  37 |     { initials: "IR", name: "Isabela RH", date: "28 de agosto · em 7 dias", area: "Engenha...
> 38 |   };
     |   ^
  39 |
  40 |   const passedBirthdays = [
  41 |     { initials: "CT", name: "Carla Líder Técnica", date: "10 de agosto · há 11 dias", area...

Parsing ecmascript source code failed

Import trace:
  Server Component:
    ./src/components/dashboard/dashboard-grid.tsx
    ./src/app/dashboard/page.tsx @ http://localhost:3000/_next/static/chunks/node_modules_next_dist_1gdrd03._.js:1817
[   19048ms] [ERROR] ./src/components/dashboard/dashboard-grid.tsx:38:3
Error: Expression expected
  36 |     { initials: "EO", name: "Elena Product Owner", date: "22 de agosto · amanhã", area: "E...
  37 |     { initials: "IR", name: "Isabela RH", date: "28 de agosto · em 7 dias", area: "Engenha...
> 38 |   };
     |   ^
  39 |
  40 |   const passedBirthdays = [
  41 |     { initials: "CT", name: "Carla Líder Técnica", date: "10 de agosto · há 11 dias", area...

Parsing ecmascript source code failed

Import trace:
  Server Component:
    ./src/components/dashboard/dashboard-grid.tsx
    ./src/app/dashboard/page.tsx @ http://localhost:3000/_next/static/chunks/node_modules_next_dist_1gdrd03._.js:1817
[   19099ms] [ERROR] ./src/components/dashboard/dashboard-grid.tsx:38:3
Error: Expression expected
  36 |     { initials: "EO", name: "Elena Product Owner", date: "22 de agosto · amanhã", area: "E...
  37 |     { initials: "IR", name: "Isabela RH", date: "28 de agosto · em 7 dias", area: "Engenha...
> 38 |   };
     |   ^
  39 |
  40 |   const passedBirthdays = [
  41 |     { initials: "CT", name: "Carla Líder Técnica", date: "10 de agosto · há 11 dias", area...

Parsing ecmascript source code failed

Import trace:
  Server Component:
    ./src/components/dashboard/dashboard-grid.tsx
    ./src/app/dashboard/page.tsx @ http://localhost:3000/_next/static/chunks/node_modules_next_dist_1gdrd03._.js:1817
[   19149ms] [ERROR] ./src/components/dashboard/dashboard-grid.tsx:38:3
Error: Expression expected
  36 |     { initials: "EO", name: "Elena Product Owner", date: "22 de agosto · amanhã", area: "E...
  37 |     { initials: "IR", name: "Isabela RH", date: "28 de agosto · em 7 dias", area: "Engenha...
> 38 |   };
     |   ^
  39 |
  40 |   const passedBirthdays = [
  41 |     { initials: "CT", name: "Carla Líder Técnica", date: "10 de agosto · há 11 dias", area...

Parsing ecmascript source code failed

Import trace:
  Server Component:
    ./src/components/dashboard/dashboard-grid.tsx
    ./src/app/dashboard/page.tsx @ http://localhost:3000/_next/static/chunks/node_modules_next_dist_1gdrd03._.js:1817
[   19203ms] [ERROR] ./src/components/dashboard/dashboard-grid.tsx:38:3
Error: Expression expected
  36 |     { initials: "EO", name: "Elena Product Owner", date: "22 de agosto · amanhã", area: "E...
  37 |     { initials: "IR", name: "Isabela RH", date: "28 de agosto · em 7 dias", area: "Engenha...
> 38 |   };
     |   ^
  39 |
  40 |   const passedBirthdays = [
  41 |     { initials: "CT", name: "Carla Líder Técnica", date: "10 de agosto · há 11 dias", area...

Parsing ecmascript source code failed

Import trace:
  Server Component:
    ./src/components/dashboard/dashboard-grid.tsx
    ./src/app/dashboard/page.tsx @ http://localhost:3000/_next/static/chunks/node_modules_next_dist_1gdrd03._.js:1817
[   19250ms] [ERROR] ./src/components/dashboard/dashboard-grid.tsx:38:3
Error: Expression expected
  36 |     { initials: "EO", name: "Elena Product Owner", date: "22 de agosto · amanhã", area: "E...
  37 |     { initials: "IR", name: "Isabela RH", date: "28 de agosto · em 7 dias", area: "Engenha...
> 38 |   };
     |   ^
  39 |
  40 |   const passedBirthdays = [
  41 |     { initials: "CT", name: "Carla Líder Técnica", date: "10 de agosto · há 11 dias", area...

Parsing ecmascript source code failed

Import trace:
  Server Component:
    ./src/components/dashboard/dashboard-grid.tsx
    ./src/app/dashboard/page.tsx @ http://localhost:3000/_next/static/chunks/node_modules_next_dist_1gdrd03._.js:1817
[   19299ms] [ERROR] ./src/components/dashboard/dashboard-grid.tsx:38:3
Error: Expression expected
  36 |     { initials: "EO", name: "Elena Product Owner", date: "22 de agosto · amanhã", area: "E...
  37 |     { initials: "IR", name: "Isabela RH", date: "28 de agosto · em 7 dias", area: "Engenha...
> 38 |   };
     |   ^
  39 |
  40 |   const passedBirthdays = [
  41 |     { initials: "CT", name: "Carla Líder Técnica", date: "10 de agosto · há 11 dias", area...

Parsing ecmascript source code failed

Import trace:
  Server Component:
    ./src/components/dashboard/dashboard-grid.tsx
    ./src/app/dashboard/page.tsx @ http://localhost:3000/_next/static/chunks/node_modules_next_dist_1gdrd03._.js:1817
[   19350ms] [ERROR] ./src/components/dashboard/dashboard-grid.tsx:38:3
Error: Expression expected
  36 |     { initials: "EO", name: "Elena Product Owner", date: "22 de agosto · amanhã", area: "E...
  37 |     { initials: "IR", name: "Isabela RH", date: "28 de agosto · em 7 dias", area: "Engenha...
> 38 |   };
     |   ^
  39 |
  40 |   const passedBirthdays = [
  41 |     { initials: "CT", name: "Carla Líder Técnica", date: "10 de agosto · há 11 dias", area...

Parsing ecmascript source code failed

Import trace:
  Server Component:
    ./src/components/dashboard/dashboard-grid.tsx
    ./src/app/dashboard/page.tsx @ http://localhost:3000/_next/static/chunks/node_modules_next_dist_1gdrd03._.js:1817
[   19399ms] [ERROR] ./src/components/dashboard/dashboard-grid.tsx:38:3
Error: Expression expected
  36 |     { initials: "EO", name: "Elena Product Owner", date: "22 de agosto · amanhã", area: "E...
  37 |     { initials: "IR", name: "Isabela RH", date: "28 de agosto · em 7 dias", area: "Engenha...
> 38 |   };
     |   ^
  39 |
  40 |   const passedBirthdays = [
  41 |     { initials: "CT", name: "Carla Líder Técnica", date: "10 de agosto · há 11 dias", area...

Parsing ecmascript source code failed

Import trace:
  Server Component:
    ./src/components/dashboard/dashboard-grid.tsx
    ./src/app/dashboard/page.tsx @ http://localhost:3000/_next/static/chunks/node_modules_next_dist_1gdrd03._.js:1817
[   19450ms] [ERROR] ./src/components/dashboard/dashboard-grid.tsx:38:3
Error: Expression expected
  36 |     { initials: "EO", name: "Elena Product Owner", date: "22 de agosto · amanhã", area: "E...
  37 |     { initials: "IR", name: "Isabela RH", date: "28 de agosto · em 7 dias", area: "Engenha...
> 38 |   };
     |   ^
  39 |
  40 |   const passedBirthdays = [
  41 |     { initials: "CT", name: "Carla Líder Técnica", date: "10 de agosto · há 11 dias", area...

Parsing ecmascript source code failed

Import trace:
  Server Component:
    ./src/components/dashboard/dashboard-grid.tsx
    ./src/app/dashboard/page.tsx @ http://localhost:3000/_next/static/chunks/node_modules_next_dist_1gdrd03._.js:1817
[   19499ms] [ERROR] ./src/components/dashboard/dashboard-grid.tsx:38:3
Error: Expression expected
  36 |     { initials: "EO", name: "Elena Product Owner", date: "22 de agosto · amanhã", area: "E...
  37 |     { initials: "IR", name: "Isabela RH", date: "28 de agosto · em 7 dias", area: "Engenha...
> 38 |   };
     |   ^
  39 |
  40 |   const passedBirthdays = [
  41 |     { initials: "CT", name: "Carla Líder Técnica", date: "10 de agosto · há 11 dias", area...

Parsing ecmascript source code failed

Import trace:
  Server Component:
    ./src/components/dashboard/dashboard-grid.tsx
    ./src/app/dashboard/page.tsx @ http://localhost:3000/_next/static/chunks/node_modules_next_dist_1gdrd03._.js:1817
[   19549ms] [ERROR] ./src/components/dashboard/dashboard-grid.tsx:38:3
Error: Expression expected
  36 |     { initials: "EO", name: "Elena Product Owner", date: "22 de agosto · amanhã", area: "E...
  37 |     { initials: "IR", name: "Isabela RH", date: "28 de agosto · em 7 dias", area: "Engenha...
> 38 |   };
     |   ^
  39 |
  40 |   const passedBirthdays = [
  41 |     { initials: "CT", name: "Carla Líder Técnica", date: "10 de agosto · há 11 dias", area...

Parsing ecmascript source code failed

Import trace:
  Server Component:
    ./src/components/dashboard/dashboard-grid.tsx
    ./src/app/dashboard/page.tsx @ http://localhost:3000/_next/static/chunks/node_modules_next_dist_1gdrd03._.js:1817
[   19599ms] [ERROR] ./src/components/dashboard/dashboard-grid.tsx:38:3
Error: Expression expected
  36 |     { initials: "EO", name: "Elena Product Owner", date: "22 de agosto · amanhã", area: "E...
  37 |     { initials: "IR", name: "Isabela RH", date: "28 de agosto · em 7 dias", area: "Engenha...
> 38 |   };
     |   ^
  39 |
  40 |   const passedBirthdays = [
  41 |     { initials: "CT", name: "Carla Líder Técnica", date: "10 de agosto · há 11 dias", area...

Parsing ecmascript source code failed

Import trace:
  Server Component:
    ./src/components/dashboard/dashboard-grid.tsx
    ./src/app/dashboard/page.tsx @ http://localhost:3000/_next/static/chunks/node_modules_next_dist_1gdrd03._.js:1817
[   19650ms] [ERROR] ./src/components/dashboard/dashboard-grid.tsx:38:3
Error: Expression expected
  36 |     { initials: "EO", name: "Elena Product Owner", date: "22 de agosto · amanhã", area: "E...
  37 |     { initials: "IR", name: "Isabela RH", date: "28 de agosto · em 7 dias", area: "Engenha...
> 38 |   };
     |   ^
  39 |
  40 |   const passedBirthdays = [
  41 |     { initials: "CT", name: "Carla Líder Técnica", date: "10 de agosto · há 11 dias", area...

Parsing ecmascript source code failed

Import trace:
  Server Component:
    ./src/components/dashboard/dashboard-grid.tsx
    ./src/app/dashboard/page.tsx @ http://localhost:3000/_next/static/chunks/node_modules_next_dist_1gdrd03._.js:1817
[   19699ms] [ERROR] ./src/components/dashboard/dashboard-grid.tsx:38:3
Error: Expression expected
  36 |     { initials: "EO", name: "Elena Product Owner", date: "22 de agosto · amanhã", area: "E...
  37 |     { initials: "IR", name: "Isabela RH", date: "28 de agosto · em 7 dias", area: "Engenha...
> 38 |   };
     |   ^
  39 |
  40 |   const passedBirthdays = [
  41 |     { initials: "CT", name: "Carla Líder Técnica", date: "10 de agosto · há 11 dias", area...

Parsing ecmascript source code failed

Import trace:
  Server Component:
    ./src/components/dashboard/dashboard-grid.tsx
    ./src/app/dashboard/page.tsx @ http://localhost:3000/_next/static/chunks/node_modules_next_dist_1gdrd03._.js:1817
[   19749ms] [ERROR] ./src/components/dashboard/dashboard-grid.tsx:38:3
Error: Expression expected
  36 |     { initials: "EO", name: "Elena Product Owner", date: "22 de agosto · amanhã", area: "E...
  37 |     { initials: "IR", name: "Isabela RH", date: "28 de agosto · em 7 dias", area: "Engenha...
> 38 |   };
     |   ^
  39 |
  40 |   const passedBirthdays = [
  41 |     { initials: "CT", name: "Carla Líder Técnica", date: "10 de agosto · há 11 dias", area...

Parsing ecmascript source code failed

Import trace:
  Server Component:
    ./src/components/dashboard/dashboard-grid.tsx
    ./src/app/dashboard/page.tsx @ http://localhost:3000/_next/static/chunks/node_modules_next_dist_1gdrd03._.js:1817
[   19799ms] [ERROR] ./src/components/dashboard/dashboard-grid.tsx:38:3
Error: Expression expected
  36 |     { initials: "EO", name: "Elena Product Owner", date: "22 de agosto · amanhã", area: "E...
  37 |     { initials: "IR", name: "Isabela RH", date: "28 de agosto · em 7 dias", area: "Engenha...
> 38 |   };
     |   ^
  39 |
  40 |   const passedBirthdays = [
  41 |     { initials: "CT", name: "Carla Líder Técnica", date: "10 de agosto · há 11 dias", area...

Parsing ecmascript source code failed

Import trace:
  Server Component:
    ./src/components/dashboard/dashboard-grid.tsx
    ./src/app/dashboard/page.tsx @ http://localhost:3000/_next/static/chunks/node_modules_next_dist_1gdrd03._.js:1817
[   19849ms] [ERROR] ./src/components/dashboard/dashboard-grid.tsx:38:3
Error: Expression expected
  36 |     { initials: "EO", name: "Elena Product Owner", date: "22 de agosto · amanhã", area: "E...
  37 |     { initials: "IR", name: "Isabela RH", date: "28 de agosto · em 7 dias", area: "Engenha...
> 38 |   };
     |   ^
  39 |
  40 |   const passedBirthdays = [
  41 |     { initials: "CT", name: "Carla Líder Técnica", date: "10 de agosto · há 11 dias", area...

Parsing ecmascript source code failed

Import trace:
  Server Component:
    ./src/components/dashboard/dashboard-grid.tsx
    ./src/app/dashboard/page.tsx @ http://localhost:3000/_next/static/chunks/node_modules_next_dist_1gdrd03._.js:1817
[   19902ms] [ERROR] ./src/components/dashboard/dashboard-grid.tsx:38:3
Error: Expression expected
  36 |     { initials: "EO", name: "Elena Product Owner", date: "22 de agosto · amanhã", area: "E...
  37 |     { initials: "IR", name: "Isabela RH", date: "28 de agosto · em 7 dias", area: "Engenha...
> 38 |   };
     |   ^
  39 |
  40 |   const passedBirthdays = [
  41 |     { initials: "CT", name: "Carla Líder Técnica", date: "10 de agosto · há 11 dias", area...

Parsing ecmascript source code failed

Import trace:
  Server Component:
    ./src/components/dashboard/dashboard-grid.tsx
    ./src/app/dashboard/page.tsx @ http://localhost:3000/_next/static/chunks/node_modules_next_dist_1gdrd03._.js:1817
[   19965ms] [ERROR] ./src/components/dashboard/dashboard-grid.tsx:38:3
Error: Expression expected
  36 |     { initials: "EO", name: "Elena Product Owner", date: "22 de agosto · amanhã", area: "E...
  37 |     { initials: "IR", name: "Isabela RH", date: "28 de agosto · em 7 dias", area: "Engenha...
> 38 |   };
     |   ^
  39 |
  40 |   const passedBirthdays = [
  41 |     { initials: "CT", name: "Carla Líder Técnica", date: "10 de agosto · há 11 dias", area...

Parsing ecmascript source code failed

Import trace:
  Server Component:
    ./src/components/dashboard/dashboard-grid.tsx
    ./src/app/dashboard/page.tsx @ http://localhost:3000/_next/static/chunks/node_modules_next_dist_1gdrd03._.js:1817
[   20015ms] [ERROR] ./src/components/dashboard/dashboard-grid.tsx:38:3
Error: Expression expected
  36 |     { initials: "EO", name: "Elena Product Owner", date: "22 de agosto · amanhã", area: "E...
  37 |     { initials: "IR", name: "Isabela RH", date: "28 de agosto · em 7 dias", area: "Engenha...
> 38 |   };
     |   ^
  39 |
  40 |   const passedBirthdays = [
  41 |     { initials: "CT", name: "Carla Líder Técnica", date: "10 de agosto · há 11 dias", area...

Parsing ecmascript source code failed

Import trace:
  Server Component:
    ./src/components/dashboard/dashboard-grid.tsx
    ./src/app/dashboard/page.tsx @ http://localhost:3000/_next/static/chunks/node_modules_next_dist_1gdrd03._.js:1817
[   20066ms] [ERROR] ./src/components/dashboard/dashboard-grid.tsx:38:3
Error: Expression expected
  36 |     { initials: "EO", name: "Elena Product Owner", date: "22 de agosto · amanhã", area: "E...
  37 |     { initials: "IR", name: "Isabela RH", date: "28 de agosto · em 7 dias", area: "Engenha...
> 38 |   };
     |   ^
  39 |
  40 |   const passedBirthdays = [
  41 |     { initials: "CT", name: "Carla Líder Técnica", date: "10 de agosto · há 11 dias", area...

Parsing ecmascript source code failed

Import trace:
  Server Component:
    ./src/components/dashboard/dashboard-grid.tsx
    ./src/app/dashboard/page.tsx @ http://localhost:3000/_next/static/chunks/node_modules_next_dist_1gdrd03._.js:1817
[   20115ms] [ERROR] ./src/components/dashboard/dashboard-grid.tsx:38:3
Error: Expression expected
  36 |     { initials: "EO", name: "Elena Product Owner", date: "22 de agosto · amanhã", area: "E...
  37 |     { initials: "IR", name: "Isabela RH", date: "28 de agosto · em 7 dias", area: "Engenha...
> 38 |   };
     |   ^
  39 |
  40 |   const passedBirthdays = [
  41 |     { initials: "CT", name: "Carla Líder Técnica", date: "10 de agosto · há 11 dias", area...

Parsing ecmascript source code failed

Import trace:
  Server Component:
    ./src/components/dashboard/dashboard-grid.tsx
    ./src/app/dashboard/page.tsx @ http://localhost:3000/_next/static/chunks/node_modules_next_dist_1gdrd03._.js:1817
[   20165ms] [ERROR] ./src/components/dashboard/dashboard-grid.tsx:38:3
Error: Expression expected
  36 |     { initials: "EO", name: "Elena Product Owner", date: "22 de agosto · amanhã", area: "E...
  37 |     { initials: "IR", name: "Isabela RH", date: "28 de agosto · em 7 dias", area: "Engenha...
> 38 |   };
     |   ^
  39 |
  40 |   const passedBirthdays = [
  41 |     { initials: "CT", name: "Carla Líder Técnica", date: "10 de agosto · há 11 dias", area...

Parsing ecmascript source code failed

Import trace:
  Server Component:
    ./src/components/dashboard/dashboard-grid.tsx
    ./src/app/dashboard/page.tsx @ http://localhost:3000/_next/static/chunks/node_modules_next_dist_1gdrd03._.js:1817
[   20215ms] [ERROR] ./src/components/dashboard/dashboard-grid.tsx:38:3
Error: Expression expected
  36 |     { initials: "EO", name: "Elena Product Owner", date: "22 de agosto · amanhã", area: "E...
  37 |     { initials: "IR", name: "Isabela RH", date: "28 de agosto · em 7 dias", area: "Engenha...
> 38 |   };
     |   ^
  39 |
  40 |   const passedBirthdays = [
  41 |     { initials: "CT", name: "Carla Líder Técnica", date: "10 de agosto · há 11 dias", area...

Parsing ecmascript source code failed

Import trace:
  Server Component:
    ./src/components/dashboard/dashboard-grid.tsx
    ./src/app/dashboard/page.tsx @ http://localhost:3000/_next/static/chunks/node_modules_next_dist_1gdrd03._.js:1817
[   20266ms] [ERROR] ./src/components/dashboard/dashboard-grid.tsx:38:3
Error: Expression expected
  36 |     { initials: "EO", name: "Elena Product Owner", date: "22 de agosto · amanhã", area: "E...
  37 |     { initials: "IR", name: "Isabela RH", date: "28 de agosto · em 7 dias", area: "Engenha...
> 38 |   };
     |   ^
  39 |
  40 |   const passedBirthdays = [
  41 |     { initials: "CT", name: "Carla Líder Técnica", date: "10 de agosto · há 11 dias", area...

Parsing ecmascript source code failed

Import trace:
  Server Component:
    ./src/components/dashboard/dashboard-grid.tsx
    ./src/app/dashboard/page.tsx @ http://localhost:3000/_next/static/chunks/node_modules_next_dist_1gdrd03._.js:1817
[   20315ms] [ERROR] ./src/components/dashboard/dashboard-grid.tsx:38:3
Error: Expression expected
  36 |     { initials: "EO", name: "Elena Product Owner", date: "22 de agosto · amanhã", area: "E...
  37 |     { initials: "IR", name: "Isabela RH", date: "28 de agosto · em 7 dias", area: "Engenha...
> 38 |   };
     |   ^
  39 |
  40 |   const passedBirthdays = [
  41 |     { initials: "CT", name: "Carla Líder Técnica", date: "10 de agosto · há 11 dias", area...

Parsing ecmascript source code failed

Import trace:
  Server Component:
    ./src/components/dashboard/dashboard-grid.tsx
    ./src/app/dashboard/page.tsx @ http://localhost:3000/_next/static/chunks/node_modules_next_dist_1gdrd03._.js:1817
[   20366ms] [ERROR] ./src/components/dashboard/dashboard-grid.tsx:38:3
Error: Expression expected
  36 |     { initials: "EO", name: "Elena Product Owner", date: "22 de agosto · amanhã", area: "E...
  37 |     { initials: "IR", name: "Isabela RH", date: "28 de agosto · em 7 dias", area: "Engenha...
> 38 |   };
     |   ^
  39 |
  40 |   const passedBirthdays = [
  41 |     { initials: "CT", name: "Carla Líder Técnica", date: "10 de agosto · há 11 dias", area...

Parsing ecmascript source code failed

Import trace:
  Server Component:
    ./src/components/dashboard/dashboard-grid.tsx
    ./src/app/dashboard/page.tsx @ http://localhost:3000/_next/static/chunks/node_modules_next_dist_1gdrd03._.js:1817
[   20415ms] [ERROR] ./src/components/dashboard/dashboard-grid.tsx:38:3
Error: Expression expected
  36 |     { initials: "EO", name: "Elena Product Owner", date: "22 de agosto · amanhã", area: "E...
  37 |     { initials: "IR", name: "Isabela RH", date: "28 de agosto · em 7 dias", area: "Engenha...
> 38 |   };
     |   ^
  39 |
  40 |   const passedBirthdays = [
  41 |     { initials: "CT", name: "Carla Líder Técnica", date: "10 de agosto · há 11 dias", area...

Parsing ecmascript source code failed

Import trace:
  Server Component:
    ./src/components/dashboard/dashboard-grid.tsx
    ./src/app/dashboard/page.tsx @ http://localhost:3000/_next/static/chunks/node_modules_next_dist_1gdrd03._.js:1817
[   20466ms] [ERROR] ./src/components/dashboard/dashboard-grid.tsx:38:3
Error: Expression expected
  36 |     { initials: "EO", name: "Elena Product Owner", date: "22 de agosto · amanhã", area: "E...
  37 |     { initials: "IR", name: "Isabela RH", date: "28 de agosto · em 7 dias", area: "Engenha...
> 38 |   };
     |   ^
  39 |
  40 |   const passedBirthdays = [
  41 |     { initials: "CT", name: "Carla Líder Técnica", date: "10 de agosto · há 11 dias", area...

Parsing ecmascript source code failed

Import trace:
  Server Component:
    ./src/components/dashboard/dashboard-grid.tsx
    ./src/app/dashboard/page.tsx @ http://localhost:3000/_next/static/chunks/node_modules_next_dist_1gdrd03._.js:1817
[   20514ms] [ERROR] ./src/components/dashboard/dashboard-grid.tsx:38:3
Error: Expression expected
  36 |     { initials: "EO", name: "Elena Product Owner", date: "22 de agosto · amanhã", area: "E...
  37 |     { initials: "IR", name: "Isabela RH", date: "28 de agosto · em 7 dias", area: "Engenha...
> 38 |   };
     |   ^
  39 |
  40 |   const passedBirthdays = [
  41 |     { initials: "CT", name: "Carla Líder Técnica", date: "10 de agosto · há 11 dias", area...

Parsing ecmascript source code failed

Import trace:
  Server Component:
    ./src/components/dashboard/dashboard-grid.tsx
    ./src/app/dashboard/page.tsx @ http://localhost:3000/_next/static/chunks/node_modules_next_dist_1gdrd03._.js:1817
[   20564ms] [ERROR] ./src/components/dashboard/dashboard-grid.tsx:38:3
Error: Expression expected
  36 |     { initials: "EO", name: "Elena Product Owner", date: "22 de agosto · amanhã", area: "E...
  37 |     { initials: "IR", name: "Isabela RH", date: "28 de agosto · em 7 dias", area: "Engenha...
> 38 |   };
     |   ^
  39 |
  40 |   const passedBirthdays = [
  41 |     { initials: "CT", name: "Carla Líder Técnica", date: "10 de agosto · há 11 dias", area...

Parsing ecmascript source code failed

Import trace:
  Server Component:
    ./src/components/dashboard/dashboard-grid.tsx
    ./src/app/dashboard/page.tsx @ http://localhost:3000/_next/static/chunks/node_modules_next_dist_1gdrd03._.js:1817
[   20615ms] [ERROR] ./src/components/dashboard/dashboard-grid.tsx:38:3
Error: Expression expected
  36 |     { initials: "EO", name: "Elena Product Owner", date: "22 de agosto · amanhã", area: "E...
  37 |     { initials: "IR", name: "Isabela RH", date: "28 de agosto · em 7 dias", area: "Engenha...
> 38 |   };
     |   ^
  39 |
  40 |   const passedBirthdays = [
  41 |     { initials: "CT", name: "Carla Líder Técnica", date: "10 de agosto · há 11 dias", area...

Parsing ecmascript source code failed

Import trace:
  Server Component:
    ./src/components/dashboard/dashboard-grid.tsx
    ./src/app/dashboard/page.tsx @ http://localhost:3000/_next/static/chunks/node_modules_next_dist_1gdrd03._.js:1817
[   20665ms] [ERROR] ./src/components/dashboard/dashboard-grid.tsx:38:3
Error: Expression expected
  36 |     { initials: "EO", name: "Elena Product Owner", date: "22 de agosto · amanhã", area: "E...
  37 |     { initials: "IR", name: "Isabela RH", date: "28 de agosto · em 7 dias", area: "Engenha...
> 38 |   };
     |   ^
  39 |
  40 |   const passedBirthdays = [
  41 |     { initials: "CT", name: "Carla Líder Técnica", date: "10 de agosto · há 11 dias", area...

Parsing ecmascript source code failed

Import trace:
  Server Component:
    ./src/components/dashboard/dashboard-grid.tsx
    ./src/app/dashboard/page.tsx @ http://localhost:3000/_next/static/chunks/node_modules_next_dist_1gdrd03._.js:1817
[   20715ms] [ERROR] ./src/components/dashboard/dashboard-grid.tsx:38:3
Error: Expression expected
  36 |     { initials: "EO", name: "Elena Product Owner", date: "22 de agosto · amanhã", area: "E...
  37 |     { initials: "IR", name: "Isabela RH", date: "28 de agosto · em 7 dias", area: "Engenha...
> 38 |   };
     |   ^
  39 |
  40 |   const passedBirthdays = [
  41 |     { initials: "CT", name: "Carla Líder Técnica", date: "10 de agosto · há 11 dias", area...

Parsing ecmascript source code failed

Import trace:
  Server Component:
    ./src/components/dashboard/dashboard-grid.tsx
    ./src/app/dashboard/page.tsx @ http://localhost:3000/_next/static/chunks/node_modules_next_dist_1gdrd03._.js:1817
[   20766ms] [ERROR] ./src/components/dashboard/dashboard-grid.tsx:38:3
Error: Expression expected
  36 |     { initials: "EO", name: "Elena Product Owner", date: "22 de agosto · amanhã", area: "E...
  37 |     { initials: "IR", name: "Isabela RH", date: "28 de agosto · em 7 dias", area: "Engenha...
> 38 |   };
     |   ^
  39 |
  40 |   const passedBirthdays = [
  41 |     { initials: "CT", name: "Carla Líder Técnica", date: "10 de agosto · há 11 dias", area...

Parsing ecmascript source code failed

Import trace:
  Server Component:
    ./src/components/dashboard/dashboard-grid.tsx
    ./src/app/dashboard/page.tsx @ http://localhost:3000/_next/static/chunks/node_modules_next_dist_1gdrd03._.js:1817
[   20816ms] [ERROR] ./src/components/dashboard/dashboard-grid.tsx:38:3
Error: Expression expected
  36 |     { initials: "EO", name: "Elena Product Owner", date: "22 de agosto · amanhã", area: "E...
  37 |     { initials: "IR", name: "Isabela RH", date: "28 de agosto · em 7 dias", area: "Engenha...
> 38 |   };
     |   ^
  39 |
  40 |   const passedBirthdays = [
  41 |     { initials: "CT", name: "Carla Líder Técnica", date: "10 de agosto · há 11 dias", area...

Parsing ecmascript source code failed

Import trace:
  Server Component:
    ./src/components/dashboard/dashboard-grid.tsx
    ./src/app/dashboard/page.tsx @ http://localhost:3000/_next/static/chunks/node_modules_next_dist_1gdrd03._.js:1817
[   20866ms] [ERROR] ./src/components/dashboard/dashboard-grid.tsx:38:3
Error: Expression expected
  36 |     { initials: "EO", name: "Elena Product Owner", date: "22 de agosto · amanhã", area: "E...
  37 |     { initials: "IR", name: "Isabela RH", date: "28 de agosto · em 7 dias", area: "Engenha...
> 38 |   };
     |   ^
  39 |
  40 |   const passedBirthdays = [
  41 |     { initials: "CT", name: "Carla Líder Técnica", date: "10 de agosto · há 11 dias", area...

Parsing ecmascript source code failed

Import trace:
  Server Component:
    ./src/components/dashboard/dashboard-grid.tsx
    ./src/app/dashboard/page.tsx @ http://localhost:3000/_next/static/chunks/node_modules_next_dist_1gdrd03._.js:1817
[   20915ms] [ERROR] ./src/components/dashboard/dashboard-grid.tsx:38:3
Error: Expression expected
  36 |     { initials: "EO", name: "Elena Product Owner", date: "22 de agosto · amanhã", area: "E...
  37 |     { initials: "IR", name: "Isabela RH", date: "28 de agosto · em 7 dias", area: "Engenha...
> 38 |   };
     |   ^
  39 |
  40 |   const passedBirthdays = [
  41 |     { initials: "CT", name: "Carla Líder Técnica", date: "10 de agosto · há 11 dias", area...

Parsing ecmascript source code failed

Import trace:
  Server Component:
    ./src/components/dashboard/dashboard-grid.tsx
    ./src/app/dashboard/page.tsx @ http://localhost:3000/_next/static/chunks/node_modules_next_dist_1gdrd03._.js:1817
[   20965ms] [ERROR] ./src/components/dashboard/dashboard-grid.tsx:38:3
Error: Expression expected
  36 |     { initials: "EO", name: "Elena Product Owner", date: "22 de agosto · amanhã", area: "E...
  37 |     { initials: "IR", name: "Isabela RH", date: "28 de agosto · em 7 dias", area: "Engenha...
> 38 |   };
     |   ^
  39 |
  40 |   const passedBirthdays = [
  41 |     { initials: "CT", name: "Carla Líder Técnica", date: "10 de agosto · há 11 dias", area...

Parsing ecmascript source code failed

Import trace:
  Server Component:
    ./src/components/dashboard/dashboard-grid.tsx
    ./src/app/dashboard/page.tsx @ http://localhost:3000/_next/static/chunks/node_modules_next_dist_1gdrd03._.js:1817
[   21014ms] [ERROR] ./src/components/dashboard/dashboard-grid.tsx:38:3
Error: Expression expected
  36 |     { initials: "EO", name: "Elena Product Owner", date: "22 de agosto · amanhã", area: "E...
  37 |     { initials: "IR", name: "Isabela RH", date: "28 de agosto · em 7 dias", area: "Engenha...
> 38 |   };
     |   ^
  39 |
  40 |   const passedBirthdays = [
  41 |     { initials: "CT", name: "Carla Líder Técnica", date: "10 de agosto · há 11 dias", area...

Parsing ecmascript source code failed

Import trace:
  Server Component:
    ./src/components/dashboard/dashboard-grid.tsx
    ./src/app/dashboard/page.tsx @ http://localhost:3000/_next/static/chunks/node_modules_next_dist_1gdrd03._.js:1817
[   21066ms] [ERROR] ./src/components/dashboard/dashboard-grid.tsx:38:3
Error: Expression expected
  36 |     { initials: "EO", name: "Elena Product Owner", date: "22 de agosto · amanhã", area: "E...
  37 |     { initials: "IR", name: "Isabela RH", date: "28 de agosto · em 7 dias", area: "Engenha...
> 38 |   };
     |   ^
  39 |
  40 |   const passedBirthdays = [
  41 |     { initials: "CT", name: "Carla Líder Técnica", date: "10 de agosto · há 11 dias", area...

Parsing ecmascript source code failed

Import trace:
  Server Component:
    ./src/components/dashboard/dashboard-grid.tsx
    ./src/app/dashboard/page.tsx @ http://localhost:3000/_next/static/chunks/node_modules_next_dist_1gdrd03._.js:1817
[   21114ms] [ERROR] ./src/components/dashboard/dashboard-grid.tsx:38:3
Error: Expression expected
  36 |     { initials: "EO", name: "Elena Product Owner", date: "22 de agosto · amanhã", area: "E...
  37 |     { initials: "IR", name: "Isabela RH", date: "28 de agosto · em 7 dias", area: "Engenha...
> 38 |   };
     |   ^
  39 |
  40 |   const passedBirthdays = [
  41 |     { initials: "CT", name: "Carla Líder Técnica", date: "10 de agosto · há 11 dias", area...

Parsing ecmascript source code failed

Import trace:
  Server Component:
    ./src/components/dashboard/dashboard-grid.tsx
    ./src/app/dashboard/page.tsx @ http://localhost:3000/_next/static/chunks/node_modules_next_dist_1gdrd03._.js:1817
[   21165ms] [ERROR] ./src/components/dashboard/dashboard-grid.tsx:38:3
Error: Expression expected
  36 |     { initials: "EO", name: "Elena Product Owner", date: "22 de agosto · amanhã", area: "E...
  37 |     { initials: "IR", name: "Isabela RH", date: "28 de agosto · em 7 dias", area: "Engenha...
> 38 |   };
     |   ^
  39 |
  40 |   const passedBirthdays = [
  41 |     { initials: "CT", name: "Carla Líder Técnica", date: "10 de agosto · há 11 dias", area...

Parsing ecmascript source code failed

Import trace:
  Server Component:
    ./src/components/dashboard/dashboard-grid.tsx
    ./src/app/dashboard/page.tsx @ http://localhost:3000/_next/static/chunks/node_modules_next_dist_1gdrd03._.js:1817
[   21215ms] [ERROR] ./src/components/dashboard/dashboard-grid.tsx:38:3
Error: Expression expected
  36 |     { initials: "EO", name: "Elena Product Owner", date: "22 de agosto · amanhã", area: "E...
  37 |     { initials: "IR", name: "Isabela RH", date: "28 de agosto · em 7 dias", area: "Engenha...
> 38 |   };
     |   ^
  39 |
  40 |   const passedBirthdays = [
  41 |     { initials: "CT", name: "Carla Líder Técnica", date: "10 de agosto · há 11 dias", area...

Parsing ecmascript source code failed

Import trace:
  Server Component:
    ./src/components/dashboard/dashboard-grid.tsx
    ./src/app/dashboard/page.tsx @ http://localhost:3000/_next/static/chunks/node_modules_next_dist_1gdrd03._.js:1817
[   21266ms] [ERROR] ./src/components/dashboard/dashboard-grid.tsx:38:3
Error: Expression expected
  36 |     { initials: "EO", name: "Elena Product Owner", date: "22 de agosto · amanhã", area: "E...
  37 |     { initials: "IR", name: "Isabela RH", date: "28 de agosto · em 7 dias", area: "Engenha...
> 38 |   };
     |   ^
  39 |
  40 |   const passedBirthdays = [
  41 |     { initials: "CT", name: "Carla Líder Técnica", date: "10 de agosto · há 11 dias", area...

Parsing ecmascript source code failed

Import trace:
  Server Component:
    ./src/components/dashboard/dashboard-grid.tsx
    ./src/app/dashboard/page.tsx @ http://localhost:3000/_next/static/chunks/node_modules_next_dist_1gdrd03._.js:1817
[   21315ms] [ERROR] ./src/components/dashboard/dashboard-grid.tsx:38:3
Error: Expression expected
  36 |     { initials: "EO", name: "Elena Product Owner", date: "22 de agosto · amanhã", area: "E...
  37 |     { initials: "IR", name: "Isabela RH", date: "28 de agosto · em 7 dias", area: "Engenha...
> 38 |   };
     |   ^
  39 |
  40 |   const passedBirthdays = [
  41 |     { initials: "CT", name: "Carla Líder Técnica", date: "10 de agosto · há 11 dias", area...

Parsing ecmascript source code failed

Import trace:
  Server Component:
    ./src/components/dashboard/dashboard-grid.tsx
    ./src/app/dashboard/page.tsx @ http://localhost:3000/_next/static/chunks/node_modules_next_dist_1gdrd03._.js:1817
[   21365ms] [ERROR] ./src/components/dashboard/dashboard-grid.tsx:38:3
Error: Expression expected
  36 |     { initials: "EO", name: "Elena Product Owner", date: "22 de agosto · amanhã", area: "E...
  37 |     { initials: "IR", name: "Isabela RH", date: "28 de agosto · em 7 dias", area: "Engenha...
> 38 |   };
     |   ^
  39 |
  40 |   const passedBirthdays = [
  41 |     { initials: "CT", name: "Carla Líder Técnica", date: "10 de agosto · há 11 dias", area...

Parsing ecmascript source code failed

Import trace:
  Server Component:
    ./src/components/dashboard/dashboard-grid.tsx
    ./src/app/dashboard/page.tsx @ http://localhost:3000/_next/static/chunks/node_modules_next_dist_1gdrd03._.js:1817
[   21416ms] [ERROR] ./src/components/dashboard/dashboard-grid.tsx:38:3
Error: Expression expected
  36 |     { initials: "EO", name: "Elena Product Owner", date: "22 de agosto · amanhã", area: "E...
  37 |     { initials: "IR", name: "Isabela RH", date: "28 de agosto · em 7 dias", area: "Engenha...
> 38 |   };
     |   ^
  39 |
  40 |   const passedBirthdays = [
  41 |     { initials: "CT", name: "Carla Líder Técnica", date: "10 de agosto · há 11 dias", area...

Parsing ecmascript source code failed

Import trace:
  Server Component:
    ./src/components/dashboard/dashboard-grid.tsx
    ./src/app/dashboard/page.tsx @ http://localhost:3000/_next/static/chunks/node_modules_next_dist_1gdrd03._.js:1817
[   21467ms] [ERROR] ./src/components/dashboard/dashboard-grid.tsx:38:3
Error: Expression expected
  36 |     { initials: "EO", name: "Elena Product Owner", date: "22 de agosto · amanhã", area: "E...
  37 |     { initials: "IR", name: "Isabela RH", date: "28 de agosto · em 7 dias", area: "Engenha...
> 38 |   };
     |   ^
  39 |
  40 |   const passedBirthdays = [
  41 |     { initials: "CT", name: "Carla Líder Técnica", date: "10 de agosto · há 11 dias", area...

Parsing ecmascript source code failed

Import trace:
  Server Component:
    ./src/components/dashboard/dashboard-grid.tsx
    ./src/app/dashboard/page.tsx @ http://localhost:3000/_next/static/chunks/node_modules_next_dist_1gdrd03._.js:1817
[   21515ms] [ERROR] ./src/components/dashboard/dashboard-grid.tsx:38:3
Error: Expression expected
  36 |     { initials: "EO", name: "Elena Product Owner", date: "22 de agosto · amanhã", area: "E...
  37 |     { initials: "IR", name: "Isabela RH", date: "28 de agosto · em 7 dias", area: "Engenha...
> 38 |   };
     |   ^
  39 |
  40 |   const passedBirthdays = [
  41 |     { initials: "CT", name: "Carla Líder Técnica", date: "10 de agosto · há 11 dias", area...

Parsing ecmascript source code failed

Import trace:
  Server Component:
    ./src/components/dashboard/dashboard-grid.tsx
    ./src/app/dashboard/page.tsx @ http://localhost:3000/_next/static/chunks/node_modules_next_dist_1gdrd03._.js:1817
[   21565ms] [ERROR] ./src/components/dashboard/dashboard-grid.tsx:38:3
Error: Expression expected
  36 |     { initials: "EO", name: "Elena Product Owner", date: "22 de agosto · amanhã", area: "E...
  37 |     { initials: "IR", name: "Isabela RH", date: "28 de agosto · em 7 dias", area: "Engenha...
> 38 |   };
     |   ^
  39 |
  40 |   const passedBirthdays = [
  41 |     { initials: "CT", name: "Carla Líder Técnica", date: "10 de agosto · há 11 dias", area...

Parsing ecmascript source code failed

Import trace:
  Server Component:
    ./src/components/dashboard/dashboard-grid.tsx
    ./src/app/dashboard/page.tsx @ http://localhost:3000/_next/static/chunks/node_modules_next_dist_1gdrd03._.js:1817
[   21615ms] [ERROR] ./src/components/dashboard/dashboard-grid.tsx:38:3
Error: Expression expected
  36 |     { initials: "EO", name: "Elena Product Owner", date: "22 de agosto · amanhã", area: "E...
  37 |     { initials: "IR", name: "Isabela RH", date: "28 de agosto · em 7 dias", area: "Engenha...
> 38 |   };
     |   ^
  39 |
  40 |   const passedBirthdays = [
  41 |     { initials: "CT", name: "Carla Líder Técnica", date: "10 de agosto · há 11 dias", area...

Parsing ecmascript source code failed

Import trace:
  Server Component:
    ./src/components/dashboard/dashboard-grid.tsx
    ./src/app/dashboard/page.tsx @ http://localhost:3000/_next/static/chunks/node_modules_next_dist_1gdrd03._.js:1817
[   21665ms] [ERROR] ./src/components/dashboard/dashboard-grid.tsx:38:3
Error: Expression expected
  36 |     { initials: "EO", name: "Elena Product Owner", date: "22 de agosto · amanhã", area: "E...
  37 |     { initials: "IR", name: "Isabela RH", date: "28 de agosto · em 7 dias", area: "Engenha...
> 38 |   };
     |   ^
  39 |
  40 |   const passedBirthdays = [
  41 |     { initials: "CT", name: "Carla Líder Técnica", date: "10 de agosto · há 11 dias", area...

Parsing ecmascript source code failed

Import trace:
  Server Component:
    ./src/components/dashboard/dashboard-grid.tsx
    ./src/app/dashboard/page.tsx @ http://localhost:3000/_next/static/chunks/node_modules_next_dist_1gdrd03._.js:1817
[   21713ms] [ERROR] ./src/components/dashboard/dashboard-grid.tsx:38:3
Error: Expression expected
  36 |     { initials: "EO", name: "Elena Product Owner", date: "22 de agosto · amanhã", area: "E...
  37 |     { initials: "IR", name: "Isabela RH", date: "28 de agosto · em 7 dias", area: "Engenha...
> 38 |   };
     |   ^
  39 |
  40 |   const passedBirthdays = [
  41 |     { initials: "CT", name: "Carla Líder Técnica", date: "10 de agosto · há 11 dias", area...

Parsing ecmascript source code failed

Import trace:
  Server Component:
    ./src/components/dashboard/dashboard-grid.tsx
    ./src/app/dashboard/page.tsx @ http://localhost:3000/_next/static/chunks/node_modules_next_dist_1gdrd03._.js:1817
[   21763ms] [ERROR] ./src/components/dashboard/dashboard-grid.tsx:38:3
Error: Expression expected
  36 |     { initials: "EO", name: "Elena Product Owner", date: "22 de agosto · amanhã", area: "E...
  37 |     { initials: "IR", name: "Isabela RH", date: "28 de agosto · em 7 dias", area: "Engenha...
> 38 |   };
     |   ^
  39 |
  40 |   const passedBirthdays = [
  41 |     { initials: "CT", name: "Carla Líder Técnica", date: "10 de agosto · há 11 dias", area...

Parsing ecmascript source code failed

Import trace:
  Server Component:
    ./src/components/dashboard/dashboard-grid.tsx
    ./src/app/dashboard/page.tsx @ http://localhost:3000/_next/static/chunks/node_modules_next_dist_1gdrd03._.js:1817
[   21814ms] [ERROR] ./src/components/dashboard/dashboard-grid.tsx:38:3
Error: Expression expected
  36 |     { initials: "EO", name: "Elena Product Owner", date: "22 de agosto · amanhã", area: "E...
  37 |     { initials: "IR", name: "Isabela RH", date: "28 de agosto · em 7 dias", area: "Engenha...
> 38 |   };
     |   ^
  39 |
  40 |   const passedBirthdays = [
  41 |     { initials: "CT", name: "Carla Líder Técnica", date: "10 de agosto · há 11 dias", area...

Parsing ecmascript source code failed

Import trace:
  Server Component:
    ./src/components/dashboard/dashboard-grid.tsx
    ./src/app/dashboard/page.tsx @ http://localhost:3000/_next/static/chunks/node_modules_next_dist_1gdrd03._.js:1817
[   21865ms] [ERROR] ./src/components/dashboard/dashboard-grid.tsx:38:3
Error: Expression expected
  36 |     { initials: "EO", name: "Elena Product Owner", date: "22 de agosto · amanhã", area: "E...
  37 |     { initials: "IR", name: "Isabela RH", date: "28 de agosto · em 7 dias", area: "Engenha...
> 38 |   };
     |   ^
  39 |
  40 |   const passedBirthdays = [
  41 |     { initials: "CT", name: "Carla Líder Técnica", date: "10 de agosto · há 11 dias", area...

Parsing ecmascript source code failed

Import trace:
  Server Component:
    ./src/components/dashboard/dashboard-grid.tsx
    ./src/app/dashboard/page.tsx @ http://localhost:3000/_next/static/chunks/node_modules_next_dist_1gdrd03._.js:1817
[   21915ms] [ERROR] ./src/components/dashboard/dashboard-grid.tsx:38:3
Error: Expression expected
  36 |     { initials: "EO", name: "Elena Product Owner", date: "22 de agosto · amanhã", area: "E...
  37 |     { initials: "IR", name: "Isabela RH", date: "28 de agosto · em 7 dias", area: "Engenha...
> 38 |   };
     |   ^
  39 |
  40 |   const passedBirthdays = [
  41 |     { initials: "CT", name: "Carla Líder Técnica", date: "10 de agosto · há 11 dias", area...

Parsing ecmascript source code failed

Import trace:
  Server Component:
    ./src/components/dashboard/dashboard-grid.tsx
    ./src/app/dashboard/page.tsx @ http://localhost:3000/_next/static/chunks/node_modules_next_dist_1gdrd03._.js:1817
[   21965ms] [ERROR] ./src/components/dashboard/dashboard-grid.tsx:38:3
Error: Expression expected
  36 |     { initials: "EO", name: "Elena Product Owner", date: "22 de agosto · amanhã", area: "E...
  37 |     { initials: "IR", name: "Isabela RH", date: "28 de agosto · em 7 dias", area: "Engenha...
> 38 |   };
     |   ^
  39 |
  40 |   const passedBirthdays = [
  41 |     { initials: "CT", name: "Carla Líder Técnica", date: "10 de agosto · há 11 dias", area...

Parsing ecmascript source code failed

Import trace:
  Server Component:
    ./src/components/dashboard/dashboard-grid.tsx
    ./src/app/dashboard/page.tsx @ http://localhost:3000/_next/static/chunks/node_modules_next_dist_1gdrd03._.js:1817
[   22015ms] [ERROR] ./src/components/dashboard/dashboard-grid.tsx:38:3
Error: Expression expected
  36 |     { initials: "EO", name: "Elena Product Owner", date: "22 de agosto · amanhã", area: "E...
  37 |     { initials: "IR", name: "Isabela RH", date: "28 de agosto · em 7 dias", area: "Engenha...
> 38 |   };
     |   ^
  39 |
  40 |   const passedBirthdays = [
  41 |     { initials: "CT", name: "Carla Líder Técnica", date: "10 de agosto · há 11 dias", area...

Parsing ecmascript source code failed

Import trace:
  Server Component:
    ./src/components/dashboard/dashboard-grid.tsx
    ./src/app/dashboard/page.tsx @ http://localhost:3000/_next/static/chunks/node_modules_next_dist_1gdrd03._.js:1817
[   22065ms] [ERROR] ./src/components/dashboard/dashboard-grid.tsx:38:3
Error: Expression expected
  36 |     { initials: "EO", name: "Elena Product Owner", date: "22 de agosto · amanhã", area: "E...
  37 |     { initials: "IR", name: "Isabela RH", date: "28 de agosto · em 7 dias", area: "Engenha...
> 38 |   };
     |   ^
  39 |
  40 |   const passedBirthdays = [
  41 |     { initials: "CT", name: "Carla Líder Técnica", date: "10 de agosto · há 11 dias", area...

Parsing ecmascript source code failed

Import trace:
  Server Component:
    ./src/components/dashboard/dashboard-grid.tsx
    ./src/app/dashboard/page.tsx @ http://localhost:3000/_next/static/chunks/node_modules_next_dist_1gdrd03._.js:1817
[   22116ms] [ERROR] ./src/components/dashboard/dashboard-grid.tsx:38:3
Error: Expression expected
  36 |     { initials: "EO", name: "Elena Product Owner", date: "22 de agosto · amanhã", area: "E...
  37 |     { initials: "IR", name: "Isabela RH", date: "28 de agosto · em 7 dias", area: "Engenha...
> 38 |   };
     |   ^
  39 |
  40 |   const passedBirthdays = [
  41 |     { initials: "CT", name: "Carla Líder Técnica", date: "10 de agosto · há 11 dias", area...

Parsing ecmascript source code failed

Import trace:
  Server Component:
    ./src/components/dashboard/dashboard-grid.tsx
    ./src/app/dashboard/page.tsx @ http://localhost:3000/_next/static/chunks/node_modules_next_dist_1gdrd03._.js:1817
[   22166ms] [ERROR] ./src/components/dashboard/dashboard-grid.tsx:38:3
Error: Expression expected
  36 |     { initials: "EO", name: "Elena Product Owner", date: "22 de agosto · amanhã", area: "E...
  37 |     { initials: "IR", name: "Isabela RH", date: "28 de agosto · em 7 dias", area: "Engenha...
> 38 |   };
     |   ^
  39 |
  40 |   const passedBirthdays = [
  41 |     { initials: "CT", name: "Carla Líder Técnica", date: "10 de agosto · há 11 dias", area...

Parsing ecmascript source code failed

Import trace:
  Server Component:
    ./src/components/dashboard/dashboard-grid.tsx
    ./src/app/dashboard/page.tsx @ http://localhost:3000/_next/static/chunks/node_modules_next_dist_1gdrd03._.js:1817
[   22216ms] [ERROR] ./src/components/dashboard/dashboard-grid.tsx:38:3
Error: Expression expected
  36 |     { initials: "EO", name: "Elena Product Owner", date: "22 de agosto · amanhã", area: "E...
  37 |     { initials: "IR", name: "Isabela RH", date: "28 de agosto · em 7 dias", area: "Engenha...
> 38 |   };
     |   ^
  39 |
  40 |   const passedBirthdays = [
  41 |     { initials: "CT", name: "Carla Líder Técnica", date: "10 de agosto · há 11 dias", area...

Parsing ecmascript source code failed

Import trace:
  Server Component:
    ./src/components/dashboard/dashboard-grid.tsx
    ./src/app/dashboard/page.tsx @ http://localhost:3000/_next/static/chunks/node_modules_next_dist_1gdrd03._.js:1817
[   22264ms] [ERROR] ./src/components/dashboard/dashboard-grid.tsx:38:3
Error: Expression expected
  36 |     { initials: "EO", name: "Elena Product Owner", date: "22 de agosto · amanhã", area: "E...
  37 |     { initials: "IR", name: "Isabela RH", date: "28 de agosto · em 7 dias", area: "Engenha...
> 38 |   };
     |   ^
  39 |
  40 |   const passedBirthdays = [
  41 |     { initials: "CT", name: "Carla Líder Técnica", date: "10 de agosto · há 11 dias", area...

Parsing ecmascript source code failed

Import trace:
  Server Component:
    ./src/components/dashboard/dashboard-grid.tsx
    ./src/app/dashboard/page.tsx @ http://localhost:3000/_next/static/chunks/node_modules_next_dist_1gdrd03._.js:1817
[   22315ms] [ERROR] ./src/components/dashboard/dashboard-grid.tsx:38:3
Error: Expression expected
  36 |     { initials: "EO", name: "Elena Product Owner", date: "22 de agosto · amanhã", area: "E...
  37 |     { initials: "IR", name: "Isabela RH", date: "28 de agosto · em 7 dias", area: "Engenha...
> 38 |   };
     |   ^
  39 |
  40 |   const passedBirthdays = [
  41 |     { initials: "CT", name: "Carla Líder Técnica", date: "10 de agosto · há 11 dias", area...

Parsing ecmascript source code failed

Import trace:
  Server Component:
    ./src/components/dashboard/dashboard-grid.tsx
    ./src/app/dashboard/page.tsx @ http://localhost:3000/_next/static/chunks/node_modules_next_dist_1gdrd03._.js:1817
[   22367ms] [ERROR] ./src/components/dashboard/dashboard-grid.tsx:38:3
Error: Expression expected
  36 |     { initials: "EO", name: "Elena Product Owner", date: "22 de agosto · amanhã", area: "E...
  37 |     { initials: "IR", name: "Isabela RH", date: "28 de agosto · em 7 dias", area: "Engenha...
> 38 |   };
     |   ^
  39 |
  40 |   const passedBirthdays = [
  41 |     { initials: "CT", name: "Carla Líder Técnica", date: "10 de agosto · há 11 dias", area...

Parsing ecmascript source code failed

Import trace:
  Server Component:
    ./src/components/dashboard/dashboard-grid.tsx
    ./src/app/dashboard/page.tsx @ http://localhost:3000/_next/static/chunks/node_modules_next_dist_1gdrd03._.js:1817
[   22450ms] [ERROR] ./src/components/dashboard/dashboard-grid.tsx:38:3
Error: Expression expected
  36 |     { initials: "EO", name: "Elena Product Owner", date: "22 de agosto · amanhã", area: "E...
  37 |     { initials: "IR", name: "Isabela RH", date: "28 de agosto · em 7 dias", area: "Engenha...
> 38 |   };
     |   ^
  39 |
  40 |   const passedBirthdays = [
  41 |     { initials: "CT", name: "Carla Líder Técnica", date: "10 de agosto · há 11 dias", area...

Parsing ecmascript source code failed

Import trace:
  Server Component:
    ./src/components/dashboard/dashboard-grid.tsx
    ./src/app/dashboard/page.tsx @ http://localhost:3000/_next/static/chunks/node_modules_next_dist_1gdrd03._.js:1817
[   22516ms] [ERROR] ./src/components/dashboard/dashboard-grid.tsx:38:3
Error: Expression expected
  36 |     { initials: "EO", name: "Elena Product Owner", date: "22 de agosto · amanha", area: "E...
  37 |     { initials: "IR", name: "Isabela RH", date: "28 de agosto · em 7 dias", area: "Engenha...
> 38 |   };
     |   ^
  39 |
  40 |   const passedBirthdays = [
  41 |     { initials: "CT", name: "Carla Lider Técnica", date: "10 de agosto · há 11 dias", area...

Parsing ecmascript source code failed

Import trace:
  Server Component:
    ./src/components/dashboard/dashboard-grid.tsx
    ./src/app/dashboard/page.tsx @ http://localhost:3000/_next/static/chunks/node_modules_next_dist_1gdrd03._.js:1817
[   22565ms] [ERROR] ./src/components/dashboard/dashboard-grid.tsx:38:3
Error: Expression expected
  36 |     { initials: "EO", name: "Elena Product Owner", date: "22 de agosto · amanha", area: "E...
  37 |     { initials: "IR", name: "Isabela RH", date: "28 de agosto · em 7 dias", area: "Engenha...
> 38 |   };
     |   ^
  39 |
  40 |   const passedBirthdays = [
  41 |     { initials: "CT", name: "Carla Lider Técnica", date: "10 de agosto · há 11 dias", area...

Parsing ecmascript source code failed

Import trace:
  Server Component:
    ./src/components/dashboard/dashboard-grid.tsx
    ./src/app/dashboard/page.tsx @ http://localhost:3000/_next/static/chunks/node_modules_next_dist_1gdrd03._.js:1817
[   22615ms] [ERROR] ./src/components/dashboard/dashboard-grid.tsx:38:3
Error: Expression expected
  36 |     { initials: "EO", name: "Elena Product Owner", date: "22 de agosto · amanha", area: "E...
  37 |     { initials: "IR", name: "Isabela RH", date: "28 de agosto · em 7 dias", area: "Engenha...
> 38 |   };
     |   ^
  39 |
  40 |   const passedBirthdays = [
  41 |     { initials: "CT", name: "Carla Lider Técnica", date: "10 de agosto · há 11 dias", area...

Parsing ecmascript source code failed

Import trace:
  Server Component:
    ./src/components/dashboard/dashboard-grid.tsx
    ./src/app/dashboard/page.tsx @ http://localhost:3000/_next/static/chunks/node_modules_next_dist_1gdrd03._.js:1817
[   22665ms] [ERROR] ./src/components/dashboard/dashboard-grid.tsx:38:3
Error: Expression expected
  36 |     { initials: "EO", name: "Elena Product Owner", date: "22 de agosto · amanha", area: "E...
  37 |     { initials: "IR", name: "Isabela RH", date: "28 de agosto · em 7 dias", area: "Engenha...
> 38 |   };
     |   ^
  39 |
  40 |   const passedBirthdays = [
  41 |     { initials: "CT", name: "Carla Lider Técnica", date: "10 de agosto · há 11 dias", area...

Parsing ecmascript source code failed

Import trace:
  Server Component:
    ./src/components/dashboard/dashboard-grid.tsx
    ./src/app/dashboard/page.tsx @ http://localhost:3000/_next/static/chunks/node_modules_next_dist_1gdrd03._.js:1817
[   22717ms] [ERROR] ./src/components/dashboard/dashboard-grid.tsx:38:3
Error: Expression expected
  36 |     { initials: "EO", name: "Elena Product Owner", date: "22 de agosto · amanha", area: "E...
  37 |     { initials: "IR", name: "Isabela RH", date: "28 de agosto · em 7 dias", area: "Engenha...
> 38 |   };
     |   ^
  39 |
  40 |   const passedBirthdays = [
  41 |     { initials: "CT", name: "Carla Lider Técnica", date: "10 de agosto · há 11 dias", area...

Parsing ecmascript source code failed

Import trace:
  Server Component:
    ./src/components/dashboard/dashboard-grid.tsx
    ./src/app/dashboard/page.tsx @ http://localhost:3000/_next/static/chunks/node_modules_next_dist_1gdrd03._.js:1817
[   22767ms] [ERROR] ./src/components/dashboard/dashboard-grid.tsx:38:3
Error: Expression expected
  36 |     { initials: "EO", name: "Elena Product Owner", date: "22 de agosto · amanha", area: "E...
  37 |     { initials: "IR", name: "Isabela RH", date: "28 de agosto · em 7 dias", area: "Engenha...
> 38 |   };
     |   ^
  39 |
  40 |   const passedBirthdays = [
  41 |     { initials: "CT", name: "Carla Lider Técnica", date: "10 de agosto · há 11 dias", area...

Parsing ecmascript source code failed

Import trace:
  Server Component:
    ./src/components/dashboard/dashboard-grid.tsx
    ./src/app/dashboard/page.tsx @ http://localhost:3000/_next/static/chunks/node_modules_next_dist_1gdrd03._.js:1817
[   22816ms] [ERROR] ./src/components/dashboard/dashboard-grid.tsx:38:3
Error: Expression expected
  36 |     { initials: "EO", name: "Elena Product Owner", date: "22 de agosto · amanha", area: "E...
  37 |     { initials: "IR", name: "Isabela RH", date: "28 de agosto · em 7 dias", area: "Engenha...
> 38 |   };
     |   ^
  39 |
  40 |   const passedBirthdays = [
  41 |     { initials: "CT", name: "Carla Lider Técnica", date: "10 de agosto · há 11 dias", area...

Parsing ecmascript source code failed

Import trace:
  Server Component:
    ./src/components/dashboard/dashboard-grid.tsx
    ./src/app/dashboard/page.tsx @ http://localhost:3000/_next/static/chunks/node_modules_next_dist_1gdrd03._.js:1817
[   22866ms] [ERROR] ./src/components/dashboard/dashboard-grid.tsx:38:3
Error: Expression expected
  36 |     { initials: "EO", name: "Elena Product Owner", date: "22 de agosto · amanha", area: "E...
  37 |     { initials: "IR", name: "Isabela RH", date: "28 de agosto · em 7 dias", area: "Engenha...
> 38 |   };
     |   ^
  39 |
  40 |   const passedBirthdays = [
  41 |     { initials: "CT", name: "Carla Lider Técnica", date: "10 de agosto · há 11 dias", area...

Parsing ecmascript source code failed

Import trace:
  Server Component:
    ./src/components/dashboard/dashboard-grid.tsx
    ./src/app/dashboard/page.tsx @ http://localhost:3000/_next/static/chunks/node_modules_next_dist_1gdrd03._.js:1817
[   22915ms] [ERROR] ./src/components/dashboard/dashboard-grid.tsx:38:3
Error: Expression expected
  36 |     { initials: "EO", name: "Elena Product Owner", date: "22 de agosto · amanha", area: "E...
  37 |     { initials: "IR", name: "Isabela RH", date: "28 de agosto · em 7 dias", area: "Engenha...
> 38 |   };
     |   ^
  39 |
  40 |   const passedBirthdays = [
  41 |     { initials: "CT", name: "Carla Lider Técnica", date: "10 de agosto · há 11 dias", area...

Parsing ecmascript source code failed

Import trace:
  Server Component:
    ./src/components/dashboard/dashboard-grid.tsx
    ./src/app/dashboard/page.tsx @ http://localhost:3000/_next/static/chunks/node_modules_next_dist_1gdrd03._.js:1817
[   22965ms] [ERROR] ./src/components/dashboard/dashboard-grid.tsx:38:3
Error: Expression expected
  36 |     { initials: "EO", name: "Elena Product Owner", date: "22 de agosto · amanha", area: "E...
  37 |     { initials: "IR", name: "Isabela RH", date: "28 de agosto · em 7 dias", area: "Engenha...
> 38 |   };
     |   ^
  39 |
  40 |   const passedBirthdays = [
  41 |     { initials: "CT", name: "Carla Lider Técnica", date: "10 de agosto · há 11 dias", area...

Parsing ecmascript source code failed

Import trace:
  Server Component:
    ./src/components/dashboard/dashboard-grid.tsx
    ./src/app/dashboard/page.tsx @ http://localhost:3000/_next/static/chunks/node_modules_next_dist_1gdrd03._.js:1817
[   23016ms] [ERROR] ./src/components/dashboard/dashboard-grid.tsx:38:3
Error: Expression expected
  36 |     { initials: "EO", name: "Elena Product Owner", date: "22 de agosto · amanha", area: "E...
  37 |     { initials: "IR", name: "Isabela RH", date: "28 de agosto · em 7 dias", area: "Engenha...
> 38 |   };
     |   ^
  39 |
  40 |   const passedBirthdays = [
  41 |     { initials: "CT", name: "Carla Lider Técnica", date: "10 de agosto · há 11 dias", area...

Parsing ecmascript source code failed

Import trace:
  Server Component:
    ./src/components/dashboard/dashboard-grid.tsx
    ./src/app/dashboard/page.tsx @ http://localhost:3000/_next/static/chunks/node_modules_next_dist_1gdrd03._.js:1817
[   23066ms] [ERROR] ./src/components/dashboard/dashboard-grid.tsx:38:3
Error: Expression expected
  36 |     { initials: "EO", name: "Elena Product Owner", date: "22 de agosto · amanha", area: "E...
  37 |     { initials: "IR", name: "Isabela RH", date: "28 de agosto · em 7 dias", area: "Engenha...
> 38 |   };
     |   ^
  39 |
  40 |   const passedBirthdays = [
  41 |     { initials: "CT", name: "Carla Lider Técnica", date: "10 de agosto · há 11 dias", area...

Parsing ecmascript source code failed

Import trace:
  Server Component:
    ./src/components/dashboard/dashboard-grid.tsx
    ./src/app/dashboard/page.tsx @ http://localhost:3000/_next/static/chunks/node_modules_next_dist_1gdrd03._.js:1817
[   23115ms] [ERROR] ./src/components/dashboard/dashboard-grid.tsx:38:3
Error: Expression expected
  36 |     { initials: "EO", name: "Elena Product Owner", date: "22 de agosto · amanha", area: "E...
  37 |     { initials: "IR", name: "Isabela RH", date: "28 de agosto · em 7 dias", area: "Engenha...
> 38 |   };
     |   ^
  39 |
  40 |   const passedBirthdays = [
  41 |     { initials: "CT", name: "Carla Lider Técnica", date: "10 de agosto · há 11 dias", area...

Parsing ecmascript source code failed

Import trace:
  Server Component:
    ./src/components/dashboard/dashboard-grid.tsx
    ./src/app/dashboard/page.tsx @ http://localhost:3000/_next/static/chunks/node_modules_next_dist_1gdrd03._.js:1817
[   23165ms] [ERROR] ./src/components/dashboard/dashboard-grid.tsx:38:3
Error: Expression expected
  36 |     { initials: "EO", name: "Elena Product Owner", date: "22 de agosto · amanha", area: "E...
  37 |     { initials: "IR", name: "Isabela RH", date: "28 de agosto · em 7 dias", area: "Engenha...
> 38 |   };
     |   ^
  39 |
  40 |   const passedBirthdays = [
  41 |     { initials: "CT", name: "Carla Lider Técnica", date: "10 de agosto · há 11 dias", area...

Parsing ecmascript source code failed

Import trace:
  Server Component:
    ./src/components/dashboard/dashboard-grid.tsx
    ./src/app/dashboard/page.tsx @ http://localhost:3000/_next/static/chunks/node_modules_next_dist_1gdrd03._.js:1817
[   23217ms] [ERROR] ./src/components/dashboard/dashboard-grid.tsx:38:3
Error: Expression expected
  36 |     { initials: "EO", name: "Elena Product Owner", date: "22 de agosto · amanha", area: "E...
  37 |     { initials: "IR", name: "Isabela RH", date: "28 de agosto · em 7 dias", area: "Engenha...
> 38 |   };
     |   ^
  39 |
  40 |   const passedBirthdays = [
  41 |     { initials: "CT", name: "Carla Lider Técnica", date: "10 de agosto · há 11 dias", area...

Parsing ecmascript source code failed

Import trace:
  Server Component:
    ./src/components/dashboard/dashboard-grid.tsx
    ./src/app/dashboard/page.tsx @ http://localhost:3000/_next/static/chunks/node_modules_next_dist_1gdrd03._.js:1817
[   23267ms] [ERROR] ./src/components/dashboard/dashboard-grid.tsx:38:3
Error: Expression expected
  36 |     { initials: "EO", name: "Elena Product Owner", date: "22 de agosto · amanha", area: "E...
  37 |     { initials: "IR", name: "Isabela RH", date: "28 de agosto · em 7 dias", area: "Engenha...
> 38 |   };
     |   ^
  39 |
  40 |   const passedBirthdays = [
  41 |     { initials: "CT", name: "Carla Lider Técnica", date: "10 de agosto · há 11 dias", area...

Parsing ecmascript source code failed

Import trace:
  Server Component:
    ./src/components/dashboard/dashboard-grid.tsx
    ./src/app/dashboard/page.tsx @ http://localhost:3000/_next/static/chunks/node_modules_next_dist_1gdrd03._.js:1817
[   23332ms] [ERROR] ./src/components/dashboard/dashboard-grid.tsx:38:3
Error: Expression expected
  36 |     { initials: "EO", name: "Elena Product Owner", date: "22 de agosto · amanha", area: "E...
  37 |     { initials: "IR", name: "Isabela RH", date: "28 de agosto · em 7 dias", area: "Engenha...
> 38 |   };
     |   ^
  39 |
  40 |   const passedBirthdays = [
  41 |     { initials: "CT", name: "Carla Lider Técnica", date: "10 de agosto · há 11 dias", area...

Parsing ecmascript source code failed

Import trace:
  Server Component:
    ./src/components/dashboard/dashboard-grid.tsx
    ./src/app/dashboard/page.tsx @ http://localhost:3000/_next/static/chunks/node_modules_next_dist_1gdrd03._.js:1817
[   23371ms] [ERROR] ./src/components/dashboard/dashboard-grid.tsx:38:3
Error: Expression expected
  36 |     { initials: "EO", name: "Elena Product Owner", date: "22 de agosto · amanha", area: "E...
  37 |     { initials: "IR", name: "Isabela RH", date: "28 de agosto · em 7 dias", area: "Engenha...
> 38 |   };
     |   ^
  39 |
  40 |   const passedBirthdays = [
  41 |     { initials: "CT", name: "Carla Lider Técnica", date: "10 de agosto · há 11 dias", area...

Parsing ecmascript source code failed

Import trace:
  Server Component:
    ./src/components/dashboard/dashboard-grid.tsx
    ./src/app/dashboard/page.tsx @ http://localhost:3000/_next/static/chunks/node_modules_next_dist_1gdrd03._.js:1817
[   23432ms] [ERROR] ./src/components/dashboard/dashboard-grid.tsx:38:3
Error: Expression expected
  36 |     { initials: "EO", name: "Elena Product Owner", date: "22 de agosto · amanha", area: "E...
  37 |     { initials: "IR", name: "Isabela RH", date: "28 de agosto · em 7 dias", area: "Engenha...
> 38 |   };
     |   ^
  39 |
  40 |   const passedBirthdays = [
  41 |     { initials: "CT", name: "Carla Lider Técnica", date: "10 de agosto · há 11 dias", area...

Parsing ecmascript source code failed

Import trace:
  Server Component:
    ./src/components/dashboard/dashboard-grid.tsx
    ./src/app/dashboard/page.tsx @ http://localhost:3000/_next/static/chunks/node_modules_next_dist_1gdrd03._.js:1817
[   23482ms] [ERROR] ./src/components/dashboard/dashboard-grid.tsx:38:3
Error: Expression expected
  36 |     { initials: "EO", name: "Elena Product Owner", date: "22 de agosto · amanha", area: "E...
  37 |     { initials: "IR", name: "Isabela RH", date: "28 de agosto · em 7 dias", area: "Engenha...
> 38 |   };
     |   ^
  39 |
  40 |   const passedBirthdays = [
  41 |     { initials: "CT", name: "Carla Lider Técnica", date: "10 de agosto · há 11 dias", area...

Parsing ecmascript source code failed

Import trace:
  Server Component:
    ./src/components/dashboard/dashboard-grid.tsx
    ./src/app/dashboard/page.tsx @ http://localhost:3000/_next/static/chunks/node_modules_next_dist_1gdrd03._.js:1817
[   23531ms] [ERROR] ./src/components/dashboard/dashboard-grid.tsx:38:3
Error: Expression expected
  36 |     { initials: "EO", name: "Elena Product Owner", date: "22 de agosto · amanha", area: "E...
  37 |     { initials: "IR", name: "Isabela RH", date: "28 de agosto · em 7 dias", area: "Engenha...
> 38 |   };
     |   ^
  39 |
  40 |   const passedBirthdays = [
  41 |     { initials: "CT", name: "Carla Lider Técnica", date: "10 de agosto · há 11 dias", area...

Parsing ecmascript source code failed

Import trace:
  Server Component:
    ./src/components/dashboard/dashboard-grid.tsx
    ./src/app/dashboard/page.tsx @ http://localhost:3000/_next/static/chunks/node_modules_next_dist_1gdrd03._.js:1817
[   23583ms] [ERROR] ./src/components/dashboard/dashboard-grid.tsx:38:3
Error: Expression expected
  36 |     { initials: "EO", name: "Elena Product Owner", date: "22 de agosto · amanha", area: "E...
  37 |     { initials: "IR", name: "Isabela RH", date: "28 de agosto · em 7 dias", area: "Engenha...
> 38 |   };
     |   ^
  39 |
  40 |   const passedBirthdays = [
  41 |     { initials: "CT", name: "Carla Lider Técnica", date: "10 de agosto · há 11 dias", area...

Parsing ecmascript source code failed

Import trace:
  Server Component:
    ./src/components/dashboard/dashboard-grid.tsx
    ./src/app/dashboard/page.tsx @ http://localhost:3000/_next/static/chunks/node_modules_next_dist_1gdrd03._.js:1817
[   23633ms] [ERROR] ./src/components/dashboard/dashboard-grid.tsx:38:3
Error: Expression expected
  36 |     { initials: "EO", name: "Elena Product Owner", date: "22 de agosto · amanha", area: "E...
  37 |     { initials: "IR", name: "Isabela RH", date: "28 de agosto · em 7 dias", area: "Engenha...
> 38 |   };
     |   ^
  39 |
  40 |   const passedBirthdays = [
  41 |     { initials: "CT", name: "Carla Lider Técnica", date: "10 de agosto · há 11 dias", area...

Parsing ecmascript source code failed

Import trace:
  Server Component:
    ./src/components/dashboard/dashboard-grid.tsx
    ./src/app/dashboard/page.tsx @ http://localhost:3000/_next/static/chunks/node_modules_next_dist_1gdrd03._.js:1817
[   23686ms] [ERROR] ./src/components/dashboard/dashboard-grid.tsx:38:3
Error: Expression expected
  36 |     { initials: "EO", name: "Elena Product Owner", date: "22 de agosto · amanha", area: "E...
  37 |     { initials: "IR", name: "Isabela RH", date: "28 de agosto · em 7 dias", area: "Engenha...
> 38 |   };
     |   ^
  39 |
  40 |   const passedBirthdays = [
  41 |     { initials: "CT", name: "Carla Lider Técnica", date: "10 de agosto · há 11 dias", area...

Parsing ecmascript source code failed

Import trace:
  Server Component:
    ./src/components/dashboard/dashboard-grid.tsx
    ./src/app/dashboard/page.tsx @ http://localhost:3000/_next/static/chunks/node_modules_next_dist_1gdrd03._.js:1817
[   23733ms] [ERROR] ./src/components/dashboard/dashboard-grid.tsx:38:3
Error: Expression expected
  36 |     { initials: "EO", name: "Elena Product Owner", date: "22 de agosto · amanha", area: "E...
  37 |     { initials: "IR", name: "Isabela RH", date: "28 de agosto · em 7 dias", area: "Engenha...
> 38 |   };
     |   ^
  39 |
  40 |   const passedBirthdays = [
  41 |     { initials: "CT", name: "Carla Lider Técnica", date: "10 de agosto · há 11 dias", area...

Parsing ecmascript source code failed

Import trace:
  Server Component:
    ./src/components/dashboard/dashboard-grid.tsx
    ./src/app/dashboard/page.tsx @ http://localhost:3000/_next/static/chunks/node_modules_next_dist_1gdrd03._.js:1817
[   23778ms] [ERROR] ./src/components/dashboard/dashboard-grid.tsx:38:3
Error: Expression expected
  36 |     { initials: "EO", name: "Elena Product Owner", date: "22 de agosto · amanha", area: "E...
  37 |     { initials: "IR", name: "Isabela RH", date: "28 de agosto · em 7 dias", area: "Engenha...
> 38 |   };
     |   ^
  39 |
  40 |   const passedBirthdays = [
  41 |     { initials: "CT", name: "Carla Lider Técnica", date: "10 de agosto · há 11 dias", area...

Parsing ecmascript source code failed

Import trace:
  Server Component:
    ./src/components/dashboard/dashboard-grid.tsx
    ./src/app/dashboard/page.tsx @ http://localhost:3000/_next/static/chunks/node_modules_next_dist_1gdrd03._.js:1817
[   23817ms] [ERROR] ./src/components/dashboard/dashboard-grid.tsx:38:3
Error: Expression expected
  36 |     { initials: "EO", name: "Elena Product Owner", date: "22 de agosto · amanha", area: "E...
  37 |     { initials: "IR", name: "Isabela RH", date: "28 de agosto · em 7 dias", area: "Engenha...
> 38 |   };
     |   ^
  39 |
  40 |   const passedBirthdays = [
  41 |     { initials: "CT", name: "Carla Lider Técnica", date: "10 de agosto · há 11 dias", area...

Parsing ecmascript source code failed

Import trace:
  Server Component:
    ./src/components/dashboard/dashboard-grid.tsx
    ./src/app/dashboard/page.tsx @ http://localhost:3000/_next/static/chunks/node_modules_next_dist_1gdrd03._.js:1817
[   23867ms] [ERROR] ./src/components/dashboard/dashboard-grid.tsx:38:3
Error: Expression expected
  36 |     { initials: "EO", name: "Elena Product Owner", date: "22 de agosto · amanha", area: "E...
  37 |     { initials: "IR", name: "Isabela RH", date: "28 de agosto · em 7 dias", area: "Engenha...
> 38 |   };
     |   ^
  39 |
  40 |   const passedBirthdays = [
  41 |     { initials: "CT", name: "Carla Lider Técnica", date: "10 de agosto · há 11 dias", area...

Parsing ecmascript source code failed

Import trace:
  Server Component:
    ./src/components/dashboard/dashboard-grid.tsx
    ./src/app/dashboard/page.tsx @ http://localhost:3000/_next/static/chunks/node_modules_next_dist_1gdrd03._.js:1817
[   23923ms] [ERROR] ./src/components/dashboard/dashboard-grid.tsx:38:3
Error: Expression expected
  36 |     { initials: "EO", name: "Elena Product Owner", date: "22 de agosto · amanha", area: "E...
  37 |     { initials: "IR", name: "Isabela RH", date: "28 de agosto · em 7 dias", area: "Engenha...
> 38 |   };
     |   ^
  39 |
  40 |   const passedBirthdays = [
  41 |     { initials: "CT", name: "Carla Lider Técnica", date: "10 de agosto · há 11 dias", area...

Parsing ecmascript source code failed

Import trace:
  Server Component:
    ./src/components/dashboard/dashboard-grid.tsx
    ./src/app/dashboard/page.tsx @ http://localhost:3000/_next/static/chunks/node_modules_next_dist_1gdrd03._.js:1817
[   23980ms] [ERROR] ./src/components/dashboard/dashboard-grid.tsx:38:3
Error: Expression expected
  36 |     { initials: "EO", name: "Elena Product Owner", date: "22 de agosto · amanha", area: "E...
  37 |     { initials: "IR", name: "Isabela RH", date: "28 de agosto · em 7 dias", area: "Engenha...
> 38 |   };
     |   ^
  39 |
  40 |   const passedBirthdays = [
  41 |     { initials: "CT", name: "Carla Lider Técnica", date: "10 de agosto · há 11 dias", area...

Parsing ecmascript source code failed

Import trace:
  Server Component:
    ./src/components/dashboard/dashboard-grid.tsx
    ./src/app/dashboard/page.tsx @ http://localhost:3000/_next/static/chunks/node_modules_next_dist_1gdrd03._.js:1817
[   24033ms] [ERROR] ./src/components/dashboard/dashboard-grid.tsx:38:3
Error: Expression expected
  36 |     { initials: "EO", name: "Elena Product Owner", date: "22 de agosto · amanha", area: "E...
  37 |     { initials: "IR", name: "Isabela RH", date: "28 de agosto · em 7 dias", area: "Engenha...
> 38 |   };
     |   ^
  39 |
  40 |   const passedBirthdays = [
  41 |     { initials: "CT", name: "Carla Lider Técnica", date: "10 de agosto · há 11 dias", area...

Parsing ecmascript source code failed

Import trace:
  Server Component:
    ./src/components/dashboard/dashboard-grid.tsx
    ./src/app/dashboard/page.tsx @ http://localhost:3000/_next/static/chunks/node_modules_next_dist_1gdrd03._.js:1817
[   24095ms] [ERROR] ./src/components/dashboard/dashboard-grid.tsx:38:3
Error: Expression expected
  36 |     { initials: "EO", name: "Elena Product Owner", date: "22 de agosto · amanha", area: "E...
  37 |     { initials: "IR", name: "Isabela RH", date: "28 de agosto · em 7 dias", area: "Engenha...
> 38 |   };
     |   ^
  39 |
  40 |   const passedBirthdays = [
  41 |     { initials: "CT", name: "Carla Lider Técnica", date: "10 de agosto · há 11 dias", area...

Parsing ecmascript source code failed

Import trace:
  Server Component:
    ./src/components/dashboard/dashboard-grid.tsx
    ./src/app/dashboard/page.tsx @ http://localhost:3000/_next/static/chunks/node_modules_next_dist_1gdrd03._.js:1817
[   24143ms] [ERROR] ./src/components/dashboard/dashboard-grid.tsx:38:3
Error: Expression expected
  36 |     { initials: "EO", name: "Elena Product Owner", date: "22 de agosto · amanha", area: "E...
  37 |     { initials: "IR", name: "Isabela RH", date: "28 de agosto · em 7 dias", area: "Engenha...
> 38 |   };
     |   ^
  39 |
  40 |   const passedBirthdays = [
  41 |     { initials: "CT", name: "Carla Lider Técnica", date: "10 de agosto · há 11 dias", area...

Parsing ecmascript source code failed

Import trace:
  Server Component:
    ./src/components/dashboard/dashboard-grid.tsx
    ./src/app/dashboard/page.tsx @ http://localhost:3000/_next/static/chunks/node_modules_next_dist_1gdrd03._.js:1817
[   24192ms] [ERROR] ./src/components/dashboard/dashboard-grid.tsx:38:3
Error: Expression expected
  36 |     { initials: "EO", name: "Elena Product Owner", date: "22 de agosto · amanha", area: "E...
  37 |     { initials: "IR", name: "Isabela RH", date: "28 de agosto · em 7 dias", area: "Engenha...
> 38 |   };
     |   ^
  39 |
  40 |   const passedBirthdays = [
  41 |     { initials: "CT", name: "Carla Lider Técnica", date: "10 de agosto · há 11 dias", area...

Parsing ecmascript source code failed

Import trace:
  Server Component:
    ./src/components/dashboard/dashboard-grid.tsx
    ./src/app/dashboard/page.tsx @ http://localhost:3000/_next/static/chunks/node_modules_next_dist_1gdrd03._.js:1817
[   24240ms] [ERROR] ./src/components/dashboard/dashboard-grid.tsx:38:3
Error: Expression expected
  36 |     { initials: "EO", name: "Elena Product Owner", date: "22 de agosto · amanha", area: "E...
  37 |     { initials: "IR", name: "Isabela RH", date: "28 de agosto · em 7 dias", area: "Engenha...
> 38 |   };
     |   ^
  39 |
  40 |   const passedBirthdays = [
  41 |     { initials: "CT", name: "Carla Lider Técnica", date: "10 de agosto · há 11 dias", area...

Parsing ecmascript source code failed

Import trace:
  Server Component:
    ./src/components/dashboard/dashboard-grid.tsx
    ./src/app/dashboard/page.tsx @ http://localhost:3000/_next/static/chunks/node_modules_next_dist_1gdrd03._.js:1817
[   24289ms] [ERROR] ./src/components/dashboard/dashboard-grid.tsx:38:3
Error: Expression expected
  36 |     { initials: "EO", name: "Elena Product Owner", date: "22 de agosto · amanha", area: "E...
  37 |     { initials: "IR", name: "Isabela RH", date: "28 de agosto · em 7 dias", area: "Engenha...
> 38 |   };
     |   ^
  39 |
  40 |   const passedBirthdays = [
  41 |     { initials: "CT", name: "Carla Lider Técnica", date: "10 de agosto · há 11 dias", area...

Parsing ecmascript source code failed

Import trace:
  Server Component:
    ./src/components/dashboard/dashboard-grid.tsx
    ./src/app/dashboard/page.tsx @ http://localhost:3000/_next/static/chunks/node_modules_next_dist_1gdrd03._.js:1817
[   24330ms] [ERROR] ./src/components/dashboard/dashboard-grid.tsx:38:3
Error: Expression expected
  36 |     { initials: "EO", name: "Elena Product Owner", date: "22 de agosto · amanha", area: "E...
  37 |     { initials: "IR", name: "Isabela RH", date: "28 de agosto · em 7 dias", area: "Engenha...
> 38 |   };
     |   ^
  39 |
  40 |   const passedBirthdays = [
  41 |     { initials: "CT", name: "Carla Lider Técnica", date: "10 de agosto · há 11 dias", area...

Parsing ecmascript source code failed

Import trace:
  Server Component:
    ./src/components/dashboard/dashboard-grid.tsx
    ./src/app/dashboard/page.tsx @ http://localhost:3000/_next/static/chunks/node_modules_next_dist_1gdrd03._.js:1817
[   24377ms] [ERROR] ./src/components/dashboard/dashboard-grid.tsx:38:3
Error: Expression expected
  36 |     { initials: "EO", name: "Elena Product Owner", date: "22 de agosto · amanha", area: "E...
  37 |     { initials: "IR", name: "Isabela RH", date: "28 de agosto · em 7 dias", area: "Engenha...
> 38 |   };
     |   ^
  39 |
  40 |   const passedBirthdays = [
  41 |     { initials: "CT", name: "Carla Lider Técnica", date: "10 de agosto · há 11 dias", area...

Parsing ecmascript source code failed

Import trace:
  Server Component:
    ./src/components/dashboard/dashboard-grid.tsx
    ./src/app/dashboard/page.tsx @ http://localhost:3000/_next/static/chunks/node_modules_next_dist_1gdrd03._.js:1817
[   24428ms] [ERROR] ./src/components/dashboard/dashboard-grid.tsx:38:3
Error: Expression expected
  36 |     { initials: "EO", name: "Elena Product Owner", date: "22 de agosto · amanha", area: "E...
  37 |     { initials: "IR", name: "Isabela RH", date: "28 de agosto · em 7 dias", area: "Engenha...
> 38 |   };
     |   ^
  39 |
  40 |   const passedBirthdays = [
  41 |     { initials: "CT", name: "Carla Lider Técnica", date: "10 de agosto · há 11 dias", area...

Parsing ecmascript source code failed

Import trace:
  Server Component:
    ./src/components/dashboard/dashboard-grid.tsx
    ./src/app/dashboard/page.tsx @ http://localhost:3000/_next/static/chunks/node_modules_next_dist_1gdrd03._.js:1817
[   24473ms] [ERROR] ./src/components/dashboard/dashboard-grid.tsx:38:3
Error: Expression expected
  36 |     { initials: "EO", name: "Elena Product Owner", date: "22 de agosto · amanha", area: "E...
  37 |     { initials: "IR", name: "Isabela RH", date: "28 de agosto · em 7 dias", area: "Engenha...
> 38 |   };
     |   ^
  39 |
  40 |   const passedBirthdays = [
  41 |     { initials: "CT", name: "Carla Lider Técnica", date: "10 de agosto · há 11 dias", area...

Parsing ecmascript source code failed

Import trace:
  Server Component:
    ./src/components/dashboard/dashboard-grid.tsx
    ./src/app/dashboard/page.tsx @ http://localhost:3000/_next/static/chunks/node_modules_next_dist_1gdrd03._.js:1817
[   24512ms] [ERROR] ./src/components/dashboard/dashboard-grid.tsx:38:3
Error: Expression expected
  36 |     { initials: "EO", name: "Elena Product Owner", date: "22 de agosto · amanha", area: "E...
  37 |     { initials: "IR", name: "Isabela RH", date: "28 de agosto · em 7 dias", area: "Engenha...
> 38 |   };
     |   ^
  39 |
  40 |   const passedBirthdays = [
  41 |     { initials: "CT", name: "Carla Lider Técnica", date: "10 de agosto · há 11 dias", area...

Parsing ecmascript source code failed

Import trace:
  Server Component:
    ./src/components/dashboard/dashboard-grid.tsx
    ./src/app/dashboard/page.tsx @ http://localhost:3000/_next/static/chunks/node_modules_next_dist_1gdrd03._.js:1817
[   24560ms] [ERROR] ./src/components/dashboard/dashboard-grid.tsx:38:3
Error: Expression expected
  36 |     { initials: "EO", name: "Elena Product Owner", date: "22 de agosto · amanha", area: "E...
  37 |     { initials: "IR", name: "Isabela RH", date: "28 de agosto · em 7 dias", area: "Engenha...
> 38 |   };
     |   ^
  39 |
  40 |   const passedBirthdays = [
  41 |     { initials: "CT", name: "Carla Lider Técnica", date: "10 de agosto · há 11 dias", area...

Parsing ecmascript source code failed

Import trace:
  Server Component:
    ./src/components/dashboard/dashboard-grid.tsx
    ./src/app/dashboard/page.tsx @ http://localhost:3000/_next/static/chunks/node_modules_next_dist_1gdrd03._.js:1817
[   24599ms] [ERROR] ./src/components/dashboard/dashboard-grid.tsx:38:3
Error: Expression expected
  36 |     { initials: "EO", name: "Elena Product Owner", date: "22 de agosto · amanha", area: "E...
  37 |     { initials: "IR", name: "Isabela RH", date: "28 de agosto · em 7 dias", area: "Engenha...
> 38 |   };
     |   ^
  39 |
  40 |   const passedBirthdays = [
  41 |     { initials: "CT", name: "Carla Lider Técnica", date: "10 de agosto · há 11 dias", area...

Parsing ecmascript source code failed

Import trace:
  Server Component:
    ./src/components/dashboard/dashboard-grid.tsx
    ./src/app/dashboard/page.tsx @ http://localhost:3000/_next/static/chunks/node_modules_next_dist_1gdrd03._.js:1817
[   24649ms] [ERROR] ./src/components/dashboard/dashboard-grid.tsx:38:3
Error: Expression expected
  36 |     { initials: "EO", name: "Elena Product Owner", date: "22 de agosto · amanha", area: "E...
  37 |     { initials: "IR", name: "Isabela RH", date: "28 de agosto · em 7 dias", area: "Engenha...
> 38 |   };
     |   ^
  39 |
  40 |   const passedBirthdays = [
  41 |     { initials: "CT", name: "Carla Lider Técnica", date: "10 de agosto · há 11 dias", area...

Parsing ecmascript source code failed

Import trace:
  Server Component:
    ./src/components/dashboard/dashboard-grid.tsx
    ./src/app/dashboard/page.tsx @ http://localhost:3000/_next/static/chunks/node_modules_next_dist_1gdrd03._.js:1817
[   24690ms] [ERROR] ./src/components/dashboard/dashboard-grid.tsx:38:3
Error: Expression expected
  36 |     { initials: "EO", name: "Elena Product Owner", date: "22 de agosto · amanha", area: "E...
  37 |     { initials: "IR", name: "Isabela RH", date: "28 de agosto · em 7 dias", area: "Engenha...
> 38 |   };
     |   ^
  39 |
  40 |   const passedBirthdays = [
  41 |     { initials: "CT", name: "Carla Lider Técnica", date: "10 de agosto · há 11 dias", area...

Parsing ecmascript source code failed

Import trace:
  Server Component:
    ./src/components/dashboard/dashboard-grid.tsx
    ./src/app/dashboard/page.tsx @ http://localhost:3000/_next/static/chunks/node_modules_next_dist_1gdrd03._.js:1817
[   24735ms] [ERROR] ./src/components/dashboard/dashboard-grid.tsx:38:3
Error: Expression expected
  36 |     { initials: "EO", name: "Elena Product Owner", date: "22 de agosto · amanha", area: "E...
  37 |     { initials: "IR", name: "Isabela RH", date: "28 de agosto · em 7 dias", area: "Engenha...
> 38 |   };
     |   ^
  39 |
  40 |   const passedBirthdays = [
  41 |     { initials: "CT", name: "Carla Lider Técnica", date: "10 de agosto · há 11 dias", area...

Parsing ecmascript source code failed

Import trace:
  Server Component:
    ./src/components/dashboard/dashboard-grid.tsx
    ./src/app/dashboard/page.tsx @ http://localhost:3000/_next/static/chunks/node_modules_next_dist_1gdrd03._.js:1817
[   24778ms] [ERROR] ./src/components/dashboard/dashboard-grid.tsx:38:3
Error: Expression expected
  36 |     { initials: "EO", name: "Elena Product Owner", date: "22 de agosto · amanha", area: "E...
  37 |     { initials: "IR", name: "Isabela RH", date: "28 de agosto · em 7 dias", area: "Engenha...
> 38 |   };
     |   ^
  39 |
  40 |   const passedBirthdays = [
  41 |     { initials: "CT", name: "Carla Lider Técnica", date: "10 de agosto · há 11 dias", area...

Parsing ecmascript source code failed

Import trace:
  Server Component:
    ./src/components/dashboard/dashboard-grid.tsx
    ./src/app/dashboard/page.tsx @ http://localhost:3000/_next/static/chunks/node_modules_next_dist_1gdrd03._.js:1817
[   24815ms] [ERROR] ./src/components/dashboard/dashboard-grid.tsx:38:3
Error: Expression expected
  36 |     { initials: "EO", name: "Elena Product Owner", date: "22 de agosto · amanha", area: "E...
  37 |     { initials: "IR", name: "Isabela RH", date: "28 de agosto · em 7 dias", area: "Engenha...
> 38 |   };
     |   ^
  39 |
  40 |   const passedBirthdays = [
  41 |     { initials: "CT", name: "Carla Lider Técnica", date: "10 de agosto · há 11 dias", area...

Parsing ecmascript source code failed

Import trace:
  Server Component:
    ./src/components/dashboard/dashboard-grid.tsx
    ./src/app/dashboard/page.tsx @ http://localhost:3000/_next/static/chunks/node_modules_next_dist_1gdrd03._.js:1817
[   24876ms] [ERROR] ./src/components/dashboard/dashboard-grid.tsx:38:3
Error: Expression expected
  36 |     { initials: "EO", name: "Elena Product Owner", date: "22 de agosto · amanha", area: "E...
  37 |     { initials: "IR", name: "Isabela RH", date: "28 de agosto · em 7 dias", area: "Engenha...
> 38 |   };
     |   ^
  39 |
  40 |   const passedBirthdays = [
  41 |     { initials: "CT", name: "Carla Lider Técnica", date: "10 de agosto · há 11 dias", area...

Parsing ecmascript source code failed

Import trace:
  Server Component:
    ./src/components/dashboard/dashboard-grid.tsx
    ./src/app/dashboard/page.tsx @ http://localhost:3000/_next/static/chunks/node_modules_next_dist_1gdrd03._.js:1817
[   24915ms] [ERROR] ./src/components/dashboard/dashboard-grid.tsx:38:3
Error: Expression expected
  36 |     { initials: "EO", name: "Elena Product Owner", date: "22 de agosto · amanha", area: "E...
  37 |     { initials: "IR", name: "Isabela RH", date: "28 de agosto · em 7 dias", area: "Engenha...
> 38 |   };
     |   ^
  39 |
  40 |   const passedBirthdays = [
  41 |     { initials: "CT", name: "Carla Lider Técnica", date: "10 de agosto · há 11 dias", area...

Parsing ecmascript source code failed

Import trace:
  Server Component:
    ./src/components/dashboard/dashboard-grid.tsx
    ./src/app/dashboard/page.tsx @ http://localhost:3000/_next/static/chunks/node_modules_next_dist_1gdrd03._.js:1817
[   24959ms] [ERROR] ./src/components/dashboard/dashboard-grid.tsx:38:3
Error: Expression expected
  36 |     { initials: "EO", name: "Elena Product Owner", date: "22 de agosto · amanha", area: "E...
  37 |     { initials: "IR", name: "Isabela RH", date: "28 de agosto · em 7 dias", area: "Engenha...
> 38 |   };
     |   ^
  39 |
  40 |   const passedBirthdays = [
  41 |     { initials: "CT", name: "Carla Lider Técnica", date: "10 de agosto · há 11 dias", area...

Parsing ecmascript source code failed

Import trace:
  Server Component:
    ./src/components/dashboard/dashboard-grid.tsx
    ./src/app/dashboard/page.tsx @ http://localhost:3000/_next/static/chunks/node_modules_next_dist_1gdrd03._.js:1817
[   25002ms] [ERROR] ./src/components/dashboard/dashboard-grid.tsx:38:3
Error: Expression expected
  36 |     { initials: "EO", name: "Elena Product Owner", date: "22 de agosto · amanha", area: "E...
  37 |     { initials: "IR", name: "Isabela RH", date: "28 de agosto · em 7 dias", area: "Engenha...
> 38 |   };
     |   ^
  39 |
  40 |   const passedBirthdays = [
  41 |     { initials: "CT", name: "Carla Lider Técnica", date: "10 de agosto · há 11 dias", area...

Parsing ecmascript source code failed

Import trace:
  Server Component:
    ./src/components/dashboard/dashboard-grid.tsx
    ./src/app/dashboard/page.tsx @ http://localhost:3000/_next/static/chunks/node_modules_next_dist_1gdrd03._.js:1817
[   25049ms] [ERROR] ./src/components/dashboard/dashboard-grid.tsx:38:3
Error: Expression expected
  36 |     { initials: "EO", name: "Elena Product Owner", date: "22 de agosto · amanha", area: "E...
  37 |     { initials: "IR", name: "Isabela RH", date: "28 de agosto · em 7 dias", area: "Engenha...
> 38 |   };
     |   ^
  39 |
  40 |   const passedBirthdays = [
  41 |     { initials: "CT", name: "Carla Lider Técnica", date: "10 de agosto · há 11 dias", area...

Parsing ecmascript source code failed

Import trace:
  Server Component:
    ./src/components/dashboard/dashboard-grid.tsx
    ./src/app/dashboard/page.tsx @ http://localhost:3000/_next/static/chunks/node_modules_next_dist_1gdrd03._.js:1817
[   25097ms] [ERROR] ./src/components/dashboard/dashboard-grid.tsx:38:3
Error: Expression expected
  36 |     { initials: "EO", name: "Elena Product Owner", date: "22 de agosto · amanha", area: "E...
  37 |     { initials: "IR", name: "Isabela RH", date: "28 de agosto · em 7 dias", area: "Engenha...
> 38 |   };
     |   ^
  39 |
  40 |   const passedBirthdays = [
  41 |     { initials: "CT", name: "Carla Lider Técnica", date: "10 de agosto · há 11 dias", area...

Parsing ecmascript source code failed

Import trace:
  Server Component:
    ./src/components/dashboard/dashboard-grid.tsx
    ./src/app/dashboard/page.tsx @ http://localhost:3000/_next/static/chunks/node_modules_next_dist_1gdrd03._.js:1817
[   25148ms] [ERROR] ./src/components/dashboard/dashboard-grid.tsx:38:3
Error: Expression expected
  36 |     { initials: "EO", name: "Elena Product Owner", date: "22 de agosto · amanha", area: "E...
  37 |     { initials: "IR", name: "Isabela RH", date: "28 de agosto · em 7 dias", area: "Engenha...
> 38 |   };
     |   ^
  39 |
  40 |   const passedBirthdays = [
  41 |     { initials: "CT", name: "Carla Lider Técnica", date: "10 de agosto · há 11 dias", area...

Parsing ecmascript source code failed

Import trace:
  Server Component:
    ./src/components/dashboard/dashboard-grid.tsx
    ./src/app/dashboard/page.tsx @ http://localhost:3000/_next/static/chunks/node_modules_next_dist_1gdrd03._.js:1817
[   25195ms] [ERROR] ./src/components/dashboard/dashboard-grid.tsx:38:3
Error: Expression expected
  36 |     { initials: "EO", name: "Elena Product Owner", date: "22 de agosto · amanha", area: "E...
  37 |     { initials: "IR", name: "Isabela RH", date: "28 de agosto · em 7 dias", area: "Engenha...
> 38 |   };
     |   ^
  39 |
  40 |   const passedBirthdays = [
  41 |     { initials: "CT", name: "Carla Lider Técnica", date: "10 de agosto · há 11 dias", area...

Parsing ecmascript source code failed

Import trace:
  Server Component:
    ./src/components/dashboard/dashboard-grid.tsx
    ./src/app/dashboard/page.tsx @ http://localhost:3000/_next/static/chunks/node_modules_next_dist_1gdrd03._.js:1817
[   25233ms] [ERROR] ./src/components/dashboard/dashboard-grid.tsx:38:3
Error: Expression expected
  36 |     { initials: "EO", name: "Elena Product Owner", date: "22 de agosto · amanha", area: "E...
  37 |     { initials: "IR", name: "Isabela RH", date: "28 de agosto · em 7 dias", area: "Engenha...
> 38 |   };
     |   ^
  39 |
  40 |   const passedBirthdays = [
  41 |     { initials: "CT", name: "Carla Lider Técnica", date: "10 de agosto · há 11 dias", area...

Parsing ecmascript source code failed

Import trace:
  Server Component:
    ./src/components/dashboard/dashboard-grid.tsx
    ./src/app/dashboard/page.tsx @ http://localhost:3000/_next/static/chunks/node_modules_next_dist_1gdrd03._.js:1817
[   25277ms] [ERROR] ./src/components/dashboard/dashboard-grid.tsx:38:3
Error: Expression expected
  36 |     { initials: "EO", name: "Elena Product Owner", date: "22 de agosto · amanha", area: "E...
  37 |     { initials: "IR", name: "Isabela RH", date: "28 de agosto · em 7 dias", area: "Engenha...
> 38 |   };
     |   ^
  39 |
  40 |   const passedBirthdays = [
  41 |     { initials: "CT", name: "Carla Lider Técnica", date: "10 de agosto · há 11 dias", area...

Parsing ecmascript source code failed

Import trace:
  Server Component:
    ./src/components/dashboard/dashboard-grid.tsx
    ./src/app/dashboard/page.tsx @ http://localhost:3000/_next/static/chunks/node_modules_next_dist_1gdrd03._.js:1817
[   25325ms] [ERROR] ./src/components/dashboard/dashboard-grid.tsx:38:3
Error: Expression expected
  36 |     { initials: "EO", name: "Elena Product Owner", date: "22 de agosto · amanha", area: "E...
  37 |     { initials: "IR", name: "Isabela RH", date: "28 de agosto · em 7 dias", area: "Engenha...
> 38 |   };
     |   ^
  39 |
  40 |   const passedBirthdays = [
  41 |     { initials: "CT", name: "Carla Lider Técnica", date: "10 de agosto · há 11 dias", area...

Parsing ecmascript source code failed

Import trace:
  Server Component:
    ./src/components/dashboard/dashboard-grid.tsx
    ./src/app/dashboard/page.tsx @ http://localhost:3000/_next/static/chunks/node_modules_next_dist_1gdrd03._.js:1817
[   25366ms] [ERROR] ./src/components/dashboard/dashboard-grid.tsx:38:3
Error: Expression expected
  36 |     { initials: "EO", name: "Elena Product Owner", date: "22 de agosto · amanha", area: "E...
  37 |     { initials: "IR", name: "Isabela RH", date: "28 de agosto · em 7 dias", area: "Engenha...
> 38 |   };
     |   ^
  39 |
  40 |   const passedBirthdays = [
  41 |     { initials: "CT", name: "Carla Lider Técnica", date: "10 de agosto · há 11 dias", area...

Parsing ecmascript source code failed

Import trace:
  Server Component:
    ./src/components/dashboard/dashboard-grid.tsx
    ./src/app/dashboard/page.tsx @ http://localhost:3000/_next/static/chunks/node_modules_next_dist_1gdrd03._.js:1817
[   25409ms] [ERROR] ./src/components/dashboard/dashboard-grid.tsx:38:3
Error: Expression expected
  36 |     { initials: "EO", name: "Elena Product Owner", date: "22 de agosto · amanha", area: "E...
  37 |     { initials: "IR", name: "Isabela RH", date: "28 de agosto · em 7 dias", area: "Engenha...
> 38 |   };
     |   ^
  39 |
  40 |   const passedBirthdays = [
  41 |     { initials: "CT", name: "Carla Lider Técnica", date: "10 de agosto · há 11 dias", area...

Parsing ecmascript source code failed

Import trace:
  Server Component:
    ./src/components/dashboard/dashboard-grid.tsx
    ./src/app/dashboard/page.tsx @ http://localhost:3000/_next/static/chunks/node_modules_next_dist_1gdrd03._.js:1817
[   25459ms] [ERROR] ./src/components/dashboard/dashboard-grid.tsx:38:3
Error: Expression expected
  36 |     { initials: "EO", name: "Elena Product Owner", date: "22 de agosto · amanha", area: "E...
  37 |     { initials: "IR", name: "Isabela RH", date: "28 de agosto · em 7 dias", area: "Engenha...
> 38 |   };
     |   ^
  39 |
  40 |   const passedBirthdays = [
  41 |     { initials: "CT", name: "Carla Lider Técnica", date: "10 de agosto · há 11 dias", area...

Parsing ecmascript source code failed

Import trace:
  Server Component:
    ./src/components/dashboard/dashboard-grid.tsx
    ./src/app/dashboard/page.tsx @ http://localhost:3000/_next/static/chunks/node_modules_next_dist_1gdrd03._.js:1817
[   25510ms] [ERROR] ./src/components/dashboard/dashboard-grid.tsx:38:3
Error: Expression expected
  36 |     { initials: "EO", name: "Elena Product Owner", date: "22 de agosto · amanha", area: "E...
  37 |     { initials: "IR", name: "Isabela RH", date: "28 de agosto · em 7 dias", area: "Engenha...
> 38 |   };
     |   ^
  39 |
  40 |   const passedBirthdays = [
  41 |     { initials: "CT", name: "Carla Lider Técnica", date: "10 de agosto · há 11 dias", area...

Parsing ecmascript source code failed

Import trace:
  Server Component:
    ./src/components/dashboard/dashboard-grid.tsx
    ./src/app/dashboard/page.tsx @ http://localhost:3000/_next/static/chunks/node_modules_next_dist_1gdrd03._.js:1817
[   25558ms] [ERROR] ./src/components/dashboard/dashboard-grid.tsx:38:3
Error: Expression expected
  36 |     { initials: "EO", name: "Elena Product Owner", date: "22 de agosto · amanha", area: "E...
  37 |     { initials: "IR", name: "Isabela RH", date: "28 de agosto · em 7 dias", area: "Engenha...
> 38 |   };
     |   ^
  39 |
  40 |   const passedBirthdays = [
  41 |     { initials: "CT", name: "Carla Lider Técnica", date: "10 de agosto · há 11 dias", area...

Parsing ecmascript source code failed

Import trace:
  Server Component:
    ./src/components/dashboard/dashboard-grid.tsx
    ./src/app/dashboard/page.tsx @ http://localhost:3000/_next/static/chunks/node_modules_next_dist_1gdrd03._.js:1817
[   25608ms] [ERROR] ./src/components/dashboard/dashboard-grid.tsx:38:3
Error: Expression expected
  36 |     { initials: "EO", name: "Elena Product Owner", date: "22 de agosto · amanha", area: "E...
  37 |     { initials: "IR", name: "Isabela RH", date: "28 de agosto · em 7 dias", area: "Engenha...
> 38 |   };
     |   ^
  39 |
  40 |   const passedBirthdays = [
  41 |     { initials: "CT", name: "Carla Lider Técnica", date: "10 de agosto · há 11 dias", area...

Parsing ecmascript source code failed

Import trace:
  Server Component:
    ./src/components/dashboard/dashboard-grid.tsx
    ./src/app/dashboard/page.tsx @ http://localhost:3000/_next/static/chunks/node_modules_next_dist_1gdrd03._.js:1817
[   25654ms] [ERROR] ./src/components/dashboard/dashboard-grid.tsx:38:3
Error: Expression expected
  36 |     { initials: "EO", name: "Elena Product Owner", date: "22 de agosto · amanha", area: "E...
  37 |     { initials: "IR", name: "Isabela RH", date: "28 de agosto · em 7 dias", area: "Engenha...
> 38 |   };
     |   ^
  39 |
  40 |   const passedBirthdays = [
  41 |     { initials: "CT", name: "Carla Lider Técnica", date: "10 de agosto · há 11 dias", area...

Parsing ecmascript source code failed

Import trace:
  Server Component:
    ./src/components/dashboard/dashboard-grid.tsx
    ./src/app/dashboard/page.tsx @ http://localhost:3000/_next/static/chunks/node_modules_next_dist_1gdrd03._.js:1817
[   25716ms] [ERROR] ./src/components/dashboard/dashboard-grid.tsx:38:3
Error: Expression expected
  36 |     { initials: "EO", name: "Elena Product Owner", date: "22 de agosto · amanha", area: "E...
  37 |     { initials: "IR", name: "Isabela RH", date: "28 de agosto · em 7 dias", area: "Engenha...
> 38 |   };
     |   ^
  39 |
  40 |   const passedBirthdays = [
  41 |     { initials: "CT", name: "Carla Lider Técnica", date: "10 de agosto · há 11 dias", area...

Parsing ecmascript source code failed

Import trace:
  Server Component:
    ./src/components/dashboard/dashboard-grid.tsx
    ./src/app/dashboard/page.tsx @ http://localhost:3000/_next/static/chunks/node_modules_next_dist_1gdrd03._.js:1817
[   25782ms] [ERROR] ./src/components/dashboard/dashboard-grid.tsx:38:3
Error: Expression expected
  36 |     { initials: "EO", name: "Elena Product Owner", date: "22 de agosto · amanha", area: "E...
  37 |     { initials: "IR", name: "Isabela RH", date: "28 de agosto · em 7 dias", area: "Engenha...
> 38 |   };
     |   ^
  39 |
  40 |   const passedBirthdays = [
  41 |     { initials: "CT", name: "Carla Lider Técnica", date: "10 de agosto · há 11 dias", area...

Parsing ecmascript source code failed

Import trace:
  Server Component:
    ./src/components/dashboard/dashboard-grid.tsx
    ./src/app/dashboard/page.tsx @ http://localhost:3000/_next/static/chunks/node_modules_next_dist_1gdrd03._.js:1817
[   25849ms] [ERROR] ./src/components/dashboard/dashboard-grid.tsx:38:3
Error: Expression expected
  36 |     { initials: "EO", name: "Elena Product Owner", date: "22 de agosto · amanha", area: "E...
  37 |     { initials: "IR", name: "Isabela RH", date: "28 de agosto · em 7 dias", area: "Engenha...
> 38 |   };
     |   ^
  39 |
  40 |   const passedBirthdays = [
  41 |     { initials: "CT", name: "Carla Lider Técnica", date: "10 de agosto · há 11 dias", area...

Parsing ecmascript source code failed

Import trace:
  Server Component:
    ./src/components/dashboard/dashboard-grid.tsx
    ./src/app/dashboard/page.tsx @ http://localhost:3000/_next/static/chunks/node_modules_next_dist_1gdrd03._.js:1817
[   25900ms] [ERROR] ./src/components/dashboard/dashboard-grid.tsx:38:3
Error: Expression expected
  36 |     { initials: "EO", name: "Elena Product Owner", date: "22 de agosto · amanha", area: "E...
  37 |     { initials: "IR", name: "Isabela RH", date: "28 de agosto · em 7 dias", area: "Engenha...
> 38 |   };
     |   ^
  39 |
  40 |   const passedBirthdays = [
  41 |     { initials: "CT", name: "Carla Lider Técnica", date: "10 de agosto · há 11 dias", area...

Parsing ecmascript source code failed

Import trace:
  Server Component:
    ./src/components/dashboard/dashboard-grid.tsx
    ./src/app/dashboard/page.tsx @ http://localhost:3000/_next/static/chunks/node_modules_next_dist_1gdrd03._.js:1817
[   25966ms] [ERROR] ./src/components/dashboard/dashboard-grid.tsx:38:3
Error: Expression expected
  36 |     { initials: "EO", name: "Elena Product Owner", date: "22 de agosto · amanha", area: "E...
  37 |     { initials: "IR", name: "Isabela RH", date: "28 de agosto · em 7 dias", area: "Engenha...
> 38 |   };
     |   ^
  39 |
  40 |   const passedBirthdays = [
  41 |     { initials: "CT", name: "Carla Lider Técnica", date: "10 de agosto · há 11 dias", area...

Parsing ecmascript source code failed

Import trace:
  Server Component:
    ./src/components/dashboard/dashboard-grid.tsx
    ./src/app/dashboard/page.tsx @ http://localhost:3000/_next/static/chunks/node_modules_next_dist_1gdrd03._.js:1817
[   26015ms] [ERROR] ./src/components/dashboard/dashboard-grid.tsx:38:3
Error: Expression expected
  36 |     { initials: "EO", name: "Elena Product Owner", date: "22 de agosto · amanha", area: "E...
  37 |     { initials: "IR", name: "Isabela RH", date: "28 de agosto · em 7 dias", area: "Engenha...
> 38 |   };
     |   ^
  39 |
  40 |   const passedBirthdays = [
  41 |     { initials: "CT", name: "Carla Lider Técnica", date: "10 de agosto · há 11 dias", area...

Parsing ecmascript source code failed

Import trace:
  Server Component:
    ./src/components/dashboard/dashboard-grid.tsx
    ./src/app/dashboard/page.tsx @ http://localhost:3000/_next/static/chunks/node_modules_next_dist_1gdrd03._.js:1817
[   26065ms] [ERROR] ./src/components/dashboard/dashboard-grid.tsx:38:3
Error: Expression expected
  36 |     { initials: "EO", name: "Elena Product Owner", date: "22 de agosto · amanha", area: "E...
  37 |     { initials: "IR", name: "Isabela RH", date: "28 de agosto · em 7 dias", area: "Engenha...
> 38 |   };
     |   ^
  39 |
  40 |   const passedBirthdays = [
  41 |     { initials: "CT", name: "Carla Lider Técnica", date: "10 de agosto · há 11 dias", area...

Parsing ecmascript source code failed

Import trace:
  Server Component:
    ./src/components/dashboard/dashboard-grid.tsx
    ./src/app/dashboard/page.tsx @ http://localhost:3000/_next/static/chunks/node_modules_next_dist_1gdrd03._.js:1817
[   26115ms] [ERROR] ./src/components/dashboard/dashboard-grid.tsx:38:3
Error: Expression expected
  36 |     { initials: "EO", name: "Elena Product Owner", date: "22 de agosto · amanha", area: "E...
  37 |     { initials: "IR", name: "Isabela RH", date: "28 de agosto · em 7 dias", area: "Engenha...
> 38 |   };
     |   ^
  39 |
  40 |   const passedBirthdays = [
  41 |     { initials: "CT", name: "Carla Lider Técnica", date: "10 de agosto · há 11 dias", area...

Parsing ecmascript source code failed

Import trace:
  Server Component:
    ./src/components/dashboard/dashboard-grid.tsx
    ./src/app/dashboard/page.tsx @ http://localhost:3000/_next/static/chunks/node_modules_next_dist_1gdrd03._.js:1817
[   26165ms] [ERROR] ./src/components/dashboard/dashboard-grid.tsx:38:3
Error: Expression expected
  36 |     { initials: "EO", name: "Elena Product Owner", date: "22 de agosto · amanha", area: "E...
  37 |     { initials: "IR", name: "Isabela RH", date: "28 de agosto · em 7 dias", area: "Engenha...
> 38 |   };
     |   ^
  39 |
  40 |   const passedBirthdays = [
  41 |     { initials: "CT", name: "Carla Lider Técnica", date: "10 de agosto · há 11 dias", area...

Parsing ecmascript source code failed

Import trace:
  Server Component:
    ./src/components/dashboard/dashboard-grid.tsx
    ./src/app/dashboard/page.tsx @ http://localhost:3000/_next/static/chunks/node_modules_next_dist_1gdrd03._.js:1817
[   26215ms] [ERROR] ./src/components/dashboard/dashboard-grid.tsx:38:3
Error: Expression expected
  36 |     { initials: "EO", name: "Elena Product Owner", date: "22 de agosto · amanha", area: "E...
  37 |     { initials: "IR", name: "Isabela RH", date: "28 de agosto · em 7 dias", area: "Engenha...
> 38 |   };
     |   ^
  39 |
  40 |   const passedBirthdays = [
  41 |     { initials: "CT", name: "Carla Lider Técnica", date: "10 de agosto · há 11 dias", area...

Parsing ecmascript source code failed

Import trace:
  Server Component:
    ./src/components/dashboard/dashboard-grid.tsx
    ./src/app/dashboard/page.tsx @ http://localhost:3000/_next/static/chunks/node_modules_next_dist_1gdrd03._.js:1817
[   26266ms] [ERROR] ./src/components/dashboard/dashboard-grid.tsx:38:3
Error: Expression expected
  36 |     { initials: "EO", name: "Elena Product Owner", date: "22 de agosto · amanha", area: "E...
  37 |     { initials: "IR", name: "Isabela RH", date: "28 de agosto · em 7 dias", area: "Engenha...
> 38 |   };
     |   ^
  39 |
  40 |   const passedBirthdays = [
  41 |     { initials: "CT", name: "Carla Lider Técnica", date: "10 de agosto · há 11 dias", area...

Parsing ecmascript source code failed

Import trace:
  Server Component:
    ./src/components/dashboard/dashboard-grid.tsx
    ./src/app/dashboard/page.tsx @ http://localhost:3000/_next/static/chunks/node_modules_next_dist_1gdrd03._.js:1817
[   26312ms] [ERROR] ./src/components/dashboard/dashboard-grid.tsx:38:3
Error: Expression expected
  36 |     { initials: "EO", name: "Elena Product Owner", date: "22 de agosto · amanha", area: "E...
  37 |     { initials: "IR", name: "Isabela RH", date: "28 de agosto · em 7 dias", area: "Engenha...
> 38 |   };
     |   ^
  39 |
  40 |   const passedBirthdays = [
  41 |     { initials: "CT", name: "Carla Lider Técnica", date: "10 de agosto · há 11 dias", area...

Parsing ecmascript source code failed

Import trace:
  Server Component:
    ./src/components/dashboard/dashboard-grid.tsx
    ./src/app/dashboard/page.tsx @ http://localhost:3000/_next/static/chunks/node_modules_next_dist_1gdrd03._.js:1817
[   26350ms] [ERROR] ./src/components/dashboard/dashboard-grid.tsx:38:3
Error: Expression expected
  36 |     { initials: "EO", name: "Elena Product Owner", date: "22 de agosto · amanha", area: "E...
  37 |     { initials: "IR", name: "Isabela RH", date: "28 de agosto · em 7 dias", area: "Engenha...
> 38 |   };
     |   ^
  39 |
  40 |   const passedBirthdays = [
  41 |     { initials: "CT", name: "Carla Lider Técnica", date: "10 de agosto · há 11 dias", area...

Parsing ecmascript source code failed

Import trace:
  Server Component:
    ./src/components/dashboard/dashboard-grid.tsx
    ./src/app/dashboard/page.tsx @ http://localhost:3000/_next/static/chunks/node_modules_next_dist_1gdrd03._.js:1817
[   26393ms] [ERROR] ./src/components/dashboard/dashboard-grid.tsx:38:3
Error: Expression expected
  36 |     { initials: "EO", name: "Elena Product Owner", date: "22 de agosto · amanha", area: "E...
  37 |     { initials: "IR", name: "Isabela RH", date: "28 de agosto · em 7 dias", area: "Engenha...
> 38 |   };
     |   ^
  39 |
  40 |   const passedBirthdays = [
  41 |     { initials: "CT", name: "Carla Lider Técnica", date: "10 de agosto · há 11 dias", area...

Parsing ecmascript source code failed

Import trace:
  Server Component:
    ./src/components/dashboard/dashboard-grid.tsx
    ./src/app/dashboard/page.tsx @ http://localhost:3000/_next/static/chunks/node_modules_next_dist_1gdrd03._.js:1817
[   26434ms] [ERROR] ./src/components/dashboard/dashboard-grid.tsx:38:3
Error: Expression expected
  36 |     { initials: "EO", name: "Elena Product Owner", date: "22 de agosto · amanha", area: "E...
  37 |     { initials: "IR", name: "Isabela RH", date: "28 de agosto · em 7 dias", area: "Engenha...
> 38 |   };
     |   ^
  39 |
  40 |   const passedBirthdays = [
  41 |     { initials: "CT", name: "Carla Lider Técnica", date: "10 de agosto · há 11 dias", area...

Parsing ecmascript source code failed

Import trace:
  Server Component:
    ./src/components/dashboard/dashboard-grid.tsx
    ./src/app/dashboard/page.tsx @ http://localhost:3000/_next/static/chunks/node_modules_next_dist_1gdrd03._.js:1817
[   26477ms] [ERROR] ./src/components/dashboard/dashboard-grid.tsx:38:3
Error: Expression expected
  36 |     { initials: "EO", name: "Elena Product Owner", date: "22 de agosto · amanha", area: "E...
  37 |     { initials: "IR", name: "Isabela RH", date: "28 de agosto · em 7 dias", area: "Engenha...
> 38 |   };
     |   ^
  39 |
  40 |   const passedBirthdays = [
  41 |     { initials: "CT", name: "Carla Lider Técnica", date: "10 de agosto · há 11 dias", area...

Parsing ecmascript source code failed

Import trace:
  Server Component:
    ./src/components/dashboard/dashboard-grid.tsx
    ./src/app/dashboard/page.tsx @ http://localhost:3000/_next/static/chunks/node_modules_next_dist_1gdrd03._.js:1817
[   26517ms] [ERROR] ./src/components/dashboard/dashboard-grid.tsx:38:3
Error: Expression expected
  36 |     { initials: "EO", name: "Elena Product Owner", date: "22 de agosto · amanha", area: "E...
  37 |     { initials: "IR", name: "Isabela RH", date: "28 de agosto · em 7 dias", area: "Engenha...
> 38 |   };
     |   ^
  39 |
  40 |   const passedBirthdays = [
  41 |     { initials: "CT", name: "Carla Lider Técnica", date: "10 de agosto · há 11 dias", area...

Parsing ecmascript source code failed

Import trace:
  Server Component:
    ./src/components/dashboard/dashboard-grid.tsx
    ./src/app/dashboard/page.tsx @ http://localhost:3000/_next/static/chunks/node_modules_next_dist_1gdrd03._.js:1817
[   26567ms] [ERROR] ./src/components/dashboard/dashboard-grid.tsx:38:3
Error: Expression expected
  36 |     { initials: "EO", name: "Elena Product Owner", date: "22 de agosto · amanha", area: "E...
  37 |     { initials: "IR", name: "Isabela RH", date: "28 de agosto · em 7 dias", area: "Engenha...
> 38 |   };
     |   ^
  39 |
  40 |   const passedBirthdays = [
  41 |     { initials: "CT", name: "Carla Lider Técnica", date: "10 de agosto · há 11 dias", area...

Parsing ecmascript source code failed

Import trace:
  Server Component:
    ./src/components/dashboard/dashboard-grid.tsx
    ./src/app/dashboard/page.tsx @ http://localhost:3000/_next/static/chunks/node_modules_next_dist_1gdrd03._.js:1817
[   26610ms] [ERROR] ./src/components/dashboard/dashboard-grid.tsx:38:3
Error: Expression expected
  36 |     { initials: "EO", name: "Elena Product Owner", date: "22 de agosto · amanha", area: "E...
  37 |     { initials: "IR", name: "Isabela RH", date: "28 de agosto · em 7 dias", area: "Engenha...
> 38 |   };
     |   ^
  39 |
  40 |   const passedBirthdays = [
  41 |     { initials: "CT", name: "Carla Lider Técnica", date: "10 de agosto · há 11 dias", area...

Parsing ecmascript source code failed

Import trace:
  Server Component:
    ./src/components/dashboard/dashboard-grid.tsx
    ./src/app/dashboard/page.tsx @ http://localhost:3000/_next/static/chunks/node_modules_next_dist_1gdrd03._.js:1817
[   26656ms] [ERROR] ./src/components/dashboard/dashboard-grid.tsx:38:3
Error: Expression expected
  36 |     { initials: "EO", name: "Elena Product Owner", date: "22 de agosto · amanha", area: "E...
  37 |     { initials: "IR", name: "Isabela RH", date: "28 de agosto · em 7 dias", area: "Engenha...
> 38 |   };
     |   ^
  39 |
  40 |   const passedBirthdays = [
  41 |     { initials: "CT", name: "Carla Lider Técnica", date: "10 de agosto · há 11 dias", area...

Parsing ecmascript source code failed

Import trace:
  Server Component:
    ./src/components/dashboard/dashboard-grid.tsx
    ./src/app/dashboard/page.tsx @ http://localhost:3000/_next/static/chunks/node_modules_next_dist_1gdrd03._.js:1817
[   26699ms] [ERROR] ./src/components/dashboard/dashboard-grid.tsx:38:3
Error: Expression expected
  36 |     { initials: "EO", name: "Elena Product Owner", date: "22 de agosto · amanha", area: "E...
  37 |     { initials: "IR", name: "Isabela RH", date: "28 de agosto · em 7 dias", area: "Engenha...
> 38 |   };
     |   ^
  39 |
  40 |   const passedBirthdays = [
  41 |     { initials: "CT", name: "Carla Lider Técnica", date: "10 de agosto · há 11 dias", area...

Parsing ecmascript source code failed

Import trace:
  Server Component:
    ./src/components/dashboard/dashboard-grid.tsx
    ./src/app/dashboard/page.tsx @ http://localhost:3000/_next/static/chunks/node_modules_next_dist_1gdrd03._.js:1817
[   26749ms] [ERROR] ./src/components/dashboard/dashboard-grid.tsx:38:3
Error: Expression expected
  36 |     { initials: "EO", name: "Elena Product Owner", date: "22 de agosto · amanha", area: "E...
  37 |     { initials: "IR", name: "Isabela RH", date: "28 de agosto · em 7 dias", area: "Engenha...
> 38 |   };
     |   ^
  39 |
  40 |   const passedBirthdays = [
  41 |     { initials: "CT", name: "Carla Lider Técnica", date: "10 de agosto · há 11 dias", area...

Parsing ecmascript source code failed

Import trace:
  Server Component:
    ./src/components/dashboard/dashboard-grid.tsx
    ./src/app/dashboard/page.tsx @ http://localhost:3000/_next/static/chunks/node_modules_next_dist_1gdrd03._.js:1817
[   26799ms] [ERROR] ./src/components/dashboard/dashboard-grid.tsx:38:3
Error: Expression expected
  36 |     { initials: "EO", name: "Elena Product Owner", date: "22 de agosto · amanha", area: "E...
  37 |     { initials: "IR", name: "Isabela RH", date: "28 de agosto · em 7 dias", area: "Engenha...
> 38 |   };
     |   ^
  39 |
  40 |   const passedBirthdays = [
  41 |     { initials: "CT", name: "Carla Lider Técnica", date: "10 de agosto · há 11 dias", area...

Parsing ecmascript source code failed

Import trace:
  Server Component:
    ./src/components/dashboard/dashboard-grid.tsx
    ./src/app/dashboard/page.tsx @ http://localhost:3000/_next/static/chunks/node_modules_next_dist_1gdrd03._.js:1817
[   26849ms] [ERROR] ./src/components/dashboard/dashboard-grid.tsx:38:3
Error: Expression expected
  36 |     { initials: "EO", name: "Elena Product Owner", date: "22 de agosto · amanha", area: "E...
  37 |     { initials: "IR", name: "Isabela RH", date: "28 de agosto · em 7 dias", area: "Engenha...
> 38 |   };
     |   ^
  39 |
  40 |   const passedBirthdays = [
  41 |     { initials: "CT", name: "Carla Lider Técnica", date: "10 de agosto · há 11 dias", area...

Parsing ecmascript source code failed

Import trace:
  Server Component:
    ./src/components/dashboard/dashboard-grid.tsx
    ./src/app/dashboard/page.tsx @ http://localhost:3000/_next/static/chunks/node_modules_next_dist_1gdrd03._.js:1817
[   26915ms] [ERROR] ./src/components/dashboard/dashboard-grid.tsx:38:3
Error: Expression expected
  36 |     { initials: "EO", name: "Elena Product Owner", date: "22 de agosto · amanha", area: "E...
  37 |     { initials: "IR", name: "Isabela RH", date: "28 de agosto · em 7 dias", area: "Engenha...
> 38 |   };
     |   ^
  39 |
  40 |   const passedBirthdays = [
  41 |     { initials: "CT", name: "Carla Lider Técnica", date: "10 de agosto · há 11 dias", area...

Parsing ecmascript source code failed

Import trace:
  Server Component:
    ./src/components/dashboard/dashboard-grid.tsx
    ./src/app/dashboard/page.tsx @ http://localhost:3000/_next/static/chunks/node_modules_next_dist_1gdrd03._.js:1817
[   26966ms] [ERROR] ./src/components/dashboard/dashboard-grid.tsx:38:3
Error: Expression expected
  36 |     { initials: "EO", name: "Elena Product Owner", date: "22 de agosto · amanha", area: "E...
  37 |     { initials: "IR", name: "Isabela RH", date: "28 de agosto · em 7 dias", area: "Engenha...
> 38 |   };
     |   ^
  39 |
  40 |   const passedBirthdays = [
  41 |     { initials: "CT", name: "Carla Lider Técnica", date: "10 de agosto · há 11 dias", area...

Parsing ecmascript source code failed

Import trace:
  Server Component:
    ./src/components/dashboard/dashboard-grid.tsx
    ./src/app/dashboard/page.tsx @ http://localhost:3000/_next/static/chunks/node_modules_next_dist_1gdrd03._.js:1817
[   27015ms] [ERROR] ./src/components/dashboard/dashboard-grid.tsx:38:3
Error: Expression expected
  36 |     { initials: "EO", name: "Elena Product Owner", date: "22 de agosto · amanha", area: "E...
  37 |     { initials: "IR", name: "Isabela RH", date: "28 de agosto · em 7 dias", area: "Engenha...
> 38 |   };
     |   ^
  39 |
  40 |   const passedBirthdays = [
  41 |     { initials: "CT", name: "Carla Lider Técnica", date: "10 de agosto · há 11 dias", area...

Parsing ecmascript source code failed

Import trace:
  Server Component:
    ./src/components/dashboard/dashboard-grid.tsx
    ./src/app/dashboard/page.tsx @ http://localhost:3000/_next/static/chunks/node_modules_next_dist_1gdrd03._.js:1817
[   27064ms] [ERROR] ./src/components/dashboard/dashboard-grid.tsx:38:3
Error: Expression expected
  36 |     { initials: "EO", name: "Elena Product Owner", date: "22 de agosto · amanha", area: "E...
  37 |     { initials: "IR", name: "Isabela RH", date: "28 de agosto · em 7 dias", area: "Engenha...
> 38 |   };
     |   ^
  39 |
  40 |   const passedBirthdays = [
  41 |     { initials: "CT", name: "Carla Lider Técnica", date: "10 de agosto · há 11 dias", area...

Parsing ecmascript source code failed

Import trace:
  Server Component:
    ./src/components/dashboard/dashboard-grid.tsx
    ./src/app/dashboard/page.tsx @ http://localhost:3000/_next/static/chunks/node_modules_next_dist_1gdrd03._.js:1817
[   27115ms] [ERROR] ./src/components/dashboard/dashboard-grid.tsx:38:3
Error: Expression expected
  36 |     { initials: "EO", name: "Elena Product Owner", date: "22 de agosto · amanha", area: "E...
  37 |     { initials: "IR", name: "Isabela RH", date: "28 de agosto · em 7 dias", area: "Engenha...
> 38 |   };
     |   ^
  39 |
  40 |   const passedBirthdays = [
  41 |     { initials: "CT", name: "Carla Lider Técnica", date: "10 de agosto · há 11 dias", area...

Parsing ecmascript source code failed

Import trace:
  Server Component:
    ./src/components/dashboard/dashboard-grid.tsx
    ./src/app/dashboard/page.tsx @ http://localhost:3000/_next/static/chunks/node_modules_next_dist_1gdrd03._.js:1817
[   27166ms] [ERROR] ./src/components/dashboard/dashboard-grid.tsx:38:3
Error: Expression expected
  36 |     { initials: "EO", name: "Elena Product Owner", date: "22 de agosto · amanha", area: "E...
  37 |     { initials: "IR", name: "Isabela RH", date: "28 de agosto · em 7 dias", area: "Engenha...
> 38 |   };
     |   ^
  39 |
  40 |   const passedBirthdays = [
  41 |     { initials: "CT", name: "Carla Lider Técnica", date: "10 de agosto · há 11 dias", area...

Parsing ecmascript source code failed

Import trace:
  Server Component:
    ./src/components/dashboard/dashboard-grid.tsx
    ./src/app/dashboard/page.tsx @ http://localhost:3000/_next/static/chunks/node_modules_next_dist_1gdrd03._.js:1817
[   27215ms] [ERROR] ./src/components/dashboard/dashboard-grid.tsx:38:3
Error: Expression expected
  36 |     { initials: "EO", name: "Elena Product Owner", date: "22 de agosto · amanha", area: "E...
  37 |     { initials: "IR", name: "Isabela RH", date: "28 de agosto · em 7 dias", area: "Engenha...
> 38 |   };
     |   ^
  39 |
  40 |   const passedBirthdays = [
  41 |     { initials: "CT", name: "Carla Lider Técnica", date: "10 de agosto · há 11 dias", area...

Parsing ecmascript source code failed

Import trace:
  Server Component:
    ./src/components/dashboard/dashboard-grid.tsx
    ./src/app/dashboard/page.tsx @ http://localhost:3000/_next/static/chunks/node_modules_next_dist_1gdrd03._.js:1817
[   27266ms] [ERROR] ./src/components/dashboard/dashboard-grid.tsx:38:3
Error: Expression expected
  36 |     { initials: "EO", name: "Elena Product Owner", date: "22 de agosto · amanha", area: "E...
  37 |     { initials: "IR", name: "Isabela RH", date: "28 de agosto · em 7 dias", area: "Engenha...
> 38 |   };
     |   ^
  39 |
  40 |   const passedBirthdays = [
  41 |     { initials: "CT", name: "Carla Lider Técnica", date: "10 de agosto · há 11 dias", area...

Parsing ecmascript source code failed

Import trace:
  Server Component:
    ./src/components/dashboard/dashboard-grid.tsx
    ./src/app/dashboard/page.tsx @ http://localhost:3000/_next/static/chunks/node_modules_next_dist_1gdrd03._.js:1817
[   27314ms] [ERROR] ./src/components/dashboard/dashboard-grid.tsx:38:3
Error: Expression expected
  36 |     { initials: "EO", name: "Elena Product Owner", date: "22 de agosto · amanha", area: "E...
  37 |     { initials: "IR", name: "Isabela RH", date: "28 de agosto · em 7 dias", area: "Engenha...
> 38 |   };
     |   ^
  39 |
  40 |   const passedBirthdays = [
  41 |     { initials: "CT", name: "Carla Lider Técnica", date: "10 de agosto · há 11 dias", area...

Parsing ecmascript source code failed

Import trace:
  Server Component:
    ./src/components/dashboard/dashboard-grid.tsx
    ./src/app/dashboard/page.tsx @ http://localhost:3000/_next/static/chunks/node_modules_next_dist_1gdrd03._.js:1817
[   27366ms] [ERROR] ./src/components/dashboard/dashboard-grid.tsx:38:3
Error: Expression expected
  36 |     { initials: "EO", name: "Elena Product Owner", date: "22 de agosto · amanha", area: "E...
  37 |     { initials: "IR", name: "Isabela RH", date: "28 de agosto · em 7 dias", area: "Engenha...
> 38 |   };
     |   ^
  39 |
  40 |   const passedBirthdays = [
  41 |     { initials: "CT", name: "Carla Lider Técnica", date: "10 de agosto · há 11 dias", area...

Parsing ecmascript source code failed

Import trace:
  Server Component:
    ./src/components/dashboard/dashboard-grid.tsx
    ./src/app/dashboard/page.tsx @ http://localhost:3000/_next/static/chunks/node_modules_next_dist_1gdrd03._.js:1817
[   27413ms] [ERROR] ./src/components/dashboard/dashboard-grid.tsx:38:3
Error: Expression expected
  36 |     { initials: "EO", name: "Elena Product Owner", date: "22 de agosto · amanha", area: "E...
  37 |     { initials: "IR", name: "Isabela RH", date: "28 de agosto · em 7 dias", area: "Engenha...
> 38 |   };
     |   ^
  39 |
  40 |   const passedBirthdays = [
  41 |     { initials: "CT", name: "Carla Lider Técnica", date: "10 de agosto · há 11 dias", area...

Parsing ecmascript source code failed

Import trace:
  Server Component:
    ./src/components/dashboard/dashboard-grid.tsx
    ./src/app/dashboard/page.tsx @ http://localhost:3000/_next/static/chunks/node_modules_next_dist_1gdrd03._.js:1817
[   27458ms] [ERROR] ./src/components/dashboard/dashboard-grid.tsx:38:3
Error: Expression expected
  36 |     { initials: "EO", name: "Elena Product Owner", date: "22 de agosto · amanha", area: "E...
  37 |     { initials: "IR", name: "Isabela RH", date: "28 de agosto · em 7 dias", area: "Engenha...
> 38 |   };
     |   ^
  39 |
  40 |   const passedBirthdays = [
  41 |     { initials: "CT", name: "Carla Lider Técnica", date: "10 de agosto · há 11 dias", area...

Parsing ecmascript source code failed

Import trace:
  Server Component:
    ./src/components/dashboard/dashboard-grid.tsx
    ./src/app/dashboard/page.tsx @ http://localhost:3000/_next/static/chunks/node_modules_next_dist_1gdrd03._.js:1817
[   27511ms] [ERROR] ./src/components/dashboard/dashboard-grid.tsx:38:3
Error: Expression expected
  36 |     { initials: "EO", name: "Elena Product Owner", date: "22 de agosto · amanha", area: "E...
  37 |     { initials: "IR", name: "Isabela RH", date: "28 de agosto · em 7 dias", area: "Engenha...
> 38 |   };
     |   ^
  39 |
  40 |   const passedBirthdays = [
  41 |     { initials: "CT", name: "Carla Lider Técnica", date: "10 de agosto · há 11 dias", area...

Parsing ecmascript source code failed

Import trace:
  Server Component:
    ./src/components/dashboard/dashboard-grid.tsx
    ./src/app/dashboard/page.tsx @ http://localhost:3000/_next/static/chunks/node_modules_next_dist_1gdrd03._.js:1817
[   27565ms] [ERROR] ./src/components/dashboard/dashboard-grid.tsx:38:3
Error: Expression expected
  36 |     { initials: "EO", name: "Elena Product Owner", date: "22 de agosto · amanha", area: "E...
  37 |     { initials: "IR", name: "Isabela RH", date: "28 de agosto · em 7 dias", area: "Engenha...
> 38 |   };
     |   ^
  39 |
  40 |   const passedBirthdays = [
  41 |     { initials: "CT", name: "Carla Lider Técnica", date: "10 de agosto · há 11 dias", area...

Parsing ecmascript source code failed

Import trace:
  Server Component:
    ./src/components/dashboard/dashboard-grid.tsx
    ./src/app/dashboard/page.tsx @ http://localhost:3000/_next/static/chunks/node_modules_next_dist_1gdrd03._.js:1817
[   27615ms] [ERROR] ./src/components/dashboard/dashboard-grid.tsx:38:3
Error: Expression expected
  36 |     { initials: "EO", name: "Elena Product Owner", date: "22 de agosto · amanha", area: "E...
  37 |     { initials: "IR", name: "Isabela RH", date: "28 de agosto · em 7 dias", area: "Engenha...
> 38 |   };
     |   ^
  39 |
  40 |   const passedBirthdays = [
  41 |     { initials: "CT", name: "Carla Lider Técnica", date: "10 de agosto · há 11 dias", area...

Parsing ecmascript source code failed

Import trace:
  Server Component:
    ./src/components/dashboard/dashboard-grid.tsx
    ./src/app/dashboard/page.tsx @ http://localhost:3000/_next/static/chunks/node_modules_next_dist_1gdrd03._.js:1817
[   27666ms] [ERROR] ./src/components/dashboard/dashboard-grid.tsx:38:3
Error: Expression expected
  36 |     { initials: "EO", name: "Elena Product Owner", date: "22 de agosto · amanha", area: "E...
  37 |     { initials: "IR", name: "Isabela RH", date: "28 de agosto · em 7 dias", area: "Engenha...
> 38 |   };
     |   ^
  39 |
  40 |   const passedBirthdays = [
  41 |     { initials: "CT", name: "Carla Lider Técnica", date: "10 de agosto · há 11 dias", area...

Parsing ecmascript source code failed

Import trace:
  Server Component:
    ./src/components/dashboard/dashboard-grid.tsx
    ./src/app/dashboard/page.tsx @ http://localhost:3000/_next/static/chunks/node_modules_next_dist_1gdrd03._.js:1817
[   27715ms] [ERROR] ./src/components/dashboard/dashboard-grid.tsx:38:3
Error: Expression expected
  36 |     { initials: "EO", name: "Elena Product Owner", date: "22 de agosto · amanha", area: "E...
  37 |     { initials: "IR", name: "Isabela RH", date: "28 de agosto · em 7 dias", area: "Engenha...
> 38 |   };
     |   ^
  39 |
  40 |   const passedBirthdays = [
  41 |     { initials: "CT", name: "Carla Lider Técnica", date: "10 de agosto · há 11 dias", area...

Parsing ecmascript source code failed

Import trace:
  Server Component:
    ./src/components/dashboard/dashboard-grid.tsx
    ./src/app/dashboard/page.tsx @ http://localhost:3000/_next/static/chunks/node_modules_next_dist_1gdrd03._.js:1817
[   27766ms] [ERROR] ./src/components/dashboard/dashboard-grid.tsx:38:3
Error: Expression expected
  36 |     { initials: "EO", name: "Elena Product Owner", date: "22 de agosto · amanha", area: "E...
  37 |     { initials: "IR", name: "Isabela RH", date: "28 de agosto · em 7 dias", area: "Engenha...
> 38 |   };
     |   ^
  39 |
  40 |   const passedBirthdays = [
  41 |     { initials: "CT", name: "Carla Lider Técnica", date: "10 de agosto · há 11 dias", area...

Parsing ecmascript source code failed

Import trace:
  Server Component:
    ./src/components/dashboard/dashboard-grid.tsx
    ./src/app/dashboard/page.tsx @ http://localhost:3000/_next/static/chunks/node_modules_next_dist_1gdrd03._.js:1817
[   27816ms] [ERROR] ./src/components/dashboard/dashboard-grid.tsx:38:3
Error: Expression expected
  36 |     { initials: "EO", name: "Elena Product Owner", date: "22 de agosto · amanha", area: "E...
  37 |     { initials: "IR", name: "Isabela RH", date: "28 de agosto · em 7 dias", area: "Engenha...
> 38 |   };
     |   ^
  39 |
  40 |   const passedBirthdays = [
  41 |     { initials: "CT", name: "Carla Lider Técnica", date: "10 de agosto · há 11 dias", area...

Parsing ecmascript source code failed

Import trace:
  Server Component:
    ./src/components/dashboard/dashboard-grid.tsx
    ./src/app/dashboard/page.tsx @ http://localhost:3000/_next/static/chunks/node_modules_next_dist_1gdrd03._.js:1817
[   27866ms] [ERROR] ./src/components/dashboard/dashboard-grid.tsx:38:3
Error: Expression expected
  36 |     { initials: "EO", name: "Elena Product Owner", date: "22 de agosto · amanha", area: "E...
  37 |     { initials: "IR", name: "Isabela RH", date: "28 de agosto · em 7 dias", area: "Engenha...
> 38 |   };
     |   ^
  39 |
  40 |   const passedBirthdays = [
  41 |     { initials: "CT", name: "Carla Lider Técnica", date: "10 de agosto · há 11 dias", area...

Parsing ecmascript source code failed

Import trace:
  Server Component:
    ./src/components/dashboard/dashboard-grid.tsx
    ./src/app/dashboard/page.tsx @ http://localhost:3000/_next/static/chunks/node_modules_next_dist_1gdrd03._.js:1817
[   27915ms] [ERROR] ./src/components/dashboard/dashboard-grid.tsx:38:3
Error: Expression expected
  36 |     { initials: "EO", name: "Elena Product Owner", date: "22 de agosto · amanha", area: "E...
  37 |     { initials: "IR", name: "Isabela RH", date: "28 de agosto · em 7 dias", area: "Engenha...
> 38 |   };
     |   ^
  39 |
  40 |   const passedBirthdays = [
  41 |     { initials: "CT", name: "Carla Lider Técnica", date: "10 de agosto · há 11 dias", area...

Parsing ecmascript source code failed

Import trace:
  Server Component:
    ./src/components/dashboard/dashboard-grid.tsx
    ./src/app/dashboard/page.tsx @ http://localhost:3000/_next/static/chunks/node_modules_next_dist_1gdrd03._.js:1817
[   27965ms] [ERROR] ./src/components/dashboard/dashboard-grid.tsx:38:3
Error: Expression expected
  36 |     { initials: "EO", name: "Elena Product Owner", date: "22 de agosto · amanha", area: "E...
  37 |     { initials: "IR", name: "Isabela RH", date: "28 de agosto · em 7 dias", area: "Engenha...
> 38 |   };
     |   ^
  39 |
  40 |   const passedBirthdays = [
  41 |     { initials: "CT", name: "Carla Lider Técnica", date: "10 de agosto · há 11 dias", area...

Parsing ecmascript source code failed

Import trace:
  Server Component:
    ./src/components/dashboard/dashboard-grid.tsx
    ./src/app/dashboard/page.tsx @ http://localhost:3000/_next/static/chunks/node_modules_next_dist_1gdrd03._.js:1817
[   28016ms] [ERROR] ./src/components/dashboard/dashboard-grid.tsx:38:3
Error: Expression expected
  36 |     { initials: "EO", name: "Elena Product Owner", date: "22 de agosto · amanha", area: "E...
  37 |     { initials: "IR", name: "Isabela RH", date: "28 de agosto · em 7 dias", area: "Engenha...
> 38 |   };
     |   ^
  39 |
  40 |   const passedBirthdays = [
  41 |     { initials: "CT", name: "Carla Lider Técnica", date: "10 de agosto · há 11 dias", area...

Parsing ecmascript source code failed

Import trace:
  Server Component:
    ./src/components/dashboard/dashboard-grid.tsx
    ./src/app/dashboard/page.tsx @ http://localhost:3000/_next/static/chunks/node_modules_next_dist_1gdrd03._.js:1817
[   28067ms] [ERROR] ./src/components/dashboard/dashboard-grid.tsx:38:3
Error: Expression expected
  36 |     { initials: "EO", name: "Elena Product Owner", date: "22 de agosto · amanha", area: "E...
  37 |     { initials: "IR", name: "Isabela RH", date: "28 de agosto · em 7 dias", area: "Engenha...
> 38 |   };
     |   ^
  39 |
  40 |   const passedBirthdays = [
  41 |     { initials: "CT", name: "Carla Lider Técnica", date: "10 de agosto · há 11 dias", area...

Parsing ecmascript source code failed

Import trace:
  Server Component:
    ./src/components/dashboard/dashboard-grid.tsx
    ./src/app/dashboard/page.tsx @ http://localhost:3000/_next/static/chunks/node_modules_next_dist_1gdrd03._.js:1817
[   28115ms] [ERROR] ./src/components/dashboard/dashboard-grid.tsx:38:3
Error: Expression expected
  36 |     { initials: "EO", name: "Elena Product Owner", date: "22 de agosto · amanha", area: "E...
  37 |     { initials: "IR", name: "Isabela RH", date: "28 de agosto · em 7 dias", area: "Engenha...
> 38 |   };
     |   ^
  39 |
  40 |   const passedBirthdays = [
  41 |     { initials: "CT", name: "Carla Lider Técnica", date: "10 de agosto · há 11 dias", area...

Parsing ecmascript source code failed

Import trace:
  Server Component:
    ./src/components/dashboard/dashboard-grid.tsx
    ./src/app/dashboard/page.tsx @ http://localhost:3000/_next/static/chunks/node_modules_next_dist_1gdrd03._.js:1817
[   28165ms] [ERROR] ./src/components/dashboard/dashboard-grid.tsx:38:3
Error: Expression expected
  36 |     { initials: "EO", name: "Elena Product Owner", date: "22 de agosto · amanha", area: "E...
  37 |     { initials: "IR", name: "Isabela RH", date: "28 de agosto · em 7 dias", area: "Engenha...
> 38 |   };
     |   ^
  39 |
  40 |   const passedBirthdays = [
  41 |     { initials: "CT", name: "Carla Lider Técnica", date: "10 de agosto · há 11 dias", area...

Parsing ecmascript source code failed

Import trace:
  Server Component:
    ./src/components/dashboard/dashboard-grid.tsx
    ./src/app/dashboard/page.tsx @ http://localhost:3000/_next/static/chunks/node_modules_next_dist_1gdrd03._.js:1817
[   28265ms] [ERROR] ./src/components/dashboard/dashboard-grid.tsx:38:3
Error: Expression expected
  36 |     { initials: "EO", name: "Elena Product Owner", date: "22 de agosto - amanha", area: "E...
  37 |     { initials: "IR", name: "Isabela RH", date: "28 de agosto · em 7 dias", area: "Engenha...
> 38 |   };
     |   ^
  39 |
  40 |   const passedBirthdays = [
  41 |     { initials: "CT", name: "Carla Lider Técnica", date: "10 de agosto · há 11 dias", area...

Parsing ecmascript source code failed

Import trace:
  Server Component:
    ./src/components/dashboard/dashboard-grid.tsx
    ./src/app/dashboard/page.tsx @ http://localhost:3000/_next/static/chunks/node_modules_next_dist_1gdrd03._.js:1817
[   28315ms] [ERROR] ./src/components/dashboard/dashboard-grid.tsx:38:3
Error: Expression expected
  36 |     { initials: "EO", name: "Elena Product Owner", date: "22 de agosto - amanha", area: "E...
  37 |     { initials: "IR", name: "Isabela RH", date: "28 de agosto · em 7 dias", area: "Engenha...
> 38 |   };
     |   ^
  39 |
  40 |   const passedBirthdays = [
  41 |     { initials: "CT", name: "Carla Lider Técnica", date: "10 de agosto · há 11 dias", area...

Parsing ecmascript source code failed

Import trace:
  Server Component:
    ./src/components/dashboard/dashboard-grid.tsx
    ./src/app/dashboard/page.tsx @ http://localhost:3000/_next/static/chunks/node_modules_next_dist_1gdrd03._.js:1817
[   28365ms] [ERROR] ./src/components/dashboard/dashboard-grid.tsx:38:3
Error: Expression expected
  36 |     { initials: "EO", name: "Elena Product Owner", date: "22 de agosto - amanha", area: "E...
  37 |     { initials: "IR", name: "Isabela RH", date: "28 de agosto · em 7 dias", area: "Engenha...
> 38 |   };
     |   ^
  39 |
  40 |   const passedBirthdays = [
  41 |     { initials: "CT", name: "Carla Lider Técnica", date: "10 de agosto · há 11 dias", area...

Parsing ecmascript source code failed

Import trace:
  Server Component:
    ./src/components/dashboard/dashboard-grid.tsx
    ./src/app/dashboard/page.tsx @ http://localhost:3000/_next/static/chunks/node_modules_next_dist_1gdrd03._.js:1817
[   28415ms] [ERROR] ./src/components/dashboard/dashboard-grid.tsx:38:3
Error: Expression expected
  36 |     { initials: "EO", name: "Elena Product Owner", date: "22 de agosto - amanha", area: "E...
  37 |     { initials: "IR", name: "Isabela RH", date: "28 de agosto · em 7 dias", area: "Engenha...
> 38 |   };
     |   ^
  39 |
  40 |   const passedBirthdays = [
  41 |     { initials: "CT", name: "Carla Lider Técnica", date: "10 de agosto · há 11 dias", area...

Parsing ecmascript source code failed

Import trace:
  Server Component:
    ./src/components/dashboard/dashboard-grid.tsx
    ./src/app/dashboard/page.tsx @ http://localhost:3000/_next/static/chunks/node_modules_next_dist_1gdrd03._.js:1817
[   28466ms] [ERROR] ./src/components/dashboard/dashboard-grid.tsx:38:3
Error: Expression expected
  36 |     { initials: "EO", name: "Elena Product Owner", date: "22 de agosto - amanha", area: "E...
  37 |     { initials: "IR", name: "Isabela RH", date: "28 de agosto · em 7 dias", area: "Engenha...
> 38 |   };
     |   ^
  39 |
  40 |   const passedBirthdays = [
  41 |     { initials: "CT", name: "Carla Lider Técnica", date: "10 de agosto · há 11 dias", area...

Parsing ecmascript source code failed

Import trace:
  Server Component:
    ./src/components/dashboard/dashboard-grid.tsx
    ./src/app/dashboard/page.tsx @ http://localhost:3000/_next/static/chunks/node_modules_next_dist_1gdrd03._.js:1817
[   28528ms] [ERROR] ./src/components/dashboard/dashboard-grid.tsx:38:3
Error: Expression expected
  36 |     { initials: "EO", name: "Elena Product Owner", date: "22 de agosto - amanha", area: "E...
  37 |     { initials: "IR", name: "Isabela RH", date: "28 de agosto · em 7 dias", area: "Engenha...
> 38 |   };
     |   ^
  39 |
  40 |   const passedBirthdays = [
  41 |     { initials: "CT", name: "Carla Lider Técnica", date: "10 de agosto · há 11 dias", area...

Parsing ecmascript source code failed

Import trace:
  Server Component:
    ./src/components/dashboard/dashboard-grid.tsx
    ./src/app/dashboard/page.tsx @ http://localhost:3000/_next/static/chunks/node_modules_next_dist_1gdrd03._.js:1817
[   28577ms] [ERROR] ./src/components/dashboard/dashboard-grid.tsx:38:3
Error: Expression expected
  36 |     { initials: "EO", name: "Elena Product Owner", date: "22 de agosto - amanha", area: "E...
  37 |     { initials: "IR", name: "Isabela RH", date: "28 de agosto · em 7 dias", area: "Engenha...
> 38 |   };
     |   ^
  39 |
  40 |   const passedBirthdays = [
  41 |     { initials: "CT", name: "Carla Lider Técnica", date: "10 de agosto · há 11 dias", area...

Parsing ecmascript source code failed

Import trace:
  Server Component:
    ./src/components/dashboard/dashboard-grid.tsx
    ./src/app/dashboard/page.tsx @ http://localhost:3000/_next/static/chunks/node_modules_next_dist_1gdrd03._.js:1817
[   28625ms] [ERROR] ./src/components/dashboard/dashboard-grid.tsx:38:3
Error: Expression expected
  36 |     { initials: "EO", name: "Elena Product Owner", date: "22 de agosto - amanha", area: "E...
  37 |     { initials: "IR", name: "Isabela RH", date: "28 de agosto · em 7 dias", area: "Engenha...
> 38 |   };
     |   ^
  39 |
  40 |   const passedBirthdays = [
  41 |     { initials: "CT", name: "Carla Lider Técnica", date: "10 de agosto · há 11 dias", area...

Parsing ecmascript source code failed

Import trace:
  Server Component:
    ./src/components/dashboard/dashboard-grid.tsx
    ./src/app/dashboard/page.tsx @ http://localhost:3000/_next/static/chunks/node_modules_next_dist_1gdrd03._.js:1817
[   28666ms] [ERROR] ./src/components/dashboard/dashboard-grid.tsx:38:3
Error: Expression expected
  36 |     { initials: "EO", name: "Elena Product Owner", date: "22 de agosto - amanha", area: "E...
  37 |     { initials: "IR", name: "Isabela RH", date: "28 de agosto · em 7 dias", area: "Engenha...
> 38 |   };
     |   ^
  39 |
  40 |   const passedBirthdays = [
  41 |     { initials: "CT", name: "Carla Lider Técnica", date: "10 de agosto · há 11 dias", area...

Parsing ecmascript source code failed

Import trace:
  Server Component:
    ./src/components/dashboard/dashboard-grid.tsx
    ./src/app/dashboard/page.tsx @ http://localhost:3000/_next/static/chunks/node_modules_next_dist_1gdrd03._.js:1817
[   28716ms] [ERROR] ./src/components/dashboard/dashboard-grid.tsx:38:3
Error: Expression expected
  36 |     { initials: "EO", name: "Elena Product Owner", date: "22 de agosto - amanha", area: "E...
  37 |     { initials: "IR", name: "Isabela RH", date: "28 de agosto · em 7 dias", area: "Engenha...
> 38 |   };
     |   ^
  39 |
  40 |   const passedBirthdays = [
  41 |     { initials: "CT", name: "Carla Lider Técnica", date: "10 de agosto · há 11 dias", area...

Parsing ecmascript source code failed

Import trace:
  Server Component:
    ./src/components/dashboard/dashboard-grid.tsx
    ./src/app/dashboard/page.tsx @ http://localhost:3000/_next/static/chunks/node_modules_next_dist_1gdrd03._.js:1817
[   28764ms] [ERROR] ./src/components/dashboard/dashboard-grid.tsx:38:3
Error: Expression expected
  36 |     { initials: "EO", name: "Elena Product Owner", date: "22 de agosto - amanha", area: "E...
  37 |     { initials: "IR", name: "Isabela RH", date: "28 de agosto · em 7 dias", area: "Engenha...
> 38 |   };
     |   ^
  39 |
  40 |   const passedBirthdays = [
  41 |     { initials: "CT", name: "Carla Lider Técnica", date: "10 de agosto · há 11 dias", area...

Parsing ecmascript source code failed

Import trace:
  Server Component:
    ./src/components/dashboard/dashboard-grid.tsx
    ./src/app/dashboard/page.tsx @ http://localhost:3000/_next/static/chunks/node_modules_next_dist_1gdrd03._.js:1817
[   28815ms] [ERROR] ./src/components/dashboard/dashboard-grid.tsx:38:3
Error: Expression expected
  36 |     { initials: "EO", name: "Elena Product Owner", date: "22 de agosto - amanha", area: "E...
  37 |     { initials: "IR", name: "Isabela RH", date: "28 de agosto · em 7 dias", area: "Engenha...
> 38 |   };
     |   ^
  39 |
  40 |   const passedBirthdays = [
  41 |     { initials: "CT", name: "Carla Lider Técnica", date: "10 de agosto · há 11 dias", area...

Parsing ecmascript source code failed

Import trace:
  Server Component:
    ./src/components/dashboard/dashboard-grid.tsx
    ./src/app/dashboard/page.tsx @ http://localhost:3000/_next/static/chunks/node_modules_next_dist_1gdrd03._.js:1817
[   28865ms] [ERROR] ./src/components/dashboard/dashboard-grid.tsx:38:3
Error: Expression expected
  36 |     { initials: "EO", name: "Elena Product Owner", date: "22 de agosto - amanha", area: "E...
  37 |     { initials: "IR", name: "Isabela RH", date: "28 de agosto · em 7 dias", area: "Engenha...
> 38 |   };
     |   ^
  39 |
  40 |   const passedBirthdays = [
  41 |     { initials: "CT", name: "Carla Lider Técnica", date: "10 de agosto · há 11 dias", area...

Parsing ecmascript source code failed

Import trace:
  Server Component:
    ./src/components/dashboard/dashboard-grid.tsx
    ./src/app/dashboard/page.tsx @ http://localhost:3000/_next/static/chunks/node_modules_next_dist_1gdrd03._.js:1817
[   28914ms] [ERROR] ./src/components/dashboard/dashboard-grid.tsx:38:3
Error: Expression expected
  36 |     { initials: "EO", name: "Elena Product Owner", date: "22 de agosto - amanha", area: "E...
  37 |     { initials: "IR", name: "Isabela RH", date: "28 de agosto · em 7 dias", area: "Engenha...
> 38 |   };
     |   ^
  39 |
  40 |   const passedBirthdays = [
  41 |     { initials: "CT", name: "Carla Lider Técnica", date: "10 de agosto · há 11 dias", area...

Parsing ecmascript source code failed

Import trace:
  Server Component:
    ./src/components/dashboard/dashboard-grid.tsx
    ./src/app/dashboard/page.tsx @ http://localhost:3000/_next/static/chunks/node_modules_next_dist_1gdrd03._.js:1817
[   28953ms] [ERROR] ./src/components/dashboard/dashboard-grid.tsx:38:3
Error: Expression expected
  36 |     { initials: "EO", name: "Elena Product Owner", date: "22 de agosto - amanha", area: "E...
  37 |     { initials: "IR", name: "Isabela RH", date: "28 de agosto · em 7 dias", area: "Engenha...
> 38 |   };
     |   ^
  39 |
  40 |   const passedBirthdays = [
  41 |     { initials: "CT", name: "Carla Lider Técnica", date: "10 de agosto · há 11 dias", area...

Parsing ecmascript source code failed

Import trace:
  Server Component:
    ./src/components/dashboard/dashboard-grid.tsx
    ./src/app/dashboard/page.tsx @ http://localhost:3000/_next/static/chunks/node_modules_next_dist_1gdrd03._.js:1817
[   28989ms] [ERROR] ./src/components/dashboard/dashboard-grid.tsx:38:3
Error: Expression expected
  36 |     { initials: "EO", name: "Elena Product Owner", date: "22 de agosto - amanha", area: "E...
  37 |     { initials: "IR", name: "Isabela RH", date: "28 de agosto · em 7 dias", area: "Engenha...
> 38 |   };
     |   ^
  39 |
  40 |   const passedBirthdays = [
  41 |     { initials: "CT", name: "Carla Lider Técnica", date: "10 de agosto · há 11 dias", area...

Parsing ecmascript source code failed

Import trace:
  Server Component:
    ./src/components/dashboard/dashboard-grid.tsx
    ./src/app/dashboard/page.tsx @ http://localhost:3000/_next/static/chunks/node_modules_next_dist_1gdrd03._.js:1817
[   29028ms] [ERROR] ./src/components/dashboard/dashboard-grid.tsx:38:3
Error: Expression expected
  36 |     { initials: "EO", name: "Elena Product Owner", date: "22 de agosto - amanha", area: "E...
  37 |     { initials: "IR", name: "Isabela RH", date: "28 de agosto · em 7 dias", area: "Engenha...
> 38 |   };
     |   ^
  39 |
  40 |   const passedBirthdays = [
  41 |     { initials: "CT", name: "Carla Lider Técnica", date: "10 de agosto · há 11 dias", area...

Parsing ecmascript source code failed

Import trace:
  Server Component:
    ./src/components/dashboard/dashboard-grid.tsx
    ./src/app/dashboard/page.tsx @ http://localhost:3000/_next/static/chunks/node_modules_next_dist_1gdrd03._.js:1817
[   29064ms] [ERROR] ./src/components/dashboard/dashboard-grid.tsx:38:3
Error: Expression expected
  36 |     { initials: "EO", name: "Elena Product Owner", date: "22 de agosto - amanha", area: "E...
  37 |     { initials: "IR", name: "Isabela RH", date: "28 de agosto · em 7 dias", area: "Engenha...
> 38 |   };
     |   ^
  39 |
  40 |   const passedBirthdays = [
  41 |     { initials: "CT", name: "Carla Lider Técnica", date: "10 de agosto · há 11 dias", area...

Parsing ecmascript source code failed

Import trace:
  Server Component:
    ./src/components/dashboard/dashboard-grid.tsx
    ./src/app/dashboard/page.tsx @ http://localhost:3000/_next/static/chunks/node_modules_next_dist_1gdrd03._.js:1817
[   29103ms] [ERROR] ./src/components/dashboard/dashboard-grid.tsx:38:3
Error: Expression expected
  36 |     { initials: "EO", name: "Elena Product Owner", date: "22 de agosto - amanha", area: "E...
  37 |     { initials: "IR", name: "Isabela RH", date: "28 de agosto · em 7 dias", area: "Engenha...
> 38 |   };
     |   ^
  39 |
  40 |   const passedBirthdays = [
  41 |     { initials: "CT", name: "Carla Lider Técnica", date: "10 de agosto · há 11 dias", area...

Parsing ecmascript source code failed

Import trace:
  Server Component:
    ./src/components/dashboard/dashboard-grid.tsx
    ./src/app/dashboard/page.tsx @ http://localhost:3000/_next/static/chunks/node_modules_next_dist_1gdrd03._.js:1817
[   29143ms] [ERROR] ./src/components/dashboard/dashboard-grid.tsx:38:3
Error: Expression expected
  36 |     { initials: "EO", name: "Elena Product Owner", date: "22 de agosto - amanha", area: "E...
  37 |     { initials: "IR", name: "Isabela RH", date: "28 de agosto · em 7 dias", area: "Engenha...
> 38 |   };
     |   ^
  39 |
  40 |   const passedBirthdays = [
  41 |     { initials: "CT", name: "Carla Lider Técnica", date: "10 de agosto · há 11 dias", area...

Parsing ecmascript source code failed

Import trace:
  Server Component:
    ./src/components/dashboard/dashboard-grid.tsx
    ./src/app/dashboard/page.tsx @ http://localhost:3000/_next/static/chunks/node_modules_next_dist_1gdrd03._.js:1817
[   29186ms] [ERROR] ./src/components/dashboard/dashboard-grid.tsx:38:3
Error: Expression expected
  36 |     { initials: "EO", name: "Elena Product Owner", date: "22 de agosto - amanha", area: "E...
  37 |     { initials: "IR", name: "Isabela RH", date: "28 de agosto · em 7 dias", area: "Engenha...
> 38 |   };
     |   ^
  39 |
  40 |   const passedBirthdays = [
  41 |     { initials: "CT", name: "Carla Lider Técnica", date: "10 de agosto · há 11 dias", area...

Parsing ecmascript source code failed

Import trace:
  Server Component:
    ./src/components/dashboard/dashboard-grid.tsx
    ./src/app/dashboard/page.tsx @ http://localhost:3000/_next/static/chunks/node_modules_next_dist_1gdrd03._.js:1817
[   29227ms] [ERROR] ./src/components/dashboard/dashboard-grid.tsx:38:3
Error: Expression expected
  36 |     { initials: "EO", name: "Elena Product Owner", date: "22 de agosto - amanha", area: "E...
  37 |     { initials: "IR", name: "Isabela RH", date: "28 de agosto · em 7 dias", area: "Engenha...
> 38 |   };
     |   ^
  39 |
  40 |   const passedBirthdays = [
  41 |     { initials: "CT", name: "Carla Lider Técnica", date: "10 de agosto · há 11 dias", area...

Parsing ecmascript source code failed

Import trace:
  Server Component:
    ./src/components/dashboard/dashboard-grid.tsx
    ./src/app/dashboard/page.tsx @ http://localhost:3000/_next/static/chunks/node_modules_next_dist_1gdrd03._.js:1817
[   29270ms] [ERROR] ./src/components/dashboard/dashboard-grid.tsx:38:3
Error: Expression expected
  36 |     { initials: "EO", name: "Elena Product Owner", date: "22 de agosto - amanha", area: "E...
  37 |     { initials: "IR", name: "Isabela RH", date: "28 de agosto · em 7 dias", area: "Engenha...
> 38 |   };
     |   ^
  39 |
  40 |   const passedBirthdays = [
  41 |     { initials: "CT", name: "Carla Lider Técnica", date: "10 de agosto · há 11 dias", area...

Parsing ecmascript source code failed

Import trace:
  Server Component:
    ./src/components/dashboard/dashboard-grid.tsx
    ./src/app/dashboard/page.tsx @ http://localhost:3000/_next/static/chunks/node_modules_next_dist_1gdrd03._.js:1817
[   29308ms] [ERROR] ./src/components/dashboard/dashboard-grid.tsx:38:3
Error: Expression expected
  36 |     { initials: "EO", name: "Elena Product Owner", date: "22 de agosto - amanha", area: "E...
  37 |     { initials: "IR", name: "Isabela RH", date: "28 de agosto · em 7 dias", area: "Engenha...
> 38 |   };
     |   ^
  39 |
  40 |   const passedBirthdays = [
  41 |     { initials: "CT", name: "Carla Lider Técnica", date: "10 de agosto · há 11 dias", area...

Parsing ecmascript source code failed

Import trace:
  Server Component:
    ./src/components/dashboard/dashboard-grid.tsx
    ./src/app/dashboard/page.tsx @ http://localhost:3000/_next/static/chunks/node_modules_next_dist_1gdrd03._.js:1817
[   29345ms] [ERROR] ./src/components/dashboard/dashboard-grid.tsx:38:3
Error: Expression expected
  36 |     { initials: "EO", name: "Elena Product Owner", date: "22 de agosto - amanha", area: "E...
  37 |     { initials: "IR", name: "Isabela RH", date: "28 de agosto · em 7 dias", area: "Engenha...
> 38 |   };
     |   ^
  39 |
  40 |   const passedBirthdays = [
  41 |     { initials: "CT", name: "Carla Lider Técnica", date: "10 de agosto · há 11 dias", area...

Parsing ecmascript source code failed

Import trace:
  Server Component:
    ./src/components/dashboard/dashboard-grid.tsx
    ./src/app/dashboard/page.tsx @ http://localhost:3000/_next/static/chunks/node_modules_next_dist_1gdrd03._.js:1817
[   29382ms] [ERROR] ./src/components/dashboard/dashboard-grid.tsx:38:3
Error: Expression expected
  36 |     { initials: "EO", name: "Elena Product Owner", date: "22 de agosto - amanha", area: "E...
  37 |     { initials: "IR", name: "Isabela RH", date: "28 de agosto · em 7 dias", area: "Engenha...
> 38 |   };
     |   ^
  39 |
  40 |   const passedBirthdays = [
  41 |     { initials: "CT", name: "Carla Lider Técnica", date: "10 de agosto · há 11 dias", area...

Parsing ecmascript source code failed

Import trace:
  Server Component:
    ./src/components/dashboard/dashboard-grid.tsx
    ./src/app/dashboard/page.tsx @ http://localhost:3000/_next/static/chunks/node_modules_next_dist_1gdrd03._.js:1817
[   29421ms] [ERROR] ./src/components/dashboard/dashboard-grid.tsx:38:3
Error: Expression expected
  36 |     { initials: "EO", name: "Elena Product Owner", date: "22 de agosto - amanha", area: "E...
  37 |     { initials: "IR", name: "Isabela RH", date: "28 de agosto · em 7 dias", area: "Engenha...
> 38 |   };
     |   ^
  39 |
  40 |   const passedBirthdays = [
  41 |     { initials: "CT", name: "Carla Lider Técnica", date: "10 de agosto · há 11 dias", area...

Parsing ecmascript source code failed

Import trace:
  Server Component:
    ./src/components/dashboard/dashboard-grid.tsx
    ./src/app/dashboard/page.tsx @ http://localhost:3000/_next/static/chunks/node_modules_next_dist_1gdrd03._.js:1817
[   29464ms] [ERROR] ./src/components/dashboard/dashboard-grid.tsx:38:3
Error: Expression expected
  36 |     { initials: "EO", name: "Elena Product Owner", date: "22 de agosto - amanha", area: "E...
  37 |     { initials: "IR", name: "Isabela RH", date: "28 de agosto · em 7 dias", area: "Engenha...
> 38 |   };
     |   ^
  39 |
  40 |   const passedBirthdays = [
  41 |     { initials: "CT", name: "Carla Lider Técnica", date: "10 de agosto · há 11 dias", area...

Parsing ecmascript source code failed

Import trace:
  Server Component:
    ./src/components/dashboard/dashboard-grid.tsx
    ./src/app/dashboard/page.tsx @ http://localhost:3000/_next/static/chunks/node_modules_next_dist_1gdrd03._.js:1817
[   29515ms] [ERROR] ./src/components/dashboard/dashboard-grid.tsx:38:3
Error: Expression expected
  36 |     { initials: "EO", name: "Elena Product Owner", date: "22 de agosto - amanha", area: "E...
  37 |     { initials: "IR", name: "Isabela RH", date: "28 de agosto · em 7 dias", area: "Engenha...
> 38 |   };
     |   ^
  39 |
  40 |   const passedBirthdays = [
  41 |     { initials: "CT", name: "Carla Lider Técnica", date: "10 de agosto · há 11 dias", area...

Parsing ecmascript source code failed

Import trace:
  Server Component:
    ./src/components/dashboard/dashboard-grid.tsx
    ./src/app/dashboard/page.tsx @ http://localhost:3000/_next/static/chunks/node_modules_next_dist_1gdrd03._.js:1817
[   29564ms] [ERROR] ./src/components/dashboard/dashboard-grid.tsx:38:3
Error: Expression expected
  36 |     { initials: "EO", name: "Elena Product Owner", date: "22 de agosto - amanha", area: "E...
  37 |     { initials: "IR", name: "Isabela RH", date: "28 de agosto · em 7 dias", area: "Engenha...
> 38 |   };
     |   ^
  39 |
  40 |   const passedBirthdays = [
  41 |     { initials: "CT", name: "Carla Lider Técnica", date: "10 de agosto · há 11 dias", area...

Parsing ecmascript source code failed

Import trace:
  Server Component:
    ./src/components/dashboard/dashboard-grid.tsx
    ./src/app/dashboard/page.tsx @ http://localhost:3000/_next/static/chunks/node_modules_next_dist_1gdrd03._.js:1817
[   29614ms] [ERROR] ./src/components/dashboard/dashboard-grid.tsx:38:3
Error: Expression expected
  36 |     { initials: "EO", name: "Elena Product Owner", date: "22 de agosto - amanha", area: "E...
  37 |     { initials: "IR", name: "Isabela RH", date: "28 de agosto · em 7 dias", area: "Engenha...
> 38 |   };
     |   ^
  39 |
  40 |   const passedBirthdays = [
  41 |     { initials: "CT", name: "Carla Lider Técnica", date: "10 de agosto · há 11 dias", area...

Parsing ecmascript source code failed

Import trace:
  Server Component:
    ./src/components/dashboard/dashboard-grid.tsx
    ./src/app/dashboard/page.tsx @ http://localhost:3000/_next/static/chunks/node_modules_next_dist_1gdrd03._.js:1817
[   29665ms] [ERROR] ./src/components/dashboard/dashboard-grid.tsx:38:3
Error: Expression expected
  36 |     { initials: "EO", name: "Elena Product Owner", date: "22 de agosto - amanha", area: "E...
  37 |     { initials: "IR", name: "Isabela RH", date: "28 de agosto · em 7 dias", area: "Engenha...
> 38 |   };
     |   ^
  39 |
  40 |   const passedBirthdays = [
  41 |     { initials: "CT", name: "Carla Lider Técnica", date: "10 de agosto · há 11 dias", area...

Parsing ecmascript source code failed

Import trace:
  Server Component:
    ./src/components/dashboard/dashboard-grid.tsx
    ./src/app/dashboard/page.tsx @ http://localhost:3000/_next/static/chunks/node_modules_next_dist_1gdrd03._.js:1817
[   29715ms] [ERROR] ./src/components/dashboard/dashboard-grid.tsx:38:3
Error: Expression expected
  36 |     { initials: "EO", name: "Elena Product Owner", date: "22 de agosto - amanha", area: "E...
  37 |     { initials: "IR", name: "Isabela RH", date: "28 de agosto · em 7 dias", area: "Engenha...
> 38 |   };
     |   ^
  39 |
  40 |   const passedBirthdays = [
  41 |     { initials: "CT", name: "Carla Lider Técnica", date: "10 de agosto · há 11 dias", area...

Parsing ecmascript source code failed

Import trace:
  Server Component:
    ./src/components/dashboard/dashboard-grid.tsx
    ./src/app/dashboard/page.tsx @ http://localhost:3000/_next/static/chunks/node_modules_next_dist_1gdrd03._.js:1817
[   29774ms] [ERROR] ./src/components/dashboard/dashboard-grid.tsx:38:3
Error: Expression expected
  36 |     { initials: "EO", name: "Elena Product Owner", date: "22 de agosto - amanha", area: "E...
  37 |     { initials: "IR", name: "Isabela RH", date: "28 de agosto · em 7 dias", area: "Engenha...
> 38 |   };
     |   ^
  39 |
  40 |   const passedBirthdays = [
  41 |     { initials: "CT", name: "Carla Lider Técnica", date: "10 de agosto · há 11 dias", area...

Parsing ecmascript source code failed

Import trace:
  Server Component:
    ./src/components/dashboard/dashboard-grid.tsx
    ./src/app/dashboard/page.tsx @ http://localhost:3000/_next/static/chunks/node_modules_next_dist_1gdrd03._.js:1817
[   29838ms] [ERROR] ./src/components/dashboard/dashboard-grid.tsx:38:3
Error: Expression expected
  36 |     { initials: "EO", name: "Elena Product Owner", date: "22 de agosto - amanha", area: "E...
  37 |     { initials: "IR", name: "Isabela RH", date: "28 de agosto · em 7 dias", area: "Engenha...
> 38 |   };
     |   ^
  39 |
  40 |   const passedBirthdays = [
  41 |     { initials: "CT", name: "Carla Lider Técnica", date: "10 de agosto · há 11 dias", area...

Parsing ecmascript source code failed

Import trace:
  Server Component:
    ./src/components/dashboard/dashboard-grid.tsx
    ./src/app/dashboard/page.tsx @ http://localhost:3000/_next/static/chunks/node_modules_next_dist_1gdrd03._.js:1817
[   29885ms] [ERROR] ./src/components/dashboard/dashboard-grid.tsx:38:3
Error: Expression expected
  36 |     { initials: "EO", name: "Elena Product Owner", date: "22 de agosto - amanha", area: "E...
  37 |     { initials: "IR", name: "Isabela RH", date: "28 de agosto · em 7 dias", area: "Engenha...
> 38 |   };
     |   ^
  39 |
  40 |   const passedBirthdays = [
  41 |     { initials: "CT", name: "Carla Lider Técnica", date: "10 de agosto · há 11 dias", area...

Parsing ecmascript source code failed

Import trace:
  Server Component:
    ./src/components/dashboard/dashboard-grid.tsx
    ./src/app/dashboard/page.tsx @ http://localhost:3000/_next/static/chunks/node_modules_next_dist_1gdrd03._.js:1817
[   29948ms] [ERROR] ./src/components/dashboard/dashboard-grid.tsx:38:3
Error: Expression expected
  36 |     { initials: "EO", name: "Elena Product Owner", date: "22 de agosto - amanha", area: "E...
  37 |     { initials: "IR", name: "Isabela RH", date: "28 de agosto · em 7 dias", area: "Engenha...
> 38 |   };
     |   ^
  39 |
  40 |   const passedBirthdays = [
  41 |     { initials: "CT", name: "Carla Lider Técnica", date: "10 de agosto · há 11 dias", area...

Parsing ecmascript source code failed

Import trace:
  Server Component:
    ./src/components/dashboard/dashboard-grid.tsx
    ./src/app/dashboard/page.tsx @ http://localhost:3000/_next/static/chunks/node_modules_next_dist_1gdrd03._.js:1817
[   29999ms] [ERROR] ./src/components/dashboard/dashboard-grid.tsx:38:3
Error: Expression expected
  36 |     { initials: "EO", name: "Elena Product Owner", date: "22 de agosto - amanha", area: "E...
  37 |     { initials: "IR", name: "Isabela RH", date: "28 de agosto · em 7 dias", area: "Engenha...
> 38 |   };
     |   ^
  39 |
  40 |   const passedBirthdays = [
  41 |     { initials: "CT", name: "Carla Lider Técnica", date: "10 de agosto · há 11 dias", area...

Parsing ecmascript source code failed

Import trace:
  Server Component:
    ./src/components/dashboard/dashboard-grid.tsx
    ./src/app/dashboard/page.tsx @ http://localhost:3000/_next/static/chunks/node_modules_next_dist_1gdrd03._.js:1817
[   30066ms] [ERROR] ./src/components/dashboard/dashboard-grid.tsx:38:3
Error: Expression expected
  36 |     { initials: "EO", name: "Elena Product Owner", date: "22 de agosto - amanha", area: "E...
  37 |     { initials: "IR", name: "Isabela RH", date: "28 de agosto · em 7 dias", area: "Engenha...
> 38 |   };
     |   ^
  39 |
  40 |   const passedBirthdays = [
  41 |     { initials: "CT", name: "Carla Lider Técnica", date: "10 de agosto · há 11 dias", area...

Parsing ecmascript source code failed

Import trace:
  Server Component:
    ./src/components/dashboard/dashboard-grid.tsx
    ./src/app/dashboard/page.tsx @ http://localhost:3000/_next/static/chunks/node_modules_next_dist_1gdrd03._.js:1817
[   30116ms] [ERROR] ./src/components/dashboard/dashboard-grid.tsx:38:3
Error: Expression expected
  36 |     { initials: "EO", name: "Elena Product Owner", date: "22 de agosto - amanha", area: "E...
  37 |     { initials: "IR", name: "Isabela RH", date: "28 de agosto · em 7 dias", area: "Engenha...
> 38 |   };
     |   ^
  39 |
  40 |   const passedBirthdays = [
  41 |     { initials: "CT", name: "Carla Lider Técnica", date: "10 de agosto · há 11 dias", area...

Parsing ecmascript source code failed

Import trace:
  Server Component:
    ./src/components/dashboard/dashboard-grid.tsx
    ./src/app/dashboard/page.tsx @ http://localhost:3000/_next/static/chunks/node_modules_next_dist_1gdrd03._.js:1817
[   30169ms] [ERROR] ./src/components/dashboard/dashboard-grid.tsx:38:3
Error: Expression expected
  36 |     { initials: "EO", name: "Elena Product Owner", date: "22 de agosto - amanha", area: "E...
  37 |     { initials: "IR", name: "Isabela RH", date: "28 de agosto · em 7 dias", area: "Engenha...
> 38 |   };
     |   ^
  39 |
  40 |   const passedBirthdays = [
  41 |     { initials: "CT", name: "Carla Lider Técnica", date: "10 de agosto · há 11 dias", area...

Parsing ecmascript source code failed

Import trace:
  Server Component:
    ./src/components/dashboard/dashboard-grid.tsx
    ./src/app/dashboard/page.tsx @ http://localhost:3000/_next/static/chunks/node_modules_next_dist_1gdrd03._.js:1817
[   30219ms] [ERROR] ./src/components/dashboard/dashboard-grid.tsx:38:3
Error: Expression expected
  36 |     { initials: "EO", name: "Elena Product Owner", date: "22 de agosto - amanha", area: "E...
  37 |     { initials: "IR", name: "Isabela RH", date: "28 de agosto · em 7 dias", area: "Engenha...
> 38 |   };
     |   ^
  39 |
  40 |   const passedBirthdays = [
  41 |     { initials: "CT", name: "Carla Lider Técnica", date: "10 de agosto · há 11 dias", area...

Parsing ecmascript source code failed

Import trace:
  Server Component:
    ./src/components/dashboard/dashboard-grid.tsx
    ./src/app/dashboard/page.tsx @ http://localhost:3000/_next/static/chunks/node_modules_next_dist_1gdrd03._.js:1817
[   30268ms] [ERROR] ./src/components/dashboard/dashboard-grid.tsx:38:3
Error: Expression expected
  36 |     { initials: "EO", name: "Elena Product Owner", date: "22 de agosto - amanha", area: "E...
  37 |     { initials: "IR", name: "Isabela RH", date: "28 de agosto · em 7 dias", area: "Engenha...
> 38 |   };
     |   ^
  39 |
  40 |   const passedBirthdays = [
  41 |     { initials: "CT", name: "Carla Lider Técnica", date: "10 de agosto · há 11 dias", area...

Parsing ecmascript source code failed

Import trace:
  Server Component:
    ./src/components/dashboard/dashboard-grid.tsx
    ./src/app/dashboard/page.tsx @ http://localhost:3000/_next/static/chunks/node_modules_next_dist_1gdrd03._.js:1817
[   30309ms] [ERROR] ./src/components/dashboard/dashboard-grid.tsx:38:3
Error: Expression expected
  36 |     { initials: "EO", name: "Elena Product Owner", date: "22 de agosto - amanha", area: "E...
  37 |     { initials: "IR", name: "Isabela RH", date: "28 de agosto · em 7 dias", area: "Engenha...
> 38 |   };
     |   ^
  39 |
  40 |   const passedBirthdays = [
  41 |     { initials: "CT", name: "Carla Lider Técnica", date: "10 de agosto · há 11 dias", area...

Parsing ecmascript source code failed

Import trace:
  Server Component:
    ./src/components/dashboard/dashboard-grid.tsx
    ./src/app/dashboard/page.tsx @ http://localhost:3000/_next/static/chunks/node_modules_next_dist_1gdrd03._.js:1817
[   30349ms] [ERROR] ./src/components/dashboard/dashboard-grid.tsx:38:3
Error: Expression expected
  36 |     { initials: "EO", name: "Elena Product Owner", date: "22 de agosto - amanha", area: "E...
  37 |     { initials: "IR", name: "Isabela RH", date: "28 de agosto · em 7 dias", area: "Engenha...
> 38 |   };
     |   ^
  39 |
  40 |   const passedBirthdays = [
  41 |     { initials: "CT", name: "Carla Lider Técnica", date: "10 de agosto · há 11 dias", area...

Parsing ecmascript source code failed

Import trace:
  Server Component:
    ./src/components/dashboard/dashboard-grid.tsx
    ./src/app/dashboard/page.tsx @ http://localhost:3000/_next/static/chunks/node_modules_next_dist_1gdrd03._.js:1817
[   30386ms] [ERROR] ./src/components/dashboard/dashboard-grid.tsx:38:3
Error: Expression expected
  36 |     { initials: "EO", name: "Elena Product Owner", date: "22 de agosto - amanha", area: "E...
  37 |     { initials: "IR", name: "Isabela RH", date: "28 de agosto · em 7 dias", area: "Engenha...
> 38 |   };
     |   ^
  39 |
  40 |   const passedBirthdays = [
  41 |     { initials: "CT", name: "Carla Lider Técnica", date: "10 de agosto · há 11 dias", area...

Parsing ecmascript source code failed

Import trace:
  Server Component:
    ./src/components/dashboard/dashboard-grid.tsx
    ./src/app/dashboard/page.tsx @ http://localhost:3000/_next/static/chunks/node_modules_next_dist_1gdrd03._.js:1817
[   30432ms] [ERROR] ./src/components/dashboard/dashboard-grid.tsx:38:3
Error: Expression expected
  36 |     { initials: "EO", name: "Elena Product Owner", date: "22 de agosto - amanha", area: "E...
  37 |     { initials: "IR", name: "Isabela RH", date: "28 de agosto · em 7 dias", area: "Engenha...
> 38 |   };
     |   ^
  39 |
  40 |   const passedBirthdays = [
  41 |     { initials: "CT", name: "Carla Lider Técnica", date: "10 de agosto · há 11 dias", area...

Parsing ecmascript source code failed

Import trace:
  Server Component:
    ./src/components/dashboard/dashboard-grid.tsx
    ./src/app/dashboard/page.tsx @ http://localhost:3000/_next/static/chunks/node_modules_next_dist_1gdrd03._.js:1817
[   30487ms] [ERROR] ./src/components/dashboard/dashboard-grid.tsx:38:3
Error: Expression expected
  36 |     { initials: "EO", name: "Elena Product Owner", date: "22 de agosto - amanha", area: "E...
  37 |     { initials: "IR", name: "Isabela RH", date: "28 de agosto · em 7 dias", area: "Engenha...
> 38 |   };
     |   ^
  39 |
  40 |   const passedBirthdays = [
  41 |     { initials: "CT", name: "Carla Lider Técnica", date: "10 de agosto · há 11 dias", area...

Parsing ecmascript source code failed

Import trace:
  Server Component:
    ./src/components/dashboard/dashboard-grid.tsx
    ./src/app/dashboard/page.tsx @ http://localhost:3000/_next/static/chunks/node_modules_next_dist_1gdrd03._.js:1817
[   30537ms] [ERROR] ./src/components/dashboard/dashboard-grid.tsx:38:3
Error: Expression expected
  36 |     { initials: "EO", name: "Elena Product Owner", date: "22 de agosto - amanha", area: "E...
  37 |     { initials: "IR", name: "Isabela RH", date: "28 de agosto · em 7 dias", area: "Engenha...
> 38 |   };
     |   ^
  39 |
  40 |   const passedBirthdays = [
  41 |     { initials: "CT", name: "Carla Lider Técnica", date: "10 de agosto · há 11 dias", area...

Parsing ecmascript source code failed

Import trace:
  Server Component:
    ./src/components/dashboard/dashboard-grid.tsx
    ./src/app/dashboard/page.tsx @ http://localhost:3000/_next/static/chunks/node_modules_next_dist_1gdrd03._.js:1817
[   30598ms] [ERROR] ./src/components/dashboard/dashboard-grid.tsx:38:3
Error: Expression expected
  36 |     { initials: "EO", name: "Elena Product Owner", date: "22 de agosto - amanha", area: "E...
  37 |     { initials: "IR", name: "Isabela RH", date: "28 de agosto · em 7 dias", area: "Engenha...
> 38 |   };
     |   ^
  39 |
  40 |   const passedBirthdays = [
  41 |     { initials: "CT", name: "Carla Lider Técnica", date: "10 de agosto · há 11 dias", area...

Parsing ecmascript source code failed

Import trace:
  Server Component:
    ./src/components/dashboard/dashboard-grid.tsx
    ./src/app/dashboard/page.tsx @ http://localhost:3000/_next/static/chunks/node_modules_next_dist_1gdrd03._.js:1817
[   30648ms] [ERROR] ./src/components/dashboard/dashboard-grid.tsx:38:3
Error: Expression expected
  36 |     { initials: "EO", name: "Elena Product Owner", date: "22 de agosto - amanha", area: "E...
  37 |     { initials: "IR", name: "Isabela RH", date: "28 de agosto · em 7 dias", area: "Engenha...
> 38 |   };
     |   ^
  39 |
  40 |   const passedBirthdays = [
  41 |     { initials: "CT", name: "Carla Lider Técnica", date: "10 de agosto · há 11 dias", area...

Parsing ecmascript source code failed

Import trace:
  Server Component:
    ./src/components/dashboard/dashboard-grid.tsx
    ./src/app/dashboard/page.tsx @ http://localhost:3000/_next/static/chunks/node_modules_next_dist_1gdrd03._.js:1817
[   30711ms] [ERROR] ./src/components/dashboard/dashboard-grid.tsx:38:3
Error: Expression expected
  36 |     { initials: "EO", name: "Elena Product Owner", date: "22 de agosto - amanha", area: "E...
  37 |     { initials: "IR", name: "Isabela RH", date: "28 de agosto · em 7 dias", area: "Engenha...
> 38 |   };
     |   ^
  39 |
  40 |   const passedBirthdays = [
  41 |     { initials: "CT", name: "Carla Lider Técnica", date: "10 de agosto · há 11 dias", area...

Parsing ecmascript source code failed

Import trace:
  Server Component:
    ./src/components/dashboard/dashboard-grid.tsx
    ./src/app/dashboard/page.tsx @ http://localhost:3000/_next/static/chunks/node_modules_next_dist_1gdrd03._.js:1817
[   30761ms] [ERROR] ./src/components/dashboard/dashboard-grid.tsx:38:3
Error: Expression expected
  36 |     { initials: "EO", name: "Elena Product Owner", date: "22 de agosto - amanha", area: "E...
  37 |     { initials: "IR", name: "Isabela RH", date: "28 de agosto · em 7 dias", area: "Engenha...
> 38 |   };
     |   ^
  39 |
  40 |   const passedBirthdays = [
  41 |     { initials: "CT", name: "Carla Lider Técnica", date: "10 de agosto · há 11 dias", area...

Parsing ecmascript source code failed

Import trace:
  Server Component:
    ./src/components/dashboard/dashboard-grid.tsx
    ./src/app/dashboard/page.tsx @ http://localhost:3000/_next/static/chunks/node_modules_next_dist_1gdrd03._.js:1817
[   30805ms] [ERROR] ./src/components/dashboard/dashboard-grid.tsx:38:3
Error: Expression expected
  36 |     { initials: "EO", name: "Elena Product Owner", date: "22 de agosto - amanha", area: "E...
  37 |     { initials: "IR", name: "Isabela RH", date: "28 de agosto · em 7 dias", area: "Engenha...
> 38 |   };
     |   ^
  39 |
  40 |   const passedBirthdays = [
  41 |     { initials: "CT", name: "Carla Lider Técnica", date: "10 de agosto · há 11 dias", area...

Parsing ecmascript source code failed

Import trace:
  Server Component:
    ./src/components/dashboard/dashboard-grid.tsx
    ./src/app/dashboard/page.tsx @ http://localhost:3000/_next/static/chunks/node_modules_next_dist_1gdrd03._.js:1817
[   30856ms] [ERROR] ./src/components/dashboard/dashboard-grid.tsx:38:3
Error: Expression expected
  36 |     { initials: "EO", name: "Elena Product Owner", date: "22 de agosto - amanha", area: "E...
  37 |     { initials: "IR", name: "Isabela RH", date: "28 de agosto · em 7 dias", area: "Engenha...
> 38 |   };
     |   ^
  39 |
  40 |   const passedBirthdays = [
  41 |     { initials: "CT", name: "Carla Lider Técnica", date: "10 de agosto · há 11 dias", area...

Parsing ecmascript source code failed

Import trace:
  Server Component:
    ./src/components/dashboard/dashboard-grid.tsx
    ./src/app/dashboard/page.tsx @ http://localhost:3000/_next/static/chunks/node_modules_next_dist_1gdrd03._.js:1817
[   30899ms] [ERROR] ./src/components/dashboard/dashboard-grid.tsx:38:3
Error: Expression expected
  36 |     { initials: "EO", name: "Elena Product Owner", date: "22 de agosto - amanha", area: "E...
  37 |     { initials: "IR", name: "Isabela RH", date: "28 de agosto · em 7 dias", area: "Engenha...
> 38 |   };
     |   ^
  39 |
  40 |   const passedBirthdays = [
  41 |     { initials: "CT", name: "Carla Lider Técnica", date: "10 de agosto · há 11 dias", area...

Parsing ecmascript source code failed

Import trace:
  Server Component:
    ./src/components/dashboard/dashboard-grid.tsx
    ./src/app/dashboard/page.tsx @ http://localhost:3000/_next/static/chunks/node_modules_next_dist_1gdrd03._.js:1817
[   30948ms] [ERROR] ./src/components/dashboard/dashboard-grid.tsx:38:3
Error: Expression expected
  36 |     { initials: "EO", name: "Elena Product Owner", date: "22 de agosto - amanha", area: "E...
  37 |     { initials: "IR", name: "Isabela RH", date: "28 de agosto · em 7 dias", area: "Engenha...
> 38 |   };
     |   ^
  39 |
  40 |   const passedBirthdays = [
  41 |     { initials: "CT", name: "Carla Lider Técnica", date: "10 de agosto · há 11 dias", area...

Parsing ecmascript source code failed

Import trace:
  Server Component:
    ./src/components/dashboard/dashboard-grid.tsx
    ./src/app/dashboard/page.tsx @ http://localhost:3000/_next/static/chunks/node_modules_next_dist_1gdrd03._.js:1817
[   31000ms] [ERROR] ./src/components/dashboard/dashboard-grid.tsx:38:3
Error: Expression expected
  36 |     { initials: "EO", name: "Elena Product Owner", date: "22 de agosto - amanha", area: "E...
  37 |     { initials: "IR", name: "Isabela RH", date: "28 de agosto · em 7 dias", area: "Engenha...
> 38 |   };
     |   ^
  39 |
  40 |   const passedBirthdays = [
  41 |     { initials: "CT", name: "Carla Lider Técnica", date: "10 de agosto · há 11 dias", area...

Parsing ecmascript source code failed

Import trace:
  Server Component:
    ./src/components/dashboard/dashboard-grid.tsx
    ./src/app/dashboard/page.tsx @ http://localhost:3000/_next/static/chunks/node_modules_next_dist_1gdrd03._.js:1817
[   31102ms] [ERROR] ./src/components/dashboard/dashboard-grid.tsx:38:3
Error: Expression expected
  36 |     { initials: "EO", name: "Elena Product Owner", date: "22 de agosto - amanha", area: "E...
  37 |     { initials: "IR", name: "Isabela RH", date: "28 de agosto · em 7 dias", area: "Engenha...
> 38 |   };
     |   ^
  39 |
  40 |   const passedBirthdays = [
  41 |     { initials: "CT", name: "Carla Lider Técnica", date: "10 de agosto · há 11 dias", area...

Parsing ecmascript source code failed

Import trace:
  Server Component:
    ./src/components/dashboard/dashboard-grid.tsx
    ./src/app/dashboard/page.tsx @ http://localhost:3000/_next/static/chunks/node_modules_next_dist_1gdrd03._.js:1817
[   31149ms] [ERROR] ./src/components/dashboard/dashboard-grid.tsx:38:3
Error: Expression expected
  36 |     { initials: "EO", name: "Elena Product Owner", date: "22 de agosto - amanha", area: "E...
  37 |     { initials: "IR", name: "Isabela RH", date: "28 de agosto · em 7 dias", area: "Engenha...
> 38 |   };
     |   ^
  39 |
  40 |   const passedBirthdays = [
  41 |     { initials: "CT", name: "Carla Lider Técnica", date: "10 de agosto · há 11 dias", area...

Parsing ecmascript source code failed

Import trace:
  Server Component:
    ./src/components/dashboard/dashboard-grid.tsx
    ./src/app/dashboard/page.tsx @ http://localhost:3000/_next/static/chunks/node_modules_next_dist_1gdrd03._.js:1817
[   31247ms] [ERROR] ./src/components/dashboard/dashboard-grid.tsx:38:3
Error: Expression expected
  36 |     { initials: "EO", name: "Elena Product Owner", date: "22 de agosto - amanha", area: "E...
  37 |     { initials: "IR", name: "Isabela RH", date: "28 de agosto · em 7 dias", area: "Engenha...
> 38 |   };
     |   ^
  39 |
  40 |   const passedBirthdays = [
  41 |     { initials: "CT", name: "Carla Lider Técnica", date: "10 de agosto · há 11 dias", area...

Parsing ecmascript source code failed

Import trace:
  Server Component:
    ./src/components/dashboard/dashboard-grid.tsx
    ./src/app/dashboard/page.tsx @ http://localhost:3000/_next/static/chunks/node_modules_next_dist_1gdrd03._.js:1817
[   31313ms] [ERROR] ./src/components/dashboard/dashboard-grid.tsx:38:3
Error: Expression expected
  36 |     { initials: "EO", name: "Elena Product Owner", date: "22 de agosto - amanha", area: "E...
  37 |     { initials: "IR", name: "Isabela RH", date: "28 de agosto · em 7 dias", area: "Engenha...
> 38 |   };
     |   ^
  39 |
  40 |   const passedBirthdays = [
  41 |     { initials: "CT", name: "Carla Lider Técnica", date: "10 de agosto · há 11 dias", area...

Parsing ecmascript source code failed

Import trace:
  Server Component:
    ./src/components/dashboard/dashboard-grid.tsx
    ./src/app/dashboard/page.tsx @ http://localhost:3000/_next/static/chunks/node_modules_next_dist_1gdrd03._.js:1817
[   31361ms] [ERROR] ./src/components/dashboard/dashboard-grid.tsx:38:3
Error: Expression expected
  36 |     { initials: "EO", name: "Elena Product Owner", date: "22 de agosto - amanha", area: "E...
  37 |     { initials: "IR", name: "Isabela RH", date: "28 de agosto · em 7 dias", area: "Engenha...
> 38 |   };
     |   ^
  39 |
  40 |   const passedBirthdays = [
  41 |     { initials: "CT", name: "Carla Lider Técnica", date: "10 de agosto · há 11 dias", area...

Parsing ecmascript source code failed

Import trace:
  Server Component:
    ./src/components/dashboard/dashboard-grid.tsx
    ./src/app/dashboard/page.tsx @ http://localhost:3000/_next/static/chunks/node_modules_next_dist_1gdrd03._.js:1817
[   31399ms] [ERROR] ./src/components/dashboard/dashboard-grid.tsx:38:3
Error: Expression expected
  36 |     { initials: "EO", name: "Elena Product Owner", date: "22 de agosto - amanha", area: "E...
  37 |     { initials: "IR", name: "Isabela RH", date: "28 de agosto · em 7 dias", area: "Engenha...
> 38 |   };
     |   ^
  39 |
  40 |   const passedBirthdays = [
  41 |     { initials: "CT", name: "Carla Lider Técnica", date: "10 de agosto · há 11 dias", area...

Parsing ecmascript source code failed

Import trace:
  Server Component:
    ./src/components/dashboard/dashboard-grid.tsx
    ./src/app/dashboard/page.tsx @ http://localhost:3000/_next/static/chunks/node_modules_next_dist_1gdrd03._.js:1817
[   31436ms] [ERROR] ./src/components/dashboard/dashboard-grid.tsx:38:3
Error: Expression expected
  36 |     { initials: "EO", name: "Elena Product Owner", date: "22 de agosto - amanha", area: "E...
  37 |     { initials: "IR", name: "Isabela RH", date: "28 de agosto · em 7 dias", area: "Engenha...
> 38 |   };
     |   ^
  39 |
  40 |   const passedBirthdays = [
  41 |     { initials: "CT", name: "Carla Lider Técnica", date: "10 de agosto · há 11 dias", area...

Parsing ecmascript source code failed

Import trace:
  Server Component:
    ./src/components/dashboard/dashboard-grid.tsx
    ./src/app/dashboard/page.tsx @ http://localhost:3000/_next/static/chunks/node_modules_next_dist_1gdrd03._.js:1817
[   31482ms] [ERROR] ./src/components/dashboard/dashboard-grid.tsx:38:3
Error: Expression expected
  36 |     { initials: "EO", name: "Elena Product Owner", date: "22 de agosto - amanha", area: "E...
  37 |     { initials: "IR", name: "Isabela RH", date: "28 de agosto · em 7 dias", area: "Engenha...
> 38 |   };
     |   ^
  39 |
  40 |   const passedBirthdays = [
  41 |     { initials: "CT", name: "Carla Lider Técnica", date: "10 de agosto · há 11 dias", area...

Parsing ecmascript source code failed

Import trace:
  Server Component:
    ./src/components/dashboard/dashboard-grid.tsx
    ./src/app/dashboard/page.tsx @ http://localhost:3000/_next/static/chunks/node_modules_next_dist_1gdrd03._.js:1817
[   31533ms] [ERROR] ./src/components/dashboard/dashboard-grid.tsx:38:3
Error: Expression expected
  36 |     { initials: "EO", name: "Elena Product Owner", date: "22 de agosto - amanha", area: "E...
  37 |     { initials: "IR", name: "Isabela RH", date: "28 de agosto · em 7 dias", area: "Engenha...
> 38 |   };
     |   ^
  39 |
  40 |   const passedBirthdays = [
  41 |     { initials: "CT", name: "Carla Lider Técnica", date: "10 de agosto · há 11 dias", area...

Parsing ecmascript source code failed

Import trace:
  Server Component:
    ./src/components/dashboard/dashboard-grid.tsx
    ./src/app/dashboard/page.tsx @ http://localhost:3000/_next/static/chunks/node_modules_next_dist_1gdrd03._.js:1817
[   31581ms] [ERROR] ./src/components/dashboard/dashboard-grid.tsx:38:3
Error: Expression expected
  36 |     { initials: "EO", name: "Elena Product Owner", date: "22 de agosto - amanha", area: "E...
  37 |     { initials: "IR", name: "Isabela RH", date: "28 de agosto · em 7 dias", area: "Engenha...
> 38 |   };
     |   ^
  39 |
  40 |   const passedBirthdays = [
  41 |     { initials: "CT", name: "Carla Lider Técnica", date: "10 de agosto · há 11 dias", area...

Parsing ecmascript source code failed

Import trace:
  Server Component:
    ./src/components/dashboard/dashboard-grid.tsx
    ./src/app/dashboard/page.tsx @ http://localhost:3000/_next/static/chunks/node_modules_next_dist_1gdrd03._.js:1817
[   31632ms] [ERROR] ./src/components/dashboard/dashboard-grid.tsx:38:3
Error: Expression expected
  36 |     { initials: "EO", name: "Elena Product Owner", date: "22 de agosto - amanha", area: "E...
  37 |     { initials: "IR", name: "Isabela RH", date: "28 de agosto · em 7 dias", area: "Engenha...
> 38 |   };
     |   ^
  39 |
  40 |   const passedBirthdays = [
  41 |     { initials: "CT", name: "Carla Lider Técnica", date: "10 de agosto · há 11 dias", area...

Parsing ecmascript source code failed

Import trace:
  Server Component:
    ./src/components/dashboard/dashboard-grid.tsx
    ./src/app/dashboard/page.tsx @ http://localhost:3000/_next/static/chunks/node_modules_next_dist_1gdrd03._.js:1817
[   31686ms] [ERROR] ./src/components/dashboard/dashboard-grid.tsx:38:3
Error: Expression expected
  36 |     { initials: "EO", name: "Elena Product Owner", date: "22 de agosto - amanha", area: "E...
  37 |     { initials: "IR", name: "Isabela RH", date: "28 de agosto · em 7 dias", area: "Engenha...
> 38 |   };
     |   ^
  39 |
  40 |   const passedBirthdays = [
  41 |     { initials: "CT", name: "Carla Lider Técnica", date: "10 de agosto · há 11 dias", area...

Parsing ecmascript source code failed

Import trace:
  Server Component:
    ./src/components/dashboard/dashboard-grid.tsx
    ./src/app/dashboard/page.tsx @ http://localhost:3000/_next/static/chunks/node_modules_next_dist_1gdrd03._.js:1817
[   31732ms] [ERROR] ./src/components/dashboard/dashboard-grid.tsx:38:3
Error: Expression expected
  36 |     { initials: "EO", name: "Elena Product Owner", date: "22 de agosto - amanha", area: "E...
  37 |     { initials: "IR", name: "Isabela RH", date: "28 de agosto · em 7 dias", area: "Engenha...
> 38 |   };
     |   ^
  39 |
  40 |   const passedBirthdays = [
  41 |     { initials: "CT", name: "Carla Lider Técnica", date: "10 de agosto · há 11 dias", area...

Parsing ecmascript source code failed

Import trace:
  Server Component:
    ./src/components/dashboard/dashboard-grid.tsx
    ./src/app/dashboard/page.tsx @ http://localhost:3000/_next/static/chunks/node_modules_next_dist_1gdrd03._.js:1817
[   31771ms] [ERROR] ./src/components/dashboard/dashboard-grid.tsx:38:3
Error: Expression expected
  36 |     { initials: "EO", name: "Elena Product Owner", date: "22 de agosto - amanha", area: "E...
  37 |     { initials: "IR", name: "Isabela RH", date: "28 de agosto · em 7 dias", area: "Engenha...
> 38 |   };
     |   ^
  39 |
  40 |   const passedBirthdays = [
  41 |     { initials: "CT", name: "Carla Lider Técnica", date: "10 de agosto · há 11 dias", area...

Parsing ecmascript source code failed

Import trace:
  Server Component:
    ./src/components/dashboard/dashboard-grid.tsx
    ./src/app/dashboard/page.tsx @ http://localhost:3000/_next/static/chunks/node_modules_next_dist_1gdrd03._.js:1817
[   31809ms] [ERROR] ./src/components/dashboard/dashboard-grid.tsx:38:3
Error: Expression expected
  36 |     { initials: "EO", name: "Elena Product Owner", date: "22 de agosto - amanha", area: "E...
  37 |     { initials: "IR", name: "Isabela RH", date: "28 de agosto · em 7 dias", area: "Engenha...
> 38 |   };
     |   ^
  39 |
  40 |   const passedBirthdays = [
  41 |     { initials: "CT", name: "Carla Lider Técnica", date: "10 de agosto · há 11 dias", area...

Parsing ecmascript source code failed

Import trace:
  Server Component:
    ./src/components/dashboard/dashboard-grid.tsx
    ./src/app/dashboard/page.tsx @ http://localhost:3000/_next/static/chunks/node_modules_next_dist_1gdrd03._.js:1817
[   31846ms] [ERROR] ./src/components/dashboard/dashboard-grid.tsx:38:3
Error: Expression expected
  36 |     { initials: "EO", name: "Elena Product Owner", date: "22 de agosto - amanha", area: "E...
  37 |     { initials: "IR", name: "Isabela RH", date: "28 de agosto · em 7 dias", area: "Engenha...
> 38 |   };
     |   ^
  39 |
  40 |   const passedBirthdays = [
  41 |     { initials: "CT", name: "Carla Lider Técnica", date: "10 de agosto · há 11 dias", area...

Parsing ecmascript source code failed

Import trace:
  Server Component:
    ./src/components/dashboard/dashboard-grid.tsx
    ./src/app/dashboard/page.tsx @ http://localhost:3000/_next/static/chunks/node_modules_next_dist_1gdrd03._.js:1817
[   31899ms] [ERROR] ./src/components/dashboard/dashboard-grid.tsx:38:3
Error: Expression expected
  36 |     { initials: "EO", name: "Elena Product Owner", date: "22 de agosto - amanha", area: "E...
  37 |     { initials: "IR", name: "Isabela RH", date: "28 de agosto · em 7 dias", area: "Engenha...
> 38 |   };
     |   ^
  39 |
  40 |   const passedBirthdays = [
  41 |     { initials: "CT", name: "Carla Lider Técnica", date: "10 de agosto · há 11 dias", area...

Parsing ecmascript source code failed

Import trace:
  Server Component:
    ./src/components/dashboard/dashboard-grid.tsx
    ./src/app/dashboard/page.tsx @ http://localhost:3000/_next/static/chunks/node_modules_next_dist_1gdrd03._.js:1817
[   31936ms] [ERROR] ./src/components/dashboard/dashboard-grid.tsx:38:3
Error: Expression expected
  36 |     { initials: "EO", name: "Elena Product Owner", date: "22 de agosto - amanha", area: "E...
  37 |     { initials: "IR", name: "Isabela RH", date: "28 de agosto · em 7 dias", area: "Engenha...
> 38 |   };
     |   ^
  39 |
  40 |   const passedBirthdays = [
  41 |     { initials: "CT", name: "Carla Lider Técnica", date: "10 de agosto · há 11 dias", area...

Parsing ecmascript source code failed

Import trace:
  Server Component:
    ./src/components/dashboard/dashboard-grid.tsx
    ./src/app/dashboard/page.tsx @ http://localhost:3000/_next/static/chunks/node_modules_next_dist_1gdrd03._.js:1817
[   31982ms] [ERROR] ./src/components/dashboard/dashboard-grid.tsx:38:3
Error: Expression expected
  36 |     { initials: "EO", name: "Elena Product Owner", date: "22 de agosto - amanha", area: "E...
  37 |     { initials: "IR", name: "Isabela RH", date: "28 de agosto · em 7 dias", area: "Engenha...
> 38 |   };
     |   ^
  39 |
  40 |   const passedBirthdays = [
  41 |     { initials: "CT", name: "Carla Lider Técnica", date: "10 de agosto · há 11 dias", area...

Parsing ecmascript source code failed

Import trace:
  Server Component:
    ./src/components/dashboard/dashboard-grid.tsx
    ./src/app/dashboard/page.tsx @ http://localhost:3000/_next/static/chunks/node_modules_next_dist_1gdrd03._.js:1817
[   32032ms] [ERROR] ./src/components/dashboard/dashboard-grid.tsx:38:3
Error: Expression expected
  36 |     { initials: "EO", name: "Elena Product Owner", date: "22 de agosto - amanha", area: "E...
  37 |     { initials: "IR", name: "Isabela RH", date: "28 de agosto · em 7 dias", area: "Engenha...
> 38 |   };
     |   ^
  39 |
  40 |   const passedBirthdays = [
  41 |     { initials: "CT", name: "Carla Lider Técnica", date: "10 de agosto · há 11 dias", area...

Parsing ecmascript source code failed

Import trace:
  Server Component:
    ./src/components/dashboard/dashboard-grid.tsx
    ./src/app/dashboard/page.tsx @ http://localhost:3000/_next/static/chunks/node_modules_next_dist_1gdrd03._.js:1817
[   32081ms] [ERROR] ./src/components/dashboard/dashboard-grid.tsx:38:3
Error: Expression expected
  36 |     { initials: "EO", name: "Elena Product Owner", date: "22 de agosto - amanha", area: "E...
  37 |     { initials: "IR", name: "Isabela RH", date: "28 de agosto · em 7 dias", area: "Engenha...
> 38 |   };
     |   ^
  39 |
  40 |   const passedBirthdays = [
  41 |     { initials: "CT", name: "Carla Lider Técnica", date: "10 de agosto · há 11 dias", area...

Parsing ecmascript source code failed

Import trace:
  Server Component:
    ./src/components/dashboard/dashboard-grid.tsx
    ./src/app/dashboard/page.tsx @ http://localhost:3000/_next/static/chunks/node_modules_next_dist_1gdrd03._.js:1817
[   32133ms] [ERROR] ./src/components/dashboard/dashboard-grid.tsx:38:3
Error: Expression expected
  36 |     { initials: "EO", name: "Elena Product Owner", date: "22 de agosto - amanha", area: "E...
  37 |     { initials: "IR", name: "Isabela RH", date: "28 de agosto · em 7 dias", area: "Engenha...
> 38 |   };
     |   ^
  39 |
  40 |   const passedBirthdays = [
  41 |     { initials: "CT", name: "Carla Lider Técnica", date: "10 de agosto · há 11 dias", area...

Parsing ecmascript source code failed

Import trace:
  Server Component:
    ./src/components/dashboard/dashboard-grid.tsx
    ./src/app/dashboard/page.tsx @ http://localhost:3000/_next/static/chunks/node_modules_next_dist_1gdrd03._.js:1817
[   32181ms] [ERROR] ./src/components/dashboard/dashboard-grid.tsx:38:3
Error: Expression expected
  36 |     { initials: "EO", name: "Elena Product Owner", date: "22 de agosto - amanha", area: "E...
  37 |     { initials: "IR", name: "Isabela RH", date: "28 de agosto · em 7 dias", area: "Engenha...
> 38 |   };
     |   ^
  39 |
  40 |   const passedBirthdays = [
  41 |     { initials: "CT", name: "Carla Lider Técnica", date: "10 de agosto · há 11 dias", area...

Parsing ecmascript source code failed

Import trace:
  Server Component:
    ./src/components/dashboard/dashboard-grid.tsx
    ./src/app/dashboard/page.tsx @ http://localhost:3000/_next/static/chunks/node_modules_next_dist_1gdrd03._.js:1817
[   32232ms] [ERROR] ./src/components/dashboard/dashboard-grid.tsx:38:3
Error: Expression expected
  36 |     { initials: "EO", name: "Elena Product Owner", date: "22 de agosto - amanha", area: "E...
  37 |     { initials: "IR", name: "Isabela RH", date: "28 de agosto · em 7 dias", area: "Engenha...
> 38 |   };
     |   ^
  39 |
  40 |   const passedBirthdays = [
  41 |     { initials: "CT", name: "Carla Lider Técnica", date: "10 de agosto · há 11 dias", area...

Parsing ecmascript source code failed

Import trace:
  Server Component:
    ./src/components/dashboard/dashboard-grid.tsx
    ./src/app/dashboard/page.tsx @ http://localhost:3000/_next/static/chunks/node_modules_next_dist_1gdrd03._.js:1817
[   32295ms] [ERROR] ./src/components/dashboard/dashboard-grid.tsx:38:3
Error: Expression expected
  36 |     { initials: "EO", name: "Elena Product Owner", date: "22 de agosto - amanha", area: "E...
  37 |     { initials: "IR", name: "Isabela RH", date: "28 de agosto · em 7 dias", area: "Engenha...
> 38 |   };
     |   ^
  39 |
  40 |   const passedBirthdays = [
  41 |     { initials: "CT", name: "Carla Lider Técnica", date: "10 de agosto · há 11 dias", area...

Parsing ecmascript source code failed

Import trace:
  Server Component:
    ./src/components/dashboard/dashboard-grid.tsx
    ./src/app/dashboard/page.tsx @ http://localhost:3000/_next/static/chunks/node_modules_next_dist_1gdrd03._.js:1817
[   32342ms] [ERROR] ./src/components/dashboard/dashboard-grid.tsx:38:3
Error: Expression expected
  36 |     { initials: "EO", name: "Elena Product Owner", date: "22 de agosto - amanha", area: "E...
  37 |     { initials: "IR", name: "Isabela RH", date: "28 de agosto · em 7 dias", area: "Engenha...
> 38 |   };
     |   ^
  39 |
  40 |   const passedBirthdays = [
  41 |     { initials: "CT", name: "Carla Lider Técnica", date: "10 de agosto · há 11 dias", area...

Parsing ecmascript source code failed

Import trace:
  Server Component:
    ./src/components/dashboard/dashboard-grid.tsx
    ./src/app/dashboard/page.tsx @ http://localhost:3000/_next/static/chunks/node_modules_next_dist_1gdrd03._.js:1817
[   32381ms] [ERROR] ./src/components/dashboard/dashboard-grid.tsx:38:3
Error: Expression expected
  36 |     { initials: "EO", name: "Elena Product Owner", date: "22 de agosto - amanha", area: "E...
  37 |     { initials: "IR", name: "Isabela RH", date: "28 de agosto · em 7 dias", area: "Engenha...
> 38 |   };
     |   ^
  39 |
  40 |   const passedBirthdays = [
  41 |     { initials: "CT", name: "Carla Lider Técnica", date: "10 de agosto · há 11 dias", area...

Parsing ecmascript source code failed

Import trace:
  Server Component:
    ./src/components/dashboard/dashboard-grid.tsx
    ./src/app/dashboard/page.tsx @ http://localhost:3000/_next/static/chunks/node_modules_next_dist_1gdrd03._.js:1817
[   32434ms] [ERROR] ./src/components/dashboard/dashboard-grid.tsx:38:3
Error: Expression expected
  36 |     { initials: "EO", name: "Elena Product Owner", date: "22 de agosto - amanha", area: "E...
  37 |     { initials: "IR", name: "Isabela RH", date: "28 de agosto · em 7 dias", area: "Engenha...
> 38 |   };
     |   ^
  39 |
  40 |   const passedBirthdays = [
  41 |     { initials: "CT", name: "Carla Lider Técnica", date: "10 de agosto · há 11 dias", area...

Parsing ecmascript source code failed

Import trace:
  Server Component:
    ./src/components/dashboard/dashboard-grid.tsx
    ./src/app/dashboard/page.tsx @ http://localhost:3000/_next/static/chunks/node_modules_next_dist_1gdrd03._.js:1817
[   32482ms] [ERROR] ./src/components/dashboard/dashboard-grid.tsx:38:3
Error: Expression expected
  36 |     { initials: "EO", name: "Elena Product Owner", date: "22 de agosto - amanha", area: "E...
  37 |     { initials: "IR", name: "Isabela RH", date: "28 de agosto · em 7 dias", area: "Engenha...
> 38 |   };
     |   ^
  39 |
  40 |   const passedBirthdays = [
  41 |     { initials: "CT", name: "Carla Lider Técnica", date: "10 de agosto · há 11 dias", area...

Parsing ecmascript source code failed

Import trace:
  Server Component:
    ./src/components/dashboard/dashboard-grid.tsx
    ./src/app/dashboard/page.tsx @ http://localhost:3000/_next/static/chunks/node_modules_next_dist_1gdrd03._.js:1817
[   32546ms] [ERROR] ./src/components/dashboard/dashboard-grid.tsx:38:3
Error: Expression expected
  36 |     { initials: "EO", name: "Elena Product Owner", date: "22 de agosto - amanha", area: "E...
  37 |     { initials: "IR", name: "Isabela RH", date: "28 de agosto · em 7 dias", area: "Engenha...
> 38 |   };
     |   ^
  39 |
  40 |   const passedBirthdays = [
  41 |     { initials: "CT", name: "Carla Lider Técnica", date: "10 de agosto · há 11 dias", area...

Parsing ecmascript source code failed

Import trace:
  Server Component:
    ./src/components/dashboard/dashboard-grid.tsx
    ./src/app/dashboard/page.tsx @ http://localhost:3000/_next/static/chunks/node_modules_next_dist_1gdrd03._.js:1817
[   32616ms] [ERROR] ./src/components/dashboard/dashboard-grid.tsx:38:3
Error: Expression expected
  36 |     { initials: "EO", name: "Elena Product Owner", date: "22 de agosto - amanha", area: "E...
  37 |     { initials: "IR", name: "Isabela RH", date: "28 de agosto · em 7 dias", area: "Engenha...
> 38 |   };
     |   ^
  39 |
  40 |   const passedBirthdays = [
  41 |     { initials: "CT", name: "Carla Lider Técnica", date: "10 de agosto · há 11 dias", area...

Parsing ecmascript source code failed

Import trace:
  Server Component:
    ./src/components/dashboard/dashboard-grid.tsx
    ./src/app/dashboard/page.tsx @ http://localhost:3000/_next/static/chunks/node_modules_next_dist_1gdrd03._.js:1817
[   32666ms] [ERROR] ./src/components/dashboard/dashboard-grid.tsx:38:3
Error: Expression expected
  36 |     { initials: "EO", name: "Elena Product Owner", date: "22 de agosto - amanha", area: "E...
  37 |     { initials: "IR", name: "Isabela RH", date: "28 de agosto · em 7 dias", area: "Engenha...
> 38 |   };
     |   ^
  39 |
  40 |   const passedBirthdays = [
  41 |     { initials: "CT", name: "Carla Lider Técnica", date: "10 de agosto · há 11 dias", area...

Parsing ecmascript source code failed

Import trace:
  Server Component:
    ./src/components/dashboard/dashboard-grid.tsx
    ./src/app/dashboard/page.tsx @ http://localhost:3000/_next/static/chunks/node_modules_next_dist_1gdrd03._.js:1817
[   32715ms] [ERROR] ./src/components/dashboard/dashboard-grid.tsx:38:3
Error: Expression expected
  36 |     { initials: "EO", name: "Elena Product Owner", date: "22 de agosto - amanha", area: "E...
  37 |     { initials: "IR", name: "Isabela RH", date: "28 de agosto · em 7 dias", area: "Engenha...
> 38 |   };
     |   ^
  39 |
  40 |   const passedBirthdays = [
  41 |     { initials: "CT", name: "Carla Lider Técnica", date: "10 de agosto · há 11 dias", area...

Parsing ecmascript source code failed

Import trace:
  Server Component:
    ./src/components/dashboard/dashboard-grid.tsx
    ./src/app/dashboard/page.tsx @ http://localhost:3000/_next/static/chunks/node_modules_next_dist_1gdrd03._.js:1817
[   32765ms] [ERROR] ./src/components/dashboard/dashboard-grid.tsx:38:3
Error: Expression expected
  36 |     { initials: "EO", name: "Elena Product Owner", date: "22 de agosto - amanha", area: "E...
  37 |     { initials: "IR", name: "Isabela RH", date: "28 de agosto · em 7 dias", area: "Engenha...
> 38 |   };
     |   ^
  39 |
  40 |   const passedBirthdays = [
  41 |     { initials: "CT", name: "Carla Lider Técnica", date: "10 de agosto · há 11 dias", area...

Parsing ecmascript source code failed

Import trace:
  Server Component:
    ./src/components/dashboard/dashboard-grid.tsx
    ./src/app/dashboard/page.tsx @ http://localhost:3000/_next/static/chunks/node_modules_next_dist_1gdrd03._.js:1817
[   32816ms] [ERROR] ./src/components/dashboard/dashboard-grid.tsx:38:3
Error: Expression expected
  36 |     { initials: "EO", name: "Elena Product Owner", date: "22 de agosto - amanha", area: "E...
  37 |     { initials: "IR", name: "Isabela RH", date: "28 de agosto · em 7 dias", area: "Engenha...
> 38 |   };
     |   ^
  39 |
  40 |   const passedBirthdays = [
  41 |     { initials: "CT", name: "Carla Lider Técnica", date: "10 de agosto · há 11 dias", area...

Parsing ecmascript source code failed

Import trace:
  Server Component:
    ./src/components/dashboard/dashboard-grid.tsx
    ./src/app/dashboard/page.tsx @ http://localhost:3000/_next/static/chunks/node_modules_next_dist_1gdrd03._.js:1817
[   32864ms] [ERROR] ./src/components/dashboard/dashboard-grid.tsx:38:3
Error: Expression expected
  36 |     { initials: "EO", name: "Elena Product Owner", date: "22 de agosto - amanha", area: "E...
  37 |     { initials: "IR", name: "Isabela RH", date: "28 de agosto · em 7 dias", area: "Engenha...
> 38 |   };
     |   ^
  39 |
  40 |   const passedBirthdays = [
  41 |     { initials: "CT", name: "Carla Lider Técnica", date: "10 de agosto · há 11 dias", area...

Parsing ecmascript source code failed

Import trace:
  Server Component:
    ./src/components/dashboard/dashboard-grid.tsx
    ./src/app/dashboard/page.tsx @ http://localhost:3000/_next/static/chunks/node_modules_next_dist_1gdrd03._.js:1817
[   32907ms] [ERROR] ./src/components/dashboard/dashboard-grid.tsx:38:3
Error: Expression expected
  36 |     { initials: "EO", name: "Elena Product Owner", date: "22 de agosto - amanha", area: "E...
  37 |     { initials: "IR", name: "Isabela RH", date: "28 de agosto · em 7 dias", area: "Engenha...
> 38 |   };
     |   ^
  39 |
  40 |   const passedBirthdays = [
  41 |     { initials: "CT", name: "Carla Lider Técnica", date: "10 de agosto · há 11 dias", area...

Parsing ecmascript source code failed

Import trace:
  Server Component:
    ./src/components/dashboard/dashboard-grid.tsx
    ./src/app/dashboard/page.tsx @ http://localhost:3000/_next/static/chunks/node_modules_next_dist_1gdrd03._.js:1817
[   32946ms] [ERROR] ./src/components/dashboard/dashboard-grid.tsx:38:3
Error: Expression expected
  36 |     { initials: "EO", name: "Elena Product Owner", date: "22 de agosto - amanha", area: "E...
  37 |     { initials: "IR", name: "Isabela RH", date: "28 de agosto · em 7 dias", area: "Engenha...
> 38 |   };
     |   ^
  39 |
  40 |   const passedBirthdays = [
  41 |     { initials: "CT", name: "Carla Lider Técnica", date: "10 de agosto · há 11 dias", area...

Parsing ecmascript source code failed

Import trace:
  Server Component:
    ./src/components/dashboard/dashboard-grid.tsx
    ./src/app/dashboard/page.tsx @ http://localhost:3000/_next/static/chunks/node_modules_next_dist_1gdrd03._.js:1817
[   32998ms] [ERROR] ./src/components/dashboard/dashboard-grid.tsx:38:3
Error: Expression expected
  36 |     { initials: "EO", name: "Elena Product Owner", date: "22 de agosto - amanha", area: "E...
  37 |     { initials: "IR", name: "Isabela RH", date: "28 de agosto · em 7 dias", area: "Engenha...
> 38 |   };
     |   ^
  39 |
  40 |   const passedBirthdays = [
  41 |     { initials: "CT", name: "Carla Lider Técnica", date: "10 de agosto · há 11 dias", area...

Parsing ecmascript source code failed

Import trace:
  Server Component:
    ./src/components/dashboard/dashboard-grid.tsx
    ./src/app/dashboard/page.tsx @ http://localhost:3000/_next/static/chunks/node_modules_next_dist_1gdrd03._.js:1817
[   33038ms] [ERROR] ./src/components/dashboard/dashboard-grid.tsx:38:3
Error: Expression expected
  36 |     { initials: "EO", name: "Elena Product Owner", date: "22 de agosto - amanha", area: "E...
  37 |     { initials: "IR", name: "Isabela RH", date: "28 de agosto · em 7 dias", area: "Engenha...
> 38 |   };
     |   ^
  39 |
  40 |   const passedBirthdays = [
  41 |     { initials: "CT", name: "Carla Lider Técnica", date: "10 de agosto · há 11 dias", area...

Parsing ecmascript source code failed

Import trace:
  Server Component:
    ./src/components/dashboard/dashboard-grid.tsx
    ./src/app/dashboard/page.tsx @ http://localhost:3000/_next/static/chunks/node_modules_next_dist_1gdrd03._.js:1817
[   33076ms] [ERROR] ./src/components/dashboard/dashboard-grid.tsx:38:3
Error: Expression expected
  36 |     { initials: "EO", name: "Elena Product Owner", date: "22 de agosto - amanha", area: "E...
  37 |     { initials: "IR", name: "Isabela RH", date: "28 de agosto · em 7 dias", area: "Engenha...
> 38 |   };
     |   ^
  39 |
  40 |   const passedBirthdays = [
  41 |     { initials: "CT", name: "Carla Lider Técnica", date: "10 de agosto · há 11 dias", area...

Parsing ecmascript source code failed

Import trace:
  Server Component:
    ./src/components/dashboard/dashboard-grid.tsx
    ./src/app/dashboard/page.tsx @ http://localhost:3000/_next/static/chunks/node_modules_next_dist_1gdrd03._.js:1817
[   33114ms] [ERROR] ./src/components/dashboard/dashboard-grid.tsx:38:3
Error: Expression expected
  36 |     { initials: "EO", name: "Elena Product Owner", date: "22 de agosto - amanha", area: "E...
  37 |     { initials: "IR", name: "Isabela RH", date: "28 de agosto · em 7 dias", area: "Engenha...
> 38 |   };
     |   ^
  39 |
  40 |   const passedBirthdays = [
  41 |     { initials: "CT", name: "Carla Lider Técnica", date: "10 de agosto · há 11 dias", area...

Parsing ecmascript source code failed

Import trace:
  Server Component:
    ./src/components/dashboard/dashboard-grid.tsx
    ./src/app/dashboard/page.tsx @ http://localhost:3000/_next/static/chunks/node_modules_next_dist_1gdrd03._.js:1817
[   33151ms] [ERROR] ./src/components/dashboard/dashboard-grid.tsx:38:3
Error: Expression expected
  36 |     { initials: "EO", name: "Elena Product Owner", date: "22 de agosto - amanha", area: "E...
  37 |     { initials: "IR", name: "Isabela RH", date: "28 de agosto · em 7 dias", area: "Engenha...
> 38 |   };
     |   ^
  39 |
  40 |   const passedBirthdays = [
  41 |     { initials: "CT", name: "Carla Lider Técnica", date: "10 de agosto · há 11 dias", area...

Parsing ecmascript source code failed

Import trace:
  Server Component:
    ./src/components/dashboard/dashboard-grid.tsx
    ./src/app/dashboard/page.tsx @ http://localhost:3000/_next/static/chunks/node_modules_next_dist_1gdrd03._.js:1817
[   33188ms] [ERROR] ./src/components/dashboard/dashboard-grid.tsx:38:3
Error: Expression expected
  36 |     { initials: "EO", name: "Elena Product Owner", date: "22 de agosto - amanha", area: "E...
  37 |     { initials: "IR", name: "Isabela RH", date: "28 de agosto · em 7 dias", area: "Engenha...
> 38 |   };
     |   ^
  39 |
  40 |   const passedBirthdays = [
  41 |     { initials: "CT", name: "Carla Lider Técnica", date: "10 de agosto · há 11 dias", area...

Parsing ecmascript source code failed

Import trace:
  Server Component:
    ./src/components/dashboard/dashboard-grid.tsx
    ./src/app/dashboard/page.tsx @ http://localhost:3000/_next/static/chunks/node_modules_next_dist_1gdrd03._.js:1817
[   33226ms] [ERROR] ./src/components/dashboard/dashboard-grid.tsx:38:3
Error: Expression expected
  36 |     { initials: "EO", name: "Elena Product Owner", date: "22 de agosto - amanha", area: "E...
  37 |     { initials: "IR", name: "Isabela RH", date: "28 de agosto · em 7 dias", area: "Engenha...
> 38 |   };
     |   ^
  39 |
  40 |   const passedBirthdays = [
  41 |     { initials: "CT", name: "Carla Lider Técnica", date: "10 de agosto · há 11 dias", area...

Parsing ecmascript source code failed

Import trace:
  Server Component:
    ./src/components/dashboard/dashboard-grid.tsx
    ./src/app/dashboard/page.tsx @ http://localhost:3000/_next/static/chunks/node_modules_next_dist_1gdrd03._.js:1817
[   33263ms] [ERROR] ./src/components/dashboard/dashboard-grid.tsx:38:3
Error: Expression expected
  36 |     { initials: "EO", name: "Elena Product Owner", date: "22 de agosto - amanha", area: "E...
  37 |     { initials: "IR", name: "Isabela RH", date: "28 de agosto · em 7 dias", area: "Engenha...
> 38 |   };
     |   ^
  39 |
  40 |   const passedBirthdays = [
  41 |     { initials: "CT", name: "Carla Lider Técnica", date: "10 de agosto · há 11 dias", area...

Parsing ecmascript source code failed

Import trace:
  Server Component:
    ./src/components/dashboard/dashboard-grid.tsx
    ./src/app/dashboard/page.tsx @ http://localhost:3000/_next/static/chunks/node_modules_next_dist_1gdrd03._.js:1817
[   33301ms] [ERROR] ./src/components/dashboard/dashboard-grid.tsx:38:3
Error: Expression expected
  36 |     { initials: "EO", name: "Elena Product Owner", date: "22 de agosto - amanha", area: "E...
  37 |     { initials: "IR", name: "Isabela RH", date: "28 de agosto · em 7 dias", area: "Engenha...
> 38 |   };
     |   ^
  39 |
  40 |   const passedBirthdays = [
  41 |     { initials: "CT", name: "Carla Lider Técnica", date: "10 de agosto · há 11 dias", area...

Parsing ecmascript source code failed

Import trace:
  Server Component:
    ./src/components/dashboard/dashboard-grid.tsx
    ./src/app/dashboard/page.tsx @ http://localhost:3000/_next/static/chunks/node_modules_next_dist_1gdrd03._.js:1817
[   33338ms] [ERROR] ./src/components/dashboard/dashboard-grid.tsx:38:3
Error: Expression expected
  36 |     { initials: "EO", name: "Elena Product Owner", date: "22 de agosto - amanha", area: "E...
  37 |     { initials: "IR", name: "Isabela RH", date: "28 de agosto · em 7 dias", area: "Engenha...
> 38 |   };
     |   ^
  39 |
  40 |   const passedBirthdays = [
  41 |     { initials: "CT", name: "Carla Lider Técnica", date: "10 de agosto · há 11 dias", area...

Parsing ecmascript source code failed

Import trace:
  Server Component:
    ./src/components/dashboard/dashboard-grid.tsx
    ./src/app/dashboard/page.tsx @ http://localhost:3000/_next/static/chunks/node_modules_next_dist_1gdrd03._.js:1817
[   33384ms] [ERROR] ./src/components/dashboard/dashboard-grid.tsx:38:3
Error: Expression expected
  36 |     { initials: "EO", name: "Elena Product Owner", date: "22 de agosto - amanha", area: "E...
  37 |     { initials: "IR", name: "Isabela RH", date: "28 de agosto · em 7 dias", area: "Engenha...
> 38 |   };
     |   ^
  39 |
  40 |   const passedBirthdays = [
  41 |     { initials: "CT", name: "Carla Lider Técnica", date: "10 de agosto · há 11 dias", area...

Parsing ecmascript source code failed

Import trace:
  Server Component:
    ./src/components/dashboard/dashboard-grid.tsx
    ./src/app/dashboard/page.tsx @ http://localhost:3000/_next/static/chunks/node_modules_next_dist_1gdrd03._.js:1817
[   33432ms] [ERROR] ./src/components/dashboard/dashboard-grid.tsx:38:3
Error: Expression expected
  36 |     { initials: "EO", name: "Elena Product Owner", date: "22 de agosto - amanha", area: "E...
  37 |     { initials: "IR", name: "Isabela RH", date: "28 de agosto · em 7 dias", area: "Engenha...
> 38 |   };
     |   ^
  39 |
  40 |   const passedBirthdays = [
  41 |     { initials: "CT", name: "Carla Lider Técnica", date: "10 de agosto · há 11 dias", area...

Parsing ecmascript source code failed

Import trace:
  Server Component:
    ./src/components/dashboard/dashboard-grid.tsx
    ./src/app/dashboard/page.tsx @ http://localhost:3000/_next/static/chunks/node_modules_next_dist_1gdrd03._.js:1817
[   33484ms] [ERROR] ./src/components/dashboard/dashboard-grid.tsx:38:3
Error: Expression expected
  36 |     { initials: "EO", name: "Elena Product Owner", date: "22 de agosto - amanha", area: "E...
  37 |     { initials: "IR", name: "Isabela RH", date: "28 de agosto · em 7 dias", area: "Engenha...
> 38 |   };
     |   ^
  39 |
  40 |   const passedBirthdays = [
  41 |     { initials: "CT", name: "Carla Lider Técnica", date: "10 de agosto · há 11 dias", area...

Parsing ecmascript source code failed

Import trace:
  Server Component:
    ./src/components/dashboard/dashboard-grid.tsx
    ./src/app/dashboard/page.tsx @ http://localhost:3000/_next/static/chunks/node_modules_next_dist_1gdrd03._.js:1817
[   33532ms] [ERROR] ./src/components/dashboard/dashboard-grid.tsx:38:3
Error: Expression expected
  36 |     { initials: "EO", name: "Elena Product Owner", date: "22 de agosto - amanha", area: "E...
  37 |     { initials: "IR", name: "Isabela RH", date: "28 de agosto · em 7 dias", area: "Engenha...
> 38 |   };
     |   ^
  39 |
  40 |   const passedBirthdays = [
  41 |     { initials: "CT", name: "Carla Lider Técnica", date: "10 de agosto · há 11 dias", area...

Parsing ecmascript source code failed

Import trace:
  Server Component:
    ./src/components/dashboard/dashboard-grid.tsx
    ./src/app/dashboard/page.tsx @ http://localhost:3000/_next/static/chunks/node_modules_next_dist_1gdrd03._.js:1817
[   33583ms] [ERROR] ./src/components/dashboard/dashboard-grid.tsx:38:3
Error: Expression expected
  36 |     { initials: "EO", name: "Elena Product Owner", date: "22 de agosto - amanha", area: "E...
  37 |     { initials: "IR", name: "Isabela RH", date: "28 de agosto · em 7 dias", area: "Engenha...
> 38 |   };
     |   ^
  39 |
  40 |   const passedBirthdays = [
  41 |     { initials: "CT", name: "Carla Lider Técnica", date: "10 de agosto · há 11 dias", area...

Parsing ecmascript source code failed

Import trace:
  Server Component:
    ./src/components/dashboard/dashboard-grid.tsx
    ./src/app/dashboard/page.tsx @ http://localhost:3000/_next/static/chunks/node_modules_next_dist_1gdrd03._.js:1817
[   33632ms] [ERROR] ./src/components/dashboard/dashboard-grid.tsx:38:3
Error: Expression expected
  36 |     { initials: "EO", name: "Elena Product Owner", date: "22 de agosto - amanha", area: "E...
  37 |     { initials: "IR", name: "Isabela RH", date: "28 de agosto · em 7 dias", area: "Engenha...
> 38 |   };
     |   ^
  39 |
  40 |   const passedBirthdays = [
  41 |     { initials: "CT", name: "Carla Lider Técnica", date: "10 de agosto · há 11 dias", area...

Parsing ecmascript source code failed

Import trace:
  Server Component:
    ./src/components/dashboard/dashboard-grid.tsx
    ./src/app/dashboard/page.tsx @ http://localhost:3000/_next/static/chunks/node_modules_next_dist_1gdrd03._.js:1817
[   33681ms] [ERROR] ./src/components/dashboard/dashboard-grid.tsx:38:3
Error: Expression expected
  36 |     { initials: "EO", name: "Elena Product Owner", date: "22 de agosto - amanha", area: "E...
  37 |     { initials: "IR", name: "Isabela RH", date: "28 de agosto · em 7 dias", area: "Engenha...
> 38 |   };
     |   ^
  39 |
  40 |   const passedBirthdays = [
  41 |     { initials: "CT", name: "Carla Lider Técnica", date: "10 de agosto · há 11 dias", area...

Parsing ecmascript source code failed

Import trace:
  Server Component:
    ./src/components/dashboard/dashboard-grid.tsx
    ./src/app/dashboard/page.tsx @ http://localhost:3000/_next/static/chunks/node_modules_next_dist_1gdrd03._.js:1817
[   33732ms] [ERROR] ./src/components/dashboard/dashboard-grid.tsx:38:3
Error: Expression expected
  36 |     { initials: "EO", name: "Elena Product Owner", date: "22 de agosto - amanha", area: "E...
  37 |     { initials: "IR", name: "Isabela RH", date: "28 de agosto · em 7 dias", area: "Engenha...
> 38 |   };
     |   ^
  39 |
  40 |   const passedBirthdays = [
  41 |     { initials: "CT", name: "Carla Lider Técnica", date: "10 de agosto · há 11 dias", area...

Parsing ecmascript source code failed

Import trace:
  Server Component:
    ./src/components/dashboard/dashboard-grid.tsx
    ./src/app/dashboard/page.tsx @ http://localhost:3000/_next/static/chunks/node_modules_next_dist_1gdrd03._.js:1817
[   33781ms] [ERROR] ./src/components/dashboard/dashboard-grid.tsx:38:3
Error: Expression expected
  36 |     { initials: "EO", name: "Elena Product Owner", date: "22 de agosto - amanha", area: "E...
  37 |     { initials: "IR", name: "Isabela RH", date: "28 de agosto · em 7 dias", area: "Engenha...
> 38 |   };
     |   ^
  39 |
  40 |   const passedBirthdays = [
  41 |     { initials: "CT", name: "Carla Lider Técnica", date: "10 de agosto · há 11 dias", area...

Parsing ecmascript source code failed

Import trace:
  Server Component:
    ./src/components/dashboard/dashboard-grid.tsx
    ./src/app/dashboard/page.tsx @ http://localhost:3000/_next/static/chunks/node_modules_next_dist_1gdrd03._.js:1817
[   33831ms] [ERROR] ./src/components/dashboard/dashboard-grid.tsx:38:3
Error: Expression expected
  36 |     { initials: "EO", name: "Elena Product Owner", date: "22 de agosto - amanha", area: "E...
  37 |     { initials: "IR", name: "Isabela RH", date: "28 de agosto · em 7 dias", area: "Engenha...
> 38 |   };
     |   ^
  39 |
  40 |   const passedBirthdays = [
  41 |     { initials: "CT", name: "Carla Lider Técnica", date: "10 de agosto · há 11 dias", area...

Parsing ecmascript source code failed

Import trace:
  Server Component:
    ./src/components/dashboard/dashboard-grid.tsx
    ./src/app/dashboard/page.tsx @ http://localhost:3000/_next/static/chunks/node_modules_next_dist_1gdrd03._.js:1817
[   33882ms] [ERROR] ./src/components/dashboard/dashboard-grid.tsx:38:3
Error: Expression expected
  36 |     { initials: "EO", name: "Elena Product Owner", date: "22 de agosto - amanha", area: "E...
  37 |     { initials: "IR", name: "Isabela RH", date: "28 de agosto · em 7 dias", area: "Engenha...
> 38 |   };
     |   ^
  39 |
  40 |   const passedBirthdays = [
  41 |     { initials: "CT", name: "Carla Lider Técnica", date: "10 de agosto · há 11 dias", area...

Parsing ecmascript source code failed

Import trace:
  Server Component:
    ./src/components/dashboard/dashboard-grid.tsx
    ./src/app/dashboard/page.tsx @ http://localhost:3000/_next/static/chunks/node_modules_next_dist_1gdrd03._.js:1817
[   33932ms] [ERROR] ./src/components/dashboard/dashboard-grid.tsx:38:3
Error: Expression expected
  36 |     { initials: "EO", name: "Elena Product Owner", date: "22 de agosto - amanha", area: "E...
  37 |     { initials: "IR", name: "Isabela RH", date: "28 de agosto · em 7 dias", area: "Engenha...
> 38 |   };
     |   ^
  39 |
  40 |   const passedBirthdays = [
  41 |     { initials: "CT", name: "Carla Lider Técnica", date: "10 de agosto · há 11 dias", area...

Parsing ecmascript source code failed

Import trace:
  Server Component:
    ./src/components/dashboard/dashboard-grid.tsx
    ./src/app/dashboard/page.tsx @ http://localhost:3000/_next/static/chunks/node_modules_next_dist_1gdrd03._.js:1817
[   33983ms] [ERROR] ./src/components/dashboard/dashboard-grid.tsx:38:3
Error: Expression expected
  36 |     { initials: "EO", name: "Elena Product Owner", date: "22 de agosto - amanha", area: "E...
  37 |     { initials: "IR", name: "Isabela RH", date: "28 de agosto · em 7 dias", area: "Engenha...
> 38 |   };
     |   ^
  39 |
  40 |   const passedBirthdays = [
  41 |     { initials: "CT", name: "Carla Lider Técnica", date: "10 de agosto · há 11 dias", area...

Parsing ecmascript source code failed

Import trace:
  Server Component:
    ./src/components/dashboard/dashboard-grid.tsx
    ./src/app/dashboard/page.tsx @ http://localhost:3000/_next/static/chunks/node_modules_next_dist_1gdrd03._.js:1817
[   34032ms] [ERROR] ./src/components/dashboard/dashboard-grid.tsx:38:3
Error: Expression expected
  36 |     { initials: "EO", name: "Elena Product Owner", date: "22 de agosto - amanha", area: "E...
  37 |     { initials: "IR", name: "Isabela RH", date: "28 de agosto · em 7 dias", area: "Engenha...
> 38 |   };
     |   ^
  39 |
  40 |   const passedBirthdays = [
  41 |     { initials: "CT", name: "Carla Lider Técnica", date: "10 de agosto · há 11 dias", area...

Parsing ecmascript source code failed

Import trace:
  Server Component:
    ./src/components/dashboard/dashboard-grid.tsx
    ./src/app/dashboard/page.tsx @ http://localhost:3000/_next/static/chunks/node_modules_next_dist_1gdrd03._.js:1817
[   34082ms] [ERROR] ./src/components/dashboard/dashboard-grid.tsx:38:3
Error: Expression expected
  36 |     { initials: "EO", name: "Elena Product Owner", date: "22 de agosto - amanha", area: "E...
  37 |     { initials: "IR", name: "Isabela RH", date: "28 de agosto · em 7 dias", area: "Engenha...
> 38 |   };
     |   ^
  39 |
  40 |   const passedBirthdays = [
  41 |     { initials: "CT", name: "Carla Lider Técnica", date: "10 de agosto · há 11 dias", area...

Parsing ecmascript source code failed

Import trace:
  Server Component:
    ./src/components/dashboard/dashboard-grid.tsx
    ./src/app/dashboard/page.tsx @ http://localhost:3000/_next/static/chunks/node_modules_next_dist_1gdrd03._.js:1817
[   34132ms] [ERROR] ./src/components/dashboard/dashboard-grid.tsx:38:3
Error: Expression expected
  36 |     { initials: "EO", name: "Elena Product Owner", date: "22 de agosto - amanha", area: "E...
  37 |     { initials: "IR", name: "Isabela RH", date: "28 de agosto · em 7 dias", area: "Engenha...
> 38 |   };
     |   ^
  39 |
  40 |   const passedBirthdays = [
  41 |     { initials: "CT", name: "Carla Lider Técnica", date: "10 de agosto · há 11 dias", area...

Parsing ecmascript source code failed

Import trace:
  Server Component:
    ./src/components/dashboard/dashboard-grid.tsx
    ./src/app/dashboard/page.tsx @ http://localhost:3000/_next/static/chunks/node_modules_next_dist_1gdrd03._.js:1817
[   34181ms] [ERROR] ./src/components/dashboard/dashboard-grid.tsx:38:3
Error: Expression expected
  36 |     { initials: "EO", name: "Elena Product Owner", date: "22 de agosto - amanha", area: "E...
  37 |     { initials: "IR", name: "Isabela RH", date: "28 de agosto · em 7 dias", area: "Engenha...
> 38 |   };
     |   ^
  39 |
  40 |   const passedBirthdays = [
  41 |     { initials: "CT", name: "Carla Lider Técnica", date: "10 de agosto · há 11 dias", area...

Parsing ecmascript source code failed

Import trace:
  Server Component:
    ./src/components/dashboard/dashboard-grid.tsx
    ./src/app/dashboard/page.tsx @ http://localhost:3000/_next/static/chunks/node_modules_next_dist_1gdrd03._.js:1817
[   34232ms] [ERROR] ./src/components/dashboard/dashboard-grid.tsx:38:3
Error: Expression expected
  36 |     { initials: "EO", name: "Elena Product Owner", date: "22 de agosto - amanha", area: "E...
  37 |     { initials: "IR", name: "Isabela RH", date: "28 de agosto · em 7 dias", area: "Engenha...
> 38 |   };
     |   ^
  39 |
  40 |   const passedBirthdays = [
  41 |     { initials: "CT", name: "Carla Lider Técnica", date: "10 de agosto · há 11 dias", area...

Parsing ecmascript source code failed

Import trace:
  Server Component:
    ./src/components/dashboard/dashboard-grid.tsx
    ./src/app/dashboard/page.tsx @ http://localhost:3000/_next/static/chunks/node_modules_next_dist_1gdrd03._.js:1817
[   34282ms] [ERROR] ./src/components/dashboard/dashboard-grid.tsx:38:3
Error: Expression expected
  36 |     { initials: "EO", name: "Elena Product Owner", date: "22 de agosto - amanha", area: "E...
  37 |     { initials: "IR", name: "Isabela RH", date: "28 de agosto · em 7 dias", area: "Engenha...
> 38 |   };
     |   ^
  39 |
  40 |   const passedBirthdays = [
  41 |     { initials: "CT", name: "Carla Lider Técnica", date: "10 de agosto · há 11 dias", area...

Parsing ecmascript source code failed

Import trace:
  Server Component:
    ./src/components/dashboard/dashboard-grid.tsx
    ./src/app/dashboard/page.tsx @ http://localhost:3000/_next/static/chunks/node_modules_next_dist_1gdrd03._.js:1817
[   34332ms] [ERROR] ./src/components/dashboard/dashboard-grid.tsx:38:3
Error: Expression expected
  36 |     { initials: "EO", name: "Elena Product Owner", date: "22 de agosto - amanha", area: "E...
  37 |     { initials: "IR", name: "Isabela RH", date: "28 de agosto · em 7 dias", area: "Engenha...
> 38 |   };
     |   ^
  39 |
  40 |   const passedBirthdays = [
  41 |     { initials: "CT", name: "Carla Lider Técnica", date: "10 de agosto · há 11 dias", area...

Parsing ecmascript source code failed

Import trace:
  Server Component:
    ./src/components/dashboard/dashboard-grid.tsx
    ./src/app/dashboard/page.tsx @ http://localhost:3000/_next/static/chunks/node_modules_next_dist_1gdrd03._.js:1817
[   34382ms] [ERROR] ./src/components/dashboard/dashboard-grid.tsx:38:3
Error: Expression expected
  36 |     { initials: "EO", name: "Elena Product Owner", date: "22 de agosto - amanha", area: "E...
  37 |     { initials: "IR", name: "Isabela RH", date: "28 de agosto · em 7 dias", area: "Engenha...
> 38 |   };
     |   ^
  39 |
  40 |   const passedBirthdays = [
  41 |     { initials: "CT", name: "Carla Lider Técnica", date: "10 de agosto · há 11 dias", area...

Parsing ecmascript source code failed

Import trace:
  Server Component:
    ./src/components/dashboard/dashboard-grid.tsx
    ./src/app/dashboard/page.tsx @ http://localhost:3000/_next/static/chunks/node_modules_next_dist_1gdrd03._.js:1817
[   34431ms] [ERROR] ./src/components/dashboard/dashboard-grid.tsx:38:3
Error: Expression expected
  36 |     { initials: "EO", name: "Elena Product Owner", date: "22 de agosto - amanha", area: "E...
  37 |     { initials: "IR", name: "Isabela RH", date: "28 de agosto · em 7 dias", area: "Engenha...
> 38 |   };
     |   ^
  39 |
  40 |   const passedBirthdays = [
  41 |     { initials: "CT", name: "Carla Lider Técnica", date: "10 de agosto · há 11 dias", area...

Parsing ecmascript source code failed

Import trace:
  Server Component:
    ./src/components/dashboard/dashboard-grid.tsx
    ./src/app/dashboard/page.tsx @ http://localhost:3000/_next/static/chunks/node_modules_next_dist_1gdrd03._.js:1817
[   34482ms] [ERROR] ./src/components/dashboard/dashboard-grid.tsx:38:3
Error: Expression expected
  36 |     { initials: "EO", name: "Elena Product Owner", date: "22 de agosto - amanha", area: "E...
  37 |     { initials: "IR", name: "Isabela RH", date: "28 de agosto · em 7 dias", area: "Engenha...
> 38 |   };
     |   ^
  39 |
  40 |   const passedBirthdays = [
  41 |     { initials: "CT", name: "Carla Lider Técnica", date: "10 de agosto · há 11 dias", area...

Parsing ecmascript source code failed

Import trace:
  Server Component:
    ./src/components/dashboard/dashboard-grid.tsx
    ./src/app/dashboard/page.tsx @ http://localhost:3000/_next/static/chunks/node_modules_next_dist_1gdrd03._.js:1817
[   34533ms] [ERROR] ./src/components/dashboard/dashboard-grid.tsx:38:3
Error: Expression expected
  36 |     { initials: "EO", name: "Elena Product Owner", date: "22 de agosto - amanha", area: "E...
  37 |     { initials: "IR", name: "Isabela RH", date: "28 de agosto · em 7 dias", area: "Engenha...
> 38 |   };
     |   ^
  39 |
  40 |   const passedBirthdays = [
  41 |     { initials: "CT", name: "Carla Lider Técnica", date: "10 de agosto · há 11 dias", area...

Parsing ecmascript source code failed

Import trace:
  Server Component:
    ./src/components/dashboard/dashboard-grid.tsx
    ./src/app/dashboard/page.tsx @ http://localhost:3000/_next/static/chunks/node_modules_next_dist_1gdrd03._.js:1817
[   34582ms] [ERROR] ./src/components/dashboard/dashboard-grid.tsx:38:3
Error: Expression expected
  36 |     { initials: "EO", name: "Elena Product Owner", date: "22 de agosto - amanha", area: "E...
  37 |     { initials: "IR", name: "Isabela RH", date: "28 de agosto · em 7 dias", area: "Engenha...
> 38 |   };
     |   ^
  39 |
  40 |   const passedBirthdays = [
  41 |     { initials: "CT", name: "Carla Lider Técnica", date: "10 de agosto · há 11 dias", area...

Parsing ecmascript source code failed

Import trace:
  Server Component:
    ./src/components/dashboard/dashboard-grid.tsx
    ./src/app/dashboard/page.tsx @ http://localhost:3000/_next/static/chunks/node_modules_next_dist_1gdrd03._.js:1817
[   34633ms] [ERROR] ./src/components/dashboard/dashboard-grid.tsx:38:3
Error: Expression expected
  36 |     { initials: "EO", name: "Elena Product Owner", date: "22 de agosto - amanha", area: "E...
  37 |     { initials: "IR", name: "Isabela RH", date: "28 de agosto · em 7 dias", area: "Engenha...
> 38 |   };
     |   ^
  39 |
  40 |   const passedBirthdays = [
  41 |     { initials: "CT", name: "Carla Lider Técnica", date: "10 de agosto · há 11 dias", area...

Parsing ecmascript source code failed

Import trace:
  Server Component:
    ./src/components/dashboard/dashboard-grid.tsx
    ./src/app/dashboard/page.tsx @ http://localhost:3000/_next/static/chunks/node_modules_next_dist_1gdrd03._.js:1817
[   34682ms] [ERROR] ./src/components/dashboard/dashboard-grid.tsx:38:3
Error: Expression expected
  36 |     { initials: "EO", name: "Elena Product Owner", date: "22 de agosto - amanha", area: "E...
  37 |     { initials: "IR", name: "Isabela RH", date: "28 de agosto · em 7 dias", area: "Engenha...
> 38 |   };
     |   ^
  39 |
  40 |   const passedBirthdays = [
  41 |     { initials: "CT", name: "Carla Lider Técnica", date: "10 de agosto · há 11 dias", area...

Parsing ecmascript source code failed

Import trace:
  Server Component:
    ./src/components/dashboard/dashboard-grid.tsx
    ./src/app/dashboard/page.tsx @ http://localhost:3000/_next/static/chunks/node_modules_next_dist_1gdrd03._.js:1817
[   34732ms] [ERROR] ./src/components/dashboard/dashboard-grid.tsx:38:3
Error: Expression expected
  36 |     { initials: "EO", name: "Elena Product Owner", date: "22 de agosto - amanha", area: "E...
  37 |     { initials: "IR", name: "Isabela RH", date: "28 de agosto · em 7 dias", area: "Engenha...
> 38 |   };
     |   ^
  39 |
  40 |   const passedBirthdays = [
  41 |     { initials: "CT", name: "Carla Lider Técnica", date: "10 de agosto · há 11 dias", area...

Parsing ecmascript source code failed

Import trace:
  Server Component:
    ./src/components/dashboard/dashboard-grid.tsx
    ./src/app/dashboard/page.tsx @ http://localhost:3000/_next/static/chunks/node_modules_next_dist_1gdrd03._.js:1817
[   34781ms] [ERROR] ./src/components/dashboard/dashboard-grid.tsx:38:3
Error: Expression expected
  36 |     { initials: "EO", name: "Elena Product Owner", date: "22 de agosto - amanha", area: "E...
  37 |     { initials: "IR", name: "Isabela RH", date: "28 de agosto · em 7 dias", area: "Engenha...
> 38 |   };
     |   ^
  39 |
  40 |   const passedBirthdays = [
  41 |     { initials: "CT", name: "Carla Lider Técnica", date: "10 de agosto · há 11 dias", area...

Parsing ecmascript source code failed

Import trace:
  Server Component:
    ./src/components/dashboard/dashboard-grid.tsx
    ./src/app/dashboard/page.tsx @ http://localhost:3000/_next/static/chunks/node_modules_next_dist_1gdrd03._.js:1817
[   34832ms] [ERROR] ./src/components/dashboard/dashboard-grid.tsx:38:3
Error: Expression expected
  36 |     { initials: "EO", name: "Elena Product Owner", date: "22 de agosto - amanha", area: "E...
  37 |     { initials: "IR", name: "Isabela RH", date: "28 de agosto · em 7 dias", area: "Engenha...
> 38 |   };
     |   ^
  39 |
  40 |   const passedBirthdays = [
  41 |     { initials: "CT", name: "Carla Lider Técnica", date: "10 de agosto · há 11 dias", area...

Parsing ecmascript source code failed

Import trace:
  Server Component:
    ./src/components/dashboard/dashboard-grid.tsx
    ./src/app/dashboard/page.tsx @ http://localhost:3000/_next/static/chunks/node_modules_next_dist_1gdrd03._.js:1817
[   34882ms] [ERROR] ./src/components/dashboard/dashboard-grid.tsx:38:3
Error: Expression expected
  36 |     { initials: "EO", name: "Elena Product Owner", date: "22 de agosto - amanha", area: "E...
  37 |     { initials: "IR", name: "Isabela RH", date: "28 de agosto · em 7 dias", area: "Engenha...
> 38 |   };
     |   ^
  39 |
  40 |   const passedBirthdays = [
  41 |     { initials: "CT", name: "Carla Lider Técnica", date: "10 de agosto · há 11 dias", area...

Parsing ecmascript source code failed

Import trace:
  Server Component:
    ./src/components/dashboard/dashboard-grid.tsx
    ./src/app/dashboard/page.tsx @ http://localhost:3000/_next/static/chunks/node_modules_next_dist_1gdrd03._.js:1817
[   34932ms] [ERROR] ./src/components/dashboard/dashboard-grid.tsx:38:3
Error: Expression expected
  36 |     { initials: "EO", name: "Elena Product Owner", date: "22 de agosto - amanha", area: "E...
  37 |     { initials: "IR", name: "Isabela RH", date: "28 de agosto · em 7 dias", area: "Engenha...
> 38 |   };
     |   ^
  39 |
  40 |   const passedBirthdays = [
  41 |     { initials: "CT", name: "Carla Lider Técnica", date: "10 de agosto · há 11 dias", area...

Parsing ecmascript source code failed

Import trace:
  Server Component:
    ./src/components/dashboard/dashboard-grid.tsx
    ./src/app/dashboard/page.tsx @ http://localhost:3000/_next/static/chunks/node_modules_next_dist_1gdrd03._.js:1817
[   34981ms] [ERROR] ./src/components/dashboard/dashboard-grid.tsx:38:3
Error: Expression expected
  36 |     { initials: "EO", name: "Elena Product Owner", date: "22 de agosto - amanha", area: "E...
  37 |     { initials: "IR", name: "Isabela RH", date: "28 de agosto · em 7 dias", area: "Engenha...
> 38 |   };
     |   ^
  39 |
  40 |   const passedBirthdays = [
  41 |     { initials: "CT", name: "Carla Lider Técnica", date: "10 de agosto · há 11 dias", area...

Parsing ecmascript source code failed

Import trace:
  Server Component:
    ./src/components/dashboard/dashboard-grid.tsx
    ./src/app/dashboard/page.tsx @ http://localhost:3000/_next/static/chunks/node_modules_next_dist_1gdrd03._.js:1817
[   35028ms] [ERROR] ./src/components/dashboard/dashboard-grid.tsx:38:3
Error: Expression expected
  36 |     { initials: "EO", name: "Elena Product Owner", date: "22 de agosto - amanha", area: "E...
  37 |     { initials: "IR", name: "Isabela RH", date: "28 de agosto · em 7 dias", area: "Engenha...
> 38 |   };
     |   ^
  39 |
  40 |   const passedBirthdays = [
  41 |     { initials: "CT", name: "Carla Lider Técnica", date: "10 de agosto · há 11 dias", area...

Parsing ecmascript source code failed

Import trace:
  Server Component:
    ./src/components/dashboard/dashboard-grid.tsx
    ./src/app/dashboard/page.tsx @ http://localhost:3000/_next/static/chunks/node_modules_next_dist_1gdrd03._.js:1817
[   35065ms] [ERROR] ./src/components/dashboard/dashboard-grid.tsx:38:3
Error: Expression expected
  36 |     { initials: "EO", name: "Elena Product Owner", date: "22 de agosto - amanha", area: "E...
  37 |     { initials: "IR", name: "Isabela RH", date: "28 de agosto · em 7 dias", area: "Engenha...
> 38 |   };
     |   ^
  39 |
  40 |   const passedBirthdays = [
  41 |     { initials: "CT", name: "Carla Lider Técnica", date: "10 de agosto · há 11 dias", area...

Parsing ecmascript source code failed

Import trace:
  Server Component:
    ./src/components/dashboard/dashboard-grid.tsx
    ./src/app/dashboard/page.tsx @ http://localhost:3000/_next/static/chunks/node_modules_next_dist_1gdrd03._.js:1817
[   35116ms] [ERROR] ./src/components/dashboard/dashboard-grid.tsx:38:3
Error: Expression expected
  36 |     { initials: "EO", name: "Elena Product Owner", date: "22 de agosto - amanha", area: "E...
  37 |     { initials: "IR", name: "Isabela RH", date: "28 de agosto · em 7 dias", area: "Engenha...
> 38 |   };
     |   ^
  39 |
  40 |   const passedBirthdays = [
  41 |     { initials: "CT", name: "Carla Lider Técnica", date: "10 de agosto · há 11 dias", area...

Parsing ecmascript source code failed

Import trace:
  Server Component:
    ./src/components/dashboard/dashboard-grid.tsx
    ./src/app/dashboard/page.tsx @ http://localhost:3000/_next/static/chunks/node_modules_next_dist_1gdrd03._.js:1817
[   35165ms] [ERROR] ./src/components/dashboard/dashboard-grid.tsx:38:3
Error: Expression expected
  36 |     { initials: "EO", name: "Elena Product Owner", date: "22 de agosto - amanha", area: "E...
  37 |     { initials: "IR", name: "Isabela RH", date: "28 de agosto · em 7 dias", area: "Engenha...
> 38 |   };
     |   ^
  39 |
  40 |   const passedBirthdays = [
  41 |     { initials: "CT", name: "Carla Lider Técnica", date: "10 de agosto · há 11 dias", area...

Parsing ecmascript source code failed

Import trace:
  Server Component:
    ./src/components/dashboard/dashboard-grid.tsx
    ./src/app/dashboard/page.tsx @ http://localhost:3000/_next/static/chunks/node_modules_next_dist_1gdrd03._.js:1817
[   35215ms] [ERROR] ./src/components/dashboard/dashboard-grid.tsx:38:3
Error: Expression expected
  36 |     { initials: "EO", name: "Elena Product Owner", date: "22 de agosto - amanha", area: "E...
  37 |     { initials: "IR", name: "Isabela RH", date: "28 de agosto · em 7 dias", area: "Engenha...
> 38 |   };
     |   ^
  39 |
  40 |   const passedBirthdays = [
  41 |     { initials: "CT", name: "Carla Lider Técnica", date: "10 de agosto · há 11 dias", area...

Parsing ecmascript source code failed

Import trace:
  Server Component:
    ./src/components/dashboard/dashboard-grid.tsx
    ./src/app/dashboard/page.tsx @ http://localhost:3000/_next/static/chunks/node_modules_next_dist_1gdrd03._.js:1817
[   35279ms] [ERROR] ./src/components/dashboard/dashboard-grid.tsx:38:3
Error: Expression expected
  36 |     { initials: "EO", name: "Elena Product Owner", date: "22 de agosto - amanha", area: "E...
  37 |     { initials: "IR", name: "Isabela RH", date: "28 de agosto · em 7 dias", area: "Engenha...
> 38 |   };
     |   ^
  39 |
  40 |   const passedBirthdays = [
  41 |     { initials: "CT", name: "Carla Lider Técnica", date: "10 de agosto · há 11 dias", area...

Parsing ecmascript source code failed

Import trace:
  Server Component:
    ./src/components/dashboard/dashboard-grid.tsx
    ./src/app/dashboard/page.tsx @ http://localhost:3000/_next/static/chunks/node_modules_next_dist_1gdrd03._.js:1817
[   35314ms] [ERROR] ./src/components/dashboard/dashboard-grid.tsx:38:3
Error: Expression expected
  36 |     { initials: "EO", name: "Elena Product Owner", date: "22 de agosto - amanha", area: "E...
  37 |     { initials: "IR", name: "Isabela RH", date: "28 de agosto · em 7 dias", area: "Engenha...
> 38 |   };
     |   ^
  39 |
  40 |   const passedBirthdays = [
  41 |     { initials: "CT", name: "Carla Lider Técnica", date: "10 de agosto · há 11 dias", area...

Parsing ecmascript source code failed

Import trace:
  Server Component:
    ./src/components/dashboard/dashboard-grid.tsx
    ./src/app/dashboard/page.tsx @ http://localhost:3000/_next/static/chunks/node_modules_next_dist_1gdrd03._.js:1817
[   35362ms] [ERROR] ./src/components/dashboard/dashboard-grid.tsx:38:3
Error: Expression expected
  36 |     { initials: "EO", name: "Elena Product Owner", date: "22 de agosto - amanha", area: "E...
  37 |     { initials: "IR", name: "Isabela RH", date: "28 de agosto · em 7 dias", area: "Engenha...
> 38 |   };
     |   ^
  39 |
  40 |   const passedBirthdays = [
  41 |     { initials: "CT", name: "Carla Lider Técnica", date: "10 de agosto · há 11 dias", area...

Parsing ecmascript source code failed

Import trace:
  Server Component:
    ./src/components/dashboard/dashboard-grid.tsx
    ./src/app/dashboard/page.tsx @ http://localhost:3000/_next/static/chunks/node_modules_next_dist_1gdrd03._.js:1817
[   35411ms] [ERROR] ./src/components/dashboard/dashboard-grid.tsx:38:3
Error: Expression expected
  36 |     { initials: "EO", name: "Elena Product Owner", date: "22 de agosto - amanha", area: "E...
  37 |     { initials: "IR", name: "Isabela RH", date: "28 de agosto · em 7 dias", area: "Engenha...
> 38 |   };
     |   ^
  39 |
  40 |   const passedBirthdays = [
  41 |     { initials: "CT", name: "Carla Lider Técnica", date: "10 de agosto · há 11 dias", area...

Parsing ecmascript source code failed

Import trace:
  Server Component:
    ./src/components/dashboard/dashboard-grid.tsx
    ./src/app/dashboard/page.tsx @ http://localhost:3000/_next/static/chunks/node_modules_next_dist_1gdrd03._.js:1817
[   35449ms] [ERROR] ./src/components/dashboard/dashboard-grid.tsx:38:3
Error: Expression expected
  36 |     { initials: "EO", name: "Elena Product Owner", date: "22 de agosto - amanha", area: "E...
  37 |     { initials: "IR", name: "Isabela RH", date: "28 de agosto · em 7 dias", area: "Engenha...
> 38 |   };
     |   ^
  39 |
  40 |   const passedBirthdays = [
  41 |     { initials: "CT", name: "Carla Lider Técnica", date: "10 de agosto · há 11 dias", area...

Parsing ecmascript source code failed

Import trace:
  Server Component:
    ./src/components/dashboard/dashboard-grid.tsx
    ./src/app/dashboard/page.tsx @ http://localhost:3000/_next/static/chunks/node_modules_next_dist_1gdrd03._.js:1817
[   35496ms] [ERROR] ./src/components/dashboard/dashboard-grid.tsx:38:3
Error: Expression expected
  36 |     { initials: "EO", name: "Elena Product Owner", date: "22 de agosto - amanha", area: "E...
  37 |     { initials: "IR", name: "Isabela RH", date: "28 de agosto · em 7 dias", area: "Engenha...
> 38 |   };
     |   ^
  39 |
  40 |   const passedBirthdays = [
  41 |     { initials: "CT", name: "Carla Lider Técnica", date: "10 de agosto · há 11 dias", area...

Parsing ecmascript source code failed

Import trace:
  Server Component:
    ./src/components/dashboard/dashboard-grid.tsx
    ./src/app/dashboard/page.tsx @ http://localhost:3000/_next/static/chunks/node_modules_next_dist_1gdrd03._.js:1817
[   35534ms] [ERROR] ./src/components/dashboard/dashboard-grid.tsx:38:3
Error: Expression expected
  36 |     { initials: "EO", name: "Elena Product Owner", date: "22 de agosto - amanha", area: "E...
  37 |     { initials: "IR", name: "Isabela RH", date: "28 de agosto · em 7 dias", area: "Engenha...
> 38 |   };
     |   ^
  39 |
  40 |   const passedBirthdays = [
  41 |     { initials: "CT", name: "Carla Lider Técnica", date: "10 de agosto · há 11 dias", area...

Parsing ecmascript source code failed

Import trace:
  Server Component:
    ./src/components/dashboard/dashboard-grid.tsx
    ./src/app/dashboard/page.tsx @ http://localhost:3000/_next/static/chunks/node_modules_next_dist_1gdrd03._.js:1817
[   35573ms] [ERROR] ./src/components/dashboard/dashboard-grid.tsx:38:3
Error: Expression expected
  36 |     { initials: "EO", name: "Elena Product Owner", date: "22 de agosto - amanha", area: "E...
  37 |     { initials: "IR", name: "Isabela RH", date: "28 de agosto · em 7 dias", area: "Engenha...
> 38 |   };
     |   ^
  39 |
  40 |   const passedBirthdays = [
  41 |     { initials: "CT", name: "Carla Lider Técnica", date: "10 de agosto · há 11 dias", area...

Parsing ecmascript source code failed

Import trace:
  Server Component:
    ./src/components/dashboard/dashboard-grid.tsx
    ./src/app/dashboard/page.tsx @ http://localhost:3000/_next/static/chunks/node_modules_next_dist_1gdrd03._.js:1817
[   35615ms] [ERROR] ./src/components/dashboard/dashboard-grid.tsx:38:3
Error: Expression expected
  36 |     { initials: "EO", name: "Elena Product Owner", date: "22 de agosto - amanha", area: "E...
  37 |     { initials: "IR", name: "Isabela RH", date: "28 de agosto · em 7 dias", area: "Engenha...
> 38 |   };
     |   ^
  39 |
  40 |   const passedBirthdays = [
  41 |     { initials: "CT", name: "Carla Lider Técnica", date: "10 de agosto · há 11 dias", area...

Parsing ecmascript source code failed

Import trace:
  Server Component:
    ./src/components/dashboard/dashboard-grid.tsx
    ./src/app/dashboard/page.tsx @ http://localhost:3000/_next/static/chunks/node_modules_next_dist_1gdrd03._.js:1817
[   35654ms] [ERROR] ./src/components/dashboard/dashboard-grid.tsx:38:3
Error: Expression expected
  36 |     { initials: "EO", name: "Elena Product Owner", date: "22 de agosto - amanha", area: "E...
  37 |     { initials: "IR", name: "Isabela RH", date: "28 de agosto · em 7 dias", area: "Engenha...
> 38 |   };
     |   ^
  39 |
  40 |   const passedBirthdays = [
  41 |     { initials: "CT", name: "Carla Lider Técnica", date: "10 de agosto · há 11 dias", area...

Parsing ecmascript source code failed

Import trace:
  Server Component:
    ./src/components/dashboard/dashboard-grid.tsx
    ./src/app/dashboard/page.tsx @ http://localhost:3000/_next/static/chunks/node_modules_next_dist_1gdrd03._.js:1817
[   35715ms] [ERROR] ./src/components/dashboard/dashboard-grid.tsx:38:3
Error: Expression expected
  36 |     { initials: "EO", name: "Elena Product Owner", date: "22 de agosto - amanha", area: "E...
  37 |     { initials: "IR", name: "Isabela RH", date: "28 de agosto · em 7 dias", area: "Engenha...
> 38 |   };
     |   ^
  39 |
  40 |   const passedBirthdays = [
  41 |     { initials: "CT", name: "Carla Lider Técnica", date: "10 de agosto · há 11 dias", area...

Parsing ecmascript source code failed

Import trace:
  Server Component:
    ./src/components/dashboard/dashboard-grid.tsx
    ./src/app/dashboard/page.tsx @ http://localhost:3000/_next/static/chunks/node_modules_next_dist_1gdrd03._.js:1817
[   35765ms] [ERROR] ./src/components/dashboard/dashboard-grid.tsx:38:3
Error: Expression expected
  36 |     { initials: "EO", name: "Elena Product Owner", date: "22 de agosto - amanha", area: "E...
  37 |     { initials: "IR", name: "Isabela RH", date: "28 de agosto · em 7 dias", area: "Engenha...
> 38 |   };
     |   ^
  39 |
  40 |   const passedBirthdays = [
  41 |     { initials: "CT", name: "Carla Lider Técnica", date: "10 de agosto · há 11 dias", area...

Parsing ecmascript source code failed

Import trace:
  Server Component:
    ./src/components/dashboard/dashboard-grid.tsx
    ./src/app/dashboard/page.tsx @ http://localhost:3000/_next/static/chunks/node_modules_next_dist_1gdrd03._.js:1817
[   35814ms] [ERROR] ./src/components/dashboard/dashboard-grid.tsx:38:3
Error: Expression expected
  36 |     { initials: "EO", name: "Elena Product Owner", date: "22 de agosto - amanha", area: "E...
  37 |     { initials: "IR", name: "Isabela RH", date: "28 de agosto · em 7 dias", area: "Engenha...
> 38 |   };
     |   ^
  39 |
  40 |   const passedBirthdays = [
  41 |     { initials: "CT", name: "Carla Lider Técnica", date: "10 de agosto · há 11 dias", area...

Parsing ecmascript source code failed

Import trace:
  Server Component:
    ./src/components/dashboard/dashboard-grid.tsx
    ./src/app/dashboard/page.tsx @ http://localhost:3000/_next/static/chunks/node_modules_next_dist_1gdrd03._.js:1817
[   35860ms] [ERROR] ./src/components/dashboard/dashboard-grid.tsx:38:3
Error: Expression expected
  36 |     { initials: "EO", name: "Elena Product Owner", date: "22 de agosto - amanha", area: "E...
  37 |     { initials: "IR", name: "Isabela RH", date: "28 de agosto · em 7 dias", area: "Engenha...
> 38 |   };
     |   ^
  39 |
  40 |   const passedBirthdays = [
  41 |     { initials: "CT", name: "Carla Lider Técnica", date: "10 de agosto · há 11 dias", area...

Parsing ecmascript source code failed

Import trace:
  Server Component:
    ./src/components/dashboard/dashboard-grid.tsx
    ./src/app/dashboard/page.tsx @ http://localhost:3000/_next/static/chunks/node_modules_next_dist_1gdrd03._.js:1817
[   35903ms] [ERROR] ./src/components/dashboard/dashboard-grid.tsx:38:3
Error: Expression expected
  36 |     { initials: "EO", name: "Elena Product Owner", date: "22 de agosto - amanha", area: "E...
  37 |     { initials: "IR", name: "Isabela RH", date: "28 de agosto · em 7 dias", area: "Engenha...
> 38 |   };
     |   ^
  39 |
  40 |   const passedBirthdays = [
  41 |     { initials: "CT", name: "Carla Lider Técnica", date: "10 de agosto · há 11 dias", area...

Parsing ecmascript source code failed

Import trace:
  Server Component:
    ./src/components/dashboard/dashboard-grid.tsx
    ./src/app/dashboard/page.tsx @ http://localhost:3000/_next/static/chunks/node_modules_next_dist_1gdrd03._.js:1817
[   35943ms] [ERROR] ./src/components/dashboard/dashboard-grid.tsx:38:3
Error: Expression expected
  36 |     { initials: "EO", name: "Elena Product Owner", date: "22 de agosto - amanha", area: "E...
  37 |     { initials: "IR", name: "Isabela RH", date: "28 de agosto · em 7 dias", area: "Engenha...
> 38 |   };
     |   ^
  39 |
  40 |   const passedBirthdays = [
  41 |     { initials: "CT", name: "Carla Lider Técnica", date: "10 de agosto · há 11 dias", area...

Parsing ecmascript source code failed

Import trace:
  Server Component:
    ./src/components/dashboard/dashboard-grid.tsx
    ./src/app/dashboard/page.tsx @ http://localhost:3000/_next/static/chunks/node_modules_next_dist_1gdrd03._.js:1817
[   35981ms] [ERROR] ./src/components/dashboard/dashboard-grid.tsx:38:3
Error: Expression expected
  36 |     { initials: "EO", name: "Elena Product Owner", date: "22 de agosto - amanha", area: "E...
  37 |     { initials: "IR", name: "Isabela RH", date: "28 de agosto · em 7 dias", area: "Engenha...
> 38 |   };
     |   ^
  39 |
  40 |   const passedBirthdays = [
  41 |     { initials: "CT", name: "Carla Lider Técnica", date: "10 de agosto · há 11 dias", area...

Parsing ecmascript source code failed

Import trace:
  Server Component:
    ./src/components/dashboard/dashboard-grid.tsx
    ./src/app/dashboard/page.tsx @ http://localhost:3000/_next/static/chunks/node_modules_next_dist_1gdrd03._.js:1817
[   36031ms] [ERROR] ./src/components/dashboard/dashboard-grid.tsx:38:3
Error: Expression expected
  36 |     { initials: "EO", name: "Elena Product Owner", date: "22 de agosto - amanha", area: "E...
  37 |     { initials: "IR", name: "Isabela RH", date: "28 de agosto · em 7 dias", area: "Engenha...
> 38 |   };
     |   ^
  39 |
  40 |   const passedBirthdays = [
  41 |     { initials: "CT", name: "Carla Lider Técnica", date: "10 de agosto · há 11 dias", area...

Parsing ecmascript source code failed

Import trace:
  Server Component:
    ./src/components/dashboard/dashboard-grid.tsx
    ./src/app/dashboard/page.tsx @ http://localhost:3000/_next/static/chunks/node_modules_next_dist_1gdrd03._.js:1817
[   36080ms] [ERROR] ./src/components/dashboard/dashboard-grid.tsx:38:3
Error: Expression expected
  36 |     { initials: "EO", name: "Elena Product Owner", date: "22 de agosto - amanha", area: "E...
  37 |     { initials: "IR", name: "Isabela RH", date: "28 de agosto · em 7 dias", area: "Engenha...
> 38 |   };
     |   ^
  39 |
  40 |   const passedBirthdays = [
  41 |     { initials: "CT", name: "Carla Lider Técnica", date: "10 de agosto · há 11 dias", area...

Parsing ecmascript source code failed

Import trace:
  Server Component:
    ./src/components/dashboard/dashboard-grid.tsx
    ./src/app/dashboard/page.tsx @ http://localhost:3000/_next/static/chunks/node_modules_next_dist_1gdrd03._.js:1817
[   36128ms] [ERROR] ./src/components/dashboard/dashboard-grid.tsx:38:3
Error: Expression expected
  36 |     { initials: "EO", name: "Elena Product Owner", date: "22 de agosto - amanha", area: "E...
  37 |     { initials: "IR", name: "Isabela RH", date: "28 de agosto · em 7 dias", area: "Engenha...
> 38 |   };
     |   ^
  39 |
  40 |   const passedBirthdays = [
  41 |     { initials: "CT", name: "Carla Lider Técnica", date: "10 de agosto · há 11 dias", area...

Parsing ecmascript source code failed

Import trace:
  Server Component:
    ./src/components/dashboard/dashboard-grid.tsx
    ./src/app/dashboard/page.tsx @ http://localhost:3000/_next/static/chunks/node_modules_next_dist_1gdrd03._.js:1817
[   36175ms] [ERROR] ./src/components/dashboard/dashboard-grid.tsx:38:3
Error: Expression expected
  36 |     { initials: "EO", name: "Elena Product Owner", date: "22 de agosto - amanha", area: "E...
  37 |     { initials: "IR", name: "Isabela RH", date: "28 de agosto · em 7 dias", area: "Engenha...
> 38 |   };
     |   ^
  39 |
  40 |   const passedBirthdays = [
  41 |     { initials: "CT", name: "Carla Lider Técnica", date: "10 de agosto · há 11 dias", area...

Parsing ecmascript source code failed

Import trace:
  Server Component:
    ./src/components/dashboard/dashboard-grid.tsx
    ./src/app/dashboard/page.tsx @ http://localhost:3000/_next/static/chunks/node_modules_next_dist_1gdrd03._.js:1817
[   36231ms] [ERROR] ./src/components/dashboard/dashboard-grid.tsx:38:3
Error: Expression expected
  36 |     { initials: "EO", name: "Elena Product Owner", date: "22 de agosto - amanha", area: "E...
  37 |     { initials: "IR", name: "Isabela RH", date: "28 de agosto · em 7 dias", area: "Engenha...
> 38 |   };
     |   ^
  39 |
  40 |   const passedBirthdays = [
  41 |     { initials: "CT", name: "Carla Lider Técnica", date: "10 de agosto · há 11 dias", area...

Parsing ecmascript source code failed

Import trace:
  Server Component:
    ./src/components/dashboard/dashboard-grid.tsx
    ./src/app/dashboard/page.tsx @ http://localhost:3000/_next/static/chunks/node_modules_next_dist_1gdrd03._.js:1817
[   36280ms] [ERROR] ./src/components/dashboard/dashboard-grid.tsx:38:3
Error: Expression expected
  36 |     { initials: "EO", name: "Elena Product Owner", date: "22 de agosto - amanha", area: "E...
  37 |     { initials: "IR", name: "Isabela RH", date: "28 de agosto · em 7 dias", area: "Engenha...
> 38 |   };
     |   ^
  39 |
  40 |   const passedBirthdays = [
  41 |     { initials: "CT", name: "Carla Lider Técnica", date: "10 de agosto · há 11 dias", area...

Parsing ecmascript source code failed

Import trace:
  Server Component:
    ./src/components/dashboard/dashboard-grid.tsx
    ./src/app/dashboard/page.tsx @ http://localhost:3000/_next/static/chunks/node_modules_next_dist_1gdrd03._.js:1817
[   36328ms] [ERROR] ./src/components/dashboard/dashboard-grid.tsx:38:3
Error: Expression expected
  36 |     { initials: "EO", name: "Elena Product Owner", date: "22 de agosto - amanha", area: "E...
  37 |     { initials: "IR", name: "Isabela RH", date: "28 de agosto · em 7 dias", area: "Engenha...
> 38 |   };
     |   ^
  39 |
  40 |   const passedBirthdays = [
  41 |     { initials: "CT", name: "Carla Lider Técnica", date: "10 de agosto · há 11 dias", area...

Parsing ecmascript source code failed

Import trace:
  Server Component:
    ./src/components/dashboard/dashboard-grid.tsx
    ./src/app/dashboard/page.tsx @ http://localhost:3000/_next/static/chunks/node_modules_next_dist_1gdrd03._.js:1817
[   36391ms] [ERROR] ./src/components/dashboard/dashboard-grid.tsx:38:3
Error: Expression expected
  36 |     { initials: "EO", name: "Elena Product Owner", date: "22 de agosto - amanha", area: "E...
  37 |     { initials: "IR", name: "Isabela RH", date: "28 de agosto · em 7 dias", area: "Engenha...
> 38 |   };
     |   ^
  39 |
  40 |   const passedBirthdays = [
  41 |     { initials: "CT", name: "Carla Lider Técnica", date: "10 de agosto · há 11 dias", area...

Parsing ecmascript source code failed

Import trace:
  Server Component:
    ./src/components/dashboard/dashboard-grid.tsx
    ./src/app/dashboard/page.tsx @ http://localhost:3000/_next/static/chunks/node_modules_next_dist_1gdrd03._.js:1817
[   36439ms] [ERROR] ./src/components/dashboard/dashboard-grid.tsx:38:3
Error: Expression expected
  36 |     { initials: "EO", name: "Elena Product Owner", date: "22 de agosto - amanha", area: "E...
  37 |     { initials: "IR", name: "Isabela RH", date: "28 de agosto · em 7 dias", area: "Engenha...
> 38 |   };
     |   ^
  39 |
  40 |   const passedBirthdays = [
  41 |     { initials: "CT", name: "Carla Lider Técnica", date: "10 de agosto · há 11 dias", area...

Parsing ecmascript source code failed

Import trace:
  Server Component:
    ./src/components/dashboard/dashboard-grid.tsx
    ./src/app/dashboard/page.tsx @ http://localhost:3000/_next/static/chunks/node_modules_next_dist_1gdrd03._.js:1817
[   36502ms] [ERROR] ./src/components/dashboard/dashboard-grid.tsx:38:3
Error: Expression expected
  36 |     { initials: "EO", name: "Elena Product Owner", date: "22 de agosto - amanha", area: "E...
  37 |     { initials: "IR", name: "Isabela RH", date: "28 de agosto · em 7 dias", area: "Engenha...
> 38 |   };
     |   ^
  39 |
  40 |   const passedBirthdays = [
  41 |     { initials: "CT", name: "Carla Lider Técnica", date: "10 de agosto · há 11 dias", area...

Parsing ecmascript source code failed

Import trace:
  Server Component:
    ./src/components/dashboard/dashboard-grid.tsx
    ./src/app/dashboard/page.tsx @ http://localhost:3000/_next/static/chunks/node_modules_next_dist_1gdrd03._.js:1817
[   36551ms] [ERROR] ./src/components/dashboard/dashboard-grid.tsx:38:3
Error: Expression expected
  36 |     { initials: "EO", name: "Elena Product Owner", date: "22 de agosto - amanha", area: "E...
  37 |     { initials: "IR", name: "Isabela RH", date: "28 de agosto · em 7 dias", area: "Engenha...
> 38 |   };
     |   ^
  39 |
  40 |   const passedBirthdays = [
  41 |     { initials: "CT", name: "Carla Lider Técnica", date: "10 de agosto · há 11 dias", area...

Parsing ecmascript source code failed

Import trace:
  Server Component:
    ./src/components/dashboard/dashboard-grid.tsx
    ./src/app/dashboard/page.tsx @ http://localhost:3000/_next/static/chunks/node_modules_next_dist_1gdrd03._.js:1817
[   36600ms] [ERROR] ./src/components/dashboard/dashboard-grid.tsx:38:3
Error: Expression expected
  36 |     { initials: "EO", name: "Elena Product Owner", date: "22 de agosto - amanha", area: "E...
  37 |     { initials: "IR", name: "Isabela RH", date: "28 de agosto · em 7 dias", area: "Engenha...
> 38 |   };
     |   ^
  39 |
  40 |   const passedBirthdays = [
  41 |     { initials: "CT", name: "Carla Lider Técnica", date: "10 de agosto · há 11 dias", area...

Parsing ecmascript source code failed

Import trace:
  Server Component:
    ./src/components/dashboard/dashboard-grid.tsx
    ./src/app/dashboard/page.tsx @ http://localhost:3000/_next/static/chunks/node_modules_next_dist_1gdrd03._.js:1817
[   36650ms] [ERROR] ./src/components/dashboard/dashboard-grid.tsx:38:3
Error: Expression expected
  36 |     { initials: "EO", name: "Elena Product Owner", date: "22 de agosto - amanha", area: "E...
  37 |     { initials: "IR", name: "Isabela RH", date: "28 de agosto · em 7 dias", area: "Engenha...
> 38 |   };
     |   ^
  39 |
  40 |   const passedBirthdays = [
  41 |     { initials: "CT", name: "Carla Lider Técnica", date: "10 de agosto · há 11 dias", area...

Parsing ecmascript source code failed

Import trace:
  Server Component:
    ./src/components/dashboard/dashboard-grid.tsx
    ./src/app/dashboard/page.tsx @ http://localhost:3000/_next/static/chunks/node_modules_next_dist_1gdrd03._.js:1817
[   36700ms] [ERROR] ./src/components/dashboard/dashboard-grid.tsx:38:3
Error: Expression expected
  36 |     { initials: "EO", name: "Elena Product Owner", date: "22 de agosto - amanha", area: "E...
  37 |     { initials: "IR", name: "Isabela RH", date: "28 de agosto · em 7 dias", area: "Engenha...
> 38 |   };
     |   ^
  39 |
  40 |   const passedBirthdays = [
  41 |     { initials: "CT", name: "Carla Lider Técnica", date: "10 de agosto · há 11 dias", area...

Parsing ecmascript source code failed

Import trace:
  Server Component:
    ./src/components/dashboard/dashboard-grid.tsx
    ./src/app/dashboard/page.tsx @ http://localhost:3000/_next/static/chunks/node_modules_next_dist_1gdrd03._.js:1817
[   36750ms] [ERROR] ./src/components/dashboard/dashboard-grid.tsx:38:3
Error: Expression expected
  36 |     { initials: "EO", name: "Elena Product Owner", date: "22 de agosto - amanha", area: "E...
  37 |     { initials: "IR", name: "Isabela RH", date: "28 de agosto · em 7 dias", area: "Engenha...
> 38 |   };
     |   ^
  39 |
  40 |   const passedBirthdays = [
  41 |     { initials: "CT", name: "Carla Lider Técnica", date: "10 de agosto · há 11 dias", area...

Parsing ecmascript source code failed

Import trace:
  Server Component:
    ./src/components/dashboard/dashboard-grid.tsx
    ./src/app/dashboard/page.tsx @ http://localhost:3000/_next/static/chunks/node_modules_next_dist_1gdrd03._.js:1817
[   36800ms] [ERROR] ./src/components/dashboard/dashboard-grid.tsx:38:3
Error: Expression expected
  36 |     { initials: "EO", name: "Elena Product Owner", date: "22 de agosto - amanha", area: "E...
  37 |     { initials: "IR", name: "Isabela RH", date: "28 de agosto · em 7 dias", area: "Engenha...
> 38 |   };
     |   ^
  39 |
  40 |   const passedBirthdays = [
  41 |     { initials: "CT", name: "Carla Lider Técnica", date: "10 de agosto · há 11 dias", area...

Parsing ecmascript source code failed

Import trace:
  Server Component:
    ./src/components/dashboard/dashboard-grid.tsx
    ./src/app/dashboard/page.tsx @ http://localhost:3000/_next/static/chunks/node_modules_next_dist_1gdrd03._.js:1817
[   36849ms] [ERROR] ./src/components/dashboard/dashboard-grid.tsx:38:3
Error: Expression expected
  36 |     { initials: "EO", name: "Elena Product Owner", date: "22 de agosto - amanha", area: "E...
  37 |     { initials: "IR", name: "Isabela RH", date: "28 de agosto · em 7 dias", area: "Engenha...
> 38 |   };
     |   ^
  39 |
  40 |   const passedBirthdays = [
  41 |     { initials: "CT", name: "Carla Lider Técnica", date: "10 de agosto · há 11 dias", area...

Parsing ecmascript source code failed

Import trace:
  Server Component:
    ./src/components/dashboard/dashboard-grid.tsx
    ./src/app/dashboard/page.tsx @ http://localhost:3000/_next/static/chunks/node_modules_next_dist_1gdrd03._.js:1817
[   36900ms] [ERROR] ./src/components/dashboard/dashboard-grid.tsx:38:3
Error: Expression expected
  36 |     { initials: "EO", name: "Elena Product Owner", date: "22 de agosto - amanha", area: "E...
  37 |     { initials: "IR", name: "Isabela RH", date: "28 de agosto · em 7 dias", area: "Engenha...
> 38 |   };
     |   ^
  39 |
  40 |   const passedBirthdays = [
  41 |     { initials: "CT", name: "Carla Lider Técnica", date: "10 de agosto · há 11 dias", area...

Parsing ecmascript source code failed

Import trace:
  Server Component:
    ./src/components/dashboard/dashboard-grid.tsx
    ./src/app/dashboard/page.tsx @ http://localhost:3000/_next/static/chunks/node_modules_next_dist_1gdrd03._.js:1817
[   36948ms] [ERROR] ./src/components/dashboard/dashboard-grid.tsx:38:3
Error: Expression expected
  36 |     { initials: "EO", name: "Elena Product Owner", date: "22 de agosto - amanha", area: "E...
  37 |     { initials: "IR", name: "Isabela RH", date: "28 de agosto · em 7 dias", area: "Engenha...
> 38 |   };
     |   ^
  39 |
  40 |   const passedBirthdays = [
  41 |     { initials: "CT", name: "Carla Lider Técnica", date: "10 de agosto · há 11 dias", area...

Parsing ecmascript source code failed

Import trace:
  Server Component:
    ./src/components/dashboard/dashboard-grid.tsx
    ./src/app/dashboard/page.tsx @ http://localhost:3000/_next/static/chunks/node_modules_next_dist_1gdrd03._.js:1817
[   37000ms] [ERROR] ./src/components/dashboard/dashboard-grid.tsx:38:3
Error: Expression expected
  36 |     { initials: "EO", name: "Elena Product Owner", date: "22 de agosto - amanha", area: "E...
  37 |     { initials: "IR", name: "Isabela RH", date: "28 de agosto · em 7 dias", area: "Engenha...
> 38 |   };
     |   ^
  39 |
  40 |   const passedBirthdays = [
  41 |     { initials: "CT", name: "Carla Lider Técnica", date: "10 de agosto · há 11 dias", area...

Parsing ecmascript source code failed

Import trace:
  Server Component:
    ./src/components/dashboard/dashboard-grid.tsx
    ./src/app/dashboard/page.tsx @ http://localhost:3000/_next/static/chunks/node_modules_next_dist_1gdrd03._.js:1817
[   37051ms] [ERROR] ./src/components/dashboard/dashboard-grid.tsx:38:3
Error: Expression expected
  36 |     { initials: "EO", name: "Elena Product Owner", date: "22 de agosto - amanha", area: "E...
  37 |     { initials: "IR", name: "Isabela RH", date: "28 de agosto · em 7 dias", area: "Engenha...
> 38 |   };
     |   ^
  39 |
  40 |   const passedBirthdays = [
  41 |     { initials: "CT", name: "Carla Lider Técnica", date: "10 de agosto · há 11 dias", area...

Parsing ecmascript source code failed

Import trace:
  Server Component:
    ./src/components/dashboard/dashboard-grid.tsx
    ./src/app/dashboard/page.tsx @ http://localhost:3000/_next/static/chunks/node_modules_next_dist_1gdrd03._.js:1817
[   37087ms] [ERROR] ./src/components/dashboard/dashboard-grid.tsx:38:3
Error: Expression expected
  36 |     { initials: "EO", name: "Elena Product Owner", date: "22 de agosto - amanha", area: "E...
  37 |     { initials: "IR", name: "Isabela RH", date: "28 de agosto · em 7 dias", area: "Engenha...
> 38 |   };
     |   ^
  39 |
  40 |   const passedBirthdays = [
  41 |     { initials: "CT", name: "Carla Lider Técnica", date: "10 de agosto · há 11 dias", area...

Parsing ecmascript source code failed

Import trace:
  Server Component:
    ./src/components/dashboard/dashboard-grid.tsx
    ./src/app/dashboard/page.tsx @ http://localhost:3000/_next/static/chunks/node_modules_next_dist_1gdrd03._.js:1817
[   37124ms] [ERROR] ./src/components/dashboard/dashboard-grid.tsx:38:3
Error: Expression expected
  36 |     { initials: "EO", name: "Elena Product Owner", date: "22 de agosto - amanha", area: "E...
  37 |     { initials: "IR", name: "Isabela RH", date: "28 de agosto · em 7 dias", area: "Engenha...
> 38 |   };
     |   ^
  39 |
  40 |   const passedBirthdays = [
  41 |     { initials: "CT", name: "Carla Lider Técnica", date: "10 de agosto · há 11 dias", area...

Parsing ecmascript source code failed

Import trace:
  Server Component:
    ./src/components/dashboard/dashboard-grid.tsx
    ./src/app/dashboard/page.tsx @ http://localhost:3000/_next/static/chunks/node_modules_next_dist_1gdrd03._.js:1817
[   37160ms] [ERROR] ./src/components/dashboard/dashboard-grid.tsx:38:3
Error: Expression expected
  36 |     { initials: "EO", name: "Elena Product Owner", date: "22 de agosto - amanha", area: "E...
  37 |     { initials: "IR", name: "Isabela RH", date: "28 de agosto · em 7 dias", area: "Engenha...
> 38 |   };
     |   ^
  39 |
  40 |   const passedBirthdays = [
  41 |     { initials: "CT", name: "Carla Lider Técnica", date: "10 de agosto · há 11 dias", area...

Parsing ecmascript source code failed

Import trace:
  Server Component:
    ./src/components/dashboard/dashboard-grid.tsx
    ./src/app/dashboard/page.tsx @ http://localhost:3000/_next/static/chunks/node_modules_next_dist_1gdrd03._.js:1817
[   37199ms] [ERROR] ./src/components/dashboard/dashboard-grid.tsx:38:3
Error: Expression expected
  36 |     { initials: "EO", name: "Elena Product Owner", date: "22 de agosto - amanha", area: "E...
  37 |     { initials: "IR", name: "Isabela RH", date: "28 de agosto · em 7 dias", area: "Engenha...
> 38 |   };
     |   ^
  39 |
  40 |   const passedBirthdays = [
  41 |     { initials: "CT", name: "Carla Lider Técnica", date: "10 de agosto · há 11 dias", area...

Parsing ecmascript source code failed

Import trace:
  Server Component:
    ./src/components/dashboard/dashboard-grid.tsx
    ./src/app/dashboard/page.tsx @ http://localhost:3000/_next/static/chunks/node_modules_next_dist_1gdrd03._.js:1817
[   37250ms] [ERROR] ./src/components/dashboard/dashboard-grid.tsx:38:3
Error: Expression expected
  36 |     { initials: "EO", name: "Elena Product Owner", date: "22 de agosto - amanha", area: "E...
  37 |     { initials: "IR", name: "Isabela RH", date: "28 de agosto · em 7 dias", area: "Engenha...
> 38 |   };
     |   ^
  39 |
  40 |   const passedBirthdays = [
  41 |     { initials: "CT", name: "Carla Lider Técnica", date: "10 de agosto · há 11 dias", area...

Parsing ecmascript source code failed

Import trace:
  Server Component:
    ./src/components/dashboard/dashboard-grid.tsx
    ./src/app/dashboard/page.tsx @ http://localhost:3000/_next/static/chunks/node_modules_next_dist_1gdrd03._.js:1817
[   37299ms] [ERROR] ./src/components/dashboard/dashboard-grid.tsx:38:3
Error: Expression expected
  36 |     { initials: "EO", name: "Elena Product Owner", date: "22 de agosto - amanha", area: "E...
  37 |     { initials: "IR", name: "Isabela RH", date: "28 de agosto · em 7 dias", area: "Engenha...
> 38 |   };
     |   ^
  39 |
  40 |   const passedBirthdays = [
  41 |     { initials: "CT", name: "Carla Lider Técnica", date: "10 de agosto · há 11 dias", area...

Parsing ecmascript source code failed

Import trace:
  Server Component:
    ./src/components/dashboard/dashboard-grid.tsx
    ./src/app/dashboard/page.tsx @ http://localhost:3000/_next/static/chunks/node_modules_next_dist_1gdrd03._.js:1817
[   37349ms] [ERROR] ./src/components/dashboard/dashboard-grid.tsx:38:3
Error: Expression expected
  36 |     { initials: "EO", name: "Elena Product Owner", date: "22 de agosto - amanha", area: "E...
  37 |     { initials: "IR", name: "Isabela RH", date: "28 de agosto · em 7 dias", area: "Engenha...
> 38 |   };
     |   ^
  39 |
  40 |   const passedBirthdays = [
  41 |     { initials: "CT", name: "Carla Lider Técnica", date: "10 de agosto · há 11 dias", area...

Parsing ecmascript source code failed

Import trace:
  Server Component:
    ./src/components/dashboard/dashboard-grid.tsx
    ./src/app/dashboard/page.tsx @ http://localhost:3000/_next/static/chunks/node_modules_next_dist_1gdrd03._.js:1817
[   37400ms] [ERROR] ./src/components/dashboard/dashboard-grid.tsx:38:3
Error: Expression expected
  36 |     { initials: "EO", name: "Elena Product Owner", date: "22 de agosto - amanha", area: "E...
  37 |     { initials: "IR", name: "Isabela RH", date: "28 de agosto · em 7 dias", area: "Engenha...
> 38 |   };
     |   ^
  39 |
  40 |   const passedBirthdays = [
  41 |     { initials: "CT", name: "Carla Lider Técnica", date: "10 de agosto · há 11 dias", area...

Parsing ecmascript source code failed

Import trace:
  Server Component:
    ./src/components/dashboard/dashboard-grid.tsx
    ./src/app/dashboard/page.tsx @ http://localhost:3000/_next/static/chunks/node_modules_next_dist_1gdrd03._.js:1817
[   37450ms] [ERROR] ./src/components/dashboard/dashboard-grid.tsx:38:3
Error: Expression expected
  36 |     { initials: "EO", name: "Elena Product Owner", date: "22 de agosto - amanha", area: "E...
  37 |     { initials: "IR", name: "Isabela RH", date: "28 de agosto · em 7 dias", area: "Engenha...
> 38 |   };
     |   ^
  39 |
  40 |   const passedBirthdays = [
  41 |     { initials: "CT", name: "Carla Lider Técnica", date: "10 de agosto · há 11 dias", area...

Parsing ecmascript source code failed

Import trace:
  Server Component:
    ./src/components/dashboard/dashboard-grid.tsx
    ./src/app/dashboard/page.tsx @ http://localhost:3000/_next/static/chunks/node_modules_next_dist_1gdrd03._.js:1817
[   37498ms] [ERROR] ./src/components/dashboard/dashboard-grid.tsx:38:3
Error: Expression expected
  36 |     { initials: "EO", name: "Elena Product Owner", date: "22 de agosto - amanha", area: "E...
  37 |     { initials: "IR", name: "Isabela RH", date: "28 de agosto · em 7 dias", area: "Engenha...
> 38 |   };
     |   ^
  39 |
  40 |   const passedBirthdays = [
  41 |     { initials: "CT", name: "Carla Lider Técnica", date: "10 de agosto · há 11 dias", area...

Parsing ecmascript source code failed

Import trace:
  Server Component:
    ./src/components/dashboard/dashboard-grid.tsx
    ./src/app/dashboard/page.tsx @ http://localhost:3000/_next/static/chunks/node_modules_next_dist_1gdrd03._.js:1817
[   37550ms] [ERROR] ./src/components/dashboard/dashboard-grid.tsx:38:3
Error: Expression expected
  36 |     { initials: "EO", name: "Elena Product Owner", date: "22 de agosto - amanha", area: "E...
  37 |     { initials: "IR", name: "Isabela RH", date: "28 de agosto · em 7 dias", area: "Engenha...
> 38 |   };
     |   ^
  39 |
  40 |   const passedBirthdays = [
  41 |     { initials: "CT", name: "Carla Lider Técnica", date: "10 de agosto · há 11 dias", area...

Parsing ecmascript source code failed

Import trace:
  Server Component:
    ./src/components/dashboard/dashboard-grid.tsx
    ./src/app/dashboard/page.tsx @ http://localhost:3000/_next/static/chunks/node_modules_next_dist_1gdrd03._.js:1817
[   37600ms] [ERROR] ./src/components/dashboard/dashboard-grid.tsx:38:3
Error: Expression expected
  36 |     { initials: "EO", name: "Elena Product Owner", date: "22 de agosto - amanha", area: "E...
  37 |     { initials: "IR", name: "Isabela RH", date: "28 de agosto · em 7 dias", area: "Engenha...
> 38 |   };
     |   ^
  39 |
  40 |   const passedBirthdays = [
  41 |     { initials: "CT", name: "Carla Lider Técnica", date: "10 de agosto · há 11 dias", area...

Parsing ecmascript source code failed

Import trace:
  Server Component:
    ./src/components/dashboard/dashboard-grid.tsx
    ./src/app/dashboard/page.tsx @ http://localhost:3000/_next/static/chunks/node_modules_next_dist_1gdrd03._.js:1817
[   37650ms] [ERROR] ./src/components/dashboard/dashboard-grid.tsx:38:3
Error: Expression expected
  36 |     { initials: "EO", name: "Elena Product Owner", date: "22 de agosto - amanha", area: "E...
  37 |     { initials: "IR", name: "Isabela RH", date: "28 de agosto · em 7 dias", area: "Engenha...
> 38 |   };
     |   ^
  39 |
  40 |   const passedBirthdays = [
  41 |     { initials: "CT", name: "Carla Lider Técnica", date: "10 de agosto · há 11 dias", area...

Parsing ecmascript source code failed

Import trace:
  Server Component:
    ./src/components/dashboard/dashboard-grid.tsx
    ./src/app/dashboard/page.tsx @ http://localhost:3000/_next/static/chunks/node_modules_next_dist_1gdrd03._.js:1817
[   37699ms] [ERROR] ./src/components/dashboard/dashboard-grid.tsx:38:3
Error: Expression expected
  36 |     { initials: "EO", name: "Elena Product Owner", date: "22 de agosto - amanha", area: "E...
  37 |     { initials: "IR", name: "Isabela RH", date: "28 de agosto · em 7 dias", area: "Engenha...
> 38 |   };
     |   ^
  39 |
  40 |   const passedBirthdays = [
  41 |     { initials: "CT", name: "Carla Lider Técnica", date: "10 de agosto · há 11 dias", area...

Parsing ecmascript source code failed

Import trace:
  Server Component:
    ./src/components/dashboard/dashboard-grid.tsx
    ./src/app/dashboard/page.tsx @ http://localhost:3000/_next/static/chunks/node_modules_next_dist_1gdrd03._.js:1817
[   37746ms] [ERROR] ./src/components/dashboard/dashboard-grid.tsx:38:3
Error: Expression expected
  36 |     { initials: "EO", name: "Elena Product Owner", date: "22 de agosto - amanha", area: "E...
  37 |     { initials: "IR", name: "Isabela RH", date: "28 de agosto · em 7 dias", area: "Engenha...
> 38 |   };
     |   ^
  39 |
  40 |   const passedBirthdays = [
  41 |     { initials: "CT", name: "Carla Lider Técnica", date: "10 de agosto · há 11 dias", area...

Parsing ecmascript source code failed

Import trace:
  Server Component:
    ./src/components/dashboard/dashboard-grid.tsx
    ./src/app/dashboard/page.tsx @ http://localhost:3000/_next/static/chunks/node_modules_next_dist_1gdrd03._.js:1817
[   37799ms] [ERROR] ./src/components/dashboard/dashboard-grid.tsx:38:3
Error: Expression expected
  36 |     { initials: "EO", name: "Elena Product Owner", date: "22 de agosto - amanha", area: "E...
  37 |     { initials: "IR", name: "Isabela RH", date: "28 de agosto · em 7 dias", area: "Engenha...
> 38 |   };
     |   ^
  39 |
  40 |   const passedBirthdays = [
  41 |     { initials: "CT", name: "Carla Lider Técnica", date: "10 de agosto · há 11 dias", area...

Parsing ecmascript source code failed

Import trace:
  Server Component:
    ./src/components/dashboard/dashboard-grid.tsx
    ./src/app/dashboard/page.tsx @ http://localhost:3000/_next/static/chunks/node_modules_next_dist_1gdrd03._.js:1817
[   37841ms] [ERROR] ./src/components/dashboard/dashboard-grid.tsx:38:3
Error: Expression expected
  36 |     { initials: "EO", name: "Elena Product Owner", date: "22 de agosto - amanha", area: "E...
  37 |     { initials: "IR", name: "Isabela RH", date: "28 de agosto · em 7 dias", area: "Engenha...
> 38 |   };
     |   ^
  39 |
  40 |   const passedBirthdays = [
  41 |     { initials: "CT", name: "Carla Lider Técnica", date: "10 de agosto · há 11 dias", area...

Parsing ecmascript source code failed

Import trace:
  Server Component:
    ./src/components/dashboard/dashboard-grid.tsx
    ./src/app/dashboard/page.tsx @ http://localhost:3000/_next/static/chunks/node_modules_next_dist_1gdrd03._.js:1817
[   37881ms] [ERROR] ./src/components/dashboard/dashboard-grid.tsx:38:3
Error: Expression expected
  36 |     { initials: "EO", name: "Elena Product Owner", date: "22 de agosto - amanha", area: "E...
  37 |     { initials: "IR", name: "Isabela RH", date: "28 de agosto · em 7 dias", area: "Engenha...
> 38 |   };
     |   ^
  39 |
  40 |   const passedBirthdays = [
  41 |     { initials: "CT", name: "Carla Lider Técnica", date: "10 de agosto · há 11 dias", area...

Parsing ecmascript source code failed

Import trace:
  Server Component:
    ./src/components/dashboard/dashboard-grid.tsx
    ./src/app/dashboard/page.tsx @ http://localhost:3000/_next/static/chunks/node_modules_next_dist_1gdrd03._.js:1817
[   37932ms] [ERROR] ./src/components/dashboard/dashboard-grid.tsx:38:3
Error: Expression expected
  36 |     { initials: "EO", name: "Elena Product Owner", date: "22 de agosto - amanha", area: "E...
  37 |     { initials: "IR", name: "Isabela RH", date: "28 de agosto · em 7 dias", area: "Engenha...
> 38 |   };
     |   ^
  39 |
  40 |   const passedBirthdays = [
  41 |     { initials: "CT", name: "Carla Lider Técnica", date: "10 de agosto · há 11 dias", area...

Parsing ecmascript source code failed

Import trace:
  Server Component:
    ./src/components/dashboard/dashboard-grid.tsx
    ./src/app/dashboard/page.tsx @ http://localhost:3000/_next/static/chunks/node_modules_next_dist_1gdrd03._.js:1817
[   37980ms] [ERROR] ./src/components/dashboard/dashboard-grid.tsx:38:3
Error: Expression expected
  36 |     { initials: "EO", name: "Elena Product Owner", date: "22 de agosto - amanha", area: "E...
  37 |     { initials: "IR", name: "Isabela RH", date: "28 de agosto · em 7 dias", area: "Engenha...
> 38 |   };
     |   ^
  39 |
  40 |   const passedBirthdays = [
  41 |     { initials: "CT", name: "Carla Lider Técnica", date: "10 de agosto · há 11 dias", area...

Parsing ecmascript source code failed

Import trace:
  Server Component:
    ./src/components/dashboard/dashboard-grid.tsx
    ./src/app/dashboard/page.tsx @ http://localhost:3000/_next/static/chunks/node_modules_next_dist_1gdrd03._.js:1817
[   38032ms] [ERROR] ./src/components/dashboard/dashboard-grid.tsx:38:3
Error: Expression expected
  36 |     { initials: "EO", name: "Elena Product Owner", date: "22 de agosto - amanha", area: "E...
  37 |     { initials: "IR", name: "Isabela RH", date: "28 de agosto · em 7 dias", area: "Engenha...
> 38 |   };
     |   ^
  39 |
  40 |   const passedBirthdays = [
  41 |     { initials: "CT", name: "Carla Lider Técnica", date: "10 de agosto · há 11 dias", area...

Parsing ecmascript source code failed

Import trace:
  Server Component:
    ./src/components/dashboard/dashboard-grid.tsx
    ./src/app/dashboard/page.tsx @ http://localhost:3000/_next/static/chunks/node_modules_next_dist_1gdrd03._.js:1817
[   38081ms] [ERROR] ./src/components/dashboard/dashboard-grid.tsx:38:3
Error: Expression expected
  36 |     { initials: "EO", name: "Elena Product Owner", date: "22 de agosto - amanha", area: "E...
  37 |     { initials: "IR", name: "Isabela RH", date: "28 de agosto · em 7 dias", area: "Engenha...
> 38 |   };
     |   ^
  39 |
  40 |   const passedBirthdays = [
  41 |     { initials: "CT", name: "Carla Lider Técnica", date: "10 de agosto · há 11 dias", area...

Parsing ecmascript source code failed

Import trace:
  Server Component:
    ./src/components/dashboard/dashboard-grid.tsx
    ./src/app/dashboard/page.tsx @ http://localhost:3000/_next/static/chunks/node_modules_next_dist_1gdrd03._.js:1817
[   38129ms] [ERROR] ./src/components/dashboard/dashboard-grid.tsx:38:3
Error: Expression expected
  36 |     { initials: "EO", name: "Elena Product Owner", date: "22 de agosto - amanha", area: "E...
  37 |     { initials: "IR", name: "Isabela RH", date: "28 de agosto · em 7 dias", area: "Engenha...
> 38 |   };
     |   ^
  39 |
  40 |   const passedBirthdays = [
  41 |     { initials: "CT", name: "Carla Lider Técnica", date: "10 de agosto · há 11 dias", area...

Parsing ecmascript source code failed

Import trace:
  Server Component:
    ./src/components/dashboard/dashboard-grid.tsx
    ./src/app/dashboard/page.tsx @ http://localhost:3000/_next/static/chunks/node_modules_next_dist_1gdrd03._.js:1817
[   38176ms] [ERROR] ./src/components/dashboard/dashboard-grid.tsx:38:3
Error: Expression expected
  36 |     { initials: "EO", name: "Elena Product Owner", date: "22 de agosto - amanha", area: "E...
  37 |     { initials: "IR", name: "Isabela RH", date: "28 de agosto · em 7 dias", area: "Engenha...
> 38 |   };
     |   ^
  39 |
  40 |   const passedBirthdays = [
  41 |     { initials: "CT", name: "Carla Lider Técnica", date: "10 de agosto · há 11 dias", area...

Parsing ecmascript source code failed

Import trace:
  Server Component:
    ./src/components/dashboard/dashboard-grid.tsx
    ./src/app/dashboard/page.tsx @ http://localhost:3000/_next/static/chunks/node_modules_next_dist_1gdrd03._.js:1817
[   38216ms] [ERROR] ./src/components/dashboard/dashboard-grid.tsx:38:3
Error: Expression expected
  36 |     { initials: "EO", name: "Elena Product Owner", date: "22 de agosto - amanha", area: "E...
  37 |     { initials: "IR", name: "Isabela RH", date: "28 de agosto · em 7 dias", area: "Engenha...
> 38 |   };
     |   ^
  39 |
  40 |   const passedBirthdays = [
  41 |     { initials: "CT", name: "Carla Lider Técnica", date: "10 de agosto · há 11 dias", area...

Parsing ecmascript source code failed

Import trace:
  Server Component:
    ./src/components/dashboard/dashboard-grid.tsx
    ./src/app/dashboard/page.tsx @ http://localhost:3000/_next/static/chunks/node_modules_next_dist_1gdrd03._.js:1817
[   38266ms] [ERROR] ./src/components/dashboard/dashboard-grid.tsx:38:3
Error: Expression expected
  36 |     { initials: "EO", name: "Elena Product Owner", date: "22 de agosto - amanha", area: "E...
  37 |     { initials: "IR", name: "Isabela RH", date: "28 de agosto · em 7 dias", area: "Engenha...
> 38 |   };
     |   ^
  39 |
  40 |   const passedBirthdays = [
  41 |     { initials: "CT", name: "Carla Lider Técnica", date: "10 de agosto · há 11 dias", area...

Parsing ecmascript source code failed

Import trace:
  Server Component:
    ./src/components/dashboard/dashboard-grid.tsx
    ./src/app/dashboard/page.tsx @ http://localhost:3000/_next/static/chunks/node_modules_next_dist_1gdrd03._.js:1817
[   38316ms] [ERROR] ./src/components/dashboard/dashboard-grid.tsx:38:3
Error: Expression expected
  36 |     { initials: "EO", name: "Elena Product Owner", date: "22 de agosto - amanha", area: "E...
  37 |     { initials: "IR", name: "Isabela RH", date: "28 de agosto · em 7 dias", area: "Engenha...
> 38 |   };
     |   ^
  39 |
  40 |   const passedBirthdays = [
  41 |     { initials: "CT", name: "Carla Lider Técnica", date: "10 de agosto · há 11 dias", area...

Parsing ecmascript source code failed

Import trace:
  Server Component:
    ./src/components/dashboard/dashboard-grid.tsx
    ./src/app/dashboard/page.tsx @ http://localhost:3000/_next/static/chunks/node_modules_next_dist_1gdrd03._.js:1817
[   38367ms] [ERROR] ./src/components/dashboard/dashboard-grid.tsx:38:3
Error: Expression expected
  36 |     { initials: "EO", name: "Elena Product Owner", date: "22 de agosto - amanha", area: "E...
  37 |     { initials: "IR", name: "Isabela RH", date: "28 de agosto · em 7 dias", area: "Engenha...
> 38 |   };
     |   ^
  39 |
  40 |   const passedBirthdays = [
  41 |     { initials: "CT", name: "Carla Lider Técnica", date: "10 de agosto · há 11 dias", area...

Parsing ecmascript source code failed

Import trace:
  Server Component:
    ./src/components/dashboard/dashboard-grid.tsx
    ./src/app/dashboard/page.tsx @ http://localhost:3000/_next/static/chunks/node_modules_next_dist_1gdrd03._.js:1817
[   38416ms] [ERROR] ./src/components/dashboard/dashboard-grid.tsx:38:3
Error: Expression expected
  36 |     { initials: "EO", name: "Elena Product Owner", date: "22 de agosto - amanha", area: "E...
  37 |     { initials: "IR", name: "Isabela RH", date: "28 de agosto · em 7 dias", area: "Engenha...
> 38 |   };
     |   ^
  39 |
  40 |   const passedBirthdays = [
  41 |     { initials: "CT", name: "Carla Lider Técnica", date: "10 de agosto · há 11 dias", area...

Parsing ecmascript source code failed

Import trace:
  Server Component:
    ./src/components/dashboard/dashboard-grid.tsx
    ./src/app/dashboard/page.tsx @ http://localhost:3000/_next/static/chunks/node_modules_next_dist_1gdrd03._.js:1817
[   38468ms] [ERROR] ./src/components/dashboard/dashboard-grid.tsx:38:3
Error: Expression expected
  36 |     { initials: "EO", name: "Elena Product Owner", date: "22 de agosto - amanha", area: "E...
  37 |     { initials: "IR", name: "Isabela RH", date: "28 de agosto · em 7 dias", area: "Engenha...
> 38 |   };
     |   ^
  39 |
  40 |   const passedBirthdays = [
  41 |     { initials: "CT", name: "Carla Lider Técnica", date: "10 de agosto · há 11 dias", area...

Parsing ecmascript source code failed

Import trace:
  Server Component:
    ./src/components/dashboard/dashboard-grid.tsx
    ./src/app/dashboard/page.tsx @ http://localhost:3000/_next/static/chunks/node_modules_next_dist_1gdrd03._.js:1817
[   38516ms] [ERROR] ./src/components/dashboard/dashboard-grid.tsx:38:3
Error: Expression expected
  36 |     { initials: "EO", name: "Elena Product Owner", date: "22 de agosto - amanha", area: "E...
  37 |     { initials: "IR", name: "Isabela RH", date: "28 de agosto · em 7 dias", area: "Engenha...
> 38 |   };
     |   ^
  39 |
  40 |   const passedBirthdays = [
  41 |     { initials: "CT", name: "Carla Lider Técnica", date: "10 de agosto · há 11 dias", area...

Parsing ecmascript source code failed

Import trace:
  Server Component:
    ./src/components/dashboard/dashboard-grid.tsx
    ./src/app/dashboard/page.tsx @ http://localhost:3000/_next/static/chunks/node_modules_next_dist_1gdrd03._.js:1817
[   38567ms] [ERROR] ./src/components/dashboard/dashboard-grid.tsx:38:3
Error: Expression expected
  36 |     { initials: "EO", name: "Elena Product Owner", date: "22 de agosto - amanha", area: "E...
  37 |     { initials: "IR", name: "Isabela RH", date: "28 de agosto · em 7 dias", area: "Engenha...
> 38 |   };
     |   ^
  39 |
  40 |   const passedBirthdays = [
  41 |     { initials: "CT", name: "Carla Lider Técnica", date: "10 de agosto · há 11 dias", area...

Parsing ecmascript source code failed

Import trace:
  Server Component:
    ./src/components/dashboard/dashboard-grid.tsx
    ./src/app/dashboard/page.tsx @ http://localhost:3000/_next/static/chunks/node_modules_next_dist_1gdrd03._.js:1817
[   38632ms] [ERROR] ./src/components/dashboard/dashboard-grid.tsx:38:3
Error: Expression expected
  36 |     { initials: "EO", name: "Elena Product Owner", date: "22 de agosto - amanha", area: "E...
  37 |     { initials: "IR", name: "Isabela RH", date: "28 de agosto · em 7 dias", area: "Engenha...
> 38 |   };
     |   ^
  39 |
  40 |   const passedBirthdays = [
  41 |     { initials: "CT", name: "Carla Lider Técnica", date: "10 de agosto · há 11 dias", area...

Parsing ecmascript source code failed

Import trace:
  Server Component:
    ./src/components/dashboard/dashboard-grid.tsx
    ./src/app/dashboard/page.tsx @ http://localhost:3000/_next/static/chunks/node_modules_next_dist_1gdrd03._.js:1817
[   38681ms] [ERROR] ./src/components/dashboard/dashboard-grid.tsx:38:3
Error: Expression expected
  36 |     { initials: "EO", name: "Elena Product Owner", date: "22 de agosto - amanha", area: "E...
  37 |     { initials: "IR", name: "Isabela RH", date: "28 de agosto · em 7 dias", area: "Engenha...
> 38 |   };
     |   ^
  39 |
  40 |   const passedBirthdays = [
  41 |     { initials: "CT", name: "Carla Lider Técnica", date: "10 de agosto · há 11 dias", area...

Parsing ecmascript source code failed

Import trace:
  Server Component:
    ./src/components/dashboard/dashboard-grid.tsx
    ./src/app/dashboard/page.tsx @ http://localhost:3000/_next/static/chunks/node_modules_next_dist_1gdrd03._.js:1817
[   38731ms] [ERROR] ./src/components/dashboard/dashboard-grid.tsx:38:3
Error: Expression expected
  36 |     { initials: "EO", name: "Elena Product Owner", date: "22 de agosto - amanha", area: "E...
  37 |     { initials: "IR", name: "Isabela RH", date: "28 de agosto · em 7 dias", area: "Engenha...
> 38 |   };
     |   ^
  39 |
  40 |   const passedBirthdays = [
  41 |     { initials: "CT", name: "Carla Lider Técnica", date: "10 de agosto · há 11 dias", area...

Parsing ecmascript source code failed

Import trace:
  Server Component:
    ./src/components/dashboard/dashboard-grid.tsx
    ./src/app/dashboard/page.tsx @ http://localhost:3000/_next/static/chunks/node_modules_next_dist_1gdrd03._.js:1817
[   38775ms] [ERROR] ./src/components/dashboard/dashboard-grid.tsx:38:3
Error: Expression expected
  36 |     { initials: "EO", name: "Elena Product Owner", date: "22 de agosto - amanha", area: "E...
  37 |     { initials: "IR", name: "Isabela RH", date: "28 de agosto · em 7 dias", area: "Engenha...
> 38 |   };
     |   ^
  39 |
  40 |   const passedBirthdays = [
  41 |     { initials: "CT", name: "Carla Lider Técnica", date: "10 de agosto · há 11 dias", area...

Parsing ecmascript source code failed

Import trace:
  Server Component:
    ./src/components/dashboard/dashboard-grid.tsx
    ./src/app/dashboard/page.tsx @ http://localhost:3000/_next/static/chunks/node_modules_next_dist_1gdrd03._.js:1817
[   38816ms] [ERROR] ./src/components/dashboard/dashboard-grid.tsx:38:3
Error: Expression expected
  36 |     { initials: "EO", name: "Elena Product Owner", date: "22 de agosto - amanha", area: "E...
  37 |     { initials: "IR", name: "Isabela RH", date: "28 de agosto · em 7 dias", area: "Engenha...
> 38 |   };
     |   ^
  39 |
  40 |   const passedBirthdays = [
  41 |     { initials: "CT", name: "Carla Lider Técnica", date: "10 de agosto · há 11 dias", area...

Parsing ecmascript source code failed

Import trace:
  Server Component:
    ./src/components/dashboard/dashboard-grid.tsx
    ./src/app/dashboard/page.tsx @ http://localhost:3000/_next/static/chunks/node_modules_next_dist_1gdrd03._.js:1817
[   38864ms] [ERROR] ./src/components/dashboard/dashboard-grid.tsx:38:3
Error: Expression expected
  36 |     { initials: "EO", name: "Elena Product Owner", date: "22 de agosto - amanha", area: "E...
  37 |     { initials: "IR", name: "Isabela RH", date: "28 de agosto · em 7 dias", area: "Engenha...
> 38 |   };
     |   ^
  39 |
  40 |   const passedBirthdays = [
  41 |     { initials: "CT", name: "Carla Lider Técnica", date: "10 de agosto · há 11 dias", area...

Parsing ecmascript source code failed

Import trace:
  Server Component:
    ./src/components/dashboard/dashboard-grid.tsx
    ./src/app/dashboard/page.tsx @ http://localhost:3000/_next/static/chunks/node_modules_next_dist_1gdrd03._.js:1817
[   38929ms] [ERROR] ./src/components/dashboard/dashboard-grid.tsx:38:3
Error: Expression expected
  36 |     { initials: "EO", name: "Elena Product Owner", date: "22 de agosto - amanha", area: "E...
  37 |     { initials: "IR", name: "Isabela RH", date: "28 de agosto · em 7 dias", area: "Engenha...
> 38 |   };
     |   ^
  39 |
  40 |   const passedBirthdays = [
  41 |     { initials: "CT", name: "Carla Lider Técnica", date: "10 de agosto · há 11 dias", area...

Parsing ecmascript source code failed

Import trace:
  Server Component:
    ./src/components/dashboard/dashboard-grid.tsx
    ./src/app/dashboard/page.tsx @ http://localhost:3000/_next/static/chunks/node_modules_next_dist_1gdrd03._.js:1817
[   38966ms] [ERROR] ./src/components/dashboard/dashboard-grid.tsx:38:3
Error: Expression expected
  36 |     { initials: "EO", name: "Elena Product Owner", date: "22 de agosto - amanha", area: "E...
  37 |     { initials: "IR", name: "Isabela RH", date: "28 de agosto · em 7 dias", area: "Engenha...
> 38 |   };
     |   ^
  39 |
  40 |   const passedBirthdays = [
  41 |     { initials: "CT", name: "Carla Lider Técnica", date: "10 de agosto · há 11 dias", area...

Parsing ecmascript source code failed

Import trace:
  Server Component:
    ./src/components/dashboard/dashboard-grid.tsx
    ./src/app/dashboard/page.tsx @ http://localhost:3000/_next/static/chunks/node_modules_next_dist_1gdrd03._.js:1817
[   39015ms] [ERROR] ./src/components/dashboard/dashboard-grid.tsx:38:3
Error: Expression expected
  36 |     { initials: "EO", name: "Elena Product Owner", date: "22 de agosto - amanha", area: "E...
  37 |     { initials: "IR", name: "Isabela RH", date: "28 de agosto · em 7 dias", area: "Engenha...
> 38 |   };
     |   ^
  39 |
  40 |   const passedBirthdays = [
  41 |     { initials: "CT", name: "Carla Lider Técnica", date: "10 de agosto · há 11 dias", area...

Parsing ecmascript source code failed

Import trace:
  Server Component:
    ./src/components/dashboard/dashboard-grid.tsx
    ./src/app/dashboard/page.tsx @ http://localhost:3000/_next/static/chunks/node_modules_next_dist_1gdrd03._.js:1817
[   39065ms] [ERROR] ./src/components/dashboard/dashboard-grid.tsx:38:3
Error: Expression expected
  36 |     { initials: "EO", name: "Elena Product Owner", date: "22 de agosto - amanha", area: "E...
  37 |     { initials: "IR", name: "Isabela RH", date: "28 de agosto · em 7 dias", area: "Engenha...
> 38 |   };
     |   ^
  39 |
  40 |   const passedBirthdays = [
  41 |     { initials: "CT", name: "Carla Lider Técnica", date: "10 de agosto · há 11 dias", area...

Parsing ecmascript source code failed

Import trace:
  Server Component:
    ./src/components/dashboard/dashboard-grid.tsx
    ./src/app/dashboard/page.tsx @ http://localhost:3000/_next/static/chunks/node_modules_next_dist_1gdrd03._.js:1817
[   39115ms] [ERROR] ./src/components/dashboard/dashboard-grid.tsx:38:3
Error: Expression expected
  36 |     { initials: "EO", name: "Elena Product Owner", date: "22 de agosto - amanha", area: "E...
  37 |     { initials: "IR", name: "Isabela RH", date: "28 de agosto · em 7 dias", area: "Engenha...
> 38 |   };
     |   ^
  39 |
  40 |   const passedBirthdays = [
  41 |     { initials: "CT", name: "Carla Lider Técnica", date: "10 de agosto · há 11 dias", area...

Parsing ecmascript source code failed

Import trace:
  Server Component:
    ./src/components/dashboard/dashboard-grid.tsx
    ./src/app/dashboard/page.tsx @ http://localhost:3000/_next/static/chunks/node_modules_next_dist_1gdrd03._.js:1817
[   39165ms] [ERROR] ./src/components/dashboard/dashboard-grid.tsx:38:3
Error: Expression expected
  36 |     { initials: "EO", name: "Elena Product Owner", date: "22 de agosto - amanha", area: "E...
  37 |     { initials: "IR", name: "Isabela RH", date: "28 de agosto · em 7 dias", area: "Engenha...
> 38 |   };
     |   ^
  39 |
  40 |   const passedBirthdays = [
  41 |     { initials: "CT", name: "Carla Lider Técnica", date: "10 de agosto · há 11 dias", area...

Parsing ecmascript source code failed

Import trace:
  Server Component:
    ./src/components/dashboard/dashboard-grid.tsx
    ./src/app/dashboard/page.tsx @ http://localhost:3000/_next/static/chunks/node_modules_next_dist_1gdrd03._.js:1817
[   39215ms] [ERROR] ./src/components/dashboard/dashboard-grid.tsx:38:3
Error: Expression expected
  36 |     { initials: "EO", name: "Elena Product Owner", date: "22 de agosto - amanha", area: "E...
  37 |     { initials: "IR", name: "Isabela RH", date: "28 de agosto · em 7 dias", area: "Engenha...
> 38 |   };
     |   ^
  39 |
  40 |   const passedBirthdays = [
  41 |     { initials: "CT", name: "Carla Lider Técnica", date: "10 de agosto · há 11 dias", area...

Parsing ecmascript source code failed

Import trace:
  Server Component:
    ./src/components/dashboard/dashboard-grid.tsx
    ./src/app/dashboard/page.tsx @ http://localhost:3000/_next/static/chunks/node_modules_next_dist_1gdrd03._.js:1817
[   39265ms] [ERROR] ./src/components/dashboard/dashboard-grid.tsx:38:3
Error: Expression expected
  36 |     { initials: "EO", name: "Elena Product Owner", date: "22 de agosto - amanha", area: "E...
  37 |     { initials: "IR", name: "Isabela RH", date: "28 de agosto · em 7 dias", area: "Engenha...
> 38 |   };
     |   ^
  39 |
  40 |   const passedBirthdays = [
  41 |     { initials: "CT", name: "Carla Lider Técnica", date: "10 de agosto · há 11 dias", area...

Parsing ecmascript source code failed

Import trace:
  Server Component:
    ./src/components/dashboard/dashboard-grid.tsx
    ./src/app/dashboard/page.tsx @ http://localhost:3000/_next/static/chunks/node_modules_next_dist_1gdrd03._.js:1817
[   39315ms] [ERROR] ./src/components/dashboard/dashboard-grid.tsx:38:3
Error: Expression expected
  36 |     { initials: "EO", name: "Elena Product Owner", date: "22 de agosto - amanha", area: "E...
  37 |     { initials: "IR", name: "Isabela RH", date: "28 de agosto · em 7 dias", area: "Engenha...
> 38 |   };
     |   ^
  39 |
  40 |   const passedBirthdays = [
  41 |     { initials: "CT", name: "Carla Lider Técnica", date: "10 de agosto · há 11 dias", area...

Parsing ecmascript source code failed

Import trace:
  Server Component:
    ./src/components/dashboard/dashboard-grid.tsx
    ./src/app/dashboard/page.tsx @ http://localhost:3000/_next/static/chunks/node_modules_next_dist_1gdrd03._.js:1817
[   39366ms] [ERROR] ./src/components/dashboard/dashboard-grid.tsx:38:3
Error: Expression expected
  36 |     { initials: "EO", name: "Elena Product Owner", date: "22 de agosto - amanha", area: "E...
  37 |     { initials: "IR", name: "Isabela RH", date: "28 de agosto · em 7 dias", area: "Engenha...
> 38 |   };
     |   ^
  39 |
  40 |   const passedBirthdays = [
  41 |     { initials: "CT", name: "Carla Lider Técnica", date: "10 de agosto · há 11 dias", area...

Parsing ecmascript source code failed

Import trace:
  Server Component:
    ./src/components/dashboard/dashboard-grid.tsx
    ./src/app/dashboard/page.tsx @ http://localhost:3000/_next/static/chunks/node_modules_next_dist_1gdrd03._.js:1817
[   39415ms] [ERROR] ./src/components/dashboard/dashboard-grid.tsx:38:3
Error: Expression expected
  36 |     { initials: "EO", name: "Elena Product Owner", date: "22 de agosto - amanha", area: "E...
  37 |     { initials: "IR", name: "Isabela RH", date: "28 de agosto · em 7 dias", area: "Engenha...
> 38 |   };
     |   ^
  39 |
  40 |   const passedBirthdays = [
  41 |     { initials: "CT", name: "Carla Lider Técnica", date: "10 de agosto · há 11 dias", area...

Parsing ecmascript source code failed

Import trace:
  Server Component:
    ./src/components/dashboard/dashboard-grid.tsx
    ./src/app/dashboard/page.tsx @ http://localhost:3000/_next/static/chunks/node_modules_next_dist_1gdrd03._.js:1817
[   39465ms] [ERROR] ./src/components/dashboard/dashboard-grid.tsx:38:3
Error: Expression expected
  36 |     { initials: "EO", name: "Elena Product Owner", date: "22 de agosto - amanha", area: "E...
  37 |     { initials: "IR", name: "Isabela RH", date: "28 de agosto · em 7 dias", area: "Engenha...
> 38 |   };
     |   ^
  39 |
  40 |   const passedBirthdays = [
  41 |     { initials: "CT", name: "Carla Lider Técnica", date: "10 de agosto · há 11 dias", area...

Parsing ecmascript source code failed

Import trace:
  Server Component:
    ./src/components/dashboard/dashboard-grid.tsx
    ./src/app/dashboard/page.tsx @ http://localhost:3000/_next/static/chunks/node_modules_next_dist_1gdrd03._.js:1817
[   39516ms] [ERROR] ./src/components/dashboard/dashboard-grid.tsx:38:3
Error: Expression expected
  36 |     { initials: "EO", name: "Elena Product Owner", date: "22 de agosto - amanha", area: "E...
  37 |     { initials: "IR", name: "Isabela RH", date: "28 de agosto · em 7 dias", area: "Engenha...
> 38 |   };
     |   ^
  39 |
  40 |   const passedBirthdays = [
  41 |     { initials: "CT", name: "Carla Lider Técnica", date: "10 de agosto · há 11 dias", area...

Parsing ecmascript source code failed

Import trace:
  Server Component:
    ./src/components/dashboard/dashboard-grid.tsx
    ./src/app/dashboard/page.tsx @ http://localhost:3000/_next/static/chunks/node_modules_next_dist_1gdrd03._.js:1817
[   39565ms] [ERROR] ./src/components/dashboard/dashboard-grid.tsx:38:3
Error: Expression expected
  36 |     { initials: "EO", name: "Elena Product Owner", date: "22 de agosto - amanha", area: "E...
  37 |     { initials: "IR", name: "Isabela RH", date: "28 de agosto · em 7 dias", area: "Engenha...
> 38 |   };
     |   ^
  39 |
  40 |   const passedBirthdays = [
  41 |     { initials: "CT", name: "Carla Lider Técnica", date: "10 de agosto · há 11 dias", area...

Parsing ecmascript source code failed

Import trace:
  Server Component:
    ./src/components/dashboard/dashboard-grid.tsx
    ./src/app/dashboard/page.tsx @ http://localhost:3000/_next/static/chunks/node_modules_next_dist_1gdrd03._.js:1817
[   39615ms] [ERROR] ./src/components/dashboard/dashboard-grid.tsx:38:3
Error: Expression expected
  36 |     { initials: "EO", name: "Elena Product Owner", date: "22 de agosto - amanha", area: "E...
  37 |     { initials: "IR", name: "Isabela RH", date: "28 de agosto · em 7 dias", area: "Engenha...
> 38 |   };
     |   ^
  39 |
  40 |   const passedBirthdays = [
  41 |     { initials: "CT", name: "Carla Lider Técnica", date: "10 de agosto · há 11 dias", area...

Parsing ecmascript source code failed

Import trace:
  Server Component:
    ./src/components/dashboard/dashboard-grid.tsx
    ./src/app/dashboard/page.tsx @ http://localhost:3000/_next/static/chunks/node_modules_next_dist_1gdrd03._.js:1817
[   39666ms] [ERROR] ./src/components/dashboard/dashboard-grid.tsx:38:3
Error: Expression expected
  36 |     { initials: "EO", name: "Elena Product Owner", date: "22 de agosto - amanha", area: "E...
  37 |     { initials: "IR", name: "Isabela RH", date: "28 de agosto · em 7 dias", area: "Engenha...
> 38 |   };
     |   ^
  39 |
  40 |   const passedBirthdays = [
  41 |     { initials: "CT", name: "Carla Lider Técnica", date: "10 de agosto · há 11 dias", area...

Parsing ecmascript source code failed

Import trace:
  Server Component:
    ./src/components/dashboard/dashboard-grid.tsx
    ./src/app/dashboard/page.tsx @ http://localhost:3000/_next/static/chunks/node_modules_next_dist_1gdrd03._.js:1817
[   39715ms] [ERROR] ./src/components/dashboard/dashboard-grid.tsx:38:3
Error: Expression expected
  36 |     { initials: "EO", name: "Elena Product Owner", date: "22 de agosto - amanha", area: "E...
  37 |     { initials: "IR", name: "Isabela RH", date: "28 de agosto · em 7 dias", area: "Engenha...
> 38 |   };
     |   ^
  39 |
  40 |   const passedBirthdays = [
  41 |     { initials: "CT", name: "Carla Lider Técnica", date: "10 de agosto · há 11 dias", area...

Parsing ecmascript source code failed

Import trace:
  Server Component:
    ./src/components/dashboard/dashboard-grid.tsx
    ./src/app/dashboard/page.tsx @ http://localhost:3000/_next/static/chunks/node_modules_next_dist_1gdrd03._.js:1817
[   39765ms] [ERROR] ./src/components/dashboard/dashboard-grid.tsx:38:3
Error: Expression expected
  36 |     { initials: "EO", name: "Elena Product Owner", date: "22 de agosto - amanha", area: "E...
  37 |     { initials: "IR", name: "Isabela RH", date: "28 de agosto · em 7 dias", area: "Engenha...
> 38 |   };
     |   ^
  39 |
  40 |   const passedBirthdays = [
  41 |     { initials: "CT", name: "Carla Lider Técnica", date: "10 de agosto · há 11 dias", area...

Parsing ecmascript source code failed

Import trace:
  Server Component:
    ./src/components/dashboard/dashboard-grid.tsx
    ./src/app/dashboard/page.tsx @ http://localhost:3000/_next/static/chunks/node_modules_next_dist_1gdrd03._.js:1817
[   39815ms] [ERROR] ./src/components/dashboard/dashboard-grid.tsx:38:3
Error: Expression expected
  36 |     { initials: "EO", name: "Elena Product Owner", date: "22 de agosto - amanha", area: "E...
  37 |     { initials: "IR", name: "Isabela RH", date: "28 de agosto · em 7 dias", area: "Engenha...
> 38 |   };
     |   ^
  39 |
  40 |   const passedBirthdays = [
  41 |     { initials: "CT", name: "Carla Lider Técnica", date: "10 de agosto · há 11 dias", area...

Parsing ecmascript source code failed

Import trace:
  Server Component:
    ./src/components/dashboard/dashboard-grid.tsx
    ./src/app/dashboard/page.tsx @ http://localhost:3000/_next/static/chunks/node_modules_next_dist_1gdrd03._.js:1817
[   39932ms] [ERROR] ./src/components/dashboard/dashboard-grid.tsx:38:3
Error: Expression expected
  36 |     { initials: "EO", name: "Elena Product Owner", date: "22 de agosto - amanha", area: "E...
  37 |     { initials: "IR", name: "Isabela RH", date: "28 de agosto - em 7 dias", area: "Engenha...
> 38 |   };
     |   ^
  39 |
  40 |   const passedBirthdays = [
  41 |     { initials: "CT", name: "Carla Lider Técnica", date: "10 de agosto · há 11 dias", area...

Parsing ecmascript source code failed

Import trace:
  Server Component:
    ./src/components/dashboard/dashboard-grid.tsx
    ./src/app/dashboard/page.tsx @ http://localhost:3000/_next/static/chunks/node_modules_next_dist_1gdrd03._.js:1817
[   39982ms] [ERROR] ./src/components/dashboard/dashboard-grid.tsx:38:3
Error: Expression expected
  36 |     { initials: "EO", name: "Elena Product Owner", date: "22 de agosto - amanha", area: "E...
  37 |     { initials: "IR", name: "Isabela RH", date: "28 de agosto - em 7 dias", area: "Engenha...
> 38 |   };
     |   ^
  39 |
  40 |   const passedBirthdays = [
  41 |     { initials: "CT", name: "Carla Lider Técnica", date: "10 de agosto · há 11 dias", area...

Parsing ecmascript source code failed

Import trace:
  Server Component:
    ./src/components/dashboard/dashboard-grid.tsx
    ./src/app/dashboard/page.tsx @ http://localhost:3000/_next/static/chunks/node_modules_next_dist_1gdrd03._.js:1817
[   40031ms] [LOG] [Fast Refresh] rebuilding @ http://localhost:3000/_next/static/chunks/node_modules_next_dist_1gdrd03._.js:756
[   40032ms] [ERROR] ./src/components/dashboard/dashboard-grid.tsx:38:3
Error: Expression expected
  36 |     { initials: "EO", name: "Elena Product Owner", date: "22 de agosto - amanha", area: "E...
  37 |     { initials: "IR", name: "Isabela RH", date: "28 de agosto - em 7 dias", area: "Engenha...
> 38 |   };
     |   ^
  39 |
  40 |   const passedBirthdays = [
  41 |     { initials: "CT", name: "Carla Lider Técnica", date: "10 de agosto · há 11 dias", area...

Parsing ecmascript source code failed

Import trace:
  Server Component:
    ./src/components/dashboard/dashboard-grid.tsx
    ./src/app/dashboard/page.tsx @ http://localhost:3000/_next/static/chunks/node_modules_next_dist_1gdrd03._.js:1817
[   40082ms] [ERROR] ./src/components/dashboard/dashboard-grid.tsx:38:3
Error: Expression expected
  36 |     { initials: "EO", name: "Elena Product Owner", date: "22 de agosto - amanha", area: "E...
  37 |     { initials: "IR", name: "Isabela RH", date: "28 de agosto - em 7 dias", area: "Engenha...
> 38 |   };
     |   ^
  39 |
  40 |   const passedBirthdays = [
  41 |     { initials: "CT", name: "Carla Lider Técnica", date: "10 de agosto · há 11 dias", area...

Parsing ecmascript source code failed

Import trace:
  Server Component:
    ./src/components/dashboard/dashboard-grid.tsx
    ./src/app/dashboard/page.tsx @ http://localhost:3000/_next/static/chunks/node_modules_next_dist_1gdrd03._.js:1817
[   40132ms] [ERROR] ./src/components/dashboard/dashboard-grid.tsx:38:3
Error: Expression expected
  36 |     { initials: "EO", name: "Elena Product Owner", date: "22 de agosto - amanha", area: "E...
  37 |     { initials: "IR", name: "Isabela RH", date: "28 de agosto - em 7 dias", area: "Engenha...
> 38 |   };
     |   ^
  39 |
  40 |   const passedBirthdays = [
  41 |     { initials: "CT", name: "Carla Lider Técnica", date: "10 de agosto · há 11 dias", area...

Parsing ecmascript source code failed

Import trace:
  Server Component:
    ./src/components/dashboard/dashboard-grid.tsx
    ./src/app/dashboard/page.tsx @ http://localhost:3000/_next/static/chunks/node_modules_next_dist_1gdrd03._.js:1817
[   40182ms] [ERROR] ./src/components/dashboard/dashboard-grid.tsx:38:3
Error: Expression expected
  36 |     { initials: "EO", name: "Elena Product Owner", date: "22 de agosto - amanha", area: "E...
  37 |     { initials: "IR", name: "Isabela RH", date: "28 de agosto - em 7 dias", area: "Engenha...
> 38 |   };
     |   ^
  39 |
  40 |   const passedBirthdays = [
  41 |     { initials: "CT", name: "Carla Lider Técnica", date: "10 de agosto · há 11 dias", area...

Parsing ecmascript source code failed

Import trace:
  Server Component:
    ./src/components/dashboard/dashboard-grid.tsx
    ./src/app/dashboard/page.tsx @ http://localhost:3000/_next/static/chunks/node_modules_next_dist_1gdrd03._.js:1817
[   40232ms] [ERROR] ./src/components/dashboard/dashboard-grid.tsx:38:3
Error: Expression expected
  36 |     { initials: "EO", name: "Elena Product Owner", date: "22 de agosto - amanha", area: "E...
  37 |     { initials: "IR", name: "Isabela RH", date: "28 de agosto - em 7 dias", area: "Engenha...
> 38 |   };
     |   ^
  39 |
  40 |   const passedBirthdays = [
  41 |     { initials: "CT", name: "Carla Lider Técnica", date: "10 de agosto · há 11 dias", area...

Parsing ecmascript source code failed

Import trace:
  Server Component:
    ./src/components/dashboard/dashboard-grid.tsx
    ./src/app/dashboard/page.tsx @ http://localhost:3000/_next/static/chunks/node_modules_next_dist_1gdrd03._.js:1817
[   40282ms] [ERROR] ./src/components/dashboard/dashboard-grid.tsx:38:3
Error: Expression expected
  36 |     { initials: "EO", name: "Elena Product Owner", date: "22 de agosto - amanha", area: "E...
  37 |     { initials: "IR", name: "Isabela RH", date: "28 de agosto - em 7 dias", area: "Engenha...
> 38 |   };
     |   ^
  39 |
  40 |   const passedBirthdays = [
  41 |     { initials: "CT", name: "Carla Lider Técnica", date: "10 de agosto · há 11 dias", area...

Parsing ecmascript source code failed

Import trace:
  Server Component:
    ./src/components/dashboard/dashboard-grid.tsx
    ./src/app/dashboard/page.tsx @ http://localhost:3000/_next/static/chunks/node_modules_next_dist_1gdrd03._.js:1817
[   40333ms] [ERROR] ./src/components/dashboard/dashboard-grid.tsx:38:3
Error: Expression expected
  36 |     { initials: "EO", name: "Elena Product Owner", date: "22 de agosto - amanha", area: "E...
  37 |     { initials: "IR", name: "Isabela RH", date: "28 de agosto - em 7 dias", area: "Engenha...
> 38 |   };
     |   ^
  39 |
  40 |   const passedBirthdays = [
  41 |     { initials: "CT", name: "Carla Lider Técnica", date: "10 de agosto · há 11 dias", area...

Parsing ecmascript source code failed

Import trace:
  Server Component:
    ./src/components/dashboard/dashboard-grid.tsx
    ./src/app/dashboard/page.tsx @ http://localhost:3000/_next/static/chunks/node_modules_next_dist_1gdrd03._.js:1817
[   40382ms] [ERROR] ./src/components/dashboard/dashboard-grid.tsx:38:3
Error: Expression expected
  36 |     { initials: "EO", name: "Elena Product Owner", date: "22 de agosto - amanha", area: "E...
  37 |     { initials: "IR", name: "Isabela RH", date: "28 de agosto - em 7 dias", area: "Engenha...
> 38 |   };
     |   ^
  39 |
  40 |   const passedBirthdays = [
  41 |     { initials: "CT", name: "Carla Lider Técnica", date: "10 de agosto · há 11 dias", area...

Parsing ecmascript source code failed

Import trace:
  Server Component:
    ./src/components/dashboard/dashboard-grid.tsx
    ./src/app/dashboard/page.tsx @ http://localhost:3000/_next/static/chunks/node_modules_next_dist_1gdrd03._.js:1817
[   40432ms] [ERROR] ./src/components/dashboard/dashboard-grid.tsx:38:3
Error: Expression expected
  36 |     { initials: "EO", name: "Elena Product Owner", date: "22 de agosto - amanha", area: "E...
  37 |     { initials: "IR", name: "Isabela RH", date: "28 de agosto - em 7 dias", area: "Engenha...
> 38 |   };
     |   ^
  39 |
  40 |   const passedBirthdays = [
  41 |     { initials: "CT", name: "Carla Lider Técnica", date: "10 de agosto · há 11 dias", area...

Parsing ecmascript source code failed

Import trace:
  Server Component:
    ./src/components/dashboard/dashboard-grid.tsx
    ./src/app/dashboard/page.tsx @ http://localhost:3000/_next/static/chunks/node_modules_next_dist_1gdrd03._.js:1817
[   40482ms] [ERROR] ./src/components/dashboard/dashboard-grid.tsx:38:3
Error: Expression expected
  36 |     { initials: "EO", name: "Elena Product Owner", date: "22 de agosto - amanha", area: "E...
  37 |     { initials: "IR", name: "Isabela RH", date: "28 de agosto - em 7 dias", area: "Engenha...
> 38 |   };
     |   ^
  39 |
  40 |   const passedBirthdays = [
  41 |     { initials: "CT", name: "Carla Lider Técnica", date: "10 de agosto · há 11 dias", area...

Parsing ecmascript source code failed

Import trace:
  Server Component:
    ./src/components/dashboard/dashboard-grid.tsx
    ./src/app/dashboard/page.tsx @ http://localhost:3000/_next/static/chunks/node_modules_next_dist_1gdrd03._.js:1817
[   40531ms] [ERROR] ./src/components/dashboard/dashboard-grid.tsx:38:3
Error: Expression expected
  36 |     { initials: "EO", name: "Elena Product Owner", date: "22 de agosto - amanha", area: "E...
  37 |     { initials: "IR", name: "Isabela RH", date: "28 de agosto - em 7 dias", area: "Engenha...
> 38 |   };
     |   ^
  39 |
  40 |   const passedBirthdays = [
  41 |     { initials: "CT", name: "Carla Lider Técnica", date: "10 de agosto · há 11 dias", area...

Parsing ecmascript source code failed

Import trace:
  Server Component:
    ./src/components/dashboard/dashboard-grid.tsx
    ./src/app/dashboard/page.tsx @ http://localhost:3000/_next/static/chunks/node_modules_next_dist_1gdrd03._.js:1817
[   40582ms] [ERROR] ./src/components/dashboard/dashboard-grid.tsx:38:3
Error: Expression expected
  36 |     { initials: "EO", name: "Elena Product Owner", date: "22 de agosto - amanha", area: "E...
  37 |     { initials: "IR", name: "Isabela RH", date: "28 de agosto - em 7 dias", area: "Engenha...
> 38 |   };
     |   ^
  39 |
  40 |   const passedBirthdays = [
  41 |     { initials: "CT", name: "Carla Lider Técnica", date: "10 de agosto · há 11 dias", area...

Parsing ecmascript source code failed

Import trace:
  Server Component:
    ./src/components/dashboard/dashboard-grid.tsx
    ./src/app/dashboard/page.tsx @ http://localhost:3000/_next/static/chunks/node_modules_next_dist_1gdrd03._.js:1817
[   40632ms] [ERROR] ./src/components/dashboard/dashboard-grid.tsx:38:3
Error: Expression expected
  36 |     { initials: "EO", name: "Elena Product Owner", date: "22 de agosto - amanha", area: "E...
  37 |     { initials: "IR", name: "Isabela RH", date: "28 de agosto - em 7 dias", area: "Engenha...
> 38 |   };
     |   ^
  39 |
  40 |   const passedBirthdays = [
  41 |     { initials: "CT", name: "Carla Lider Técnica", date: "10 de agosto · há 11 dias", area...

Parsing ecmascript source code failed

Import trace:
  Server Component:
    ./src/components/dashboard/dashboard-grid.tsx
    ./src/app/dashboard/page.tsx @ http://localhost:3000/_next/static/chunks/node_modules_next_dist_1gdrd03._.js:1817
[   40684ms] [ERROR] ./src/components/dashboard/dashboard-grid.tsx:38:3
Error: Expression expected
  36 |     { initials: "EO", name: "Elena Product Owner", date: "22 de agosto - amanha", area: "E...
  37 |     { initials: "IR", name: "Isabela RH", date: "28 de agosto - em 7 dias", area: "Engenha...
> 38 |   };
     |   ^
  39 |
  40 |   const passedBirthdays = [
  41 |     { initials: "CT", name: "Carla Lider Técnica", date: "10 de agosto · há 11 dias", area...

Parsing ecmascript source code failed

Import trace:
  Server Component:
    ./src/components/dashboard/dashboard-grid.tsx
    ./src/app/dashboard/page.tsx @ http://localhost:3000/_next/static/chunks/node_modules_next_dist_1gdrd03._.js:1817
[   40731ms] [ERROR] ./src/components/dashboard/dashboard-grid.tsx:38:3
Error: Expression expected
  36 |     { initials: "EO", name: "Elena Product Owner", date: "22 de agosto - amanha", area: "E...
  37 |     { initials: "IR", name: "Isabela RH", date: "28 de agosto - em 7 dias", area: "Engenha...
> 38 |   };
     |   ^
  39 |
  40 |   const passedBirthdays = [
  41 |     { initials: "CT", name: "Carla Lider Técnica", date: "10 de agosto · há 11 dias", area...

Parsing ecmascript source code failed

Import trace:
  Server Component:
    ./src/components/dashboard/dashboard-grid.tsx
    ./src/app/dashboard/page.tsx @ http://localhost:3000/_next/static/chunks/node_modules_next_dist_1gdrd03._.js:1817
[   40782ms] [ERROR] ./src/components/dashboard/dashboard-grid.tsx:38:3
Error: Expression expected
  36 |     { initials: "EO", name: "Elena Product Owner", date: "22 de agosto - amanha", area: "E...
  37 |     { initials: "IR", name: "Isabela RH", date: "28 de agosto - em 7 dias", area: "Engenha...
> 38 |   };
     |   ^
  39 |
  40 |   const passedBirthdays = [
  41 |     { initials: "CT", name: "Carla Lider Técnica", date: "10 de agosto · há 11 dias", area...

Parsing ecmascript source code failed

Import trace:
  Server Component:
    ./src/components/dashboard/dashboard-grid.tsx
    ./src/app/dashboard/page.tsx @ http://localhost:3000/_next/static/chunks/node_modules_next_dist_1gdrd03._.js:1817
[   40834ms] [ERROR] ./src/components/dashboard/dashboard-grid.tsx:38:3
Error: Expression expected
  36 |     { initials: "EO", name: "Elena Product Owner", date: "22 de agosto - amanha", area: "E...
  37 |     { initials: "IR", name: "Isabela RH", date: "28 de agosto - em 7 dias", area: "Engenha...
> 38 |   };
     |   ^
  39 |
  40 |   const passedBirthdays = [
  41 |     { initials: "CT", name: "Carla Lider Técnica", date: "10 de agosto · há 11 dias", area...

Parsing ecmascript source code failed

Import trace:
  Server Component:
    ./src/components/dashboard/dashboard-grid.tsx
    ./src/app/dashboard/page.tsx @ http://localhost:3000/_next/static/chunks/node_modules_next_dist_1gdrd03._.js:1817
[   40871ms] [ERROR] ./src/components/dashboard/dashboard-grid.tsx:38:3
Error: Expression expected
  36 |     { initials: "EO", name: "Elena Product Owner", date: "22 de agosto - amanha", area: "E...
  37 |     { initials: "IR", name: "Isabela RH", date: "28 de agosto - em 7 dias", area: "Engenha...
> 38 |   };
     |   ^
  39 |
  40 |   const passedBirthdays = [
  41 |     { initials: "CT", name: "Carla Lider Técnica", date: "10 de agosto · há 11 dias", area...

Parsing ecmascript source code failed

Import trace:
  Server Component:
    ./src/components/dashboard/dashboard-grid.tsx
    ./src/app/dashboard/page.tsx @ http://localhost:3000/_next/static/chunks/node_modules_next_dist_1gdrd03._.js:1817
[   40907ms] [ERROR] ./src/components/dashboard/dashboard-grid.tsx:38:3
Error: Expression expected
  36 |     { initials: "EO", name: "Elena Product Owner", date: "22 de agosto - amanha", area: "E...
  37 |     { initials: "IR", name: "Isabela RH", date: "28 de agosto - em 7 dias", area: "Engenha...
> 38 |   };
     |   ^
  39 |
  40 |   const passedBirthdays = [
  41 |     { initials: "CT", name: "Carla Lider Técnica", date: "10 de agosto · há 11 dias", area...

Parsing ecmascript source code failed

Import trace:
  Server Component:
    ./src/components/dashboard/dashboard-grid.tsx
    ./src/app/dashboard/page.tsx @ http://localhost:3000/_next/static/chunks/node_modules_next_dist_1gdrd03._.js:1817
[   40943ms] [ERROR] ./src/components/dashboard/dashboard-grid.tsx:38:3
Error: Expression expected
  36 |     { initials: "EO", name: "Elena Product Owner", date: "22 de agosto - amanha", area: "E...
  37 |     { initials: "IR", name: "Isabela RH", date: "28 de agosto - em 7 dias", area: "Engenha...
> 38 |   };
     |   ^
  39 |
  40 |   const passedBirthdays = [
  41 |     { initials: "CT", name: "Carla Lider Técnica", date: "10 de agosto · há 11 dias", area...

Parsing ecmascript source code failed

Import trace:
  Server Component:
    ./src/components/dashboard/dashboard-grid.tsx
    ./src/app/dashboard/page.tsx @ http://localhost:3000/_next/static/chunks/node_modules_next_dist_1gdrd03._.js:1817
[   40980ms] [ERROR] ./src/components/dashboard/dashboard-grid.tsx:38:3
Error: Expression expected
  36 |     { initials: "EO", name: "Elena Product Owner", date: "22 de agosto - amanha", area: "E...
  37 |     { initials: "IR", name: "Isabela RH", date: "28 de agosto - em 7 dias", area: "Engenha...
> 38 |   };
     |   ^
  39 |
  40 |   const passedBirthdays = [
  41 |     { initials: "CT", name: "Carla Lider Técnica", date: "10 de agosto · há 11 dias", area...

Parsing ecmascript source code failed

Import trace:
  Server Component:
    ./src/components/dashboard/dashboard-grid.tsx
    ./src/app/dashboard/page.tsx @ http://localhost:3000/_next/static/chunks/node_modules_next_dist_1gdrd03._.js:1817
[   41018ms] [ERROR] ./src/components/dashboard/dashboard-grid.tsx:38:3
Error: Expression expected
  36 |     { initials: "EO", name: "Elena Product Owner", date: "22 de agosto - amanha", area: "E...
  37 |     { initials: "IR", name: "Isabela RH", date: "28 de agosto - em 7 dias", area: "Engenha...
> 38 |   };
     |   ^
  39 |
  40 |   const passedBirthdays = [
  41 |     { initials: "CT", name: "Carla Lider Técnica", date: "10 de agosto · há 11 dias", area...

Parsing ecmascript source code failed

Import trace:
  Server Component:
    ./src/components/dashboard/dashboard-grid.tsx
    ./src/app/dashboard/page.tsx @ http://localhost:3000/_next/static/chunks/node_modules_next_dist_1gdrd03._.js:1817
[   41065ms] [ERROR] ./src/components/dashboard/dashboard-grid.tsx:38:3
Error: Expression expected
  36 |     { initials: "EO", name: "Elena Product Owner", date: "22 de agosto - amanha", area: "E...
  37 |     { initials: "IR", name: "Isabela RH", date: "28 de agosto - em 7 dias", area: "Engenha...
> 38 |   };
     |   ^
  39 |
  40 |   const passedBirthdays = [
  41 |     { initials: "CT", name: "Carla Lider Técnica", date: "10 de agosto · há 11 dias", area...

Parsing ecmascript source code failed

Import trace:
  Server Component:
    ./src/components/dashboard/dashboard-grid.tsx
    ./src/app/dashboard/page.tsx @ http://localhost:3000/_next/static/chunks/node_modules_next_dist_1gdrd03._.js:1817
[   41115ms] [ERROR] ./src/components/dashboard/dashboard-grid.tsx:38:3
Error: Expression expected
  36 |     { initials: "EO", name: "Elena Product Owner", date: "22 de agosto - amanha", area: "E...
  37 |     { initials: "IR", name: "Isabela RH", date: "28 de agosto - em 7 dias", area: "Engenha...
> 38 |   };
     |   ^
  39 |
  40 |   const passedBirthdays = [
  41 |     { initials: "CT", name: "Carla Lider Técnica", date: "10 de agosto · há 11 dias", area...

Parsing ecmascript source code failed

Import trace:
  Server Component:
    ./src/components/dashboard/dashboard-grid.tsx
    ./src/app/dashboard/page.tsx @ http://localhost:3000/_next/static/chunks/node_modules_next_dist_1gdrd03._.js:1817
[   41155ms] [ERROR] ./src/components/dashboard/dashboard-grid.tsx:38:3
Error: Expression expected
  36 |     { initials: "EO", name: "Elena Product Owner", date: "22 de agosto - amanha", area: "E...
  37 |     { initials: "IR", name: "Isabela RH", date: "28 de agosto - em 7 dias", area: "Engenha...
> 38 |   };
     |   ^
  39 |
  40 |   const passedBirthdays = [
  41 |     { initials: "CT", name: "Carla Lider Técnica", date: "10 de agosto · há 11 dias", area...

Parsing ecmascript source code failed

Import trace:
  Server Component:
    ./src/components/dashboard/dashboard-grid.tsx
    ./src/app/dashboard/page.tsx @ http://localhost:3000/_next/static/chunks/node_modules_next_dist_1gdrd03._.js:1817
[   41204ms] [ERROR] ./src/components/dashboard/dashboard-grid.tsx:38:3
Error: Expression expected
  36 |     { initials: "EO", name: "Elena Product Owner", date: "22 de agosto - amanha", area: "E...
  37 |     { initials: "IR", name: "Isabela RH", date: "28 de agosto - em 7 dias", area: "Engenha...
> 38 |   };
     |   ^
  39 |
  40 |   const passedBirthdays = [
  41 |     { initials: "CT", name: "Carla Lider Técnica", date: "10 de agosto · há 11 dias", area...

Parsing ecmascript source code failed

Import trace:
  Server Component:
    ./src/components/dashboard/dashboard-grid.tsx
    ./src/app/dashboard/page.tsx @ http://localhost:3000/_next/static/chunks/node_modules_next_dist_1gdrd03._.js:1817
[   41255ms] [ERROR] ./src/components/dashboard/dashboard-grid.tsx:38:3
Error: Expression expected
  36 |     { initials: "EO", name: "Elena Product Owner", date: "22 de agosto - amanha", area: "E...
  37 |     { initials: "IR", name: "Isabela RH", date: "28 de agosto - em 7 dias", area: "Engenha...
> 38 |   };
     |   ^
  39 |
  40 |   const passedBirthdays = [
  41 |     { initials: "CT", name: "Carla Lider Técnica", date: "10 de agosto · há 11 dias", area...

Parsing ecmascript source code failed

Import trace:
  Server Component:
    ./src/components/dashboard/dashboard-grid.tsx
    ./src/app/dashboard/page.tsx @ http://localhost:3000/_next/static/chunks/node_modules_next_dist_1gdrd03._.js:1817
[   41314ms] [ERROR] ./src/components/dashboard/dashboard-grid.tsx:38:3
Error: Expression expected
  36 |     { initials: "EO", name: "Elena Product Owner", date: "22 de agosto - amanha", area: "E...
  37 |     { initials: "IR", name: "Isabela RH", date: "28 de agosto - em 7 dias", area: "Engenha...
> 38 |   };
     |   ^
  39 |
  40 |   const passedBirthdays = [
  41 |     { initials: "CT", name: "Carla Lider Técnica", date: "10 de agosto · há 11 dias", area...

Parsing ecmascript source code failed

Import trace:
  Server Component:
    ./src/components/dashboard/dashboard-grid.tsx
    ./src/app/dashboard/page.tsx @ http://localhost:3000/_next/static/chunks/node_modules_next_dist_1gdrd03._.js:1817
[   41366ms] [ERROR] ./src/components/dashboard/dashboard-grid.tsx:38:3
Error: Expression expected
  36 |     { initials: "EO", name: "Elena Product Owner", date: "22 de agosto - amanha", area: "E...
  37 |     { initials: "IR", name: "Isabela RH", date: "28 de agosto - em 7 dias", area: "Engenha...
> 38 |   };
     |   ^
  39 |
  40 |   const passedBirthdays = [
  41 |     { initials: "CT", name: "Carla Lider Técnica", date: "10 de agosto · há 11 dias", area...

Parsing ecmascript source code failed

Import trace:
  Server Component:
    ./src/components/dashboard/dashboard-grid.tsx
    ./src/app/dashboard/page.tsx @ http://localhost:3000/_next/static/chunks/node_modules_next_dist_1gdrd03._.js:1817
[   41408ms] [ERROR] ./src/components/dashboard/dashboard-grid.tsx:38:3
Error: Expression expected
  36 |     { initials: "EO", name: "Elena Product Owner", date: "22 de agosto - amanha", area: "E...
  37 |     { initials: "IR", name: "Isabela RH", date: "28 de agosto - em 7 dias", area: "Engenha...
> 38 |   };
     |   ^
  39 |
  40 |   const passedBirthdays = [
  41 |     { initials: "CT", name: "Carla Lider Técnica", date: "10 de agosto · há 11 dias", area...

Parsing ecmascript source code failed

Import trace:
  Server Component:
    ./src/components/dashboard/dashboard-grid.tsx
    ./src/app/dashboard/page.tsx @ http://localhost:3000/_next/static/chunks/node_modules_next_dist_1gdrd03._.js:1817
[   41445ms] [ERROR] ./src/components/dashboard/dashboard-grid.tsx:38:3
Error: Expression expected
  36 |     { initials: "EO", name: "Elena Product Owner", date: "22 de agosto - amanha", area: "E...
  37 |     { initials: "IR", name: "Isabela RH", date: "28 de agosto - em 7 dias", area: "Engenha...
> 38 |   };
     |   ^
  39 |
  40 |   const passedBirthdays = [
  41 |     { initials: "CT", name: "Carla Lider Técnica", date: "10 de agosto · há 11 dias", area...

Parsing ecmascript source code failed

Import trace:
  Server Component:
    ./src/components/dashboard/dashboard-grid.tsx
    ./src/app/dashboard/page.tsx @ http://localhost:3000/_next/static/chunks/node_modules_next_dist_1gdrd03._.js:1817
[   41483ms] [ERROR] ./src/components/dashboard/dashboard-grid.tsx:38:3
Error: Expression expected
  36 |     { initials: "EO", name: "Elena Product Owner", date: "22 de agosto - amanha", area: "E...
  37 |     { initials: "IR", name: "Isabela RH", date: "28 de agosto - em 7 dias", area: "Engenha...
> 38 |   };
     |   ^
  39 |
  40 |   const passedBirthdays = [
  41 |     { initials: "CT", name: "Carla Lider Técnica", date: "10 de agosto · há 11 dias", area...

Parsing ecmascript source code failed

Import trace:
  Server Component:
    ./src/components/dashboard/dashboard-grid.tsx
    ./src/app/dashboard/page.tsx @ http://localhost:3000/_next/static/chunks/node_modules_next_dist_1gdrd03._.js:1817
[   41529ms] [ERROR] ./src/components/dashboard/dashboard-grid.tsx:38:3
Error: Expression expected
  36 |     { initials: "EO", name: "Elena Product Owner", date: "22 de agosto - amanha", area: "E...
  37 |     { initials: "IR", name: "Isabela RH", date: "28 de agosto - em 7 dias", area: "Engenha...
> 38 |   };
     |   ^
  39 |
  40 |   const passedBirthdays = [
  41 |     { initials: "CT", name: "Carla Lider Técnica", date: "10 de agosto · há 11 dias", area...

Parsing ecmascript source code failed

Import trace:
  Server Component:
    ./src/components/dashboard/dashboard-grid.tsx
    ./src/app/dashboard/page.tsx @ http://localhost:3000/_next/static/chunks/node_modules_next_dist_1gdrd03._.js:1817
[   41574ms] [ERROR] ./src/components/dashboard/dashboard-grid.tsx:38:3
Error: Expression expected
  36 |     { initials: "EO", name: "Elena Product Owner", date: "22 de agosto - amanha", area: "E...
  37 |     { initials: "IR", name: "Isabela RH", date: "28 de agosto - em 7 dias", area: "Engenha...
> 38 |   };
     |   ^
  39 |
  40 |   const passedBirthdays = [
  41 |     { initials: "CT", name: "Carla Lider Técnica", date: "10 de agosto · há 11 dias", area...

Parsing ecmascript source code failed

Import trace:
  Server Component:
    ./src/components/dashboard/dashboard-grid.tsx
    ./src/app/dashboard/page.tsx @ http://localhost:3000/_next/static/chunks/node_modules_next_dist_1gdrd03._.js:1817
[   41620ms] [ERROR] ./src/components/dashboard/dashboard-grid.tsx:38:3
Error: Expression expected
  36 |     { initials: "EO", name: "Elena Product Owner", date: "22 de agosto - amanha", area: "E...
  37 |     { initials: "IR", name: "Isabela RH", date: "28 de agosto - em 7 dias", area: "Engenha...
> 38 |   };
     |   ^
  39 |
  40 |   const passedBirthdays = [
  41 |     { initials: "CT", name: "Carla Lider Técnica", date: "10 de agosto · há 11 dias", area...

Parsing ecmascript source code failed

Import trace:
  Server Component:
    ./src/components/dashboard/dashboard-grid.tsx
    ./src/app/dashboard/page.tsx @ http://localhost:3000/_next/static/chunks/node_modules_next_dist_1gdrd03._.js:1817
[   41666ms] [ERROR] ./src/components/dashboard/dashboard-grid.tsx:38:3
Error: Expression expected
  36 |     { initials: "EO", name: "Elena Product Owner", date: "22 de agosto - amanha", area: "E...
  37 |     { initials: "IR", name: "Isabela RH", date: "28 de agosto - em 7 dias", area: "Engenha...
> 38 |   };
     |   ^
  39 |
  40 |   const passedBirthdays = [
  41 |     { initials: "CT", name: "Carla Lider Técnica", date: "10 de agosto · há 11 dias", area...

Parsing ecmascript source code failed

Import trace:
  Server Component:
    ./src/components/dashboard/dashboard-grid.tsx
    ./src/app/dashboard/page.tsx @ http://localhost:3000/_next/static/chunks/node_modules_next_dist_1gdrd03._.js:1817
[   41712ms] [ERROR] ./src/components/dashboard/dashboard-grid.tsx:38:3
Error: Expression expected
  36 |     { initials: "EO", name: "Elena Product Owner", date: "22 de agosto - amanha", area: "E...
  37 |     { initials: "IR", name: "Isabela RH", date: "28 de agosto - em 7 dias", area: "Engenha...
> 38 |   };
     |   ^
  39 |
  40 |   const passedBirthdays = [
  41 |     { initials: "CT", name: "Carla Lider Técnica", date: "10 de agosto · há 11 dias", area...

Parsing ecmascript source code failed

Import trace:
  Server Component:
    ./src/components/dashboard/dashboard-grid.tsx
    ./src/app/dashboard/page.tsx @ http://localhost:3000/_next/static/chunks/node_modules_next_dist_1gdrd03._.js:1817
[   41749ms] [ERROR] ./src/components/dashboard/dashboard-grid.tsx:38:3
Error: Expression expected
  36 |     { initials: "EO", name: "Elena Product Owner", date: "22 de agosto - amanha", area: "E...
  37 |     { initials: "IR", name: "Isabela RH", date: "28 de agosto - em 7 dias", area: "Engenha...
> 38 |   };
     |   ^
  39 |
  40 |   const passedBirthdays = [
  41 |     { initials: "CT", name: "Carla Lider Técnica", date: "10 de agosto · há 11 dias", area...

Parsing ecmascript source code failed

Import trace:
  Server Component:
    ./src/components/dashboard/dashboard-grid.tsx
    ./src/app/dashboard/page.tsx @ http://localhost:3000/_next/static/chunks/node_modules_next_dist_1gdrd03._.js:1817
[   41795ms] [ERROR] ./src/components/dashboard/dashboard-grid.tsx:38:3
Error: Expression expected
  36 |     { initials: "EO", name: "Elena Product Owner", date: "22 de agosto - amanha", area: "E...
  37 |     { initials: "IR", name: "Isabela RH", date: "28 de agosto - em 7 dias", area: "Engenha...
> 38 |   };
     |   ^
  39 |
  40 |   const passedBirthdays = [
  41 |     { initials: "CT", name: "Carla Lider Técnica", date: "10 de agosto · há 11 dias", area...

Parsing ecmascript source code failed

Import trace:
  Server Component:
    ./src/components/dashboard/dashboard-grid.tsx
    ./src/app/dashboard/page.tsx @ http://localhost:3000/_next/static/chunks/node_modules_next_dist_1gdrd03._.js:1817
[   41831ms] [ERROR] ./src/components/dashboard/dashboard-grid.tsx:38:3
Error: Expression expected
  36 |     { initials: "EO", name: "Elena Product Owner", date: "22 de agosto - amanha", area: "E...
  37 |     { initials: "IR", name: "Isabela RH", date: "28 de agosto - em 7 dias", area: "Engenha...
> 38 |   };
     |   ^
  39 |
  40 |   const passedBirthdays = [
  41 |     { initials: "CT", name: "Carla Lider Técnica", date: "10 de agosto · há 11 dias", area...

Parsing ecmascript source code failed

Import trace:
  Server Component:
    ./src/components/dashboard/dashboard-grid.tsx
    ./src/app/dashboard/page.tsx @ http://localhost:3000/_next/static/chunks/node_modules_next_dist_1gdrd03._.js:1817
[   41878ms] [ERROR] ./src/components/dashboard/dashboard-grid.tsx:38:3
Error: Expression expected
  36 |     { initials: "EO", name: "Elena Product Owner", date: "22 de agosto - amanha", area: "E...
  37 |     { initials: "IR", name: "Isabela RH", date: "28 de agosto - em 7 dias", area: "Engenha...
> 38 |   };
     |   ^
  39 |
  40 |   const passedBirthdays = [
  41 |     { initials: "CT", name: "Carla Lider Técnica", date: "10 de agosto · há 11 dias", area...

Parsing ecmascript source code failed

Import trace:
  Server Component:
    ./src/components/dashboard/dashboard-grid.tsx
    ./src/app/dashboard/page.tsx @ http://localhost:3000/_next/static/chunks/node_modules_next_dist_1gdrd03._.js:1817
[   41917ms] [ERROR] ./src/components/dashboard/dashboard-grid.tsx:38:3
Error: Expression expected
  36 |     { initials: "EO", name: "Elena Product Owner", date: "22 de agosto - amanha", area: "E...
  37 |     { initials: "IR", name: "Isabela RH", date: "28 de agosto - em 7 dias", area: "Engenha...
> 38 |   };
     |   ^
  39 |
  40 |   const passedBirthdays = [
  41 |     { initials: "CT", name: "Carla Lider Técnica", date: "10 de agosto · há 11 dias", area...

Parsing ecmascript source code failed

Import trace:
  Server Component:
    ./src/components/dashboard/dashboard-grid.tsx
    ./src/app/dashboard/page.tsx @ http://localhost:3000/_next/static/chunks/node_modules_next_dist_1gdrd03._.js:1817
[   41957ms] [ERROR] ./src/components/dashboard/dashboard-grid.tsx:38:3
Error: Expression expected
  36 |     { initials: "EO", name: "Elena Product Owner", date: "22 de agosto - amanha", area: "E...
  37 |     { initials: "IR", name: "Isabela RH", date: "28 de agosto - em 7 dias", area: "Engenha...
> 38 |   };
     |   ^
  39 |
  40 |   const passedBirthdays = [
  41 |     { initials: "CT", name: "Carla Lider Técnica", date: "10 de agosto · há 11 dias", area...

Parsing ecmascript source code failed

Import trace:
  Server Component:
    ./src/components/dashboard/dashboard-grid.tsx
    ./src/app/dashboard/page.tsx @ http://localhost:3000/_next/static/chunks/node_modules_next_dist_1gdrd03._.js:1817
[   41995ms] [ERROR] ./src/components/dashboard/dashboard-grid.tsx:38:3
Error: Expression expected
  36 |     { initials: "EO", name: "Elena Product Owner", date: "22 de agosto - amanha", area: "E...
  37 |     { initials: "IR", name: "Isabela RH", date: "28 de agosto - em 7 dias", area: "Engenha...
> 38 |   };
     |   ^
  39 |
  40 |   const passedBirthdays = [
  41 |     { initials: "CT", name: "Carla Lider Técnica", date: "10 de agosto · há 11 dias", area...

Parsing ecmascript source code failed

Import trace:
  Server Component:
    ./src/components/dashboard/dashboard-grid.tsx
    ./src/app/dashboard/page.tsx @ http://localhost:3000/_next/static/chunks/node_modules_next_dist_1gdrd03._.js:1817
[   42033ms] [ERROR] ./src/components/dashboard/dashboard-grid.tsx:38:3
Error: Expression expected
  36 |     { initials: "EO", name: "Elena Product Owner", date: "22 de agosto - amanha", area: "E...
  37 |     { initials: "IR", name: "Isabela RH", date: "28 de agosto - em 7 dias", area: "Engenha...
> 38 |   };
     |   ^
  39 |
  40 |   const passedBirthdays = [
  41 |     { initials: "CT", name: "Carla Lider Técnica", date: "10 de agosto · há 11 dias", area...

Parsing ecmascript source code failed

Import trace:
  Server Component:
    ./src/components/dashboard/dashboard-grid.tsx
    ./src/app/dashboard/page.tsx @ http://localhost:3000/_next/static/chunks/node_modules_next_dist_1gdrd03._.js:1817
[   42069ms] [ERROR] ./src/components/dashboard/dashboard-grid.tsx:38:3
Error: Expression expected
  36 |     { initials: "EO", name: "Elena Product Owner", date: "22 de agosto - amanha", area: "E...
  37 |     { initials: "IR", name: "Isabela RH", date: "28 de agosto - em 7 dias", area: "Engenha...
> 38 |   };
     |   ^
  39 |
  40 |   const passedBirthdays = [
  41 |     { initials: "CT", name: "Carla Lider Técnica", date: "10 de agosto · há 11 dias", area...

Parsing ecmascript source code failed

Import trace:
  Server Component:
    ./src/components/dashboard/dashboard-grid.tsx
    ./src/app/dashboard/page.tsx @ http://localhost:3000/_next/static/chunks/node_modules_next_dist_1gdrd03._.js:1817
[   42107ms] [ERROR] ./src/components/dashboard/dashboard-grid.tsx:38:3
Error: Expression expected
  36 |     { initials: "EO", name: "Elena Product Owner", date: "22 de agosto - amanha", area: "E...
  37 |     { initials: "IR", name: "Isabela RH", date: "28 de agosto - em 7 dias", area: "Engenha...
> 38 |   };
     |   ^
  39 |
  40 |   const passedBirthdays = [
  41 |     { initials: "CT", name: "Carla Lider Técnica", date: "10 de agosto · há 11 dias", area...

Parsing ecmascript source code failed

Import trace:
  Server Component:
    ./src/components/dashboard/dashboard-grid.tsx
    ./src/app/dashboard/page.tsx @ http://localhost:3000/_next/static/chunks/node_modules_next_dist_1gdrd03._.js:1817
[   42146ms] [ERROR] ./src/components/dashboard/dashboard-grid.tsx:38:3
Error: Expression expected
  36 |     { initials: "EO", name: "Elena Product Owner", date: "22 de agosto - amanha", area: "E...
  37 |     { initials: "IR", name: "Isabela RH", date: "28 de agosto - em 7 dias", area: "Engenha...
> 38 |   };
     |   ^
  39 |
  40 |   const passedBirthdays = [
  41 |     { initials: "CT", name: "Carla Lider Técnica", date: "10 de agosto · há 11 dias", area...

Parsing ecmascript source code failed

Import trace:
  Server Component:
    ./src/components/dashboard/dashboard-grid.tsx
    ./src/app/dashboard/page.tsx @ http://localhost:3000/_next/static/chunks/node_modules_next_dist_1gdrd03._.js:1817
[   42187ms] [ERROR] ./src/components/dashboard/dashboard-grid.tsx:38:3
Error: Expression expected
  36 |     { initials: "EO", name: "Elena Product Owner", date: "22 de agosto - amanha", area: "E...
  37 |     { initials: "IR", name: "Isabela RH", date: "28 de agosto - em 7 dias", area: "Engenha...
> 38 |   };
     |   ^
  39 |
  40 |   const passedBirthdays = [
  41 |     { initials: "CT", name: "Carla Lider Técnica", date: "10 de agosto · há 11 dias", area...

Parsing ecmascript source code failed

Import trace:
  Server Component:
    ./src/components/dashboard/dashboard-grid.tsx
    ./src/app/dashboard/page.tsx @ http://localhost:3000/_next/static/chunks/node_modules_next_dist_1gdrd03._.js:1817
[   42231ms] [ERROR] ./src/components/dashboard/dashboard-grid.tsx:38:3
Error: Expression expected
  36 |     { initials: "EO", name: "Elena Product Owner", date: "22 de agosto - amanha", area: "E...
  37 |     { initials: "IR", name: "Isabela RH", date: "28 de agosto - em 7 dias", area: "Engenha...
> 38 |   };
     |   ^
  39 |
  40 |   const passedBirthdays = [
  41 |     { initials: "CT", name: "Carla Lider Técnica", date: "10 de agosto · há 11 dias", area...

Parsing ecmascript source code failed

Import trace:
  Server Component:
    ./src/components/dashboard/dashboard-grid.tsx
    ./src/app/dashboard/page.tsx @ http://localhost:3000/_next/static/chunks/node_modules_next_dist_1gdrd03._.js:1817
[   42271ms] [ERROR] ./src/components/dashboard/dashboard-grid.tsx:38:3
Error: Expression expected
  36 |     { initials: "EO", name: "Elena Product Owner", date: "22 de agosto - amanha", area: "E...
  37 |     { initials: "IR", name: "Isabela RH", date: "28 de agosto - em 7 dias", area: "Engenha...
> 38 |   };
     |   ^
  39 |
  40 |   const passedBirthdays = [
  41 |     { initials: "CT", name: "Carla Lider Técnica", date: "10 de agosto · há 11 dias", area...

Parsing ecmascript source code failed

Import trace:
  Server Component:
    ./src/components/dashboard/dashboard-grid.tsx
    ./src/app/dashboard/page.tsx @ http://localhost:3000/_next/static/chunks/node_modules_next_dist_1gdrd03._.js:1817
[   42316ms] [ERROR] ./src/components/dashboard/dashboard-grid.tsx:38:3
Error: Expression expected
  36 |     { initials: "EO", name: "Elena Product Owner", date: "22 de agosto - amanha", area: "E...
  37 |     { initials: "IR", name: "Isabela RH", date: "28 de agosto - em 7 dias", area: "Engenha...
> 38 |   };
     |   ^
  39 |
  40 |   const passedBirthdays = [
  41 |     { initials: "CT", name: "Carla Lider Técnica", date: "10 de agosto · há 11 dias", area...

Parsing ecmascript source code failed

Import trace:
  Server Component:
    ./src/components/dashboard/dashboard-grid.tsx
    ./src/app/dashboard/page.tsx @ http://localhost:3000/_next/static/chunks/node_modules_next_dist_1gdrd03._.js:1817
[   42364ms] [ERROR] ./src/components/dashboard/dashboard-grid.tsx:38:3
Error: Expression expected
  36 |     { initials: "EO", name: "Elena Product Owner", date: "22 de agosto - amanha", area: "E...
  37 |     { initials: "IR", name: "Isabela RH", date: "28 de agosto - em 7 dias", area: "Engenha...
> 38 |   };
     |   ^
  39 |
  40 |   const passedBirthdays = [
  41 |     { initials: "CT", name: "Carla Lider Técnica", date: "10 de agosto · há 11 dias", area...

Parsing ecmascript source code failed

Import trace:
  Server Component:
    ./src/components/dashboard/dashboard-grid.tsx
    ./src/app/dashboard/page.tsx @ http://localhost:3000/_next/static/chunks/node_modules_next_dist_1gdrd03._.js:1817
[   42412ms] [ERROR] ./src/components/dashboard/dashboard-grid.tsx:38:3
Error: Expression expected
  36 |     { initials: "EO", name: "Elena Product Owner", date: "22 de agosto - amanha", area: "E...
  37 |     { initials: "IR", name: "Isabela RH", date: "28 de agosto - em 7 dias", area: "Engenha...
> 38 |   };
     |   ^
  39 |
  40 |   const passedBirthdays = [
  41 |     { initials: "CT", name: "Carla Lider Técnica", date: "10 de agosto · há 11 dias", area...

Parsing ecmascript source code failed

Import trace:
  Server Component:
    ./src/components/dashboard/dashboard-grid.tsx
    ./src/app/dashboard/page.tsx @ http://localhost:3000/_next/static/chunks/node_modules_next_dist_1gdrd03._.js:1817
[   42458ms] [ERROR] ./src/components/dashboard/dashboard-grid.tsx:38:3
Error: Expression expected
  36 |     { initials: "EO", name: "Elena Product Owner", date: "22 de agosto - amanha", area: "E...
  37 |     { initials: "IR", name: "Isabela RH", date: "28 de agosto - em 7 dias", area: "Engenha...
> 38 |   };
     |   ^
  39 |
  40 |   const passedBirthdays = [
  41 |     { initials: "CT", name: "Carla Lider Técnica", date: "10 de agosto · há 11 dias", area...

Parsing ecmascript source code failed

Import trace:
  Server Component:
    ./src/components/dashboard/dashboard-grid.tsx
    ./src/app/dashboard/page.tsx @ http://localhost:3000/_next/static/chunks/node_modules_next_dist_1gdrd03._.js:1817
[   42500ms] [ERROR] ./src/components/dashboard/dashboard-grid.tsx:38:3
Error: Expression expected
  36 |     { initials: "EO", name: "Elena Product Owner", date: "22 de agosto - amanha", area: "E...
  37 |     { initials: "IR", name: "Isabela RH", date: "28 de agosto - em 7 dias", area: "Engenha...
> 38 |   };
     |   ^
  39 |
  40 |   const passedBirthdays = [
  41 |     { initials: "CT", name: "Carla Lider Técnica", date: "10 de agosto · há 11 dias", area...

Parsing ecmascript source code failed

Import trace:
  Server Component:
    ./src/components/dashboard/dashboard-grid.tsx
    ./src/app/dashboard/page.tsx @ http://localhost:3000/_next/static/chunks/node_modules_next_dist_1gdrd03._.js:1817
[   42563ms] [ERROR] ./src/components/dashboard/dashboard-grid.tsx:38:3
Error: Expression expected
  36 |     { initials: "EO", name: "Elena Product Owner", date: "22 de agosto - amanha", area: "E...
  37 |     { initials: "IR", name: "Isabela RH", date: "28 de agosto - em 7 dias", area: "Engenha...
> 38 |   };
     |   ^
  39 |
  40 |   const passedBirthdays = [
  41 |     { initials: "CT", name: "Carla Lider Técnica", date: "10 de agosto · há 11 dias", area...

Parsing ecmascript source code failed

Import trace:
  Server Component:
    ./src/components/dashboard/dashboard-grid.tsx
    ./src/app/dashboard/page.tsx @ http://localhost:3000/_next/static/chunks/node_modules_next_dist_1gdrd03._.js:1817
[   42626ms] [ERROR] ./src/components/dashboard/dashboard-grid.tsx:38:3
Error: Expression expected
  36 |     { initials: "EO", name: "Elena Product Owner", date: "22 de agosto - amanha", area: "E...
  37 |     { initials: "IR", name: "Isabela RH", date: "28 de agosto - em 7 dias", area: "Engenha...
> 38 |   };
     |   ^
  39 |
  40 |   const passedBirthdays = [
  41 |     { initials: "CT", name: "Carla Lider Técnica", date: "10 de agosto · há 11 dias", area...

Parsing ecmascript source code failed

Import trace:
  Server Component:
    ./src/components/dashboard/dashboard-grid.tsx
    ./src/app/dashboard/page.tsx @ http://localhost:3000/_next/static/chunks/node_modules_next_dist_1gdrd03._.js:1817
[   42666ms] [ERROR] ./src/components/dashboard/dashboard-grid.tsx:38:3
Error: Expression expected
  36 |     { initials: "EO", name: "Elena Product Owner", date: "22 de agosto - amanha", area: "E...
  37 |     { initials: "IR", name: "Isabela RH", date: "28 de agosto - em 7 dias", area: "Engenha...
> 38 |   };
     |   ^
  39 |
  40 |   const passedBirthdays = [
  41 |     { initials: "CT", name: "Carla Lider Técnica", date: "10 de agosto · há 11 dias", area...

Parsing ecmascript source code failed

Import trace:
  Server Component:
    ./src/components/dashboard/dashboard-grid.tsx
    ./src/app/dashboard/page.tsx @ http://localhost:3000/_next/static/chunks/node_modules_next_dist_1gdrd03._.js:1817
[   42715ms] [ERROR] ./src/components/dashboard/dashboard-grid.tsx:38:3
Error: Expression expected
  36 |     { initials: "EO", name: "Elena Product Owner", date: "22 de agosto - amanha", area: "E...
  37 |     { initials: "IR", name: "Isabela RH", date: "28 de agosto - em 7 dias", area: "Engenha...
> 38 |   };
     |   ^
  39 |
  40 |   const passedBirthdays = [
  41 |     { initials: "CT", name: "Carla Lider Técnica", date: "10 de agosto · há 11 dias", area...

Parsing ecmascript source code failed

Import trace:
  Server Component:
    ./src/components/dashboard/dashboard-grid.tsx
    ./src/app/dashboard/page.tsx @ http://localhost:3000/_next/static/chunks/node_modules_next_dist_1gdrd03._.js:1817
[   42765ms] [ERROR] ./src/components/dashboard/dashboard-grid.tsx:38:3
Error: Expression expected
  36 |     { initials: "EO", name: "Elena Product Owner", date: "22 de agosto - amanha", area: "E...
  37 |     { initials: "IR", name: "Isabela RH", date: "28 de agosto - em 7 dias", area: "Engenha...
> 38 |   };
     |   ^
  39 |
  40 |   const passedBirthdays = [
  41 |     { initials: "CT", name: "Carla Lider Técnica", date: "10 de agosto · há 11 dias", area...

Parsing ecmascript source code failed

Import trace:
  Server Component:
    ./src/components/dashboard/dashboard-grid.tsx
    ./src/app/dashboard/page.tsx @ http://localhost:3000/_next/static/chunks/node_modules_next_dist_1gdrd03._.js:1817
[   42814ms] [ERROR] ./src/components/dashboard/dashboard-grid.tsx:38:3
Error: Expression expected
  36 |     { initials: "EO", name: "Elena Product Owner", date: "22 de agosto - amanha", area: "E...
  37 |     { initials: "IR", name: "Isabela RH", date: "28 de agosto - em 7 dias", area: "Engenha...
> 38 |   };
     |   ^
  39 |
  40 |   const passedBirthdays = [
  41 |     { initials: "CT", name: "Carla Lider Técnica", date: "10 de agosto · há 11 dias", area...

Parsing ecmascript source code failed

Import trace:
  Server Component:
    ./src/components/dashboard/dashboard-grid.tsx
    ./src/app/dashboard/page.tsx @ http://localhost:3000/_next/static/chunks/node_modules_next_dist_1gdrd03._.js:1817
[   42862ms] [ERROR] ./src/components/dashboard/dashboard-grid.tsx:38:3
Error: Expression expected
  36 |     { initials: "EO", name: "Elena Product Owner", date: "22 de agosto - amanha", area: "E...
  37 |     { initials: "IR", name: "Isabela RH", date: "28 de agosto - em 7 dias", area: "Engenha...
> 38 |   };
     |   ^
  39 |
  40 |   const passedBirthdays = [
  41 |     { initials: "CT", name: "Carla Lider Técnica", date: "10 de agosto · há 11 dias", area...

Parsing ecmascript source code failed

Import trace:
  Server Component:
    ./src/components/dashboard/dashboard-grid.tsx
    ./src/app/dashboard/page.tsx @ http://localhost:3000/_next/static/chunks/node_modules_next_dist_1gdrd03._.js:1817
[   42925ms] [ERROR] ./src/components/dashboard/dashboard-grid.tsx:38:3
Error: Expression expected
  36 |     { initials: "EO", name: "Elena Product Owner", date: "22 de agosto - amanha", area: "E...
  37 |     { initials: "IR", name: "Isabela RH", date: "28 de agosto - em 7 dias", area: "Engenha...
> 38 |   };
     |   ^
  39 |
  40 |   const passedBirthdays = [
  41 |     { initials: "CT", name: "Carla Lider Técnica", date: "10 de agosto · há 11 dias", area...

Parsing ecmascript source code failed

Import trace:
  Server Component:
    ./src/components/dashboard/dashboard-grid.tsx
    ./src/app/dashboard/page.tsx @ http://localhost:3000/_next/static/chunks/node_modules_next_dist_1gdrd03._.js:1817
[   42973ms] [ERROR] ./src/components/dashboard/dashboard-grid.tsx:38:3
Error: Expression expected
  36 |     { initials: "EO", name: "Elena Product Owner", date: "22 de agosto - amanha", area: "E...
  37 |     { initials: "IR", name: "Isabela RH", date: "28 de agosto - em 7 dias", area: "Engenha...
> 38 |   };
     |   ^
  39 |
  40 |   const passedBirthdays = [
  41 |     { initials: "CT", name: "Carla Lider Técnica", date: "10 de agosto · há 11 dias", area...

Parsing ecmascript source code failed

Import trace:
  Server Component:
    ./src/components/dashboard/dashboard-grid.tsx
    ./src/app/dashboard/page.tsx @ http://localhost:3000/_next/static/chunks/node_modules_next_dist_1gdrd03._.js:1817
[   43025ms] [ERROR] ./src/components/dashboard/dashboard-grid.tsx:38:3
Error: Expression expected
  36 |     { initials: "EO", name: "Elena Product Owner", date: "22 de agosto - amanha", area: "E...
  37 |     { initials: "IR", name: "Isabela RH", date: "28 de agosto - em 7 dias", area: "Engenha...
> 38 |   };
     |   ^
  39 |
  40 |   const passedBirthdays = [
  41 |     { initials: "CT", name: "Carla Lider Técnica", date: "10 de agosto · há 11 dias", area...

Parsing ecmascript source code failed

Import trace:
  Server Component:
    ./src/components/dashboard/dashboard-grid.tsx
    ./src/app/dashboard/page.tsx @ http://localhost:3000/_next/static/chunks/node_modules_next_dist_1gdrd03._.js:1817
[   43066ms] [ERROR] ./src/components/dashboard/dashboard-grid.tsx:38:3
Error: Expression expected
  36 |     { initials: "EO", name: "Elena Product Owner", date: "22 de agosto - amanha", area: "E...
  37 |     { initials: "IR", name: "Isabela RH", date: "28 de agosto - em 7 dias", area: "Engenha...
> 38 |   };
     |   ^
  39 |
  40 |   const passedBirthdays = [
  41 |     { initials: "CT", name: "Carla Lider Técnica", date: "10 de agosto · há 11 dias", area...

Parsing ecmascript source code failed

Import trace:
  Server Component:
    ./src/components/dashboard/dashboard-grid.tsx
    ./src/app/dashboard/page.tsx @ http://localhost:3000/_next/static/chunks/node_modules_next_dist_1gdrd03._.js:1817
[   43103ms] [ERROR] ./src/components/dashboard/dashboard-grid.tsx:38:3
Error: Expression expected
  36 |     { initials: "EO", name: "Elena Product Owner", date: "22 de agosto - amanha", area: "E...
  37 |     { initials: "IR", name: "Isabela RH", date: "28 de agosto - em 7 dias", area: "Engenha...
> 38 |   };
     |   ^
  39 |
  40 |   const passedBirthdays = [
  41 |     { initials: "CT", name: "Carla Lider Técnica", date: "10 de agosto · há 11 dias", area...

Parsing ecmascript source code failed

Import trace:
  Server Component:
    ./src/components/dashboard/dashboard-grid.tsx
    ./src/app/dashboard/page.tsx @ http://localhost:3000/_next/static/chunks/node_modules_next_dist_1gdrd03._.js:1817
[   43141ms] [ERROR] ./src/components/dashboard/dashboard-grid.tsx:38:3
Error: Expression expected
  36 |     { initials: "EO", name: "Elena Product Owner", date: "22 de agosto - amanha", area: "E...
  37 |     { initials: "IR", name: "Isabela RH", date: "28 de agosto - em 7 dias", area: "Engenha...
> 38 |   };
     |   ^
  39 |
  40 |   const passedBirthdays = [
  41 |     { initials: "CT", name: "Carla Lider Técnica", date: "10 de agosto · há 11 dias", area...

Parsing ecmascript source code failed

Import trace:
  Server Component:
    ./src/components/dashboard/dashboard-grid.tsx
    ./src/app/dashboard/page.tsx @ http://localhost:3000/_next/static/chunks/node_modules_next_dist_1gdrd03._.js:1817
[   43181ms] [ERROR] ./src/components/dashboard/dashboard-grid.tsx:38:3
Error: Expression expected
  36 |     { initials: "EO", name: "Elena Product Owner", date: "22 de agosto - amanha", area: "E...
  37 |     { initials: "IR", name: "Isabela RH", date: "28 de agosto - em 7 dias", area: "Engenha...
> 38 |   };
     |   ^
  39 |
  40 |   const passedBirthdays = [
  41 |     { initials: "CT", name: "Carla Lider Técnica", date: "10 de agosto · há 11 dias", area...

Parsing ecmascript source code failed

Import trace:
  Server Component:
    ./src/components/dashboard/dashboard-grid.tsx
    ./src/app/dashboard/page.tsx @ http://localhost:3000/_next/static/chunks/node_modules_next_dist_1gdrd03._.js:1817
[   43231ms] [ERROR] ./src/components/dashboard/dashboard-grid.tsx:38:3
Error: Expression expected
  36 |     { initials: "EO", name: "Elena Product Owner", date: "22 de agosto - amanha", area: "E...
  37 |     { initials: "IR", name: "Isabela RH", date: "28 de agosto - em 7 dias", area: "Engenha...
> 38 |   };
     |   ^
  39 |
  40 |   const passedBirthdays = [
  41 |     { initials: "CT", name: "Carla Lider Técnica", date: "10 de agosto · há 11 dias", area...

Parsing ecmascript source code failed

Import trace:
  Server Component:
    ./src/components/dashboard/dashboard-grid.tsx
    ./src/app/dashboard/page.tsx @ http://localhost:3000/_next/static/chunks/node_modules_next_dist_1gdrd03._.js:1817
[   43283ms] [ERROR] ./src/components/dashboard/dashboard-grid.tsx:38:3
Error: Expression expected
  36 |     { initials: "EO", name: "Elena Product Owner", date: "22 de agosto - amanha", area: "E...
  37 |     { initials: "IR", name: "Isabela RH", date: "28 de agosto - em 7 dias", area: "Engenha...
> 38 |   };
     |   ^
  39 |
  40 |   const passedBirthdays = [
  41 |     { initials: "CT", name: "Carla Lider Técnica", date: "10 de agosto · há 11 dias", area...

Parsing ecmascript source code failed

Import trace:
  Server Component:
    ./src/components/dashboard/dashboard-grid.tsx
    ./src/app/dashboard/page.tsx @ http://localhost:3000/_next/static/chunks/node_modules_next_dist_1gdrd03._.js:1817
[   43346ms] [ERROR] ./src/components/dashboard/dashboard-grid.tsx:38:3
Error: Expression expected
  36 |     { initials: "EO", name: "Elena Product Owner", date: "22 de agosto - amanha", area: "E...
  37 |     { initials: "IR", name: "Isabela RH", date: "28 de agosto - em 7 dias", area: "Engenha...
> 38 |   };
     |   ^
  39 |
  40 |   const passedBirthdays = [
  41 |     { initials: "CT", name: "Carla Lider Técnica", date: "10 de agosto · há 11 dias", area...

Parsing ecmascript source code failed

Import trace:
  Server Component:
    ./src/components/dashboard/dashboard-grid.tsx
    ./src/app/dashboard/page.tsx @ http://localhost:3000/_next/static/chunks/node_modules_next_dist_1gdrd03._.js:1817
[   43401ms] [ERROR] ./src/components/dashboard/dashboard-grid.tsx:38:3
Error: Expression expected
  36 |     { initials: "EO", name: "Elena Product Owner", date: "22 de agosto - amanha", area: "E...
  37 |     { initials: "IR", name: "Isabela RH", date: "28 de agosto - em 7 dias", area: "Engenha...
> 38 |   };
     |   ^
  39 |
  40 |   const passedBirthdays = [
  41 |     { initials: "CT", name: "Carla Lider Técnica", date: "10 de agosto · há 11 dias", area...

Parsing ecmascript source code failed

Import trace:
  Server Component:
    ./src/components/dashboard/dashboard-grid.tsx
    ./src/app/dashboard/page.tsx @ http://localhost:3000/_next/static/chunks/node_modules_next_dist_1gdrd03._.js:1817
[   43446ms] [ERROR] ./src/components/dashboard/dashboard-grid.tsx:38:3
Error: Expression expected
  36 |     { initials: "EO", name: "Elena Product Owner", date: "22 de agosto - amanha", area: "E...
  37 |     { initials: "IR", name: "Isabela RH", date: "28 de agosto - em 7 dias", area: "Engenha...
> 38 |   };
     |   ^
  39 |
  40 |   const passedBirthdays = [
  41 |     { initials: "CT", name: "Carla Lider Técnica", date: "10 de agosto · há 11 dias", area...

Parsing ecmascript source code failed

Import trace:
  Server Component:
    ./src/components/dashboard/dashboard-grid.tsx
    ./src/app/dashboard/page.tsx @ http://localhost:3000/_next/static/chunks/node_modules_next_dist_1gdrd03._.js:1817
[   43483ms] [ERROR] ./src/components/dashboard/dashboard-grid.tsx:38:3
Error: Expression expected
  36 |     { initials: "EO", name: "Elena Product Owner", date: "22 de agosto - amanha", area: "E...
  37 |     { initials: "IR", name: "Isabela RH", date: "28 de agosto - em 7 dias", area: "Engenha...
> 38 |   };
     |   ^
  39 |
  40 |   const passedBirthdays = [
  41 |     { initials: "CT", name: "Carla Lider Técnica", date: "10 de agosto · há 11 dias", area...

Parsing ecmascript source code failed

Import trace:
  Server Component:
    ./src/components/dashboard/dashboard-grid.tsx
    ./src/app/dashboard/page.tsx @ http://localhost:3000/_next/static/chunks/node_modules_next_dist_1gdrd03._.js:1817
[   43533ms] [ERROR] ./src/components/dashboard/dashboard-grid.tsx:38:3
Error: Expression expected
  36 |     { initials: "EO", name: "Elena Product Owner", date: "22 de agosto - amanha", area: "E...
  37 |     { initials: "IR", name: "Isabela RH", date: "28 de agosto - em 7 dias", area: "Engenha...
> 38 |   };
     |   ^
  39 |
  40 |   const passedBirthdays = [
  41 |     { initials: "CT", name: "Carla Lider Técnica", date: "10 de agosto · há 11 dias", area...

Parsing ecmascript source code failed

Import trace:
  Server Component:
    ./src/components/dashboard/dashboard-grid.tsx
    ./src/app/dashboard/page.tsx @ http://localhost:3000/_next/static/chunks/node_modules_next_dist_1gdrd03._.js:1817
[   43581ms] [ERROR] ./src/components/dashboard/dashboard-grid.tsx:38:3
Error: Expression expected
  36 |     { initials: "EO", name: "Elena Product Owner", date: "22 de agosto - amanha", area: "E...
  37 |     { initials: "IR", name: "Isabela RH", date: "28 de agosto - em 7 dias", area: "Engenha...
> 38 |   };
     |   ^
  39 |
  40 |   const passedBirthdays = [
  41 |     { initials: "CT", name: "Carla Lider Técnica", date: "10 de agosto · há 11 dias", area...

Parsing ecmascript source code failed

Import trace:
  Server Component:
    ./src/components/dashboard/dashboard-grid.tsx
    ./src/app/dashboard/page.tsx @ http://localhost:3000/_next/static/chunks/node_modules_next_dist_1gdrd03._.js:1817
[   43633ms] [ERROR] ./src/components/dashboard/dashboard-grid.tsx:38:3
Error: Expression expected
  36 |     { initials: "EO", name: "Elena Product Owner", date: "22 de agosto - amanha", area: "E...
  37 |     { initials: "IR", name: "Isabela RH", date: "28 de agosto - em 7 dias", area: "Engenha...
> 38 |   };
     |   ^
  39 |
  40 |   const passedBirthdays = [
  41 |     { initials: "CT", name: "Carla Lider Técnica", date: "10 de agosto · há 11 dias", area...

Parsing ecmascript source code failed

Import trace:
  Server Component:
    ./src/components/dashboard/dashboard-grid.tsx
    ./src/app/dashboard/page.tsx @ http://localhost:3000/_next/static/chunks/node_modules_next_dist_1gdrd03._.js:1817
[   43684ms] [ERROR] ./src/components/dashboard/dashboard-grid.tsx:38:3
Error: Expression expected
  36 |     { initials: "EO", name: "Elena Product Owner", date: "22 de agosto - amanha", area: "E...
  37 |     { initials: "IR", name: "Isabela RH", date: "28 de agosto - em 7 dias", area: "Engenha...
> 38 |   };
     |   ^
  39 |
  40 |   const passedBirthdays = [
  41 |     { initials: "CT", name: "Carla Lider Técnica", date: "10 de agosto · há 11 dias", area...

Parsing ecmascript source code failed

Import trace:
  Server Component:
    ./src/components/dashboard/dashboard-grid.tsx
    ./src/app/dashboard/page.tsx @ http://localhost:3000/_next/static/chunks/node_modules_next_dist_1gdrd03._.js:1817
[   43733ms] [ERROR] ./src/components/dashboard/dashboard-grid.tsx:38:3
Error: Expression expected
  36 |     { initials: "EO", name: "Elena Product Owner", date: "22 de agosto - amanha", area: "E...
  37 |     { initials: "IR", name: "Isabela RH", date: "28 de agosto - em 7 dias", area: "Engenha...
> 38 |   };
     |   ^
  39 |
  40 |   const passedBirthdays = [
  41 |     { initials: "CT", name: "Carla Lider Técnica", date: "10 de agosto · há 11 dias", area...

Parsing ecmascript source code failed

Import trace:
  Server Component:
    ./src/components/dashboard/dashboard-grid.tsx
    ./src/app/dashboard/page.tsx @ http://localhost:3000/_next/static/chunks/node_modules_next_dist_1gdrd03._.js:1817
[   43796ms] [ERROR] ./src/components/dashboard/dashboard-grid.tsx:38:3
Error: Expression expected
  36 |     { initials: "EO", name: "Elena Product Owner", date: "22 de agosto - amanha", area: "E...
  37 |     { initials: "IR", name: "Isabela RH", date: "28 de agosto - em 7 dias", area: "Engenha...
> 38 |   };
     |   ^
  39 |
  40 |   const passedBirthdays = [
  41 |     { initials: "CT", name: "Carla Lider Técnica", date: "10 de agosto · há 11 dias", area...

Parsing ecmascript source code failed

Import trace:
  Server Component:
    ./src/components/dashboard/dashboard-grid.tsx
    ./src/app/dashboard/page.tsx @ http://localhost:3000/_next/static/chunks/node_modules_next_dist_1gdrd03._.js:1817
[   43849ms] [ERROR] ./src/components/dashboard/dashboard-grid.tsx:38:3
Error: Expression expected
  36 |     { initials: "EO", name: "Elena Product Owner", date: "22 de agosto - amanha", area: "E...
  37 |     { initials: "IR", name: "Isabela RH", date: "28 de agosto - em 7 dias", area: "Engenha...
> 38 |   };
     |   ^
  39 |
  40 |   const passedBirthdays = [
  41 |     { initials: "CT", name: "Carla Lider Técnica", date: "10 de agosto · há 11 dias", area...

Parsing ecmascript source code failed

Import trace:
  Server Component:
    ./src/components/dashboard/dashboard-grid.tsx
    ./src/app/dashboard/page.tsx @ http://localhost:3000/_next/static/chunks/node_modules_next_dist_1gdrd03._.js:1817
[   43899ms] [ERROR] ./src/components/dashboard/dashboard-grid.tsx:38:3
Error: Expression expected
  36 |     { initials: "EO", name: "Elena Product Owner", date: "22 de agosto - amanha", area: "E...
  37 |     { initials: "IR", name: "Isabela RH", date: "28 de agosto - em 7 dias", area: "Engenha...
> 38 |   };
     |   ^
  39 |
  40 |   const passedBirthdays = [
  41 |     { initials: "CT", name: "Carla Lider Técnica", date: "10 de agosto · há 11 dias", area...

Parsing ecmascript source code failed

Import trace:
  Server Component:
    ./src/components/dashboard/dashboard-grid.tsx
    ./src/app/dashboard/page.tsx @ http://localhost:3000/_next/static/chunks/node_modules_next_dist_1gdrd03._.js:1817
[   43945ms] [ERROR] ./src/components/dashboard/dashboard-grid.tsx:38:3
Error: Expression expected
  36 |     { initials: "EO", name: "Elena Product Owner", date: "22 de agosto - amanha", area: "E...
  37 |     { initials: "IR", name: "Isabela RH", date: "28 de agosto - em 7 dias", area: "Engenha...
> 38 |   };
     |   ^
  39 |
  40 |   const passedBirthdays = [
  41 |     { initials: "CT", name: "Carla Lider Técnica", date: "10 de agosto · há 11 dias", area...

Parsing ecmascript source code failed

Import trace:
  Server Component:
    ./src/components/dashboard/dashboard-grid.tsx
    ./src/app/dashboard/page.tsx @ http://localhost:3000/_next/static/chunks/node_modules_next_dist_1gdrd03._.js:1817
[   43983ms] [ERROR] ./src/components/dashboard/dashboard-grid.tsx:38:3
Error: Expression expected
  36 |     { initials: "EO", name: "Elena Product Owner", date: "22 de agosto - amanha", area: "E...
  37 |     { initials: "IR", name: "Isabela RH", date: "28 de agosto - em 7 dias", area: "Engenha...
> 38 |   };
     |   ^
  39 |
  40 |   const passedBirthdays = [
  41 |     { initials: "CT", name: "Carla Lider Técnica", date: "10 de agosto · há 11 dias", area...

Parsing ecmascript source code failed

Import trace:
  Server Component:
    ./src/components/dashboard/dashboard-grid.tsx
    ./src/app/dashboard/page.tsx @ http://localhost:3000/_next/static/chunks/node_modules_next_dist_1gdrd03._.js:1817
[   44020ms] [ERROR] ./src/components/dashboard/dashboard-grid.tsx:38:3
Error: Expression expected
  36 |     { initials: "EO", name: "Elena Product Owner", date: "22 de agosto - amanha", area: "E...
  37 |     { initials: "IR", name: "Isabela RH", date: "28 de agosto - em 7 dias", area: "Engenha...
> 38 |   };
     |   ^
  39 |
  40 |   const passedBirthdays = [
  41 |     { initials: "CT", name: "Carla Lider Técnica", date: "10 de agosto · há 11 dias", area...

Parsing ecmascript source code failed

Import trace:
  Server Component:
    ./src/components/dashboard/dashboard-grid.tsx
    ./src/app/dashboard/page.tsx @ http://localhost:3000/_next/static/chunks/node_modules_next_dist_1gdrd03._.js:1817
[   44057ms] [ERROR] ./src/components/dashboard/dashboard-grid.tsx:38:3
Error: Expression expected
  36 |     { initials: "EO", name: "Elena Product Owner", date: "22 de agosto - amanha", area: "E...
  37 |     { initials: "IR", name: "Isabela RH", date: "28 de agosto - em 7 dias", area: "Engenha...
> 38 |   };
     |   ^
  39 |
  40 |   const passedBirthdays = [
  41 |     { initials: "CT", name: "Carla Lider Técnica", date: "10 de agosto · há 11 dias", area...

Parsing ecmascript source code failed

Import trace:
  Server Component:
    ./src/components/dashboard/dashboard-grid.tsx
    ./src/app/dashboard/page.tsx @ http://localhost:3000/_next/static/chunks/node_modules_next_dist_1gdrd03._.js:1817
[   44099ms] [ERROR] ./src/components/dashboard/dashboard-grid.tsx:38:3
Error: Expression expected
  36 |     { initials: "EO", name: "Elena Product Owner", date: "22 de agosto - amanha", area: "E...
  37 |     { initials: "IR", name: "Isabela RH", date: "28 de agosto - em 7 dias", area: "Engenha...
> 38 |   };
     |   ^
  39 |
  40 |   const passedBirthdays = [
  41 |     { initials: "CT", name: "Carla Lider Técnica", date: "10 de agosto · há 11 dias", area...

Parsing ecmascript source code failed

Import trace:
  Server Component:
    ./src/components/dashboard/dashboard-grid.tsx
    ./src/app/dashboard/page.tsx @ http://localhost:3000/_next/static/chunks/node_modules_next_dist_1gdrd03._.js:1817
[   44150ms] [ERROR] ./src/components/dashboard/dashboard-grid.tsx:38:3
Error: Expression expected
  36 |     { initials: "EO", name: "Elena Product Owner", date: "22 de agosto - amanha", area: "E...
  37 |     { initials: "IR", name: "Isabela RH", date: "28 de agosto - em 7 dias", area: "Engenha...
> 38 |   };
     |   ^
  39 |
  40 |   const passedBirthdays = [
  41 |     { initials: "CT", name: "Carla Lider Técnica", date: "10 de agosto · há 11 dias", area...

Parsing ecmascript source code failed

Import trace:
  Server Component:
    ./src/components/dashboard/dashboard-grid.tsx
    ./src/app/dashboard/page.tsx @ http://localhost:3000/_next/static/chunks/node_modules_next_dist_1gdrd03._.js:1817
[   44199ms] [ERROR] ./src/components/dashboard/dashboard-grid.tsx:38:3
Error: Expression expected
  36 |     { initials: "EO", name: "Elena Product Owner", date: "22 de agosto - amanha", area: "E...
  37 |     { initials: "IR", name: "Isabela RH", date: "28 de agosto - em 7 dias", area: "Engenha...
> 38 |   };
     |   ^
  39 |
  40 |   const passedBirthdays = [
  41 |     { initials: "CT", name: "Carla Lider Técnica", date: "10 de agosto · há 11 dias", area...

Parsing ecmascript source code failed

Import trace:
  Server Component:
    ./src/components/dashboard/dashboard-grid.tsx
    ./src/app/dashboard/page.tsx @ http://localhost:3000/_next/static/chunks/node_modules_next_dist_1gdrd03._.js:1817
[   44261ms] [ERROR] ./src/components/dashboard/dashboard-grid.tsx:38:3
Error: Expression expected
  36 |     { initials: "EO", name: "Elena Product Owner", date: "22 de agosto - amanha", area: "E...
  37 |     { initials: "IR", name: "Isabela RH", date: "28 de agosto - em 7 dias", area: "Engenha...
> 38 |   };
     |   ^
  39 |
  40 |   const passedBirthdays = [
  41 |     { initials: "CT", name: "Carla Lider Técnica", date: "10 de agosto · há 11 dias", area...

Parsing ecmascript source code failed

Import trace:
  Server Component:
    ./src/components/dashboard/dashboard-grid.tsx
    ./src/app/dashboard/page.tsx @ http://localhost:3000/_next/static/chunks/node_modules_next_dist_1gdrd03._.js:1817
[   44325ms] [ERROR] ./src/components/dashboard/dashboard-grid.tsx:38:3
Error: Expression expected
  36 |     { initials: "EO", name: "Elena Product Owner", date: "22 de agosto - amanha", area: "E...
  37 |     { initials: "IR", name: "Isabela RH", date: "28 de agosto - em 7 dias", area: "Engenha...
> 38 |   };
     |   ^
  39 |
  40 |   const passedBirthdays = [
  41 |     { initials: "CT", name: "Carla Lider Técnica", date: "10 de agosto · há 11 dias", area...

Parsing ecmascript source code failed

Import trace:
  Server Component:
    ./src/components/dashboard/dashboard-grid.tsx
    ./src/app/dashboard/page.tsx @ http://localhost:3000/_next/static/chunks/node_modules_next_dist_1gdrd03._.js:1817
[   44389ms] [ERROR] ./src/components/dashboard/dashboard-grid.tsx:38:3
Error: Expression expected
  36 |     { initials: "EO", name: "Elena Product Owner", date: "22 de agosto - amanha", area: "E...
  37 |     { initials: "IR", name: "Isabela RH", date: "28 de agosto - em 7 dias", area: "Engenha...
> 38 |   };
     |   ^
  39 |
  40 |   const passedBirthdays = [
  41 |     { initials: "CT", name: "Carla Lider Técnica", date: "10 de agosto · há 11 dias", area...

Parsing ecmascript source code failed

Import trace:
  Server Component:
    ./src/components/dashboard/dashboard-grid.tsx
    ./src/app/dashboard/page.tsx @ http://localhost:3000/_next/static/chunks/node_modules_next_dist_1gdrd03._.js:1817
[   44437ms] [ERROR] ./src/components/dashboard/dashboard-grid.tsx:38:3
Error: Expression expected
  36 |     { initials: "EO", name: "Elena Product Owner", date: "22 de agosto - amanha", area: "E...
  37 |     { initials: "IR", name: "Isabela RH", date: "28 de agosto - em 7 dias", area: "Engenha...
> 38 |   };
     |   ^
  39 |
  40 |   const passedBirthdays = [
  41 |     { initials: "CT", name: "Carla Lider Técnica", date: "10 de agosto · há 11 dias", area...

Parsing ecmascript source code failed

Import trace:
  Server Component:
    ./src/components/dashboard/dashboard-grid.tsx
    ./src/app/dashboard/page.tsx @ http://localhost:3000/_next/static/chunks/node_modules_next_dist_1gdrd03._.js:1817
[   44500ms] [ERROR] ./src/components/dashboard/dashboard-grid.tsx:38:3
Error: Expression expected
  36 |     { initials: "EO", name: "Elena Product Owner", date: "22 de agosto - amanha", area: "E...
  37 |     { initials: "IR", name: "Isabela RH", date: "28 de agosto - em 7 dias", area: "Engenha...
> 38 |   };
     |   ^
  39 |
  40 |   const passedBirthdays = [
  41 |     { initials: "CT", name: "Carla Lider Técnica", date: "10 de agosto · há 11 dias", area...

Parsing ecmascript source code failed

Import trace:
  Server Component:
    ./src/components/dashboard/dashboard-grid.tsx
    ./src/app/dashboard/page.tsx @ http://localhost:3000/_next/static/chunks/node_modules_next_dist_1gdrd03._.js:1817
[   44562ms] [ERROR] ./src/components/dashboard/dashboard-grid.tsx:38:3
Error: Expression expected
  36 |     { initials: "EO", name: "Elena Product Owner", date: "22 de agosto - amanha", area: "E...
  37 |     { initials: "IR", name: "Isabela RH", date: "28 de agosto - em 7 dias", area: "Engenha...
> 38 |   };
     |   ^
  39 |
  40 |   const passedBirthdays = [
  41 |     { initials: "CT", name: "Carla Lider Técnica", date: "10 de agosto · há 11 dias", area...

Parsing ecmascript source code failed

Import trace:
  Server Component:
    ./src/components/dashboard/dashboard-grid.tsx
    ./src/app/dashboard/page.tsx @ http://localhost:3000/_next/static/chunks/node_modules_next_dist_1gdrd03._.js:1817
[   44625ms] [ERROR] ./src/components/dashboard/dashboard-grid.tsx:38:3
Error: Expression expected
  36 |     { initials: "EO", name: "Elena Product Owner", date: "22 de agosto - amanha", area: "E...
  37 |     { initials: "IR", name: "Isabela RH", date: "28 de agosto - em 7 dias", area: "Engenha...
> 38 |   };
     |   ^
  39 |
  40 |   const passedBirthdays = [
  41 |     { initials: "CT", name: "Carla Lider Técnica", date: "10 de agosto · há 11 dias", area...

Parsing ecmascript source code failed

Import trace:
  Server Component:
    ./src/components/dashboard/dashboard-grid.tsx
    ./src/app/dashboard/page.tsx @ http://localhost:3000/_next/static/chunks/node_modules_next_dist_1gdrd03._.js:1817
[   44666ms] [ERROR] ./src/components/dashboard/dashboard-grid.tsx:38:3
Error: Expression expected
  36 |     { initials: "EO", name: "Elena Product Owner", date: "22 de agosto - amanha", area: "E...
  37 |     { initials: "IR", name: "Isabela RH", date: "28 de agosto - em 7 dias", area: "Engenha...
> 38 |   };
     |   ^
  39 |
  40 |   const passedBirthdays = [
  41 |     { initials: "CT", name: "Carla Lider Técnica", date: "10 de agosto · há 11 dias", area...

Parsing ecmascript source code failed

Import trace:
  Server Component:
    ./src/components/dashboard/dashboard-grid.tsx
    ./src/app/dashboard/page.tsx @ http://localhost:3000/_next/static/chunks/node_modules_next_dist_1gdrd03._.js:1817
[   44709ms] [ERROR] ./src/components/dashboard/dashboard-grid.tsx:38:3
Error: Expression expected
  36 |     { initials: "EO", name: "Elena Product Owner", date: "22 de agosto - amanha", area: "E...
  37 |     { initials: "IR", name: "Isabela RH", date: "28 de agosto - em 7 dias", area: "Engenha...
> 38 |   };
     |   ^
  39 |
  40 |   const passedBirthdays = [
  41 |     { initials: "CT", name: "Carla Lider Técnica", date: "10 de agosto · há 11 dias", area...

Parsing ecmascript source code failed

Import trace:
  Server Component:
    ./src/components/dashboard/dashboard-grid.tsx
    ./src/app/dashboard/page.tsx @ http://localhost:3000/_next/static/chunks/node_modules_next_dist_1gdrd03._.js:1817
[   44749ms] [ERROR] ./src/components/dashboard/dashboard-grid.tsx:38:3
Error: Expression expected
  36 |     { initials: "EO", name: "Elena Product Owner", date: "22 de agosto - amanha", area: "E...
  37 |     { initials: "IR", name: "Isabela RH", date: "28 de agosto - em 7 dias", area: "Engenha...
> 38 |   };
     |   ^
  39 |
  40 |   const passedBirthdays = [
  41 |     { initials: "CT", name: "Carla Lider Técnica", date: "10 de agosto · há 11 dias", area...

Parsing ecmascript source code failed

Import trace:
  Server Component:
    ./src/components/dashboard/dashboard-grid.tsx
    ./src/app/dashboard/page.tsx @ http://localhost:3000/_next/static/chunks/node_modules_next_dist_1gdrd03._.js:1817
[   44787ms] [ERROR] ./src/components/dashboard/dashboard-grid.tsx:38:3
Error: Expression expected
  36 |     { initials: "EO", name: "Elena Product Owner", date: "22 de agosto - amanha", area: "E...
  37 |     { initials: "IR", name: "Isabela RH", date: "28 de agosto - em 7 dias", area: "Engenha...
> 38 |   };
     |   ^
  39 |
  40 |   const passedBirthdays = [
  41 |     { initials: "CT", name: "Carla Lider Técnica", date: "10 de agosto · há 11 dias", area...

Parsing ecmascript source code failed

Import trace:
  Server Component:
    ./src/components/dashboard/dashboard-grid.tsx
    ./src/app/dashboard/page.tsx @ http://localhost:3000/_next/static/chunks/node_modules_next_dist_1gdrd03._.js:1817
[   44827ms] [ERROR] ./src/components/dashboard/dashboard-grid.tsx:38:3
Error: Expression expected
  36 |     { initials: "EO", name: "Elena Product Owner", date: "22 de agosto - amanha", area: "E...
  37 |     { initials: "IR", name: "Isabela RH", date: "28 de agosto - em 7 dias", area: "Engenha...
> 38 |   };
     |   ^
  39 |
  40 |   const passedBirthdays = [
  41 |     { initials: "CT", name: "Carla Lider Técnica", date: "10 de agosto · há 11 dias", area...

Parsing ecmascript source code failed

Import trace:
  Server Component:
    ./src/components/dashboard/dashboard-grid.tsx
    ./src/app/dashboard/page.tsx @ http://localhost:3000/_next/static/chunks/node_modules_next_dist_1gdrd03._.js:1817
[   44864ms] [ERROR] ./src/components/dashboard/dashboard-grid.tsx:38:3
Error: Expression expected
  36 |     { initials: "EO", name: "Elena Product Owner", date: "22 de agosto - amanha", area: "E...
  37 |     { initials: "IR", name: "Isabela RH", date: "28 de agosto - em 7 dias", area: "Engenha...
> 38 |   };
     |   ^
  39 |
  40 |   const passedBirthdays = [
  41 |     { initials: "CT", name: "Carla Lider Técnica", date: "10 de agosto · há 11 dias", area...

Parsing ecmascript source code failed

Import trace:
  Server Component:
    ./src/components/dashboard/dashboard-grid.tsx
    ./src/app/dashboard/page.tsx @ http://localhost:3000/_next/static/chunks/node_modules_next_dist_1gdrd03._.js:1817
[   44915ms] [ERROR] ./src/components/dashboard/dashboard-grid.tsx:38:3
Error: Expression expected
  36 |     { initials: "EO", name: "Elena Product Owner", date: "22 de agosto - amanha", area: "E...
  37 |     { initials: "IR", name: "Isabela RH", date: "28 de agosto - em 7 dias", area: "Engenha...
> 38 |   };
     |   ^
  39 |
  40 |   const passedBirthdays = [
  41 |     { initials: "CT", name: "Carla Lider Técnica", date: "10 de agosto · há 11 dias", area...

Parsing ecmascript source code failed

Import trace:
  Server Component:
    ./src/components/dashboard/dashboard-grid.tsx
    ./src/app/dashboard/page.tsx @ http://localhost:3000/_next/static/chunks/node_modules_next_dist_1gdrd03._.js:1817
[   44980ms] [ERROR] ./src/components/dashboard/dashboard-grid.tsx:38:3
Error: Expression expected
  36 |     { initials: "EO", name: "Elena Product Owner", date: "22 de agosto - amanha", area: "E...
  37 |     { initials: "IR", name: "Isabela RH", date: "28 de agosto - em 7 dias", area: "Engenha...
> 38 |   };
     |   ^
  39 |
  40 |   const passedBirthdays = [
  41 |     { initials: "CT", name: "Carla Lider Técnica", date: "10 de agosto · há 11 dias", area...

Parsing ecmascript source code failed

Import trace:
  Server Component:
    ./src/components/dashboard/dashboard-grid.tsx
    ./src/app/dashboard/page.tsx @ http://localhost:3000/_next/static/chunks/node_modules_next_dist_1gdrd03._.js:1817
[   45028ms] [ERROR] ./src/components/dashboard/dashboard-grid.tsx:38:3
Error: Expression expected
  36 |     { initials: "EO", name: "Elena Product Owner", date: "22 de agosto - amanha", area: "E...
  37 |     { initials: "IR", name: "Isabela RH", date: "28 de agosto - em 7 dias", area: "Engenha...
> 38 |   };
     |   ^
  39 |
  40 |   const passedBirthdays = [
  41 |     { initials: "CT", name: "Carla Lider Técnica", date: "10 de agosto · há 11 dias", area...

Parsing ecmascript source code failed

Import trace:
  Server Component:
    ./src/components/dashboard/dashboard-grid.tsx
    ./src/app/dashboard/page.tsx @ http://localhost:3000/_next/static/chunks/node_modules_next_dist_1gdrd03._.js:1817
[   45091ms] [ERROR] ./src/components/dashboard/dashboard-grid.tsx:38:3
Error: Expression expected
  36 |     { initials: "EO", name: "Elena Product Owner", date: "22 de agosto - amanha", area: "E...
  37 |     { initials: "IR", name: "Isabela RH", date: "28 de agosto - em 7 dias", area: "Engenha...
> 38 |   };
     |   ^
  39 |
  40 |   const passedBirthdays = [
  41 |     { initials: "CT", name: "Carla Lider Técnica", date: "10 de agosto · há 11 dias", area...

Parsing ecmascript source code failed

Import trace:
  Server Component:
    ./src/components/dashboard/dashboard-grid.tsx
    ./src/app/dashboard/page.tsx @ http://localhost:3000/_next/static/chunks/node_modules_next_dist_1gdrd03._.js:1817
[   45139ms] [ERROR] ./src/components/dashboard/dashboard-grid.tsx:38:3
Error: Expression expected
  36 |     { initials: "EO", name: "Elena Product Owner", date: "22 de agosto - amanha", area: "E...
  37 |     { initials: "IR", name: "Isabela RH", date: "28 de agosto - em 7 dias", area: "Engenha...
> 38 |   };
     |   ^
  39 |
  40 |   const passedBirthdays = [
  41 |     { initials: "CT", name: "Carla Lider Técnica", date: "10 de agosto · há 11 dias", area...

Parsing ecmascript source code failed

Import trace:
  Server Component:
    ./src/components/dashboard/dashboard-grid.tsx
    ./src/app/dashboard/page.tsx @ http://localhost:3000/_next/static/chunks/node_modules_next_dist_1gdrd03._.js:1817
[   45202ms] [ERROR] ./src/components/dashboard/dashboard-grid.tsx:38:3
Error: Expression expected
  36 |     { initials: "EO", name: "Elena Product Owner", date: "22 de agosto - amanha", area: "E...
  37 |     { initials: "IR", name: "Isabela RH", date: "28 de agosto - em 7 dias", area: "Engenha...
> 38 |   };
     |   ^
  39 |
  40 |   const passedBirthdays = [
  41 |     { initials: "CT", name: "Carla Lider Técnica", date: "10 de agosto · há 11 dias", area...

Parsing ecmascript source code failed

Import trace:
  Server Component:
    ./src/components/dashboard/dashboard-grid.tsx
    ./src/app/dashboard/page.tsx @ http://localhost:3000/_next/static/chunks/node_modules_next_dist_1gdrd03._.js:1817
[   45266ms] [ERROR] ./src/components/dashboard/dashboard-grid.tsx:38:3
Error: Expression expected
  36 |     { initials: "EO", name: "Elena Product Owner", date: "22 de agosto - amanha", area: "E...
  37 |     { initials: "IR", name: "Isabela RH", date: "28 de agosto - em 7 dias", area: "Engenha...
> 38 |   };
     |   ^
  39 |
  40 |   const passedBirthdays = [
  41 |     { initials: "CT", name: "Carla Lider Técnica", date: "10 de agosto · há 11 dias", area...

Parsing ecmascript source code failed

Import trace:
  Server Component:
    ./src/components/dashboard/dashboard-grid.tsx
    ./src/app/dashboard/page.tsx @ http://localhost:3000/_next/static/chunks/node_modules_next_dist_1gdrd03._.js:1817
[   45329ms] [ERROR] ./src/components/dashboard/dashboard-grid.tsx:38:3
Error: Expression expected
  36 |     { initials: "EO", name: "Elena Product Owner", date: "22 de agosto - amanha", area: "E...
  37 |     { initials: "IR", name: "Isabela RH", date: "28 de agosto - em 7 dias", area: "Engenha...
> 38 |   };
     |   ^
  39 |
  40 |   const passedBirthdays = [
  41 |     { initials: "CT", name: "Carla Lider Técnica", date: "10 de agosto · há 11 dias", area...

Parsing ecmascript source code failed

Import trace:
  Server Component:
    ./src/components/dashboard/dashboard-grid.tsx
    ./src/app/dashboard/page.tsx @ http://localhost:3000/_next/static/chunks/node_modules_next_dist_1gdrd03._.js:1817
[   45391ms] [ERROR] ./src/components/dashboard/dashboard-grid.tsx:38:3
Error: Expression expected
  36 |     { initials: "EO", name: "Elena Product Owner", date: "22 de agosto - amanha", area: "E...
  37 |     { initials: "IR", name: "Isabela RH", date: "28 de agosto - em 7 dias", area: "Engenha...
> 38 |   };
     |   ^
  39 |
  40 |   const passedBirthdays = [
  41 |     { initials: "CT", name: "Carla Lider Técnica", date: "10 de agosto · há 11 dias", area...

Parsing ecmascript source code failed

Import trace:
  Server Component:
    ./src/components/dashboard/dashboard-grid.tsx
    ./src/app/dashboard/page.tsx @ http://localhost:3000/_next/static/chunks/node_modules_next_dist_1gdrd03._.js:1817
[   45455ms] [ERROR] ./src/components/dashboard/dashboard-grid.tsx:38:3
Error: Expression expected
  36 |     { initials: "EO", name: "Elena Product Owner", date: "22 de agosto - amanha", area: "E...
  37 |     { initials: "IR", name: "Isabela RH", date: "28 de agosto - em 7 dias", area: "Engenha...
> 38 |   };
     |   ^
  39 |
  40 |   const passedBirthdays = [
  41 |     { initials: "CT", name: "Carla Lider Técnica", date: "10 de agosto · há 11 dias", area...

Parsing ecmascript source code failed

Import trace:
  Server Component:
    ./src/components/dashboard/dashboard-grid.tsx
    ./src/app/dashboard/page.tsx @ http://localhost:3000/_next/static/chunks/node_modules_next_dist_1gdrd03._.js:1817
[   45518ms] [ERROR] ./src/components/dashboard/dashboard-grid.tsx:38:3
Error: Expression expected
  36 |     { initials: "EO", name: "Elena Product Owner", date: "22 de agosto - amanha", area: "E...
  37 |     { initials: "IR", name: "Isabela RH", date: "28 de agosto - em 7 dias", area: "Engenha...
> 38 |   };
     |   ^
  39 |
  40 |   const passedBirthdays = [
  41 |     { initials: "CT", name: "Carla Lider Técnica", date: "10 de agosto · há 11 dias", area...

Parsing ecmascript source code failed

Import trace:
  Server Component:
    ./src/components/dashboard/dashboard-grid.tsx
    ./src/app/dashboard/page.tsx @ http://localhost:3000/_next/static/chunks/node_modules_next_dist_1gdrd03._.js:1817
[   45581ms] [ERROR] ./src/components/dashboard/dashboard-grid.tsx:38:3
Error: Expression expected
  36 |     { initials: "EO", name: "Elena Product Owner", date: "22 de agosto - amanha", area: "E...
  37 |     { initials: "IR", name: "Isabela RH", date: "28 de agosto - em 7 dias", area: "Engenha...
> 38 |   };
     |   ^
  39 |
  40 |   const passedBirthdays = [
  41 |     { initials: "CT", name: "Carla Lider Técnica", date: "10 de agosto · há 11 dias", area...

Parsing ecmascript source code failed

Import trace:
  Server Component:
    ./src/components/dashboard/dashboard-grid.tsx
    ./src/app/dashboard/page.tsx @ http://localhost:3000/_next/static/chunks/node_modules_next_dist_1gdrd03._.js:1817
[   45647ms] [ERROR] ./src/components/dashboard/dashboard-grid.tsx:38:3
Error: Expression expected
  36 |     { initials: "EO", name: "Elena Product Owner", date: "22 de agosto - amanha", area: "E...
  37 |     { initials: "IR", name: "Isabela RH", date: "28 de agosto - em 7 dias", area: "Engenha...
> 38 |   };
     |   ^
  39 |
  40 |   const passedBirthdays = [
  41 |     { initials: "CT", name: "Carla Lider Técnica", date: "10 de agosto · há 11 dias", area...

Parsing ecmascript source code failed

Import trace:
  Server Component:
    ./src/components/dashboard/dashboard-grid.tsx
    ./src/app/dashboard/page.tsx @ http://localhost:3000/_next/static/chunks/node_modules_next_dist_1gdrd03._.js:1817
[   45698ms] [ERROR] ./src/components/dashboard/dashboard-grid.tsx:38:3
Error: Expression expected
  36 |     { initials: "EO", name: "Elena Product Owner", date: "22 de agosto - amanha", area: "E...
  37 |     { initials: "IR", name: "Isabela RH", date: "28 de agosto - em 7 dias", area: "Engenha...
> 38 |   };
     |   ^
  39 |
  40 |   const passedBirthdays = [
  41 |     { initials: "CT", name: "Carla Lider Tecnica", date: "10 de agosto - ha 11 dias", area...

Parsing ecmascript source code failed

Import trace:
  Server Component:
    ./src/components/dashboard/dashboard-grid.tsx
    ./src/app/dashboard/page.tsx @ http://localhost:3000/_next/static/chunks/node_modules_next_dist_1gdrd03._.js:1817
[   45746ms] [ERROR] ./src/components/dashboard/dashboard-grid.tsx:38:3
Error: Expression expected
  36 |     { initials: "EO", name: "Elena Product Owner", date: "22 de agosto - amanha", area: "E...
  37 |     { initials: "IR", name: "Isabela RH", date: "28 de agosto - em 7 dias", area: "Engenha...
> 38 |   };
     |   ^
  39 |
  40 |   const passedBirthdays = [
  41 |     { initials: "CT", name: "Carla Lider Tecnica", date: "10 de agosto - ha 11 dias", area...

Parsing ecmascript source code failed

Import trace:
  Server Component:
    ./src/components/dashboard/dashboard-grid.tsx
    ./src/app/dashboard/page.tsx @ http://localhost:3000/_next/static/chunks/node_modules_next_dist_1gdrd03._.js:1817
[   45809ms] [ERROR] ./src/components/dashboard/dashboard-grid.tsx:38:3
Error: Expression expected
  36 |     { initials: "EO", name: "Elena Product Owner", date: "22 de agosto - amanha", area: "E...
  37 |     { initials: "IR", name: "Isabela RH", date: "28 de agosto - em 7 dias", area: "Engenha...
> 38 |   };
     |   ^
  39 |
  40 |   const passedBirthdays = [
  41 |     { initials: "CT", name: "Carla Lider Tecnica", date: "10 de agosto - ha 11 dias", area...

Parsing ecmascript source code failed

Import trace:
  Server Component:
    ./src/components/dashboard/dashboard-grid.tsx
    ./src/app/dashboard/page.tsx @ http://localhost:3000/_next/static/chunks/node_modules_next_dist_1gdrd03._.js:1817
[   45874ms] [ERROR] ./src/components/dashboard/dashboard-grid.tsx:38:3
Error: Expression expected
  36 |     { initials: "EO", name: "Elena Product Owner", date: "22 de agosto - amanha", area: "E...
  37 |     { initials: "IR", name: "Isabela RH", date: "28 de agosto - em 7 dias", area: "Engenha...
> 38 |   };
     |   ^
  39 |
  40 |   const passedBirthdays = [
  41 |     { initials: "CT", name: "Carla Lider Tecnica", date: "10 de agosto - ha 11 dias", area...

Parsing ecmascript source code failed

Import trace:
  Server Component:
    ./src/components/dashboard/dashboard-grid.tsx
    ./src/app/dashboard/page.tsx @ http://localhost:3000/_next/static/chunks/node_modules_next_dist_1gdrd03._.js:1817
[   45922ms] [ERROR] ./src/components/dashboard/dashboard-grid.tsx:38:3
Error: Expression expected
  36 |     { initials: "EO", name: "Elena Product Owner", date: "22 de agosto - amanha", area: "E...
  37 |     { initials: "IR", name: "Isabela RH", date: "28 de agosto - em 7 dias", area: "Engenha...
> 38 |   };
     |   ^
  39 |
  40 |   const passedBirthdays = [
  41 |     { initials: "CT", name: "Carla Lider Tecnica", date: "10 de agosto - ha 11 dias", area...

Parsing ecmascript source code failed

Import trace:
  Server Component:
    ./src/components/dashboard/dashboard-grid.tsx
    ./src/app/dashboard/page.tsx @ http://localhost:3000/_next/static/chunks/node_modules_next_dist_1gdrd03._.js:1817
[   45971ms] [ERROR] ./src/components/dashboard/dashboard-grid.tsx:38:3
Error: Expression expected
  36 |     { initials: "EO", name: "Elena Product Owner", date: "22 de agosto - amanha", area: "E...
  37 |     { initials: "IR", name: "Isabela RH", date: "28 de agosto - em 7 dias", area: "Engenha...
> 38 |   };
     |   ^
  39 |
  40 |   const passedBirthdays = [
  41 |     { initials: "CT", name: "Carla Lider Tecnica", date: "10 de agosto - ha 11 dias", area...

Parsing ecmascript source code failed

Import trace:
  Server Component:
    ./src/components/dashboard/dashboard-grid.tsx
    ./src/app/dashboard/page.tsx @ http://localhost:3000/_next/static/chunks/node_modules_next_dist_1gdrd03._.js:1817
[   46035ms] [ERROR] ./src/components/dashboard/dashboard-grid.tsx:38:3
Error: Expression expected
  36 |     { initials: "EO", name: "Elena Product Owner", date: "22 de agosto - amanha", area: "E...
  37 |     { initials: "IR", name: "Isabela RH", date: "28 de agosto - em 7 dias", area: "Engenha...
> 38 |   };
     |   ^
  39 |
  40 |   const passedBirthdays = [
  41 |     { initials: "CT", name: "Carla Lider Tecnica", date: "10 de agosto - ha 11 dias", area...

Parsing ecmascript source code failed

Import trace:
  Server Component:
    ./src/components/dashboard/dashboard-grid.tsx
    ./src/app/dashboard/page.tsx @ http://localhost:3000/_next/static/chunks/node_modules_next_dist_1gdrd03._.js:1817
[   46100ms] [ERROR] ./src/components/dashboard/dashboard-grid.tsx:38:3
Error: Expression expected
  36 |     { initials: "EO", name: "Elena Product Owner", date: "22 de agosto - amanha", area: "E...
  37 |     { initials: "IR", name: "Isabela RH", date: "28 de agosto - em 7 dias", area: "Engenha...
> 38 |   };
     |   ^
  39 |
  40 |   const passedBirthdays = [
  41 |     { initials: "CT", name: "Carla Lider Tecnica", date: "10 de agosto - ha 11 dias", area...

Parsing ecmascript source code failed

Import trace:
  Server Component:
    ./src/components/dashboard/dashboard-grid.tsx
    ./src/app/dashboard/page.tsx @ http://localhost:3000/_next/static/chunks/node_modules_next_dist_1gdrd03._.js:1817
[   46164ms] [ERROR] ./src/components/dashboard/dashboard-grid.tsx:38:3
Error: Expression expected
  36 |     { initials: "EO", name: "Elena Product Owner", date: "22 de agosto - amanha", area: "E...
  37 |     { initials: "IR", name: "Isabela RH", date: "28 de agosto - em 7 dias", area: "Engenha...
> 38 |   };
     |   ^
  39 |
  40 |   const passedBirthdays = [
  41 |     { initials: "CT", name: "Carla Lider Tecnica", date: "10 de agosto - ha 11 dias", area...

Parsing ecmascript source code failed

Import trace:
  Server Component:
    ./src/components/dashboard/dashboard-grid.tsx
    ./src/app/dashboard/page.tsx @ http://localhost:3000/_next/static/chunks/node_modules_next_dist_1gdrd03._.js:1817
[   46213ms] [ERROR] ./src/components/dashboard/dashboard-grid.tsx:38:3
Error: Expression expected
  36 |     { initials: "EO", name: "Elena Product Owner", date: "22 de agosto - amanha", area: "E...
  37 |     { initials: "IR", name: "Isabela RH", date: "28 de agosto - em 7 dias", area: "Engenha...
> 38 |   };
     |   ^
  39 |
  40 |   const passedBirthdays = [
  41 |     { initials: "CT", name: "Carla Lider Tecnica", date: "10 de agosto - ha 11 dias", area...

Parsing ecmascript source code failed

Import trace:
  Server Component:
    ./src/components/dashboard/dashboard-grid.tsx
    ./src/app/dashboard/page.tsx @ http://localhost:3000/_next/static/chunks/node_modules_next_dist_1gdrd03._.js:1817
[   46261ms] [ERROR] ./src/components/dashboard/dashboard-grid.tsx:38:3
Error: Expression expected
  36 |     { initials: "EO", name: "Elena Product Owner", date: "22 de agosto - amanha", area: "E...
  37 |     { initials: "IR", name: "Isabela RH", date: "28 de agosto - em 7 dias", area: "Engenha...
> 38 |   };
     |   ^
  39 |
  40 |   const passedBirthdays = [
  41 |     { initials: "CT", name: "Carla Lider Tecnica", date: "10 de agosto - ha 11 dias", area...

Parsing ecmascript source code failed

Import trace:
  Server Component:
    ./src/components/dashboard/dashboard-grid.tsx
    ./src/app/dashboard/page.tsx @ http://localhost:3000/_next/static/chunks/node_modules_next_dist_1gdrd03._.js:1817
[   46311ms] [ERROR] ./src/components/dashboard/dashboard-grid.tsx:38:3
Error: Expression expected
  36 |     { initials: "EO", name: "Elena Product Owner", date: "22 de agosto - amanha", area: "E...
  37 |     { initials: "IR", name: "Isabela RH", date: "28 de agosto - em 7 dias", area: "Engenha...
> 38 |   };
     |   ^
  39 |
  40 |   const passedBirthdays = [
  41 |     { initials: "CT", name: "Carla Lider Tecnica", date: "10 de agosto - ha 11 dias", area...

Parsing ecmascript source code failed

Import trace:
  Server Component:
    ./src/components/dashboard/dashboard-grid.tsx
    ./src/app/dashboard/page.tsx @ http://localhost:3000/_next/static/chunks/node_modules_next_dist_1gdrd03._.js:1817
[   46358ms] [ERROR] ./src/components/dashboard/dashboard-grid.tsx:38:3
Error: Expression expected
  36 |     { initials: "EO", name: "Elena Product Owner", date: "22 de agosto - amanha", area: "E...
  37 |     { initials: "IR", name: "Isabela RH", date: "28 de agosto - em 7 dias", area: "Engenha...
> 38 |   };
     |   ^
  39 |
  40 |   const passedBirthdays = [
  41 |     { initials: "CT", name: "Carla Lider Tecnica", date: "10 de agosto - ha 11 dias", area...

Parsing ecmascript source code failed

Import trace:
  Server Component:
    ./src/components/dashboard/dashboard-grid.tsx
    ./src/app/dashboard/page.tsx @ http://localhost:3000/_next/static/chunks/node_modules_next_dist_1gdrd03._.js:1817
[   46421ms] [ERROR] ./src/components/dashboard/dashboard-grid.tsx:38:3
Error: Expression expected
  36 |     { initials: "EO", name: "Elena Product Owner", date: "22 de agosto - amanha", area: "E...
  37 |     { initials: "IR", name: "Isabela RH", date: "28 de agosto - em 7 dias", area: "Engenha...
> 38 |   };
     |   ^
  39 |
  40 |   const passedBirthdays = [
  41 |     { initials: "CT", name: "Carla Lider Tecnica", date: "10 de agosto - ha 11 dias", area...

Parsing ecmascript source code failed

Import trace:
  Server Component:
    ./src/components/dashboard/dashboard-grid.tsx
    ./src/app/dashboard/page.tsx @ http://localhost:3000/_next/static/chunks/node_modules_next_dist_1gdrd03._.js:1817
[   46469ms] [ERROR] ./src/components/dashboard/dashboard-grid.tsx:38:3
Error: Expression expected
  36 |     { initials: "EO", name: "Elena Product Owner", date: "22 de agosto - amanha", area: "E...
  37 |     { initials: "IR", name: "Isabela RH", date: "28 de agosto - em 7 dias", area: "Engenha...
> 38 |   };
     |   ^
  39 |
  40 |   const passedBirthdays = [
  41 |     { initials: "CT", name: "Carla Lider Tecnica", date: "10 de agosto - ha 11 dias", area...

Parsing ecmascript source code failed

Import trace:
  Server Component:
    ./src/components/dashboard/dashboard-grid.tsx
    ./src/app/dashboard/page.tsx @ http://localhost:3000/_next/static/chunks/node_modules_next_dist_1gdrd03._.js:1817
[   46518ms] [ERROR] ./src/components/dashboard/dashboard-grid.tsx:38:3
Error: Expression expected
  36 |     { initials: "EO", name: "Elena Product Owner", date: "22 de agosto - amanha", area: "E...
  37 |     { initials: "IR", name: "Isabela RH", date: "28 de agosto - em 7 dias", area: "Engenha...
> 38 |   };
     |   ^
  39 |
  40 |   const passedBirthdays = [
  41 |     { initials: "CT", name: "Carla Lider Tecnica", date: "10 de agosto - ha 11 dias", area...

Parsing ecmascript source code failed

Import trace:
  Server Component:
    ./src/components/dashboard/dashboard-grid.tsx
    ./src/app/dashboard/page.tsx @ http://localhost:3000/_next/static/chunks/node_modules_next_dist_1gdrd03._.js:1817
[   46565ms] [ERROR] ./src/components/dashboard/dashboard-grid.tsx:38:3
Error: Expression expected
  36 |     { initials: "EO", name: "Elena Product Owner", date: "22 de agosto - amanha", area: "E...
  37 |     { initials: "IR", name: "Isabela RH", date: "28 de agosto - em 7 dias", area: "Engenha...
> 38 |   };
     |   ^
  39 |
  40 |   const passedBirthdays = [
  41 |     { initials: "CT", name: "Carla Lider Tecnica", date: "10 de agosto - ha 11 dias", area...

Parsing ecmascript source code failed

Import trace:
  Server Component:
    ./src/components/dashboard/dashboard-grid.tsx
    ./src/app/dashboard/page.tsx @ http://localhost:3000/_next/static/chunks/node_modules_next_dist_1gdrd03._.js:1817
[   46614ms] [ERROR] ./src/components/dashboard/dashboard-grid.tsx:38:3
Error: Expression expected
  36 |     { initials: "EO", name: "Elena Product Owner", date: "22 de agosto - amanha", area: "E...
  37 |     { initials: "IR", name: "Isabela RH", date: "28 de agosto - em 7 dias", area: "Engenha...
> 38 |   };
     |   ^
  39 |
  40 |   const passedBirthdays = [
  41 |     { initials: "CT", name: "Carla Lider Tecnica", date: "10 de agosto - ha 11 dias", area...

Parsing ecmascript source code failed

Import trace:
  Server Component:
    ./src/components/dashboard/dashboard-grid.tsx
    ./src/app/dashboard/page.tsx @ http://localhost:3000/_next/static/chunks/node_modules_next_dist_1gdrd03._.js:1817
[   46667ms] [ERROR] ./src/components/dashboard/dashboard-grid.tsx:38:3
Error: Expression expected
  36 |     { initials: "EO", name: "Elena Product Owner", date: "22 de agosto - amanha", area: "E...
  37 |     { initials: "IR", name: "Isabela RH", date: "28 de agosto - em 7 dias", area: "Engenha...
> 38 |   };
     |   ^
  39 |
  40 |   const passedBirthdays = [
  41 |     { initials: "CT", name: "Carla Lider Tecnica", date: "10 de agosto - ha 11 dias", area...

Parsing ecmascript source code failed

Import trace:
  Server Component:
    ./src/components/dashboard/dashboard-grid.tsx
    ./src/app/dashboard/page.tsx @ http://localhost:3000/_next/static/chunks/node_modules_next_dist_1gdrd03._.js:1817
[   46716ms] [ERROR] ./src/components/dashboard/dashboard-grid.tsx:38:3
Error: Expression expected
  36 |     { initials: "EO", name: "Elena Product Owner", date: "22 de agosto - amanha", area: "E...
  37 |     { initials: "IR", name: "Isabela RH", date: "28 de agosto - em 7 dias", area: "Engenha...
> 38 |   };
     |   ^
  39 |
  40 |   const passedBirthdays = [
  41 |     { initials: "CT", name: "Carla Lider Tecnica", date: "10 de agosto - ha 11 dias", area...

Parsing ecmascript source code failed

Import trace:
  Server Component:
    ./src/components/dashboard/dashboard-grid.tsx
    ./src/app/dashboard/page.tsx @ http://localhost:3000/_next/static/chunks/node_modules_next_dist_1gdrd03._.js:1817
[   46765ms] [ERROR] ./src/components/dashboard/dashboard-grid.tsx:38:3
Error: Expression expected
  36 |     { initials: "EO", name: "Elena Product Owner", date: "22 de agosto - amanha", area: "E...
  37 |     { initials: "IR", name: "Isabela RH", date: "28 de agosto - em 7 dias", area: "Engenha...
> 38 |   };
     |   ^
  39 |
  40 |   const passedBirthdays = [
  41 |     { initials: "CT", name: "Carla Lider Tecnica", date: "10 de agosto - ha 11 dias", area...

Parsing ecmascript source code failed

Import trace:
  Server Component:
    ./src/components/dashboard/dashboard-grid.tsx
    ./src/app/dashboard/page.tsx @ http://localhost:3000/_next/static/chunks/node_modules_next_dist_1gdrd03._.js:1817
[   46813ms] [ERROR] ./src/components/dashboard/dashboard-grid.tsx:38:3
Error: Expression expected
  36 |     { initials: "EO", name: "Elena Product Owner", date: "22 de agosto - amanha", area: "E...
  37 |     { initials: "IR", name: "Isabela RH", date: "28 de agosto - em 7 dias", area: "Engenha...
> 38 |   };
     |   ^
  39 |
  40 |   const passedBirthdays = [
  41 |     { initials: "CT", name: "Carla Lider Tecnica", date: "10 de agosto - ha 11 dias", area...

Parsing ecmascript source code failed

Import trace:
  Server Component:
    ./src/components/dashboard/dashboard-grid.tsx
    ./src/app/dashboard/page.tsx @ http://localhost:3000/_next/static/chunks/node_modules_next_dist_1gdrd03._.js:1817
[   46863ms] [ERROR] ./src/components/dashboard/dashboard-grid.tsx:38:3
Error: Expression expected
  36 |     { initials: "EO", name: "Elena Product Owner", date: "22 de agosto - amanha", area: "E...
  37 |     { initials: "IR", name: "Isabela RH", date: "28 de agosto - em 7 dias", area: "Engenha...
> 38 |   };
     |   ^
  39 |
  40 |   const passedBirthdays = [
  41 |     { initials: "CT", name: "Carla Lider Tecnica", date: "10 de agosto - ha 11 dias", area...

Parsing ecmascript source code failed

Import trace:
  Server Component:
    ./src/components/dashboard/dashboard-grid.tsx
    ./src/app/dashboard/page.tsx @ http://localhost:3000/_next/static/chunks/node_modules_next_dist_1gdrd03._.js:1817
[   46912ms] [ERROR] ./src/components/dashboard/dashboard-grid.tsx:38:3
Error: Expression expected
  36 |     { initials: "EO", name: "Elena Product Owner", date: "22 de agosto - amanha", area: "E...
  37 |     { initials: "IR", name: "Isabela RH", date: "28 de agosto - em 7 dias", area: "Engenha...
> 38 |   };
     |   ^
  39 |
  40 |   const passedBirthdays = [
  41 |     { initials: "CT", name: "Carla Lider Tecnica", date: "10 de agosto - ha 11 dias", area...

Parsing ecmascript source code failed

Import trace:
  Server Component:
    ./src/components/dashboard/dashboard-grid.tsx
    ./src/app/dashboard/page.tsx @ http://localhost:3000/_next/static/chunks/node_modules_next_dist_1gdrd03._.js:1817
[   46961ms] [ERROR] ./src/components/dashboard/dashboard-grid.tsx:38:3
Error: Expression expected
  36 |     { initials: "EO", name: "Elena Product Owner", date: "22 de agosto - amanha", area: "E...
  37 |     { initials: "IR", name: "Isabela RH", date: "28 de agosto - em 7 dias", area: "Engenha...
> 38 |   };
     |   ^
  39 |
  40 |   const passedBirthdays = [
  41 |     { initials: "CT", name: "Carla Lider Tecnica", date: "10 de agosto - ha 11 dias", area...

Parsing ecmascript source code failed

Import trace:
  Server Component:
    ./src/components/dashboard/dashboard-grid.tsx
    ./src/app/dashboard/page.tsx @ http://localhost:3000/_next/static/chunks/node_modules_next_dist_1gdrd03._.js:1817
[   47011ms] [ERROR] ./src/components/dashboard/dashboard-grid.tsx:38:3
Error: Expression expected
  36 |     { initials: "EO", name: "Elena Product Owner", date: "22 de agosto - amanha", area: "E...
  37 |     { initials: "IR", name: "Isabela RH", date: "28 de agosto - em 7 dias", area: "Engenha...
> 38 |   };
     |   ^
  39 |
  40 |   const passedBirthdays = [
  41 |     { initials: "CT", name: "Carla Lider Tecnica", date: "10 de agosto - ha 11 dias", area...

Parsing ecmascript source code failed

Import trace:
  Server Component:
    ./src/components/dashboard/dashboard-grid.tsx
    ./src/app/dashboard/page.tsx @ http://localhost:3000/_next/static/chunks/node_modules_next_dist_1gdrd03._.js:1817
[   47059ms] [ERROR] ./src/components/dashboard/dashboard-grid.tsx:38:3
Error: Expression expected
  36 |     { initials: "EO", name: "Elena Product Owner", date: "22 de agosto - amanha", area: "E...
  37 |     { initials: "IR", name: "Isabela RH", date: "28 de agosto - em 7 dias", area: "Engenha...
> 38 |   };
     |   ^
  39 |
  40 |   const passedBirthdays = [
  41 |     { initials: "CT", name: "Carla Lider Tecnica", date: "10 de agosto - ha 11 dias", area...

Parsing ecmascript source code failed

Import trace:
  Server Component:
    ./src/components/dashboard/dashboard-grid.tsx
    ./src/app/dashboard/page.tsx @ http://localhost:3000/_next/static/chunks/node_modules_next_dist_1gdrd03._.js:1817
[   47124ms] [ERROR] ./src/components/dashboard/dashboard-grid.tsx:38:3
Error: Expression expected
  36 |     { initials: "EO", name: "Elena Product Owner", date: "22 de agosto - amanha", area: "E...
  37 |     { initials: "IR", name: "Isabela RH", date: "28 de agosto - em 7 dias", area: "Engenha...
> 38 |   };
     |   ^
  39 |
  40 |   const passedBirthdays = [
  41 |     { initials: "CT", name: "Carla Lider Tecnica", date: "10 de agosto - ha 11 dias", area...

Parsing ecmascript source code failed

Import trace:
  Server Component:
    ./src/components/dashboard/dashboard-grid.tsx
    ./src/app/dashboard/page.tsx @ http://localhost:3000/_next/static/chunks/node_modules_next_dist_1gdrd03._.js:1817
[   47173ms] [ERROR] ./src/components/dashboard/dashboard-grid.tsx:38:3
Error: Expression expected
  36 |     { initials: "EO", name: "Elena Product Owner", date: "22 de agosto - amanha", area: "E...
  37 |     { initials: "IR", name: "Isabela RH", date: "28 de agosto - em 7 dias", area: "Engenha...
> 38 |   };
     |   ^
  39 |
  40 |   const passedBirthdays = [
  41 |     { initials: "CT", name: "Carla Lider Tecnica", date: "10 de agosto - ha 11 dias", area...

Parsing ecmascript source code failed

Import trace:
  Server Component:
    ./src/components/dashboard/dashboard-grid.tsx
    ./src/app/dashboard/page.tsx @ http://localhost:3000/_next/static/chunks/node_modules_next_dist_1gdrd03._.js:1817
[   47222ms] [ERROR] ./src/components/dashboard/dashboard-grid.tsx:38:3
Error: Expression expected
  36 |     { initials: "EO", name: "Elena Product Owner", date: "22 de agosto - amanha", area: "E...
  37 |     { initials: "IR", name: "Isabela RH", date: "28 de agosto - em 7 dias", area: "Engenha...
> 38 |   };
     |   ^
  39 |
  40 |   const passedBirthdays = [
  41 |     { initials: "CT", name: "Carla Lider Tecnica", date: "10 de agosto - ha 11 dias", area...

Parsing ecmascript source code failed

Import trace:
  Server Component:
    ./src/components/dashboard/dashboard-grid.tsx
    ./src/app/dashboard/page.tsx @ http://localhost:3000/_next/static/chunks/node_modules_next_dist_1gdrd03._.js:1817
[   47270ms] [ERROR] ./src/components/dashboard/dashboard-grid.tsx:38:3
Error: Expression expected
  36 |     { initials: "EO", name: "Elena Product Owner", date: "22 de agosto - amanha", area: "E...
  37 |     { initials: "IR", name: "Isabela RH", date: "28 de agosto - em 7 dias", area: "Engenha...
> 38 |   };
     |   ^
  39 |
  40 |   const passedBirthdays = [
  41 |     { initials: "CT", name: "Carla Lider Tecnica", date: "10 de agosto - ha 11 dias", area...

Parsing ecmascript source code failed

Import trace:
  Server Component:
    ./src/components/dashboard/dashboard-grid.tsx
    ./src/app/dashboard/page.tsx @ http://localhost:3000/_next/static/chunks/node_modules_next_dist_1gdrd03._.js:1817
[   47318ms] [ERROR] ./src/components/dashboard/dashboard-grid.tsx:38:3
Error: Expression expected
  36 |     { initials: "EO", name: "Elena Product Owner", date: "22 de agosto - amanha", area: "E...
  37 |     { initials: "IR", name: "Isabela RH", date: "28 de agosto - em 7 dias", area: "Engenha...
> 38 |   };
     |   ^
  39 |
  40 |   const passedBirthdays = [
  41 |     { initials: "CT", name: "Carla Lider Tecnica", date: "10 de agosto - ha 11 dias", area...

Parsing ecmascript source code failed

Import trace:
  Server Component:
    ./src/components/dashboard/dashboard-grid.tsx
    ./src/app/dashboard/page.tsx @ http://localhost:3000/_next/static/chunks/node_modules_next_dist_1gdrd03._.js:1817
[   47367ms] [ERROR] ./src/components/dashboard/dashboard-grid.tsx:38:3
Error: Expression expected
  36 |     { initials: "EO", name: "Elena Product Owner", date: "22 de agosto - amanha", area: "E...
  37 |     { initials: "IR", name: "Isabela RH", date: "28 de agosto - em 7 dias", area: "Engenha...
> 38 |   };
     |   ^
  39 |
  40 |   const passedBirthdays = [
  41 |     { initials: "CT", name: "Carla Lider Tecnica", date: "10 de agosto - ha 11 dias", area...

Parsing ecmascript source code failed

Import trace:
  Server Component:
    ./src/components/dashboard/dashboard-grid.tsx
    ./src/app/dashboard/page.tsx @ http://localhost:3000/_next/static/chunks/node_modules_next_dist_1gdrd03._.js:1817
[   47415ms] [ERROR] ./src/components/dashboard/dashboard-grid.tsx:38:3
Error: Expression expected
  36 |     { initials: "EO", name: "Elena Product Owner", date: "22 de agosto - amanha", area: "E...
  37 |     { initials: "IR", name: "Isabela RH", date: "28 de agosto - em 7 dias", area: "Engenha...
> 38 |   };
     |   ^
  39 |
  40 |   const passedBirthdays = [
  41 |     { initials: "CT", name: "Carla Lider Tecnica", date: "10 de agosto - ha 11 dias", area...

Parsing ecmascript source code failed

Import trace:
  Server Component:
    ./src/components/dashboard/dashboard-grid.tsx
    ./src/app/dashboard/page.tsx @ http://localhost:3000/_next/static/chunks/node_modules_next_dist_1gdrd03._.js:1817
[   47463ms] [ERROR] ./src/components/dashboard/dashboard-grid.tsx:38:3
Error: Expression expected
  36 |     { initials: "EO", name: "Elena Product Owner", date: "22 de agosto - amanha", area: "E...
  37 |     { initials: "IR", name: "Isabela RH", date: "28 de agosto - em 7 dias", area: "Engenha...
> 38 |   };
     |   ^
  39 |
  40 |   const passedBirthdays = [
  41 |     { initials: "CT", name: "Carla Lider Tecnica", date: "10 de agosto - ha 11 dias", area...

Parsing ecmascript source code failed

Import trace:
  Server Component:
    ./src/components/dashboard/dashboard-grid.tsx
    ./src/app/dashboard/page.tsx @ http://localhost:3000/_next/static/chunks/node_modules_next_dist_1gdrd03._.js:1817
[   47512ms] [ERROR] ./src/components/dashboard/dashboard-grid.tsx:38:3
Error: Expression expected
  36 |     { initials: "EO", name: "Elena Product Owner", date: "22 de agosto - amanha", area: "E...
  37 |     { initials: "IR", name: "Isabela RH", date: "28 de agosto - em 7 dias", area: "Engenha...
> 38 |   };
     |   ^
  39 |
  40 |   const passedBirthdays = [
  41 |     { initials: "CT", name: "Carla Lider Tecnica", date: "10 de agosto - ha 11 dias", area...

Parsing ecmascript source code failed

Import trace:
  Server Component:
    ./src/components/dashboard/dashboard-grid.tsx
    ./src/app/dashboard/page.tsx @ http://localhost:3000/_next/static/chunks/node_modules_next_dist_1gdrd03._.js:1817
[   47575ms] [ERROR] ./src/components/dashboard/dashboard-grid.tsx:38:3
Error: Expression expected
  36 |     { initials: "EO", name: "Elena Product Owner", date: "22 de agosto - amanha", area: "E...
  37 |     { initials: "IR", name: "Isabela RH", date: "28 de agosto - em 7 dias", area: "Engenha...
> 38 |   };
     |   ^
  39 |
  40 |   const passedBirthdays = [
  41 |     { initials: "CT", name: "Carla Lider Tecnica", date: "10 de agosto - ha 11 dias", area...

Parsing ecmascript source code failed

Import trace:
  Server Component:
    ./src/components/dashboard/dashboard-grid.tsx
    ./src/app/dashboard/page.tsx @ http://localhost:3000/_next/static/chunks/node_modules_next_dist_1gdrd03._.js:1817
[   47633ms] [ERROR] ./src/components/dashboard/dashboard-grid.tsx:38:3
Error: Expression expected
  36 |     { initials: "EO", name: "Elena Product Owner", date: "22 de agosto - amanha", area: "E...
  37 |     { initials: "IR", name: "Isabela RH", date: "28 de agosto - em 7 dias", area: "Engenha...
> 38 |   };
     |   ^
  39 |
  40 |   const passedBirthdays = [
  41 |     { initials: "CT", name: "Carla Lider Tecnica", date: "10 de agosto - ha 11 dias", area...

Parsing ecmascript source code failed

Import trace:
  Server Component:
    ./src/components/dashboard/dashboard-grid.tsx
    ./src/app/dashboard/page.tsx @ http://localhost:3000/_next/static/chunks/node_modules_next_dist_1gdrd03._.js:1817
[   47683ms] [ERROR] ./src/components/dashboard/dashboard-grid.tsx:38:3
Error: Expression expected
  36 |     { initials: "EO", name: "Elena Product Owner", date: "22 de agosto - amanha", area: "E...
  37 |     { initials: "IR", name: "Isabela RH", date: "28 de agosto - em 7 dias", area: "Engenha...
> 38 |   };
     |   ^
  39 |
  40 |   const passedBirthdays = [
  41 |     { initials: "CT", name: "Carla Lider Tecnica", date: "10 de agosto - ha 11 dias", area...

Parsing ecmascript source code failed

Import trace:
  Server Component:
    ./src/components/dashboard/dashboard-grid.tsx
    ./src/app/dashboard/page.tsx @ http://localhost:3000/_next/static/chunks/node_modules_next_dist_1gdrd03._.js:1817
[   47731ms] [ERROR] ./src/components/dashboard/dashboard-grid.tsx:38:3
Error: Expression expected
  36 |     { initials: "EO", name: "Elena Product Owner", date: "22 de agosto - amanha", area: "E...
  37 |     { initials: "IR", name: "Isabela RH", date: "28 de agosto - em 7 dias", area: "Engenha...
> 38 |   };
     |   ^
  39 |
  40 |   const passedBirthdays = [
  41 |     { initials: "CT", name: "Carla Lider Tecnica", date: "10 de agosto - ha 11 dias", area...

Parsing ecmascript source code failed

Import trace:
  Server Component:
    ./src/components/dashboard/dashboard-grid.tsx
    ./src/app/dashboard/page.tsx @ http://localhost:3000/_next/static/chunks/node_modules_next_dist_1gdrd03._.js:1817
[   47795ms] [ERROR] ./src/components/dashboard/dashboard-grid.tsx:38:3
Error: Expression expected
  36 |     { initials: "EO", name: "Elena Product Owner", date: "22 de agosto - amanha", area: "E...
  37 |     { initials: "IR", name: "Isabela RH", date: "28 de agosto - em 7 dias", area: "Engenha...
> 38 |   };
     |   ^
  39 |
  40 |   const passedBirthdays = [
  41 |     { initials: "CT", name: "Carla Lider Tecnica", date: "10 de agosto - ha 11 dias", area...

Parsing ecmascript source code failed

Import trace:
  Server Component:
    ./src/components/dashboard/dashboard-grid.tsx
    ./src/app/dashboard/page.tsx @ http://localhost:3000/_next/static/chunks/node_modules_next_dist_1gdrd03._.js:1817
[   47860ms] [ERROR] ./src/components/dashboard/dashboard-grid.tsx:38:3
Error: Expression expected
  36 |     { initials: "EO", name: "Elena Product Owner", date: "22 de agosto - amanha", area: "E...
  37 |     { initials: "IR", name: "Isabela RH", date: "28 de agosto - em 7 dias", area: "Engenha...
> 38 |   };
     |   ^
  39 |
  40 |   const passedBirthdays = [
  41 |     { initials: "CT", name: "Carla Lider Tecnica", date: "10 de agosto - ha 11 dias", area...

Parsing ecmascript source code failed

Import trace:
  Server Component:
    ./src/components/dashboard/dashboard-grid.tsx
    ./src/app/dashboard/page.tsx @ http://localhost:3000/_next/static/chunks/node_modules_next_dist_1gdrd03._.js:1817
[   47910ms] [ERROR] ./src/components/dashboard/dashboard-grid.tsx:38:3
Error: Expression expected
  36 |     { initials: "EO", name: "Elena Product Owner", date: "22 de agosto - amanha", area: "E...
  37 |     { initials: "IR", name: "Isabela RH", date: "28 de agosto - em 7 dias", area: "Engenha...
> 38 |   };
     |   ^
  39 |
  40 |   const passedBirthdays = [
  41 |     { initials: "CT", name: "Carla Lider Tecnica", date: "10 de agosto - ha 11 dias", area...

Parsing ecmascript source code failed

Import trace:
  Server Component:
    ./src/components/dashboard/dashboard-grid.tsx
    ./src/app/dashboard/page.tsx @ http://localhost:3000/_next/static/chunks/node_modules_next_dist_1gdrd03._.js:1817
[   47958ms] [ERROR] ./src/components/dashboard/dashboard-grid.tsx:38:3
Error: Expression expected
  36 |     { initials: "EO", name: "Elena Product Owner", date: "22 de agosto - amanha", area: "E...
  37 |     { initials: "IR", name: "Isabela RH", date: "28 de agosto - em 7 dias", area: "Engenha...
> 38 |   };
     |   ^
  39 |
  40 |   const passedBirthdays = [
  41 |     { initials: "CT", name: "Carla Lider Tecnica", date: "10 de agosto - ha 11 dias", area...

Parsing ecmascript source code failed

Import trace:
  Server Component:
    ./src/components/dashboard/dashboard-grid.tsx
    ./src/app/dashboard/page.tsx @ http://localhost:3000/_next/static/chunks/node_modules_next_dist_1gdrd03._.js:1817
[   48022ms] [ERROR] ./src/components/dashboard/dashboard-grid.tsx:38:3
Error: Expression expected
  36 |     { initials: "EO", name: "Elena Product Owner", date: "22 de agosto - amanha", area: "E...
  37 |     { initials: "IR", name: "Isabela RH", date: "28 de agosto - em 7 dias", area: "Engenha...
> 38 |   };
     |   ^
  39 |
  40 |   const passedBirthdays = [
  41 |     { initials: "CT", name: "Carla Lider Tecnica", date: "10 de agosto - ha 11 dias", area...

Parsing ecmascript source code failed

Import trace:
  Server Component:
    ./src/components/dashboard/dashboard-grid.tsx
    ./src/app/dashboard/page.tsx @ http://localhost:3000/_next/static/chunks/node_modules_next_dist_1gdrd03._.js:1817
[   48086ms] [ERROR] ./src/components/dashboard/dashboard-grid.tsx:38:3
Error: Expression expected
  36 |     { initials: "EO", name: "Elena Product Owner", date: "22 de agosto - amanha", area: "E...
  37 |     { initials: "IR", name: "Isabela RH", date: "28 de agosto - em 7 dias", area: "Engenha...
> 38 |   };
     |   ^
  39 |
  40 |   const passedBirthdays = [
  41 |     { initials: "CT", name: "Carla Lider Tecnica", date: "10 de agosto - ha 11 dias", area...

Parsing ecmascript source code failed

Import trace:
  Server Component:
    ./src/components/dashboard/dashboard-grid.tsx
    ./src/app/dashboard/page.tsx @ http://localhost:3000/_next/static/chunks/node_modules_next_dist_1gdrd03._.js:1817
[   48134ms] [ERROR] ./src/components/dashboard/dashboard-grid.tsx:38:3
Error: Expression expected
  36 |     { initials: "EO", name: "Elena Product Owner", date: "22 de agosto - amanha", area: "E...
  37 |     { initials: "IR", name: "Isabela RH", date: "28 de agosto - em 7 dias", area: "Engenha...
> 38 |   };
     |   ^
  39 |
  40 |   const passedBirthdays = [
  41 |     { initials: "CT", name: "Carla Lider Tecnica", date: "10 de agosto - ha 11 dias", area...

Parsing ecmascript source code failed

Import trace:
  Server Component:
    ./src/components/dashboard/dashboard-grid.tsx
    ./src/app/dashboard/page.tsx @ http://localhost:3000/_next/static/chunks/node_modules_next_dist_1gdrd03._.js:1817
[   48183ms] [ERROR] ./src/components/dashboard/dashboard-grid.tsx:38:3
Error: Expression expected
  36 |     { initials: "EO", name: "Elena Product Owner", date: "22 de agosto - amanha", area: "E...
  37 |     { initials: "IR", name: "Isabela RH", date: "28 de agosto - em 7 dias", area: "Engenha...
> 38 |   };
     |   ^
  39 |
  40 |   const passedBirthdays = [
  41 |     { initials: "CT", name: "Carla Lider Tecnica", date: "10 de agosto - ha 11 dias", area...

Parsing ecmascript source code failed

Import trace:
  Server Component:
    ./src/components/dashboard/dashboard-grid.tsx
    ./src/app/dashboard/page.tsx @ http://localhost:3000/_next/static/chunks/node_modules_next_dist_1gdrd03._.js:1817
[   48231ms] [ERROR] ./src/components/dashboard/dashboard-grid.tsx:38:3
Error: Expression expected
  36 |     { initials: "EO", name: "Elena Product Owner", date: "22 de agosto - amanha", area: "E...
  37 |     { initials: "IR", name: "Isabela RH", date: "28 de agosto - em 7 dias", area: "Engenha...
> 38 |   };
     |   ^
  39 |
  40 |   const passedBirthdays = [
  41 |     { initials: "CT", name: "Carla Lider Tecnica", date: "10 de agosto - ha 11 dias", area...

Parsing ecmascript source code failed

Import trace:
  Server Component:
    ./src/components/dashboard/dashboard-grid.tsx
    ./src/app/dashboard/page.tsx @ http://localhost:3000/_next/static/chunks/node_modules_next_dist_1gdrd03._.js:1817
[   48280ms] [ERROR] ./src/components/dashboard/dashboard-grid.tsx:38:3
Error: Expression expected
  36 |     { initials: "EO", name: "Elena Product Owner", date: "22 de agosto - amanha", area: "E...
  37 |     { initials: "IR", name: "Isabela RH", date: "28 de agosto - em 7 dias", area: "Engenha...
> 38 |   };
     |   ^
  39 |
  40 |   const passedBirthdays = [
  41 |     { initials: "CT", name: "Carla Lider Tecnica", date: "10 de agosto - ha 11 dias", area...

Parsing ecmascript source code failed

Import trace:
  Server Component:
    ./src/components/dashboard/dashboard-grid.tsx
    ./src/app/dashboard/page.tsx @ http://localhost:3000/_next/static/chunks/node_modules_next_dist_1gdrd03._.js:1817
[   48329ms] [ERROR] ./src/components/dashboard/dashboard-grid.tsx:38:3
Error: Expression expected
  36 |     { initials: "EO", name: "Elena Product Owner", date: "22 de agosto - amanha", area: "E...
  37 |     { initials: "IR", name: "Isabela RH", date: "28 de agosto - em 7 dias", area: "Engenha...
> 38 |   };
     |   ^
  39 |
  40 |   const passedBirthdays = [
  41 |     { initials: "CT", name: "Carla Lider Tecnica", date: "10 de agosto - ha 11 dias", area...

Parsing ecmascript source code failed

Import trace:
  Server Component:
    ./src/components/dashboard/dashboard-grid.tsx
    ./src/app/dashboard/page.tsx @ http://localhost:3000/_next/static/chunks/node_modules_next_dist_1gdrd03._.js:1817
[   48378ms] [ERROR] ./src/components/dashboard/dashboard-grid.tsx:38:3
Error: Expression expected
  36 |     { initials: "EO", name: "Elena Product Owner", date: "22 de agosto - amanha", area: "E...
  37 |     { initials: "IR", name: "Isabela RH", date: "28 de agosto - em 7 dias", area: "Engenha...
> 38 |   };
     |   ^
  39 |
  40 |   const passedBirthdays = [
  41 |     { initials: "CT", name: "Carla Lider Tecnica", date: "10 de agosto - ha 11 dias", area...

Parsing ecmascript source code failed

Import trace:
  Server Component:
    ./src/components/dashboard/dashboard-grid.tsx
    ./src/app/dashboard/page.tsx @ http://localhost:3000/_next/static/chunks/node_modules_next_dist_1gdrd03._.js:1817
[   48425ms] [ERROR] ./src/components/dashboard/dashboard-grid.tsx:38:3
Error: Expression expected
  36 |     { initials: "EO", name: "Elena Product Owner", date: "22 de agosto - amanha", area: "E...
  37 |     { initials: "IR", name: "Isabela RH", date: "28 de agosto - em 7 dias", area: "Engenha...
> 38 |   };
     |   ^
  39 |
  40 |   const passedBirthdays = [
  41 |     { initials: "CT", name: "Carla Lider Tecnica", date: "10 de agosto - ha 11 dias", area...

Parsing ecmascript source code failed

Import trace:
  Server Component:
    ./src/components/dashboard/dashboard-grid.tsx
    ./src/app/dashboard/page.tsx @ http://localhost:3000/_next/static/chunks/node_modules_next_dist_1gdrd03._.js:1817
[   48474ms] [ERROR] ./src/components/dashboard/dashboard-grid.tsx:38:3
Error: Expression expected
  36 |     { initials: "EO", name: "Elena Product Owner", date: "22 de agosto - amanha", area: "E...
  37 |     { initials: "IR", name: "Isabela RH", date: "28 de agosto - em 7 dias", area: "Engenha...
> 38 |   };
     |   ^
  39 |
  40 |   const passedBirthdays = [
  41 |     { initials: "CT", name: "Carla Lider Tecnica", date: "10 de agosto - ha 11 dias", area...

Parsing ecmascript source code failed

Import trace:
  Server Component:
    ./src/components/dashboard/dashboard-grid.tsx
    ./src/app/dashboard/page.tsx @ http://localhost:3000/_next/static/chunks/node_modules_next_dist_1gdrd03._.js:1817
[   48524ms] [ERROR] ./src/components/dashboard/dashboard-grid.tsx:38:3
Error: Expression expected
  36 |     { initials: "EO", name: "Elena Product Owner", date: "22 de agosto - amanha", area: "E...
  37 |     { initials: "IR", name: "Isabela RH", date: "28 de agosto - em 7 dias", area: "Engenha...
> 38 |   };
     |   ^
  39 |
  40 |   const passedBirthdays = [
  41 |     { initials: "CT", name: "Carla Lider Tecnica", date: "10 de agosto - ha 11 dias", area...

Parsing ecmascript source code failed

Import trace:
  Server Component:
    ./src/components/dashboard/dashboard-grid.tsx
    ./src/app/dashboard/page.tsx @ http://localhost:3000/_next/static/chunks/node_modules_next_dist_1gdrd03._.js:1817
[   48571ms] [ERROR] ./src/components/dashboard/dashboard-grid.tsx:38:3
Error: Expression expected
  36 |     { initials: "EO", name: "Elena Product Owner", date: "22 de agosto - amanha", area: "E...
  37 |     { initials: "IR", name: "Isabela RH", date: "28 de agosto - em 7 dias", area: "Engenha...
> 38 |   };
     |   ^
  39 |
  40 |   const passedBirthdays = [
  41 |     { initials: "CT", name: "Carla Lider Tecnica", date: "10 de agosto - ha 11 dias", area...

Parsing ecmascript source code failed

Import trace:
  Server Component:
    ./src/components/dashboard/dashboard-grid.tsx
    ./src/app/dashboard/page.tsx @ http://localhost:3000/_next/static/chunks/node_modules_next_dist_1gdrd03._.js:1817
[   48609ms] [ERROR] ./src/components/dashboard/dashboard-grid.tsx:38:3
Error: Expression expected
  36 |     { initials: "EO", name: "Elena Product Owner", date: "22 de agosto - amanha", area: "E...
  37 |     { initials: "IR", name: "Isabela RH", date: "28 de agosto - em 7 dias", area: "Engenha...
> 38 |   };
     |   ^
  39 |
  40 |   const passedBirthdays = [
  41 |     { initials: "CT", name: "Carla Lider Tecnica", date: "10 de agosto - ha 11 dias", area...

Parsing ecmascript source code failed

Import trace:
  Server Component:
    ./src/components/dashboard/dashboard-grid.tsx
    ./src/app/dashboard/page.tsx @ http://localhost:3000/_next/static/chunks/node_modules_next_dist_1gdrd03._.js:1817
[   48646ms] [ERROR] ./src/components/dashboard/dashboard-grid.tsx:38:3
Error: Expression expected
  36 |     { initials: "EO", name: "Elena Product Owner", date: "22 de agosto - amanha", area: "E...
  37 |     { initials: "IR", name: "Isabela RH", date: "28 de agosto - em 7 dias", area: "Engenha...
> 38 |   };
     |   ^
  39 |
  40 |   const passedBirthdays = [
  41 |     { initials: "CT", name: "Carla Lider Tecnica", date: "10 de agosto - ha 11 dias", area...

Parsing ecmascript source code failed

Import trace:
  Server Component:
    ./src/components/dashboard/dashboard-grid.tsx
    ./src/app/dashboard/page.tsx @ http://localhost:3000/_next/static/chunks/node_modules_next_dist_1gdrd03._.js:1817
[   48700ms] [ERROR] ./src/components/dashboard/dashboard-grid.tsx:38:3
Error: Expression expected
  36 |     { initials: "EO", name: "Elena Product Owner", date: "22 de agosto - amanha", area: "E...
  37 |     { initials: "IR", name: "Isabela RH", date: "28 de agosto - em 7 dias", area: "Engenha...
> 38 |   };
     |   ^
  39 |
  40 |   const passedBirthdays = [
  41 |     { initials: "CT", name: "Carla Lider Tecnica", date: "10 de agosto - ha 11 dias", area...

Parsing ecmascript source code failed

Import trace:
  Server Component:
    ./src/components/dashboard/dashboard-grid.tsx
    ./src/app/dashboard/page.tsx @ http://localhost:3000/_next/static/chunks/node_modules_next_dist_1gdrd03._.js:1817
[   48748ms] [ERROR] ./src/components/dashboard/dashboard-grid.tsx:38:3
Error: Expression expected
  36 |     { initials: "EO", name: "Elena Product Owner", date: "22 de agosto - amanha", area: "E...
  37 |     { initials: "IR", name: "Isabela RH", date: "28 de agosto - em 7 dias", area: "Engenha...
> 38 |   };
     |   ^
  39 |
  40 |   const passedBirthdays = [
  41 |     { initials: "CT", name: "Carla Lider Tecnica", date: "10 de agosto - ha 11 dias", area...

Parsing ecmascript source code failed

Import trace:
  Server Component:
    ./src/components/dashboard/dashboard-grid.tsx
    ./src/app/dashboard/page.tsx @ http://localhost:3000/_next/static/chunks/node_modules_next_dist_1gdrd03._.js:1817
[   48810ms] [ERROR] ./src/components/dashboard/dashboard-grid.tsx:38:3
Error: Expression expected
  36 |     { initials: "EO", name: "Elena Product Owner", date: "22 de agosto - amanha", area: "E...
  37 |     { initials: "IR", name: "Isabela RH", date: "28 de agosto - em 7 dias", area: "Engenha...
> 38 |   };
     |   ^
  39 |
  40 |   const passedBirthdays = [
  41 |     { initials: "CT", name: "Carla Lider Tecnica", date: "10 de agosto - ha 11 dias", area...

Parsing ecmascript source code failed

Import trace:
  Server Component:
    ./src/components/dashboard/dashboard-grid.tsx
    ./src/app/dashboard/page.tsx @ http://localhost:3000/_next/static/chunks/node_modules_next_dist_1gdrd03._.js:1817
[   48859ms] [ERROR] ./src/components/dashboard/dashboard-grid.tsx:38:3
Error: Expression expected
  36 |     { initials: "EO", name: "Elena Product Owner", date: "22 de agosto - amanha", area: "E...
  37 |     { initials: "IR", name: "Isabela RH", date: "28 de agosto - em 7 dias", area: "Engenha...
> 38 |   };
     |   ^
  39 |
  40 |   const passedBirthdays = [
  41 |     { initials: "CT", name: "Carla Lider Tecnica", date: "10 de agosto - ha 11 dias", area...

Parsing ecmascript source code failed

Import trace:
  Server Component:
    ./src/components/dashboard/dashboard-grid.tsx
    ./src/app/dashboard/page.tsx @ http://localhost:3000/_next/static/chunks/node_modules_next_dist_1gdrd03._.js:1817
[   48922ms] [ERROR] ./src/components/dashboard/dashboard-grid.tsx:38:3
Error: Expression expected
  36 |     { initials: "EO", name: "Elena Product Owner", date: "22 de agosto - amanha", area: "E...
  37 |     { initials: "IR", name: "Isabela RH", date: "28 de agosto - em 7 dias", area: "Engenha...
> 38 |   };
     |   ^
  39 |
  40 |   const passedBirthdays = [
  41 |     { initials: "CT", name: "Carla Lider Tecnica", date: "10 de agosto - ha 11 dias", area...

Parsing ecmascript source code failed

Import trace:
  Server Component:
    ./src/components/dashboard/dashboard-grid.tsx
    ./src/app/dashboard/page.tsx @ http://localhost:3000/_next/static/chunks/node_modules_next_dist_1gdrd03._.js:1817
[   48986ms] [ERROR] ./src/components/dashboard/dashboard-grid.tsx:38:3
Error: Expression expected
  36 |     { initials: "EO", name: "Elena Product Owner", date: "22 de agosto - amanha", area: "E...
  37 |     { initials: "IR", name: "Isabela RH", date: "28 de agosto - em 7 dias", area: "Engenha...
> 38 |   };
     |   ^
  39 |
  40 |   const passedBirthdays = [
  41 |     { initials: "CT", name: "Carla Lider Tecnica", date: "10 de agosto - ha 11 dias", area...

Parsing ecmascript source code failed

Import trace:
  Server Component:
    ./src/components/dashboard/dashboard-grid.tsx
    ./src/app/dashboard/page.tsx @ http://localhost:3000/_next/static/chunks/node_modules_next_dist_1gdrd03._.js:1817
[   49049ms] [ERROR] ./src/components/dashboard/dashboard-grid.tsx:38:3
Error: Expression expected
  36 |     { initials: "EO", name: "Elena Product Owner", date: "22 de agosto - amanha", area: "E...
  37 |     { initials: "IR", name: "Isabela RH", date: "28 de agosto - em 7 dias", area: "Engenha...
> 38 |   };
     |   ^
  39 |
  40 |   const passedBirthdays = [
  41 |     { initials: "CT", name: "Carla Lider Tecnica", date: "10 de agosto - ha 11 dias", area...

Parsing ecmascript source code failed

Import trace:
  Server Component:
    ./src/components/dashboard/dashboard-grid.tsx
    ./src/app/dashboard/page.tsx @ http://localhost:3000/_next/static/chunks/node_modules_next_dist_1gdrd03._.js:1817
[   49098ms] [ERROR] ./src/components/dashboard/dashboard-grid.tsx:38:3
Error: Expression expected
  36 |     { initials: "EO", name: "Elena Product Owner", date: "22 de agosto - amanha", area: "E...
  37 |     { initials: "IR", name: "Isabela RH", date: "28 de agosto - em 7 dias", area: "Engenha...
> 38 |   };
     |   ^
  39 |
  40 |   const passedBirthdays = [
  41 |     { initials: "CT", name: "Carla Lider Tecnica", date: "10 de agosto - ha 11 dias", area...

Parsing ecmascript source code failed

Import trace:
  Server Component:
    ./src/components/dashboard/dashboard-grid.tsx
    ./src/app/dashboard/page.tsx @ http://localhost:3000/_next/static/chunks/node_modules_next_dist_1gdrd03._.js:1817
[   49147ms] [ERROR] ./src/components/dashboard/dashboard-grid.tsx:38:3
Error: Expression expected
  36 |     { initials: "EO", name: "Elena Product Owner", date: "22 de agosto - amanha", area: "E...
  37 |     { initials: "IR", name: "Isabela RH", date: "28 de agosto - em 7 dias", area: "Engenha...
> 38 |   };
     |   ^
  39 |
  40 |   const passedBirthdays = [
  41 |     { initials: "CT", name: "Carla Lider Tecnica", date: "10 de agosto - ha 11 dias", area...

Parsing ecmascript source code failed

Import trace:
  Server Component:
    ./src/components/dashboard/dashboard-grid.tsx
    ./src/app/dashboard/page.tsx @ http://localhost:3000/_next/static/chunks/node_modules_next_dist_1gdrd03._.js:1817
[   49195ms] [ERROR] ./src/components/dashboard/dashboard-grid.tsx:38:3
Error: Expression expected
  36 |     { initials: "EO", name: "Elena Product Owner", date: "22 de agosto - amanha", area: "E...
  37 |     { initials: "IR", name: "Isabela RH", date: "28 de agosto - em 7 dias", area: "Engenha...
> 38 |   };
     |   ^
  39 |
  40 |   const passedBirthdays = [
  41 |     { initials: "CT", name: "Carla Lider Tecnica", date: "10 de agosto - ha 11 dias", area...

Parsing ecmascript source code failed

Import trace:
  Server Component:
    ./src/components/dashboard/dashboard-grid.tsx
    ./src/app/dashboard/page.tsx @ http://localhost:3000/_next/static/chunks/node_modules_next_dist_1gdrd03._.js:1817
[   49244ms] [ERROR] ./src/components/dashboard/dashboard-grid.tsx:38:3
Error: Expression expected
  36 |     { initials: "EO", name: "Elena Product Owner", date: "22 de agosto - amanha", area: "E...
  37 |     { initials: "IR", name: "Isabela RH", date: "28 de agosto - em 7 dias", area: "Engenha...
> 38 |   };
     |   ^
  39 |
  40 |   const passedBirthdays = [
  41 |     { initials: "CT", name: "Carla Lider Tecnica", date: "10 de agosto - ha 11 dias", area...

Parsing ecmascript source code failed

Import trace:
  Server Component:
    ./src/components/dashboard/dashboard-grid.tsx
    ./src/app/dashboard/page.tsx @ http://localhost:3000/_next/static/chunks/node_modules_next_dist_1gdrd03._.js:1817
[   49293ms] [ERROR] ./src/components/dashboard/dashboard-grid.tsx:38:3
Error: Expression expected
  36 |     { initials: "EO", name: "Elena Product Owner", date: "22 de agosto - amanha", area: "E...
  37 |     { initials: "IR", name: "Isabela RH", date: "28 de agosto - em 7 dias", area: "Engenha...
> 38 |   };
     |   ^
  39 |
  40 |   const passedBirthdays = [
  41 |     { initials: "CT", name: "Carla Lider Tecnica", date: "10 de agosto - ha 11 dias", area...

Parsing ecmascript source code failed

Import trace:
  Server Component:
    ./src/components/dashboard/dashboard-grid.tsx
    ./src/app/dashboard/page.tsx @ http://localhost:3000/_next/static/chunks/node_modules_next_dist_1gdrd03._.js:1817
[   49342ms] [ERROR] ./src/components/dashboard/dashboard-grid.tsx:38:3
Error: Expression expected
  36 |     { initials: "EO", name: "Elena Product Owner", date: "22 de agosto - amanha", area: "E...
  37 |     { initials: "IR", name: "Isabela RH", date: "28 de agosto - em 7 dias", area: "Engenha...
> 38 |   };
     |   ^
  39 |
  40 |   const passedBirthdays = [
  41 |     { initials: "CT", name: "Carla Lider Tecnica", date: "10 de agosto - ha 11 dias", area...

Parsing ecmascript source code failed

Import trace:
  Server Component:
    ./src/components/dashboard/dashboard-grid.tsx
    ./src/app/dashboard/page.tsx @ http://localhost:3000/_next/static/chunks/node_modules_next_dist_1gdrd03._.js:1817
[   49391ms] [ERROR] ./src/components/dashboard/dashboard-grid.tsx:38:3
Error: Expression expected
  36 |     { initials: "EO", name: "Elena Product Owner", date: "22 de agosto - amanha", area: "E...
  37 |     { initials: "IR", name: "Isabela RH", date: "28 de agosto - em 7 dias", area: "Engenha...
> 38 |   };
     |   ^
  39 |
  40 |   const passedBirthdays = [
  41 |     { initials: "CT", name: "Carla Lider Tecnica", date: "10 de agosto - ha 11 dias", area...

Parsing ecmascript source code failed

Import trace:
  Server Component:
    ./src/components/dashboard/dashboard-grid.tsx
    ./src/app/dashboard/page.tsx @ http://localhost:3000/_next/static/chunks/node_modules_next_dist_1gdrd03._.js:1817
[   49440ms] [ERROR] ./src/components/dashboard/dashboard-grid.tsx:38:3
Error: Expression expected
  36 |     { initials: "EO", name: "Elena Product Owner", date: "22 de agosto - amanha", area: "E...
  37 |     { initials: "IR", name: "Isabela RH", date: "28 de agosto - em 7 dias", area: "Engenha...
> 38 |   };
     |   ^
  39 |
  40 |   const passedBirthdays = [
  41 |     { initials: "CT", name: "Carla Lider Tecnica", date: "10 de agosto - ha 11 dias", area...

Parsing ecmascript source code failed

Import trace:
  Server Component:
    ./src/components/dashboard/dashboard-grid.tsx
    ./src/app/dashboard/page.tsx @ http://localhost:3000/_next/static/chunks/node_modules_next_dist_1gdrd03._.js:1817
[   49489ms] [ERROR] ./src/components/dashboard/dashboard-grid.tsx:38:3
Error: Expression expected
  36 |     { initials: "EO", name: "Elena Product Owner", date: "22 de agosto - amanha", area: "E...
  37 |     { initials: "IR", name: "Isabela RH", date: "28 de agosto - em 7 dias", area: "Engenha...
> 38 |   };
     |   ^
  39 |
  40 |   const passedBirthdays = [
  41 |     { initials: "CT", name: "Carla Lider Tecnica", date: "10 de agosto - ha 11 dias", area...

Parsing ecmascript source code failed

Import trace:
  Server Component:
    ./src/components/dashboard/dashboard-grid.tsx
    ./src/app/dashboard/page.tsx @ http://localhost:3000/_next/static/chunks/node_modules_next_dist_1gdrd03._.js:1817
[   49553ms] [ERROR] ./src/components/dashboard/dashboard-grid.tsx:38:3
Error: Expression expected
  36 |     { initials: "EO", name: "Elena Product Owner", date: "22 de agosto - amanha", area: "E...
  37 |     { initials: "IR", name: "Isabela RH", date: "28 de agosto - em 7 dias", area: "Engenha...
> 38 |   };
     |   ^
  39 |
  40 |   const passedBirthdays = [
  41 |     { initials: "CT", name: "Carla Lider Tecnica", date: "10 de agosto - ha 11 dias", area...

Parsing ecmascript source code failed

Import trace:
  Server Component:
    ./src/components/dashboard/dashboard-grid.tsx
    ./src/app/dashboard/page.tsx @ http://localhost:3000/_next/static/chunks/node_modules_next_dist_1gdrd03._.js:1817
[   49616ms] [ERROR] ./src/components/dashboard/dashboard-grid.tsx:38:3
Error: Expression expected
  36 |     { initials: "EO", name: "Elena Product Owner", date: "22 de agosto - amanha", area: "E...
  37 |     { initials: "IR", name: "Isabela RH", date: "28 de agosto - em 7 dias", area: "Engenha...
> 38 |   };
     |   ^
  39 |
  40 |   const passedBirthdays = [
  41 |     { initials: "CT", name: "Carla Lider Tecnica", date: "10 de agosto - ha 11 dias", area...

Parsing ecmascript source code failed

Import trace:
  Server Component:
    ./src/components/dashboard/dashboard-grid.tsx
    ./src/app/dashboard/page.tsx @ http://localhost:3000/_next/static/chunks/node_modules_next_dist_1gdrd03._.js:1817
[   49666ms] [ERROR] ./src/components/dashboard/dashboard-grid.tsx:38:3
Error: Expression expected
  36 |     { initials: "EO", name: "Elena Product Owner", date: "22 de agosto - amanha", area: "E...
  37 |     { initials: "IR", name: "Isabela RH", date: "28 de agosto - em 7 dias", area: "Engenha...
> 38 |   };
     |   ^
  39 |
  40 |   const passedBirthdays = [
  41 |     { initials: "CT", name: "Carla Lider Tecnica", date: "10 de agosto - ha 11 dias", area...

Parsing ecmascript source code failed

Import trace:
  Server Component:
    ./src/components/dashboard/dashboard-grid.tsx
    ./src/app/dashboard/page.tsx @ http://localhost:3000/_next/static/chunks/node_modules_next_dist_1gdrd03._.js:1817
[   49730ms] [ERROR] ./src/components/dashboard/dashboard-grid.tsx:38:3
Error: Expression expected
  36 |     { initials: "EO", name: "Elena Product Owner", date: "22 de agosto - amanha", area: "E...
  37 |     { initials: "IR", name: "Isabela RH", date: "28 de agosto - em 7 dias", area: "Engenha...
> 38 |   };
     |   ^
  39 |
  40 |   const passedBirthdays = [
  41 |     { initials: "CT", name: "Carla Lider Tecnica", date: "10 de agosto - ha 11 dias", area...

Parsing ecmascript source code failed

Import trace:
  Server Component:
    ./src/components/dashboard/dashboard-grid.tsx
    ./src/app/dashboard/page.tsx @ http://localhost:3000/_next/static/chunks/node_modules_next_dist_1gdrd03._.js:1817
[   49779ms] [ERROR] ./src/components/dashboard/dashboard-grid.tsx:38:3
Error: Expression expected
  36 |     { initials: "EO", name: "Elena Product Owner", date: "22 de agosto - amanha", area: "E...
  37 |     { initials: "IR", name: "Isabela RH", date: "28 de agosto - em 7 dias", area: "Engenha...
> 38 |   };
     |   ^
  39 |
  40 |   const passedBirthdays = [
  41 |     { initials: "CT", name: "Carla Lider Tecnica", date: "10 de agosto - ha 11 dias", area...

Parsing ecmascript source code failed

Import trace:
  Server Component:
    ./src/components/dashboard/dashboard-grid.tsx
    ./src/app/dashboard/page.tsx @ http://localhost:3000/_next/static/chunks/node_modules_next_dist_1gdrd03._.js:1817
[   49828ms] [ERROR] ./src/components/dashboard/dashboard-grid.tsx:38:3
Error: Expression expected
  36 |     { initials: "EO", name: "Elena Product Owner", date: "22 de agosto - amanha", area: "E...
  37 |     { initials: "IR", name: "Isabela RH", date: "28 de agosto - em 7 dias", area: "Engenha...
> 38 |   };
     |   ^
  39 |
  40 |   const passedBirthdays = [
  41 |     { initials: "CT", name: "Carla Lider Tecnica", date: "10 de agosto - ha 11 dias", area...

Parsing ecmascript source code failed

Import trace:
  Server Component:
    ./src/components/dashboard/dashboard-grid.tsx
    ./src/app/dashboard/page.tsx @ http://localhost:3000/_next/static/chunks/node_modules_next_dist_1gdrd03._.js:1817
[   49875ms] [ERROR] ./src/components/dashboard/dashboard-grid.tsx:38:3
Error: Expression expected
  36 |     { initials: "EO", name: "Elena Product Owner", date: "22 de agosto - amanha", area: "E...
  37 |     { initials: "IR", name: "Isabela RH", date: "28 de agosto - em 7 dias", area: "Engenha...
> 38 |   };
     |   ^
  39 |
  40 |   const passedBirthdays = [
  41 |     { initials: "CT", name: "Carla Lider Tecnica", date: "10 de agosto - ha 11 dias", area...

Parsing ecmascript source code failed

Import trace:
  Server Component:
    ./src/components/dashboard/dashboard-grid.tsx
    ./src/app/dashboard/page.tsx @ http://localhost:3000/_next/static/chunks/node_modules_next_dist_1gdrd03._.js:1817
[   49925ms] [ERROR] ./src/components/dashboard/dashboard-grid.tsx:38:3
Error: Expression expected
  36 |     { initials: "EO", name: "Elena Product Owner", date: "22 de agosto - amanha", area: "E...
  37 |     { initials: "IR", name: "Isabela RH", date: "28 de agosto - em 7 dias", area: "Engenha...
> 38 |   };
     |   ^
  39 |
  40 |   const passedBirthdays = [
  41 |     { initials: "CT", name: "Carla Lider Tecnica", date: "10 de agosto - ha 11 dias", area...

Parsing ecmascript source code failed

Import trace:
  Server Component:
    ./src/components/dashboard/dashboard-grid.tsx
    ./src/app/dashboard/page.tsx @ http://localhost:3000/_next/static/chunks/node_modules_next_dist_1gdrd03._.js:1817
[   49974ms] [ERROR] ./src/components/dashboard/dashboard-grid.tsx:38:3
Error: Expression expected
  36 |     { initials: "EO", name: "Elena Product Owner", date: "22 de agosto - amanha", area: "E...
  37 |     { initials: "IR", name: "Isabela RH", date: "28 de agosto - em 7 dias", area: "Engenha...
> 38 |   };
     |   ^
  39 |
  40 |   const passedBirthdays = [
  41 |     { initials: "CT", name: "Carla Lider Tecnica", date: "10 de agosto - ha 11 dias", area...

Parsing ecmascript source code failed

Import trace:
  Server Component:
    ./src/components/dashboard/dashboard-grid.tsx
    ./src/app/dashboard/page.tsx @ http://localhost:3000/_next/static/chunks/node_modules_next_dist_1gdrd03._.js:1817
[   50024ms] [ERROR] ./src/components/dashboard/dashboard-grid.tsx:38:3
Error: Expression expected
  36 |     { initials: "EO", name: "Elena Product Owner", date: "22 de agosto - amanha", area: "E...
  37 |     { initials: "IR", name: "Isabela RH", date: "28 de agosto - em 7 dias", area: "Engenha...
> 38 |   };
     |   ^
  39 |
  40 |   const passedBirthdays = [
  41 |     { initials: "CT", name: "Carla Lider Tecnica", date: "10 de agosto - ha 11 dias", area...

Parsing ecmascript source code failed

Import trace:
  Server Component:
    ./src/components/dashboard/dashboard-grid.tsx
    ./src/app/dashboard/page.tsx @ http://localhost:3000/_next/static/chunks/node_modules_next_dist_1gdrd03._.js:1817
[   50061ms] [ERROR] ./src/components/dashboard/dashboard-grid.tsx:38:3
Error: Expression expected
  36 |     { initials: "EO", name: "Elena Product Owner", date: "22 de agosto - amanha", area: "E...
  37 |     { initials: "IR", name: "Isabela RH", date: "28 de agosto - em 7 dias", area: "Engenha...
> 38 |   };
     |   ^
  39 |
  40 |   const passedBirthdays = [
  41 |     { initials: "CT", name: "Carla Lider Tecnica", date: "10 de agosto - ha 11 dias", area...

Parsing ecmascript source code failed

Import trace:
  Server Component:
    ./src/components/dashboard/dashboard-grid.tsx
    ./src/app/dashboard/page.tsx @ http://localhost:3000/_next/static/chunks/node_modules_next_dist_1gdrd03._.js:1817
[   50098ms] [ERROR] ./src/components/dashboard/dashboard-grid.tsx:38:3
Error: Expression expected
  36 |     { initials: "EO", name: "Elena Product Owner", date: "22 de agosto - amanha", area: "E...
  37 |     { initials: "IR", name: "Isabela RH", date: "28 de agosto - em 7 dias", area: "Engenha...
> 38 |   };
     |   ^
  39 |
  40 |   const passedBirthdays = [
  41 |     { initials: "CT", name: "Carla Lider Tecnica", date: "10 de agosto - ha 11 dias", area...

Parsing ecmascript source code failed

Import trace:
  Server Component:
    ./src/components/dashboard/dashboard-grid.tsx
    ./src/app/dashboard/page.tsx @ http://localhost:3000/_next/static/chunks/node_modules_next_dist_1gdrd03._.js:1817
[   50152ms] [ERROR] ./src/components/dashboard/dashboard-grid.tsx:38:3
Error: Expression expected
  36 |     { initials: "EO", name: "Elena Product Owner", date: "22 de agosto - amanha", area: "E...
  37 |     { initials: "IR", name: "Isabela RH", date: "28 de agosto - em 7 dias", area: "Engenha...
> 38 |   };
     |   ^
  39 |
  40 |   const passedBirthdays = [
  41 |     { initials: "CT", name: "Carla Lider Tecnica", date: "10 de agosto - ha 11 dias", area...

Parsing ecmascript source code failed

Import trace:
  Server Component:
    ./src/components/dashboard/dashboard-grid.tsx
    ./src/app/dashboard/page.tsx @ http://localhost:3000/_next/static/chunks/node_modules_next_dist_1gdrd03._.js:1817
[   50202ms] [ERROR] ./src/components/dashboard/dashboard-grid.tsx:38:3
Error: Expression expected
  36 |     { initials: "EO", name: "Elena Product Owner", date: "22 de agosto - amanha", area: "E...
  37 |     { initials: "IR", name: "Isabela RH", date: "28 de agosto - em 7 dias", area: "Engenha...
> 38 |   };
     |   ^
  39 |
  40 |   const passedBirthdays = [
  41 |     { initials: "CT", name: "Carla Lider Tecnica", date: "10 de agosto - ha 11 dias", area...

Parsing ecmascript source code failed

Import trace:
  Server Component:
    ./src/components/dashboard/dashboard-grid.tsx
    ./src/app/dashboard/page.tsx @ http://localhost:3000/_next/static/chunks/node_modules_next_dist_1gdrd03._.js:1817
[   50253ms] [ERROR] ./src/components/dashboard/dashboard-grid.tsx:38:3
Error: Expression expected
  36 |     { initials: "EO", name: "Elena Product Owner", date: "22 de agosto - amanha", area: "E...
  37 |     { initials: "IR", name: "Isabela RH", date: "28 de agosto - em 7 dias", area: "Engenha...
> 38 |   };
     |   ^
  39 |
  40 |   const passedBirthdays = [
  41 |     { initials: "CT", name: "Carla Lider Tecnica", date: "10 de agosto - ha 11 dias", area...

Parsing ecmascript source code failed

Import trace:
  Server Component:
    ./src/components/dashboard/dashboard-grid.tsx
    ./src/app/dashboard/page.tsx @ http://localhost:3000/_next/static/chunks/node_modules_next_dist_1gdrd03._.js:1817
[   50302ms] [ERROR] ./src/components/dashboard/dashboard-grid.tsx:38:3
Error: Expression expected
  36 |     { initials: "EO", name: "Elena Product Owner", date: "22 de agosto - amanha", area: "E...
  37 |     { initials: "IR", name: "Isabela RH", date: "28 de agosto - em 7 dias", area: "Engenha...
> 38 |   };
     |   ^
  39 |
  40 |   const passedBirthdays = [
  41 |     { initials: "CT", name: "Carla Lider Tecnica", date: "10 de agosto - ha 11 dias", area...

Parsing ecmascript source code failed

Import trace:
  Server Component:
    ./src/components/dashboard/dashboard-grid.tsx
    ./src/app/dashboard/page.tsx @ http://localhost:3000/_next/static/chunks/node_modules_next_dist_1gdrd03._.js:1817
[   50353ms] [ERROR] ./src/components/dashboard/dashboard-grid.tsx:38:3
Error: Expression expected
  36 |     { initials: "EO", name: "Elena Product Owner", date: "22 de agosto - amanha", area: "E...
  37 |     { initials: "IR", name: "Isabela RH", date: "28 de agosto - em 7 dias", area: "Engenha...
> 38 |   };
     |   ^
  39 |
  40 |   const passedBirthdays = [
  41 |     { initials: "CT", name: "Carla Lider Tecnica", date: "10 de agosto - ha 11 dias", area...

Parsing ecmascript source code failed

Import trace:
  Server Component:
    ./src/components/dashboard/dashboard-grid.tsx
    ./src/app/dashboard/page.tsx @ http://localhost:3000/_next/static/chunks/node_modules_next_dist_1gdrd03._.js:1817
[   50403ms] [ERROR] ./src/components/dashboard/dashboard-grid.tsx:38:3
Error: Expression expected
  36 |     { initials: "EO", name: "Elena Product Owner", date: "22 de agosto - amanha", area: "E...
  37 |     { initials: "IR", name: "Isabela RH", date: "28 de agosto - em 7 dias", area: "Engenha...
> 38 |   };
     |   ^
  39 |
  40 |   const passedBirthdays = [
  41 |     { initials: "CT", name: "Carla Lider Tecnica", date: "10 de agosto - ha 11 dias", area...

Parsing ecmascript source code failed

Import trace:
  Server Component:
    ./src/components/dashboard/dashboard-grid.tsx
    ./src/app/dashboard/page.tsx @ http://localhost:3000/_next/static/chunks/node_modules_next_dist_1gdrd03._.js:1817
[   50454ms] [ERROR] ./src/components/dashboard/dashboard-grid.tsx:38:3
Error: Expression expected
  36 |     { initials: "EO", name: "Elena Product Owner", date: "22 de agosto - amanha", area: "E...
  37 |     { initials: "IR", name: "Isabela RH", date: "28 de agosto - em 7 dias", area: "Engenha...
> 38 |   };
     |   ^
  39 |
  40 |   const passedBirthdays = [
  41 |     { initials: "CT", name: "Carla Lider Tecnica", date: "10 de agosto - ha 11 dias", area...

Parsing ecmascript source code failed

Import trace:
  Server Component:
    ./src/components/dashboard/dashboard-grid.tsx
    ./src/app/dashboard/page.tsx @ http://localhost:3000/_next/static/chunks/node_modules_next_dist_1gdrd03._.js:1817
[   50503ms] [ERROR] ./src/components/dashboard/dashboard-grid.tsx:38:3
Error: Expression expected
  36 |     { initials: "EO", name: "Elena Product Owner", date: "22 de agosto - amanha", area: "E...
  37 |     { initials: "IR", name: "Isabela RH", date: "28 de agosto - em 7 dias", area: "Engenha...
> 38 |   };
     |   ^
  39 |
  40 |   const passedBirthdays = [
  41 |     { initials: "CT", name: "Carla Lider Tecnica", date: "10 de agosto - ha 11 dias", area...

Parsing ecmascript source code failed

Import trace:
  Server Component:
    ./src/components/dashboard/dashboard-grid.tsx
    ./src/app/dashboard/page.tsx @ http://localhost:3000/_next/static/chunks/node_modules_next_dist_1gdrd03._.js:1817
[   50549ms] [ERROR] ./src/components/dashboard/dashboard-grid.tsx:38:3
Error: Expression expected
  36 |     { initials: "EO", name: "Elena Product Owner", date: "22 de agosto - amanha", area: "E...
  37 |     { initials: "IR", name: "Isabela RH", date: "28 de agosto - em 7 dias", area: "Engenha...
> 38 |   };
     |   ^
  39 |
  40 |   const passedBirthdays = [
  41 |     { initials: "CT", name: "Carla Lider Tecnica", date: "10 de agosto - ha 11 dias", area...

Parsing ecmascript source code failed

Import trace:
  Server Component:
    ./src/components/dashboard/dashboard-grid.tsx
    ./src/app/dashboard/page.tsx @ http://localhost:3000/_next/static/chunks/node_modules_next_dist_1gdrd03._.js:1817
[   50600ms] [ERROR] ./src/components/dashboard/dashboard-grid.tsx:38:3
Error: Expression expected
  36 |     { initials: "EO", name: "Elena Product Owner", date: "22 de agosto - amanha", area: "E...
  37 |     { initials: "IR", name: "Isabela RH", date: "28 de agosto - em 7 dias", area: "Engenha...
> 38 |   };
     |   ^
  39 |
  40 |   const passedBirthdays = [
  41 |     { initials: "CT", name: "Carla Lider Tecnica", date: "10 de agosto - ha 11 dias", area...

Parsing ecmascript source code failed

Import trace:
  Server Component:
    ./src/components/dashboard/dashboard-grid.tsx
    ./src/app/dashboard/page.tsx @ http://localhost:3000/_next/static/chunks/node_modules_next_dist_1gdrd03._.js:1817
[   50650ms] [ERROR] ./src/components/dashboard/dashboard-grid.tsx:38:3
Error: Expression expected
  36 |     { initials: "EO", name: "Elena Product Owner", date: "22 de agosto - amanha", area: "E...
  37 |     { initials: "IR", name: "Isabela RH", date: "28 de agosto - em 7 dias", area: "Engenha...
> 38 |   };
     |   ^
  39 |
  40 |   const passedBirthdays = [
  41 |     { initials: "CT", name: "Carla Lider Tecnica", date: "10 de agosto - ha 11 dias", area...

Parsing ecmascript source code failed

Import trace:
  Server Component:
    ./src/components/dashboard/dashboard-grid.tsx
    ./src/app/dashboard/page.tsx @ http://localhost:3000/_next/static/chunks/node_modules_next_dist_1gdrd03._.js:1817
[   50708ms] [ERROR] ./src/components/dashboard/dashboard-grid.tsx:38:3
Error: Expression expected
  36 |     { initials: "EO", name: "Elena Product Owner", date: "22 de agosto - amanha", area: "E...
  37 |     { initials: "IR", name: "Isabela RH", date: "28 de agosto - em 7 dias", area: "Engenha...
> 38 |   };
     |   ^
  39 |
  40 |   const passedBirthdays = [
  41 |     { initials: "CT", name: "Carla Lider Tecnica", date: "10 de agosto - ha 11 dias", area...

Parsing ecmascript source code failed

Import trace:
  Server Component:
    ./src/components/dashboard/dashboard-grid.tsx
    ./src/app/dashboard/page.tsx @ http://localhost:3000/_next/static/chunks/node_modules_next_dist_1gdrd03._.js:1817
[   50743ms] [ERROR] ./src/components/dashboard/dashboard-grid.tsx:38:3
Error: Expression expected
  36 |     { initials: "EO", name: "Elena Product Owner", date: "22 de agosto - amanha", area: "E...
  37 |     { initials: "IR", name: "Isabela RH", date: "28 de agosto - em 7 dias", area: "Engenha...
> 38 |   };
     |   ^
  39 |
  40 |   const passedBirthdays = [
  41 |     { initials: "CT", name: "Carla Lider Tecnica", date: "10 de agosto - ha 11 dias", area...

Parsing ecmascript source code failed

Import trace:
  Server Component:
    ./src/components/dashboard/dashboard-grid.tsx
    ./src/app/dashboard/page.tsx @ http://localhost:3000/_next/static/chunks/node_modules_next_dist_1gdrd03._.js:1817
[   50779ms] [ERROR] ./src/components/dashboard/dashboard-grid.tsx:38:3
Error: Expression expected
  36 |     { initials: "EO", name: "Elena Product Owner", date: "22 de agosto - amanha", area: "E...
  37 |     { initials: "IR", name: "Isabela RH", date: "28 de agosto - em 7 dias", area: "Engenha...
> 38 |   };
     |   ^
  39 |
  40 |   const passedBirthdays = [
  41 |     { initials: "CT", name: "Carla Lider Tecnica", date: "10 de agosto - ha 11 dias", area...

Parsing ecmascript source code failed

Import trace:
  Server Component:
    ./src/components/dashboard/dashboard-grid.tsx
    ./src/app/dashboard/page.tsx @ http://localhost:3000/_next/static/chunks/node_modules_next_dist_1gdrd03._.js:1817
[   50835ms] [ERROR] ./src/components/dashboard/dashboard-grid.tsx:38:3
Error: Expression expected
  36 |     { initials: "EO", name: "Elena Product Owner", date: "22 de agosto - amanha", area: "E...
  37 |     { initials: "IR", name: "Isabela RH", date: "28 de agosto - em 7 dias", area: "Engenha...
> 38 |   };
     |   ^
  39 |
  40 |   const passedBirthdays = [
  41 |     { initials: "CT", name: "Carla Lider Tecnica", date: "10 de agosto - ha 11 dias", area...

Parsing ecmascript source code failed

Import trace:
  Server Component:
    ./src/components/dashboard/dashboard-grid.tsx
    ./src/app/dashboard/page.tsx @ http://localhost:3000/_next/static/chunks/node_modules_next_dist_1gdrd03._.js:1817
[   50884ms] [ERROR] ./src/components/dashboard/dashboard-grid.tsx:38:3
Error: Expression expected
  36 |     { initials: "EO", name: "Elena Product Owner", date: "22 de agosto - amanha", area: "E...
  37 |     { initials: "IR", name: "Isabela RH", date: "28 de agosto - em 7 dias", area: "Engenha...
> 38 |   };
     |   ^
  39 |
  40 |   const passedBirthdays = [
  41 |     { initials: "CT", name: "Carla Lider Tecnica", date: "10 de agosto - ha 11 dias", area...

Parsing ecmascript source code failed

Import trace:
  Server Component:
    ./src/components/dashboard/dashboard-grid.tsx
    ./src/app/dashboard/page.tsx @ http://localhost:3000/_next/static/chunks/node_modules_next_dist_1gdrd03._.js:1817
[   50934ms] [ERROR] ./src/components/dashboard/dashboard-grid.tsx:38:3
Error: Expression expected
  36 |     { initials: "EO", name: "Elena Product Owner", date: "22 de agosto - amanha", area: "E...
  37 |     { initials: "IR", name: "Isabela RH", date: "28 de agosto - em 7 dias", area: "Engenha...
> 38 |   };
     |   ^
  39 |
  40 |   const passedBirthdays = [
  41 |     { initials: "CT", name: "Carla Lider Tecnica", date: "10 de agosto - ha 11 dias", area...

Parsing ecmascript source code failed

Import trace:
  Server Component:
    ./src/components/dashboard/dashboard-grid.tsx
    ./src/app/dashboard/page.tsx @ http://localhost:3000/_next/static/chunks/node_modules_next_dist_1gdrd03._.js:1817
[   50997ms] [ERROR] ./src/components/dashboard/dashboard-grid.tsx:38:3
Error: Expression expected
  36 |     { initials: "EO", name: "Elena Product Owner", date: "22 de agosto - amanha", area: "E...
  37 |     { initials: "IR", name: "Isabela RH", date: "28 de agosto - em 7 dias", area: "Engenha...
> 38 |   };
     |   ^
  39 |
  40 |   const passedBirthdays = [
  41 |     { initials: "CT", name: "Carla Lider Tecnica", date: "10 de agosto - ha 11 dias", area...

Parsing ecmascript source code failed

Import trace:
  Server Component:
    ./src/components/dashboard/dashboard-grid.tsx
    ./src/app/dashboard/page.tsx @ http://localhost:3000/_next/static/chunks/node_modules_next_dist_1gdrd03._.js:1817
[   51050ms] [ERROR] ./src/components/dashboard/dashboard-grid.tsx:38:3
Error: Expression expected
  36 |     { initials: "EO", name: "Elena Product Owner", date: "22 de agosto - amanha", area: "E...
  37 |     { initials: "IR", name: "Isabela RH", date: "28 de agosto - em 7 dias", area: "Engenha...
> 38 |   };
     |   ^
  39 |
  40 |   const passedBirthdays = [
  41 |     { initials: "CT", name: "Carla Lider Tecnica", date: "10 de agosto - ha 11 dias", area...

Parsing ecmascript source code failed

Import trace:
  Server Component:
    ./src/components/dashboard/dashboard-grid.tsx
    ./src/app/dashboard/page.tsx @ http://localhost:3000/_next/static/chunks/node_modules_next_dist_1gdrd03._.js:1817
[   51105ms] [ERROR] ./src/components/dashboard/dashboard-grid.tsx:38:3
Error: Expression expected
  36 |     { initials: "EO", name: "Elena Product Owner", date: "22 de agosto - amanha", area: "E...
  37 |     { initials: "IR", name: "Isabela RH", date: "28 de agosto - em 7 dias", area: "Engenha...
> 38 |   };
     |   ^
  39 |
  40 |   const passedBirthdays = [
  41 |     { initials: "CT", name: "Carla Lider Tecnica", date: "10 de agosto - ha 11 dias", area...

Parsing ecmascript source code failed

Import trace:
  Server Component:
    ./src/components/dashboard/dashboard-grid.tsx
    ./src/app/dashboard/page.tsx @ http://localhost:3000/_next/static/chunks/node_modules_next_dist_1gdrd03._.js:1817
[   51149ms] [ERROR] ./src/components/dashboard/dashboard-grid.tsx:38:3
Error: Expression expected
  36 |     { initials: "EO", name: "Elena Product Owner", date: "22 de agosto - amanha", area: "E...
  37 |     { initials: "IR", name: "Isabela RH", date: "28 de agosto - em 7 dias", area: "Engenha...
> 38 |   };
     |   ^
  39 |
  40 |   const passedBirthdays = [
  41 |     { initials: "CT", name: "Carla Lider Tecnica", date: "10 de agosto - ha 11 dias", area...

Parsing ecmascript source code failed

Import trace:
  Server Component:
    ./src/components/dashboard/dashboard-grid.tsx
    ./src/app/dashboard/page.tsx @ http://localhost:3000/_next/static/chunks/node_modules_next_dist_1gdrd03._.js:1817
[   51213ms] [ERROR] ./src/components/dashboard/dashboard-grid.tsx:38:3
Error: Expression expected
  36 |     { initials: "EO", name: "Elena Product Owner", date: "22 de agosto - amanha", area: "E...
  37 |     { initials: "IR", name: "Isabela RH", date: "28 de agosto - em 7 dias", area: "Engenha...
> 38 |   };
     |   ^
  39 |
  40 |   const passedBirthdays = [
  41 |     { initials: "CT", name: "Carla Lider Tecnica", date: "10 de agosto - ha 11 dias", area...

Parsing ecmascript source code failed

Import trace:
  Server Component:
    ./src/components/dashboard/dashboard-grid.tsx
    ./src/app/dashboard/page.tsx @ http://localhost:3000/_next/static/chunks/node_modules_next_dist_1gdrd03._.js:1817
[   51261ms] [ERROR] ./src/components/dashboard/dashboard-grid.tsx:38:3
Error: Expression expected
  36 |     { initials: "EO", name: "Elena Product Owner", date: "22 de agosto - amanha", area: "E...
  37 |     { initials: "IR", name: "Isabela RH", date: "28 de agosto - em 7 dias", area: "Engenha...
> 38 |   };
     |   ^
  39 |
  40 |   const passedBirthdays = [
  41 |     { initials: "CT", name: "Carla Lider Tecnica", date: "10 de agosto - ha 11 dias", area...

Parsing ecmascript source code failed

Import trace:
  Server Component:
    ./src/components/dashboard/dashboard-grid.tsx
    ./src/app/dashboard/page.tsx @ http://localhost:3000/_next/static/chunks/node_modules_next_dist_1gdrd03._.js:1817
[   51324ms] [ERROR] ./src/components/dashboard/dashboard-grid.tsx:38:3
Error: Expression expected
  36 |     { initials: "EO", name: "Elena Product Owner", date: "22 de agosto - amanha", area: "E...
  37 |     { initials: "IR", name: "Isabela RH", date: "28 de agosto - em 7 dias", area: "Engenha...
> 38 |   };
     |   ^
  39 |
  40 |   const passedBirthdays = [
  41 |     { initials: "CT", name: "Carla Lider Tecnica", date: "10 de agosto - ha 11 dias", area...

Parsing ecmascript source code failed

Import trace:
  Server Component:
    ./src/components/dashboard/dashboard-grid.tsx
    ./src/app/dashboard/page.tsx @ http://localhost:3000/_next/static/chunks/node_modules_next_dist_1gdrd03._.js:1817
[   51362ms] [ERROR] ./src/components/dashboard/dashboard-grid.tsx:38:3
Error: Expression expected
  36 |     { initials: "EO", name: "Elena Product Owner", date: "22 de agosto - amanha", area: "E...
  37 |     { initials: "IR", name: "Isabela RH", date: "28 de agosto - em 7 dias", area: "Engenha...
> 38 |   };
     |   ^
  39 |
  40 |   const passedBirthdays = [
  41 |     { initials: "CT", name: "Carla Lider Tecnica", date: "10 de agosto - ha 11 dias", area...

Parsing ecmascript source code failed

Import trace:
  Server Component:
    ./src/components/dashboard/dashboard-grid.tsx
    ./src/app/dashboard/page.tsx @ http://localhost:3000/_next/static/chunks/node_modules_next_dist_1gdrd03._.js:1817
[   51400ms] [ERROR] ./src/components/dashboard/dashboard-grid.tsx:38:3
Error: Expression expected
  36 |     { initials: "EO", name: "Elena Product Owner", date: "22 de agosto - amanha", area: "E...
  37 |     { initials: "IR", name: "Isabela RH", date: "28 de agosto - em 7 dias", area: "Engenha...
> 38 |   };
     |   ^
  39 |
  40 |   const passedBirthdays = [
  41 |     { initials: "CT", name: "Carla Lider Tecnica", date: "10 de agosto - ha 11 dias", area...

Parsing ecmascript source code failed

Import trace:
  Server Component:
    ./src/components/dashboard/dashboard-grid.tsx
    ./src/app/dashboard/page.tsx @ http://localhost:3000/_next/static/chunks/node_modules_next_dist_1gdrd03._.js:1817
[   51440ms] [ERROR] ./src/components/dashboard/dashboard-grid.tsx:38:3
Error: Expression expected
  36 |     { initials: "EO", name: "Elena Product Owner", date: "22 de agosto - amanha", area: "E...
  37 |     { initials: "IR", name: "Isabela RH", date: "28 de agosto - em 7 dias", area: "Engenha...
> 38 |   };
     |   ^
  39 |
  40 |   const passedBirthdays = [
  41 |     { initials: "CT", name: "Carla Lider Tecnica", date: "10 de agosto - ha 11 dias", area...

Parsing ecmascript source code failed

Import trace:
  Server Component:
    ./src/components/dashboard/dashboard-grid.tsx
    ./src/app/dashboard/page.tsx @ http://localhost:3000/_next/static/chunks/node_modules_next_dist_1gdrd03._.js:1817
[   51477ms] [ERROR] ./src/components/dashboard/dashboard-grid.tsx:38:3
Error: Expression expected
  36 |     { initials: "EO", name: "Elena Product Owner", date: "22 de agosto - amanha", area: "E...
  37 |     { initials: "IR", name: "Isabela RH", date: "28 de agosto - em 7 dias", area: "Engenha...
> 38 |   };
     |   ^
  39 |
  40 |   const passedBirthdays = [
  41 |     { initials: "CT", name: "Carla Lider Tecnica", date: "10 de agosto - ha 11 dias", area...

Parsing ecmascript source code failed

Import trace:
  Server Component:
    ./src/components/dashboard/dashboard-grid.tsx
    ./src/app/dashboard/page.tsx @ http://localhost:3000/_next/static/chunks/node_modules_next_dist_1gdrd03._.js:1817
[   51515ms] [ERROR] ./src/components/dashboard/dashboard-grid.tsx:38:3
Error: Expression expected
  36 |     { initials: "EO", name: "Elena Product Owner", date: "22 de agosto - amanha", area: "E...
  37 |     { initials: "IR", name: "Isabela RH", date: "28 de agosto - em 7 dias", area: "Engenha...
> 38 |   };
     |   ^
  39 |
  40 |   const passedBirthdays = [
  41 |     { initials: "CT", name: "Carla Lider Tecnica", date: "10 de agosto - ha 11 dias", area...

Parsing ecmascript source code failed

Import trace:
  Server Component:
    ./src/components/dashboard/dashboard-grid.tsx
    ./src/app/dashboard/page.tsx @ http://localhost:3000/_next/static/chunks/node_modules_next_dist_1gdrd03._.js:1817
[   51553ms] [ERROR] ./src/components/dashboard/dashboard-grid.tsx:38:3
Error: Expression expected
  36 |     { initials: "EO", name: "Elena Product Owner", date: "22 de agosto - amanha", area: "E...
  37 |     { initials: "IR", name: "Isabela RH", date: "28 de agosto - em 7 dias", area: "Engenha...
> 38 |   };
     |   ^
  39 |
  40 |   const passedBirthdays = [
  41 |     { initials: "CT", name: "Carla Lider Tecnica", date: "10 de agosto - ha 11 dias", area...

Parsing ecmascript source code failed

Import trace:
  Server Component:
    ./src/components/dashboard/dashboard-grid.tsx
    ./src/app/dashboard/page.tsx @ http://localhost:3000/_next/static/chunks/node_modules_next_dist_1gdrd03._.js:1817
[   51594ms] [ERROR] ./src/components/dashboard/dashboard-grid.tsx:38:3
Error: Expression expected
  36 |     { initials: "EO", name: "Elena Product Owner", date: "22 de agosto - amanha", area: "E...
  37 |     { initials: "IR", name: "Isabela RH", date: "28 de agosto - em 7 dias", area: "Engenha...
> 38 |   };
     |   ^
  39 |
  40 |   const passedBirthdays = [
  41 |     { initials: "CT", name: "Carla Lider Tecnica", date: "10 de agosto - ha 11 dias", area...

Parsing ecmascript source code failed

Import trace:
  Server Component:
    ./src/components/dashboard/dashboard-grid.tsx
    ./src/app/dashboard/page.tsx @ http://localhost:3000/_next/static/chunks/node_modules_next_dist_1gdrd03._.js:1817
[   51633ms] [ERROR] ./src/components/dashboard/dashboard-grid.tsx:38:3
Error: Expression expected
  36 |     { initials: "EO", name: "Elena Product Owner", date: "22 de agosto - amanha", area: "E...
  37 |     { initials: "IR", name: "Isabela RH", date: "28 de agosto - em 7 dias", area: "Engenha...
> 38 |   };
     |   ^
  39 |
  40 |   const passedBirthdays = [
  41 |     { initials: "CT", name: "Carla Lider Tecnica", date: "10 de agosto - ha 11 dias", area...

Parsing ecmascript source code failed

Import trace:
  Server Component:
    ./src/components/dashboard/dashboard-grid.tsx
    ./src/app/dashboard/page.tsx @ http://localhost:3000/_next/static/chunks/node_modules_next_dist_1gdrd03._.js:1817
[   51683ms] [ERROR] ./src/components/dashboard/dashboard-grid.tsx:38:3
Error: Expression expected
  36 |     { initials: "EO", name: "Elena Product Owner", date: "22 de agosto - amanha", area: "E...
  37 |     { initials: "IR", name: "Isabela RH", date: "28 de agosto - em 7 dias", area: "Engenha...
> 38 |   };
     |   ^
  39 |
  40 |   const passedBirthdays = [
  41 |     { initials: "CT", name: "Carla Lider Tecnica", date: "10 de agosto - ha 11 dias", area...

Parsing ecmascript source code failed

Import trace:
  Server Component:
    ./src/components/dashboard/dashboard-grid.tsx
    ./src/app/dashboard/page.tsx @ http://localhost:3000/_next/static/chunks/node_modules_next_dist_1gdrd03._.js:1817
[   51732ms] [ERROR] ./src/components/dashboard/dashboard-grid.tsx:38:3
Error: Expression expected
  36 |     { initials: "EO", name: "Elena Product Owner", date: "22 de agosto - amanha", area: "E...
  37 |     { initials: "IR", name: "Isabela RH", date: "28 de agosto - em 7 dias", area: "Engenha...
> 38 |   };
     |   ^
  39 |
  40 |   const passedBirthdays = [
  41 |     { initials: "CT", name: "Carla Lider Tecnica", date: "10 de agosto - ha 11 dias", area...

Parsing ecmascript source code failed

Import trace:
  Server Component:
    ./src/components/dashboard/dashboard-grid.tsx
    ./src/app/dashboard/page.tsx @ http://localhost:3000/_next/static/chunks/node_modules_next_dist_1gdrd03._.js:1817
[   51783ms] [ERROR] ./src/components/dashboard/dashboard-grid.tsx:38:3
Error: Expression expected
  36 |     { initials: "EO", name: "Elena Product Owner", date: "22 de agosto - amanha", area: "E...
  37 |     { initials: "IR", name: "Isabela RH", date: "28 de agosto - em 7 dias", area: "Engenha...
> 38 |   };
     |   ^
  39 |
  40 |   const passedBirthdays = [
  41 |     { initials: "CT", name: "Carla Lider Tecnica", date: "10 de agosto - ha 11 dias", area...

Parsing ecmascript source code failed

Import trace:
  Server Component:
    ./src/components/dashboard/dashboard-grid.tsx
    ./src/app/dashboard/page.tsx @ http://localhost:3000/_next/static/chunks/node_modules_next_dist_1gdrd03._.js:1817
[   51832ms] [ERROR] ./src/components/dashboard/dashboard-grid.tsx:38:3
Error: Expression expected
  36 |     { initials: "EO", name: "Elena Product Owner", date: "22 de agosto - amanha", area: "E...
  37 |     { initials: "IR", name: "Isabela RH", date: "28 de agosto - em 7 dias", area: "Engenha...
> 38 |   };
     |   ^
  39 |
  40 |   const passedBirthdays = [
  41 |     { initials: "CT", name: "Carla Lider Tecnica", date: "10 de agosto - ha 11 dias", area...

Parsing ecmascript source code failed

Import trace:
  Server Component:
    ./src/components/dashboard/dashboard-grid.tsx
    ./src/app/dashboard/page.tsx @ http://localhost:3000/_next/static/chunks/node_modules_next_dist_1gdrd03._.js:1817
[   51882ms] [ERROR] ./src/components/dashboard/dashboard-grid.tsx:38:3
Error: Expression expected
  36 |     { initials: "EO", name: "Elena Product Owner", date: "22 de agosto - amanha", area: "E...
  37 |     { initials: "IR", name: "Isabela RH", date: "28 de agosto - em 7 dias", area: "Engenha...
> 38 |   };
     |   ^
  39 |
  40 |   const passedBirthdays = [
  41 |     { initials: "CT", name: "Carla Lider Tecnica", date: "10 de agosto - ha 11 dias", area...

Parsing ecmascript source code failed

Import trace:
  Server Component:
    ./src/components/dashboard/dashboard-grid.tsx
    ./src/app/dashboard/page.tsx @ http://localhost:3000/_next/static/chunks/node_modules_next_dist_1gdrd03._.js:1817
[   51933ms] [ERROR] ./src/components/dashboard/dashboard-grid.tsx:38:3
Error: Expression expected
  36 |     { initials: "EO", name: "Elena Product Owner", date: "22 de agosto - amanha", area: "E...
  37 |     { initials: "IR", name: "Isabela RH", date: "28 de agosto - em 7 dias", area: "Engenha...
> 38 |   };
     |   ^
  39 |
  40 |   const passedBirthdays = [
  41 |     { initials: "CT", name: "Carla Lider Tecnica", date: "10 de agosto - ha 11 dias", area...

Parsing ecmascript source code failed

Import trace:
  Server Component:
    ./src/components/dashboard/dashboard-grid.tsx
    ./src/app/dashboard/page.tsx @ http://localhost:3000/_next/static/chunks/node_modules_next_dist_1gdrd03._.js:1817
[   51983ms] [ERROR] ./src/components/dashboard/dashboard-grid.tsx:38:3
Error: Expression expected
  36 |     { initials: "EO", name: "Elena Product Owner", date: "22 de agosto - amanha", area: "E...
  37 |     { initials: "IR", name: "Isabela RH", date: "28 de agosto - em 7 dias", area: "Engenha...
> 38 |   };
     |   ^
  39 |
  40 |   const passedBirthdays = [
  41 |     { initials: "CT", name: "Carla Lider Tecnica", date: "10 de agosto - ha 11 dias", area...

Parsing ecmascript source code failed

Import trace:
  Server Component:
    ./src/components/dashboard/dashboard-grid.tsx
    ./src/app/dashboard/page.tsx @ http://localhost:3000/_next/static/chunks/node_modules_next_dist_1gdrd03._.js:1817
[   52033ms] [ERROR] ./src/components/dashboard/dashboard-grid.tsx:38:3
Error: Expression expected
  36 |     { initials: "EO", name: "Elena Product Owner", date: "22 de agosto - amanha", area: "E...
  37 |     { initials: "IR", name: "Isabela RH", date: "28 de agosto - em 7 dias", area: "Engenha...
> 38 |   };
     |   ^
  39 |
  40 |   const passedBirthdays = [
  41 |     { initials: "CT", name: "Carla Lider Tecnica", date: "10 de agosto - ha 11 dias", area...

Parsing ecmascript source code failed

Import trace:
  Server Component:
    ./src/components/dashboard/dashboard-grid.tsx
    ./src/app/dashboard/page.tsx @ http://localhost:3000/_next/static/chunks/node_modules_next_dist_1gdrd03._.js:1817
[   52082ms] [ERROR] ./src/components/dashboard/dashboard-grid.tsx:38:3
Error: Expression expected
  36 |     { initials: "EO", name: "Elena Product Owner", date: "22 de agosto - amanha", area: "E...
  37 |     { initials: "IR", name: "Isabela RH", date: "28 de agosto - em 7 dias", area: "Engenha...
> 38 |   };
     |   ^
  39 |
  40 |   const passedBirthdays = [
  41 |     { initials: "CT", name: "Carla Lider Tecnica", date: "10 de agosto - ha 11 dias", area...

Parsing ecmascript source code failed

Import trace:
  Server Component:
    ./src/components/dashboard/dashboard-grid.tsx
    ./src/app/dashboard/page.tsx @ http://localhost:3000/_next/static/chunks/node_modules_next_dist_1gdrd03._.js:1817
[   52133ms] [ERROR] ./src/components/dashboard/dashboard-grid.tsx:38:3
Error: Expression expected
  36 |     { initials: "EO", name: "Elena Product Owner", date: "22 de agosto - amanha", area: "E...
  37 |     { initials: "IR", name: "Isabela RH", date: "28 de agosto - em 7 dias", area: "Engenha...
> 38 |   };
     |   ^
  39 |
  40 |   const passedBirthdays = [
  41 |     { initials: "CT", name: "Carla Lider Tecnica", date: "10 de agosto - ha 11 dias", area...

Parsing ecmascript source code failed

Import trace:
  Server Component:
    ./src/components/dashboard/dashboard-grid.tsx
    ./src/app/dashboard/page.tsx @ http://localhost:3000/_next/static/chunks/node_modules_next_dist_1gdrd03._.js:1817
[   52182ms] [ERROR] ./src/components/dashboard/dashboard-grid.tsx:38:3
Error: Expression expected
  36 |     { initials: "EO", name: "Elena Product Owner", date: "22 de agosto - amanha", area: "E...
  37 |     { initials: "IR", name: "Isabela RH", date: "28 de agosto - em 7 dias", area: "Engenha...
> 38 |   };
     |   ^
  39 |
  40 |   const passedBirthdays = [
  41 |     { initials: "CT", name: "Carla Lider Tecnica", date: "10 de agosto - ha 11 dias", area...

Parsing ecmascript source code failed

Import trace:
  Server Component:
    ./src/components/dashboard/dashboard-grid.tsx
    ./src/app/dashboard/page.tsx @ http://localhost:3000/_next/static/chunks/node_modules_next_dist_1gdrd03._.js:1817
[   52233ms] [ERROR] ./src/components/dashboard/dashboard-grid.tsx:38:3
Error: Expression expected
  36 |     { initials: "EO", name: "Elena Product Owner", date: "22 de agosto - amanha", area: "E...
  37 |     { initials: "IR", name: "Isabela RH", date: "28 de agosto - em 7 dias", area: "Engenha...
> 38 |   };
     |   ^
  39 |
  40 |   const passedBirthdays = [
  41 |     { initials: "CT", name: "Carla Lider Tecnica", date: "10 de agosto - ha 11 dias", area...

Parsing ecmascript source code failed

Import trace:
  Server Component:
    ./src/components/dashboard/dashboard-grid.tsx
    ./src/app/dashboard/page.tsx @ http://localhost:3000/_next/static/chunks/node_modules_next_dist_1gdrd03._.js:1817
[   52282ms] [ERROR] ./src/components/dashboard/dashboard-grid.tsx:38:3
Error: Expression expected
  36 |     { initials: "EO", name: "Elena Product Owner", date: "22 de agosto - amanha", area: "E...
  37 |     { initials: "IR", name: "Isabela RH", date: "28 de agosto - em 7 dias", area: "Engenha...
> 38 |   };
     |   ^
  39 |
  40 |   const passedBirthdays = [
  41 |     { initials: "CT", name: "Carla Lider Tecnica", date: "10 de agosto - ha 11 dias", area...

Parsing ecmascript source code failed

Import trace:
  Server Component:
    ./src/components/dashboard/dashboard-grid.tsx
    ./src/app/dashboard/page.tsx @ http://localhost:3000/_next/static/chunks/node_modules_next_dist_1gdrd03._.js:1817
[   52332ms] [ERROR] ./src/components/dashboard/dashboard-grid.tsx:38:3
Error: Expression expected
  36 |     { initials: "EO", name: "Elena Product Owner", date: "22 de agosto - amanha", area: "E...
  37 |     { initials: "IR", name: "Isabela RH", date: "28 de agosto - em 7 dias", area: "Engenha...
> 38 |   };
     |   ^
  39 |
  40 |   const passedBirthdays = [
  41 |     { initials: "CT", name: "Carla Lider Tecnica", date: "10 de agosto - ha 11 dias", area...

Parsing ecmascript source code failed

Import trace:
  Server Component:
    ./src/components/dashboard/dashboard-grid.tsx
    ./src/app/dashboard/page.tsx @ http://localhost:3000/_next/static/chunks/node_modules_next_dist_1gdrd03._.js:1817
[   52382ms] [ERROR] ./src/components/dashboard/dashboard-grid.tsx:38:3
Error: Expression expected
  36 |     { initials: "EO", name: "Elena Product Owner", date: "22 de agosto - amanha", area: "E...
  37 |     { initials: "IR", name: "Isabela RH", date: "28 de agosto - em 7 dias", area: "Engenha...
> 38 |   };
     |   ^
  39 |
  40 |   const passedBirthdays = [
  41 |     { initials: "CT", name: "Carla Lider Tecnica", date: "10 de agosto - ha 11 dias", area...

Parsing ecmascript source code failed

Import trace:
  Server Component:
    ./src/components/dashboard/dashboard-grid.tsx
    ./src/app/dashboard/page.tsx @ http://localhost:3000/_next/static/chunks/node_modules_next_dist_1gdrd03._.js:1817
[   52433ms] [ERROR] ./src/components/dashboard/dashboard-grid.tsx:38:3
Error: Expression expected
  36 |     { initials: "EO", name: "Elena Product Owner", date: "22 de agosto - amanha", area: "E...
  37 |     { initials: "IR", name: "Isabela RH", date: "28 de agosto - em 7 dias", area: "Engenha...
> 38 |   };
     |   ^
  39 |
  40 |   const passedBirthdays = [
  41 |     { initials: "CT", name: "Carla Lider Tecnica", date: "10 de agosto - ha 11 dias", area...

Parsing ecmascript source code failed

Import trace:
  Server Component:
    ./src/components/dashboard/dashboard-grid.tsx
    ./src/app/dashboard/page.tsx @ http://localhost:3000/_next/static/chunks/node_modules_next_dist_1gdrd03._.js:1817
[   52482ms] [ERROR] ./src/components/dashboard/dashboard-grid.tsx:38:3
Error: Expression expected
  36 |     { initials: "EO", name: "Elena Product Owner", date: "22 de agosto - amanha", area: "E...
  37 |     { initials: "IR", name: "Isabela RH", date: "28 de agosto - em 7 dias", area: "Engenha...
> 38 |   };
     |   ^
  39 |
  40 |   const passedBirthdays = [
  41 |     { initials: "CT", name: "Carla Lider Tecnica", date: "10 de agosto - ha 11 dias", area...

Parsing ecmascript source code failed

Import trace:
  Server Component:
    ./src/components/dashboard/dashboard-grid.tsx
    ./src/app/dashboard/page.tsx @ http://localhost:3000/_next/static/chunks/node_modules_next_dist_1gdrd03._.js:1817
[   52532ms] [ERROR] ./src/components/dashboard/dashboard-grid.tsx:38:3
Error: Expression expected
  36 |     { initials: "EO", name: "Elena Product Owner", date: "22 de agosto - amanha", area: "E...
  37 |     { initials: "IR", name: "Isabela RH", date: "28 de agosto - em 7 dias", area: "Engenha...
> 38 |   };
     |   ^
  39 |
  40 |   const passedBirthdays = [
  41 |     { initials: "CT", name: "Carla Lider Tecnica", date: "10 de agosto - ha 11 dias", area...

Parsing ecmascript source code failed

Import trace:
  Server Component:
    ./src/components/dashboard/dashboard-grid.tsx
    ./src/app/dashboard/page.tsx @ http://localhost:3000/_next/static/chunks/node_modules_next_dist_1gdrd03._.js:1817
[   52582ms] [ERROR] ./src/components/dashboard/dashboard-grid.tsx:38:3
Error: Expression expected
  36 |     { initials: "EO", name: "Elena Product Owner", date: "22 de agosto - amanha", area: "E...
  37 |     { initials: "IR", name: "Isabela RH", date: "28 de agosto - em 7 dias", area: "Engenha...
> 38 |   };
     |   ^
  39 |
  40 |   const passedBirthdays = [
  41 |     { initials: "CT", name: "Carla Lider Tecnica", date: "10 de agosto - ha 11 dias", area...

Parsing ecmascript source code failed

Import trace:
  Server Component:
    ./src/components/dashboard/dashboard-grid.tsx
    ./src/app/dashboard/page.tsx @ http://localhost:3000/_next/static/chunks/node_modules_next_dist_1gdrd03._.js:1817
[   52633ms] [ERROR] ./src/components/dashboard/dashboard-grid.tsx:38:3
Error: Expression expected
  36 |     { initials: "EO", name: "Elena Product Owner", date: "22 de agosto - amanha", area: "E...
  37 |     { initials: "IR", name: "Isabela RH", date: "28 de agosto - em 7 dias", area: "Engenha...
> 38 |   };
     |   ^
  39 |
  40 |   const passedBirthdays = [
  41 |     { initials: "CT", name: "Carla Lider Tecnica", date: "10 de agosto - ha 11 dias", area...

Parsing ecmascript source code failed

Import trace:
  Server Component:
    ./src/components/dashboard/dashboard-grid.tsx
    ./src/app/dashboard/page.tsx @ http://localhost:3000/_next/static/chunks/node_modules_next_dist_1gdrd03._.js:1817
[   52681ms] [ERROR] ./src/components/dashboard/dashboard-grid.tsx:38:3
Error: Expression expected
  36 |     { initials: "EO", name: "Elena Product Owner", date: "22 de agosto - amanha", area: "E...
  37 |     { initials: "IR", name: "Isabela RH", date: "28 de agosto - em 7 dias", area: "Engenha...
> 38 |   };
     |   ^
  39 |
  40 |   const passedBirthdays = [
  41 |     { initials: "CT", name: "Carla Lider Tecnica", date: "10 de agosto - ha 11 dias", area...

Parsing ecmascript source code failed

Import trace:
  Server Component:
    ./src/components/dashboard/dashboard-grid.tsx
    ./src/app/dashboard/page.tsx @ http://localhost:3000/_next/static/chunks/node_modules_next_dist_1gdrd03._.js:1817
[   52732ms] [ERROR] ./src/components/dashboard/dashboard-grid.tsx:38:3
Error: Expression expected
  36 |     { initials: "EO", name: "Elena Product Owner", date: "22 de agosto - amanha", area: "E...
  37 |     { initials: "IR", name: "Isabela RH", date: "28 de agosto - em 7 dias", area: "Engenha...
> 38 |   };
     |   ^
  39 |
  40 |   const passedBirthdays = [
  41 |     { initials: "CT", name: "Carla Lider Tecnica", date: "10 de agosto - ha 11 dias", area...

Parsing ecmascript source code failed

Import trace:
  Server Component:
    ./src/components/dashboard/dashboard-grid.tsx
    ./src/app/dashboard/page.tsx @ http://localhost:3000/_next/static/chunks/node_modules_next_dist_1gdrd03._.js:1817
[   52782ms] [ERROR] ./src/components/dashboard/dashboard-grid.tsx:38:3
Error: Expression expected
  36 |     { initials: "EO", name: "Elena Product Owner", date: "22 de agosto - amanha", area: "E...
  37 |     { initials: "IR", name: "Isabela RH", date: "28 de agosto - em 7 dias", area: "Engenha...
> 38 |   };
     |   ^
  39 |
  40 |   const passedBirthdays = [
  41 |     { initials: "CT", name: "Carla Lider Tecnica", date: "10 de agosto - ha 11 dias", area...

Parsing ecmascript source code failed

Import trace:
  Server Component:
    ./src/components/dashboard/dashboard-grid.tsx
    ./src/app/dashboard/page.tsx @ http://localhost:3000/_next/static/chunks/node_modules_next_dist_1gdrd03._.js:1817
[   52830ms] [ERROR] ./src/components/dashboard/dashboard-grid.tsx:38:3
Error: Expression expected
  36 |     { initials: "EO", name: "Elena Product Owner", date: "22 de agosto - amanha", area: "E...
  37 |     { initials: "IR", name: "Isabela RH", date: "28 de agosto - em 7 dias", area: "Engenha...
> 38 |   };
     |   ^
  39 |
  40 |   const passedBirthdays = [
  41 |     { initials: "CT", name: "Carla Lider Tecnica", date: "10 de agosto - ha 11 dias", area...

Parsing ecmascript source code failed

Import trace:
  Server Component:
    ./src/components/dashboard/dashboard-grid.tsx
    ./src/app/dashboard/page.tsx @ http://localhost:3000/_next/static/chunks/node_modules_next_dist_1gdrd03._.js:1817
[   52878ms] [ERROR] ./src/components/dashboard/dashboard-grid.tsx:38:3
Error: Expression expected
  36 |     { initials: "EO", name: "Elena Product Owner", date: "22 de agosto - amanha", area: "E...
  37 |     { initials: "IR", name: "Isabela RH", date: "28 de agosto - em 7 dias", area: "Engenha...
> 38 |   };
     |   ^
  39 |
  40 |   const passedBirthdays = [
  41 |     { initials: "CT", name: "Carla Lider Tecnica", date: "10 de agosto - ha 11 dias", area...

Parsing ecmascript source code failed

Import trace:
  Server Component:
    ./src/components/dashboard/dashboard-grid.tsx
    ./src/app/dashboard/page.tsx @ http://localhost:3000/_next/static/chunks/node_modules_next_dist_1gdrd03._.js:1817
[   52925ms] [ERROR] ./src/components/dashboard/dashboard-grid.tsx:38:3
Error: Expression expected
  36 |     { initials: "EO", name: "Elena Product Owner", date: "22 de agosto - amanha", area: "E...
  37 |     { initials: "IR", name: "Isabela RH", date: "28 de agosto - em 7 dias", area: "Engenha...
> 38 |   };
     |   ^
  39 |
  40 |   const passedBirthdays = [
  41 |     { initials: "CT", name: "Carla Lider Tecnica", date: "10 de agosto - ha 11 dias", area...

Parsing ecmascript source code failed

Import trace:
  Server Component:
    ./src/components/dashboard/dashboard-grid.tsx
    ./src/app/dashboard/page.tsx @ http://localhost:3000/_next/static/chunks/node_modules_next_dist_1gdrd03._.js:1817
[   52971ms] [ERROR] ./src/components/dashboard/dashboard-grid.tsx:38:3
Error: Expression expected
  36 |     { initials: "EO", name: "Elena Product Owner", date: "22 de agosto - amanha", area: "E...
  37 |     { initials: "IR", name: "Isabela RH", date: "28 de agosto - em 7 dias", area: "Engenha...
> 38 |   };
     |   ^
  39 |
  40 |   const passedBirthdays = [
  41 |     { initials: "CT", name: "Carla Lider Tecnica", date: "10 de agosto - ha 11 dias", area...

Parsing ecmascript source code failed

Import trace:
  Server Component:
    ./src/components/dashboard/dashboard-grid.tsx
    ./src/app/dashboard/page.tsx @ http://localhost:3000/_next/static/chunks/node_modules_next_dist_1gdrd03._.js:1817
[   53007ms] [ERROR] ./src/components/dashboard/dashboard-grid.tsx:38:3
Error: Expression expected
  36 |     { initials: "EO", name: "Elena Product Owner", date: "22 de agosto - amanha", area: "E...
  37 |     { initials: "IR", name: "Isabela RH", date: "28 de agosto - em 7 dias", area: "Engenha...
> 38 |   };
     |   ^
  39 |
  40 |   const passedBirthdays = [
  41 |     { initials: "CT", name: "Carla Lider Tecnica", date: "10 de agosto - ha 11 dias", area...

Parsing ecmascript source code failed

Import trace:
  Server Component:
    ./src/components/dashboard/dashboard-grid.tsx
    ./src/app/dashboard/page.tsx @ http://localhost:3000/_next/static/chunks/node_modules_next_dist_1gdrd03._.js:1817
[   53045ms] [ERROR] ./src/components/dashboard/dashboard-grid.tsx:38:3
Error: Expression expected
  36 |     { initials: "EO", name: "Elena Product Owner", date: "22 de agosto - amanha", area: "E...
  37 |     { initials: "IR", name: "Isabela RH", date: "28 de agosto - em 7 dias", area: "Engenha...
> 38 |   };
     |   ^
  39 |
  40 |   const passedBirthdays = [
  41 |     { initials: "CT", name: "Carla Lider Tecnica", date: "10 de agosto - ha 11 dias", area...

Parsing ecmascript source code failed

Import trace:
  Server Component:
    ./src/components/dashboard/dashboard-grid.tsx
    ./src/app/dashboard/page.tsx @ http://localhost:3000/_next/static/chunks/node_modules_next_dist_1gdrd03._.js:1817
[   53088ms] [ERROR] ./src/components/dashboard/dashboard-grid.tsx:38:3
Error: Expression expected
  36 |     { initials: "EO", name: "Elena Product Owner", date: "22 de agosto - amanha", area: "E...
  37 |     { initials: "IR", name: "Isabela RH", date: "28 de agosto - em 7 dias", area: "Engenha...
> 38 |   };
     |   ^
  39 |
  40 |   const passedBirthdays = [
  41 |     { initials: "CT", name: "Carla Lider Tecnica", date: "10 de agosto - ha 11 dias", area...

Parsing ecmascript source code failed

Import trace:
  Server Component:
    ./src/components/dashboard/dashboard-grid.tsx
    ./src/app/dashboard/page.tsx @ http://localhost:3000/_next/static/chunks/node_modules_next_dist_1gdrd03._.js:1817
[   53148ms] [ERROR] ./src/components/dashboard/dashboard-grid.tsx:38:3
Error: Expression expected
  36 |     { initials: "EO", name: "Elena Product Owner", date: "22 de agosto - amanha", area: "E...
  37 |     { initials: "IR", name: "Isabela RH", date: "28 de agosto - em 7 dias", area: "Engenha...
> 38 |   };
     |   ^
  39 |
  40 |   const passedBirthdays = [
  41 |     { initials: "CT", name: "Carla Lider Tecnica", date: "10 de agosto - ha 11 dias", area...

Parsing ecmascript source code failed

Import trace:
  Server Component:
    ./src/components/dashboard/dashboard-grid.tsx
    ./src/app/dashboard/page.tsx @ http://localhost:3000/_next/static/chunks/node_modules_next_dist_1gdrd03._.js:1817
[   53197ms] [ERROR] ./src/components/dashboard/dashboard-grid.tsx:38:3
Error: Expression expected
  36 |     { initials: "EO", name: "Elena Product Owner", date: "22 de agosto - amanha", area: "E...
  37 |     { initials: "IR", name: "Isabela RH", date: "28 de agosto - em 7 dias", area: "Engenha...
> 38 |   };
     |   ^
  39 |
  40 |   const passedBirthdays = [
  41 |     { initials: "CT", name: "Carla Lider Tecnica", date: "10 de agosto - ha 11 dias", area...

Parsing ecmascript source code failed

Import trace:
  Server Component:
    ./src/components/dashboard/dashboard-grid.tsx
    ./src/app/dashboard/page.tsx @ http://localhost:3000/_next/static/chunks/node_modules_next_dist_1gdrd03._.js:1817
[   53260ms] [ERROR] ./src/components/dashboard/dashboard-grid.tsx:38:3
Error: Expression expected
  36 |     { initials: "EO", name: "Elena Product Owner", date: "22 de agosto - amanha", area: "E...
  37 |     { initials: "IR", name: "Isabela RH", date: "28 de agosto - em 7 dias", area: "Engenha...
> 38 |   };
     |   ^
  39 |
  40 |   const passedBirthdays = [
  41 |     { initials: "CT", name: "Carla Lider Tecnica", date: "10 de agosto - ha 11 dias", area...

Parsing ecmascript source code failed

Import trace:
  Server Component:
    ./src/components/dashboard/dashboard-grid.tsx
    ./src/app/dashboard/page.tsx @ http://localhost:3000/_next/static/chunks/node_modules_next_dist_1gdrd03._.js:1817
[   53323ms] [ERROR] ./src/components/dashboard/dashboard-grid.tsx:38:3
Error: Expression expected
  36 |     { initials: "EO", name: "Elena Product Owner", date: "22 de agosto - amanha", area: "E...
  37 |     { initials: "IR", name: "Isabela RH", date: "28 de agosto - em 7 dias", area: "Engenha...
> 38 |   };
     |   ^
  39 |
  40 |   const passedBirthdays = [
  41 |     { initials: "CT", name: "Carla Lider Tecnica", date: "10 de agosto - ha 11 dias", area...

Parsing ecmascript source code failed

Import trace:
  Server Component:
    ./src/components/dashboard/dashboard-grid.tsx
    ./src/app/dashboard/page.tsx @ http://localhost:3000/_next/static/chunks/node_modules_next_dist_1gdrd03._.js:1817
[   53371ms] [ERROR] ./src/components/dashboard/dashboard-grid.tsx:38:3
Error: Expression expected
  36 |     { initials: "EO", name: "Elena Product Owner", date: "22 de agosto - amanha", area: "E...
  37 |     { initials: "IR", name: "Isabela RH", date: "28 de agosto - em 7 dias", area: "Engenha...
> 38 |   };
     |   ^
  39 |
  40 |   const passedBirthdays = [
  41 |     { initials: "CT", name: "Carla Lider Tecnica", date: "10 de agosto - ha 11 dias", area...

Parsing ecmascript source code failed

Import trace:
  Server Component:
    ./src/components/dashboard/dashboard-grid.tsx
    ./src/app/dashboard/page.tsx @ http://localhost:3000/_next/static/chunks/node_modules_next_dist_1gdrd03._.js:1817
[   53434ms] [ERROR] ./src/components/dashboard/dashboard-grid.tsx:38:3
Error: Expression expected
  36 |     { initials: "EO", name: "Elena Product Owner", date: "22 de agosto - amanha", area: "E...
  37 |     { initials: "IR", name: "Isabela RH", date: "28 de agosto - em 7 dias", area: "Engenha...
> 38 |   };
     |   ^
  39 |
  40 |   const passedBirthdays = [
  41 |     { initials: "CT", name: "Carla Lider Tecnica", date: "10 de agosto - ha 11 dias", area...

Parsing ecmascript source code failed

Import trace:
  Server Component:
    ./src/components/dashboard/dashboard-grid.tsx
    ./src/app/dashboard/page.tsx @ http://localhost:3000/_next/static/chunks/node_modules_next_dist_1gdrd03._.js:1817
[   53481ms] [ERROR] ./src/components/dashboard/dashboard-grid.tsx:38:3
Error: Expression expected
  36 |     { initials: "EO", name: "Elena Product Owner", date: "22 de agosto - amanha", area: "E...
  37 |     { initials: "IR", name: "Isabela RH", date: "28 de agosto - em 7 dias", area: "Engenha...
> 38 |   };
     |   ^
  39 |
  40 |   const passedBirthdays = [
  41 |     { initials: "CT", name: "Carla Lider Tecnica", date: "10 de agosto - ha 11 dias", area...

Parsing ecmascript source code failed

Import trace:
  Server Component:
    ./src/components/dashboard/dashboard-grid.tsx
    ./src/app/dashboard/page.tsx @ http://localhost:3000/_next/static/chunks/node_modules_next_dist_1gdrd03._.js:1817
[   53516ms] [ERROR] ./src/components/dashboard/dashboard-grid.tsx:38:3
Error: Expression expected
  36 |     { initials: "EO", name: "Elena Product Owner", date: "22 de agosto - amanha", area: "E...
  37 |     { initials: "IR", name: "Isabela RH", date: "28 de agosto - em 7 dias", area: "Engenha...
> 38 |   };
     |   ^
  39 |
  40 |   const passedBirthdays = [
  41 |     { initials: "CT", name: "Carla Lider Tecnica", date: "10 de agosto - ha 11 dias", area...

Parsing ecmascript source code failed

Import trace:
  Server Component:
    ./src/components/dashboard/dashboard-grid.tsx
    ./src/app/dashboard/page.tsx @ http://localhost:3000/_next/static/chunks/node_modules_next_dist_1gdrd03._.js:1817
[   53567ms] [ERROR] ./src/components/dashboard/dashboard-grid.tsx:38:3
Error: Expression expected
  36 |     { initials: "EO", name: "Elena Product Owner", date: "22 de agosto - amanha", area: "E...
  37 |     { initials: "IR", name: "Isabela RH", date: "28 de agosto - em 7 dias", area: "Engenha...
> 38 |   };
     |   ^
  39 |
  40 |   const passedBirthdays = [
  41 |     { initials: "CT", name: "Carla Lider Tecnica", date: "10 de agosto - ha 11 dias", area...

Parsing ecmascript source code failed

Import trace:
  Server Component:
    ./src/components/dashboard/dashboard-grid.tsx
    ./src/app/dashboard/page.tsx @ http://localhost:3000/_next/static/chunks/node_modules_next_dist_1gdrd03._.js:1817
[   53615ms] [ERROR] ./src/components/dashboard/dashboard-grid.tsx:38:3
Error: Expression expected
  36 |     { initials: "EO", name: "Elena Product Owner", date: "22 de agosto - amanha", area: "E...
  37 |     { initials: "IR", name: "Isabela RH", date: "28 de agosto - em 7 dias", area: "Engenha...
> 38 |   };
     |   ^
  39 |
  40 |   const passedBirthdays = [
  41 |     { initials: "CT", name: "Carla Lider Tecnica", date: "10 de agosto - ha 11 dias", area...

Parsing ecmascript source code failed

Import trace:
  Server Component:
    ./src/components/dashboard/dashboard-grid.tsx
    ./src/app/dashboard/page.tsx @ http://localhost:3000/_next/static/chunks/node_modules_next_dist_1gdrd03._.js:1817
[   53678ms] [ERROR] ./src/components/dashboard/dashboard-grid.tsx:38:3
Error: Expression expected
  36 |     { initials: "EO", name: "Elena Product Owner", date: "22 de agosto - amanha", area: "E...
  37 |     { initials: "IR", name: "Isabela RH", date: "28 de agosto - em 7 dias", area: "Engenha...
> 38 |   };
     |   ^
  39 |
  40 |   const passedBirthdays = [
  41 |     { initials: "CT", name: "Carla Lider Tecnica", date: "10 de agosto - ha 11 dias", area...

Parsing ecmascript source code failed

Import trace:
  Server Component:
    ./src/components/dashboard/dashboard-grid.tsx
    ./src/app/dashboard/page.tsx @ http://localhost:3000/_next/static/chunks/node_modules_next_dist_1gdrd03._.js:1817
[   53717ms] [ERROR] ./src/components/dashboard/dashboard-grid.tsx:38:3
Error: Expression expected
  36 |     { initials: "EO", name: "Elena Product Owner", date: "22 de agosto - amanha", area: "E...
  37 |     { initials: "IR", name: "Isabela RH", date: "28 de agosto - em 7 dias", area: "Engenha...
> 38 |   };
     |   ^
  39 |
  40 |   const passedBirthdays = [
  41 |     { initials: "CT", name: "Carla Lider Tecnica", date: "10 de agosto - ha 11 dias", area...

Parsing ecmascript source code failed

Import trace:
  Server Component:
    ./src/components/dashboard/dashboard-grid.tsx
    ./src/app/dashboard/page.tsx @ http://localhost:3000/_next/static/chunks/node_modules_next_dist_1gdrd03._.js:1817
[   53781ms] [ERROR] ./src/components/dashboard/dashboard-grid.tsx:38:3
Error: Expression expected
  36 |     { initials: "EO", name: "Elena Product Owner", date: "22 de agosto - amanha", area: "E...
  37 |     { initials: "IR", name: "Isabela RH", date: "28 de agosto - em 7 dias", area: "Engenha...
> 38 |   };
     |   ^
  39 |
  40 |   const passedBirthdays = [
  41 |     { initials: "CT", name: "Carla Lider Tecnica", date: "10 de agosto - ha 11 dias", area...

Parsing ecmascript source code failed

Import trace:
  Server Component:
    ./src/components/dashboard/dashboard-grid.tsx
    ./src/app/dashboard/page.tsx @ http://localhost:3000/_next/static/chunks/node_modules_next_dist_1gdrd03._.js:1817
[   53845ms] [ERROR] ./src/components/dashboard/dashboard-grid.tsx:38:3
Error: Expression expected
  36 |     { initials: "EO", name: "Elena Product Owner", date: "22 de agosto - amanha", area: "E...
  37 |     { initials: "IR", name: "Isabela RH", date: "28 de agosto - em 7 dias", area: "Engenha...
> 38 |   };
     |   ^
  39 |
  40 |   const passedBirthdays = [
  41 |     { initials: "CT", name: "Carla Lider Tecnica", date: "10 de agosto - ha 11 dias", area...

Parsing ecmascript source code failed

Import trace:
  Server Component:
    ./src/components/dashboard/dashboard-grid.tsx
    ./src/app/dashboard/page.tsx @ http://localhost:3000/_next/static/chunks/node_modules_next_dist_1gdrd03._.js:1817
[   53909ms] [ERROR] ./src/components/dashboard/dashboard-grid.tsx:38:3
Error: Expression expected
  36 |     { initials: "EO", name: "Elena Product Owner", date: "22 de agosto - amanha", area: "E...
  37 |     { initials: "IR", name: "Isabela RH", date: "28 de agosto - em 7 dias", area: "Engenha...
> 38 |   };
     |   ^
  39 |
  40 |   const passedBirthdays = [
  41 |     { initials: "CT", name: "Carla Lider Tecnica", date: "10 de agosto - ha 11 dias", area...

Parsing ecmascript source code failed

Import trace:
  Server Component:
    ./src/components/dashboard/dashboard-grid.tsx
    ./src/app/dashboard/page.tsx @ http://localhost:3000/_next/static/chunks/node_modules_next_dist_1gdrd03._.js:1817
[   53972ms] [ERROR] ./src/components/dashboard/dashboard-grid.tsx:38:3
Error: Expression expected
  36 |     { initials: "EO", name: "Elena Product Owner", date: "22 de agosto - amanha", area: "E...
  37 |     { initials: "IR", name: "Isabela RH", date: "28 de agosto - em 7 dias", area: "Engenha...
> 38 |   };
     |   ^
  39 |
  40 |   const passedBirthdays = [
  41 |     { initials: "CT", name: "Carla Lider Tecnica", date: "10 de agosto - ha 11 dias", area...

Parsing ecmascript source code failed

Import trace:
  Server Component:
    ./src/components/dashboard/dashboard-grid.tsx
    ./src/app/dashboard/page.tsx @ http://localhost:3000/_next/static/chunks/node_modules_next_dist_1gdrd03._.js:1817
[   54020ms] [ERROR] ./src/components/dashboard/dashboard-grid.tsx:38:3
Error: Expression expected
  36 |     { initials: "EO", name: "Elena Product Owner", date: "22 de agosto - amanha", area: "E...
  37 |     { initials: "IR", name: "Isabela RH", date: "28 de agosto - em 7 dias", area: "Engenha...
> 38 |   };
     |   ^
  39 |
  40 |   const passedBirthdays = [
  41 |     { initials: "CT", name: "Carla Lider Tecnica", date: "10 de agosto - ha 11 dias", area...

Parsing ecmascript source code failed

Import trace:
  Server Component:
    ./src/components/dashboard/dashboard-grid.tsx
    ./src/app/dashboard/page.tsx @ http://localhost:3000/_next/static/chunks/node_modules_next_dist_1gdrd03._.js:1817
[   54068ms] [ERROR] ./src/components/dashboard/dashboard-grid.tsx:38:3
Error: Expression expected
  36 |     { initials: "EO", name: "Elena Product Owner", date: "22 de agosto - amanha", area: "E...
  37 |     { initials: "IR", name: "Isabela RH", date: "28 de agosto - em 7 dias", area: "Engenha...
> 38 |   };
     |   ^
  39 |
  40 |   const passedBirthdays = [
  41 |     { initials: "CT", name: "Carla Lider Tecnica", date: "10 de agosto - ha 11 dias", area...

Parsing ecmascript source code failed

Import trace:
  Server Component:
    ./src/components/dashboard/dashboard-grid.tsx
    ./src/app/dashboard/page.tsx @ http://localhost:3000/_next/static/chunks/node_modules_next_dist_1gdrd03._.js:1817
[   54115ms] [ERROR] ./src/components/dashboard/dashboard-grid.tsx:38:3
Error: Expression expected
  36 |     { initials: "EO", name: "Elena Product Owner", date: "22 de agosto - amanha", area: "E...
  37 |     { initials: "IR", name: "Isabela RH", date: "28 de agosto - em 7 dias", area: "Engenha...
> 38 |   };
     |   ^
  39 |
  40 |   const passedBirthdays = [
  41 |     { initials: "CT", name: "Carla Lider Tecnica", date: "10 de agosto - ha 11 dias", area...

Parsing ecmascript source code failed

Import trace:
  Server Component:
    ./src/components/dashboard/dashboard-grid.tsx
    ./src/app/dashboard/page.tsx @ http://localhost:3000/_next/static/chunks/node_modules_next_dist_1gdrd03._.js:1817
[   54179ms] [ERROR] ./src/components/dashboard/dashboard-grid.tsx:38:3
Error: Expression expected
  36 |     { initials: "EO", name: "Elena Product Owner", date: "22 de agosto - amanha", area: "E...
  37 |     { initials: "IR", name: "Isabela RH", date: "28 de agosto - em 7 dias", area: "Engenha...
> 38 |   };
     |   ^
  39 |
  40 |   const passedBirthdays = [
  41 |     { initials: "CT", name: "Carla Lider Tecnica", date: "10 de agosto - ha 11 dias", area...

Parsing ecmascript source code failed

Import trace:
  Server Component:
    ./src/components/dashboard/dashboard-grid.tsx
    ./src/app/dashboard/page.tsx @ http://localhost:3000/_next/static/chunks/node_modules_next_dist_1gdrd03._.js:1817
[   54228ms] [ERROR] ./src/components/dashboard/dashboard-grid.tsx:38:3
Error: Expression expected
  36 |     { initials: "EO", name: "Elena Product Owner", date: "22 de agosto - amanha", area: "E...
  37 |     { initials: "IR", name: "Isabela RH", date: "28 de agosto - em 7 dias", area: "Engenha...
> 38 |   };
     |   ^
  39 |
  40 |   const passedBirthdays = [
  41 |     { initials: "CT", name: "Carla Lider Tecnica", date: "10 de agosto - ha 11 dias", area...

Parsing ecmascript source code failed

Import trace:
  Server Component:
    ./src/components/dashboard/dashboard-grid.tsx
    ./src/app/dashboard/page.tsx @ http://localhost:3000/_next/static/chunks/node_modules_next_dist_1gdrd03._.js:1817
[   54291ms] [ERROR] ./src/components/dashboard/dashboard-grid.tsx:38:3
Error: Expression expected
  36 |     { initials: "EO", name: "Elena Product Owner", date: "22 de agosto - amanha", area: "E...
  37 |     { initials: "IR", name: "Isabela RH", date: "28 de agosto - em 7 dias", area: "Engenha...
> 38 |   };
     |   ^
  39 |
  40 |   const passedBirthdays = [
  41 |     { initials: "CT", name: "Carla Lider Tecnica", date: "10 de agosto - ha 11 dias", area...

Parsing ecmascript source code failed

Import trace:
  Server Component:
    ./src/components/dashboard/dashboard-grid.tsx
    ./src/app/dashboard/page.tsx @ http://localhost:3000/_next/static/chunks/node_modules_next_dist_1gdrd03._.js:1817
[   54354ms] [ERROR] ./src/components/dashboard/dashboard-grid.tsx:38:3
Error: Expression expected
  36 |     { initials: "EO", name: "Elena Product Owner", date: "22 de agosto - amanha", area: "E...
  37 |     { initials: "IR", name: "Isabela RH", date: "28 de agosto - em 7 dias", area: "Engenha...
> 38 |   };
     |   ^
  39 |
  40 |   const passedBirthdays = [
  41 |     { initials: "CT", name: "Carla Lider Tecnica", date: "10 de agosto - ha 11 dias", area...

Parsing ecmascript source code failed

Import trace:
  Server Component:
    ./src/components/dashboard/dashboard-grid.tsx
    ./src/app/dashboard/page.tsx @ http://localhost:3000/_next/static/chunks/node_modules_next_dist_1gdrd03._.js:1817
[   54418ms] [ERROR] ./src/components/dashboard/dashboard-grid.tsx:38:3
Error: Expression expected
  36 |     { initials: "EO", name: "Elena Product Owner", date: "22 de agosto - amanha", area: "E...
  37 |     { initials: "IR", name: "Isabela RH", date: "28 de agosto - em 7 dias", area: "Engenha...
> 38 |   };
     |   ^
  39 |
  40 |   const passedBirthdays = [
  41 |     { initials: "CT", name: "Carla Lider Tecnica", date: "10 de agosto - ha 11 dias", area...

Parsing ecmascript source code failed

Import trace:
  Server Component:
    ./src/components/dashboard/dashboard-grid.tsx
    ./src/app/dashboard/page.tsx @ http://localhost:3000/_next/static/chunks/node_modules_next_dist_1gdrd03._.js:1817
[   54481ms] [ERROR] ./src/components/dashboard/dashboard-grid.tsx:38:3
Error: Expression expected
  36 |     { initials: "EO", name: "Elena Product Owner", date: "22 de agosto - amanha", area: "E...
  37 |     { initials: "IR", name: "Isabela RH", date: "28 de agosto - em 7 dias", area: "Engenha...
> 38 |   };
     |   ^
  39 |
  40 |   const passedBirthdays = [
  41 |     { initials: "CT", name: "Carla Lider Tecnica", date: "10 de agosto - ha 11 dias", area...

Parsing ecmascript source code failed

Import trace:
  Server Component:
    ./src/components/dashboard/dashboard-grid.tsx
    ./src/app/dashboard/page.tsx @ http://localhost:3000/_next/static/chunks/node_modules_next_dist_1gdrd03._.js:1817
[   54545ms] [ERROR] ./src/components/dashboard/dashboard-grid.tsx:38:3
Error: Expression expected
  36 |     { initials: "EO", name: "Elena Product Owner", date: "22 de agosto - amanha", area: "E...
  37 |     { initials: "IR", name: "Isabela RH", date: "28 de agosto - em 7 dias", area: "Engenha...
> 38 |   };
     |   ^
  39 |
  40 |   const passedBirthdays = [
  41 |     { initials: "CT", name: "Carla Lider Tecnica", date: "10 de agosto - ha 11 dias", area...

Parsing ecmascript source code failed

Import trace:
  Server Component:
    ./src/components/dashboard/dashboard-grid.tsx
    ./src/app/dashboard/page.tsx @ http://localhost:3000/_next/static/chunks/node_modules_next_dist_1gdrd03._.js:1817
[   54609ms] [ERROR] ./src/components/dashboard/dashboard-grid.tsx:38:3
Error: Expression expected
  36 |     { initials: "EO", name: "Elena Product Owner", date: "22 de agosto - amanha", area: "E...
  37 |     { initials: "IR", name: "Isabela RH", date: "28 de agosto - em 7 dias", area: "Engenha...
> 38 |   };
     |   ^
  39 |
  40 |   const passedBirthdays = [
  41 |     { initials: "CT", name: "Carla Lider Tecnica", date: "10 de agosto - ha 11 dias", area...

Parsing ecmascript source code failed

Import trace:
  Server Component:
    ./src/components/dashboard/dashboard-grid.tsx
    ./src/app/dashboard/page.tsx @ http://localhost:3000/_next/static/chunks/node_modules_next_dist_1gdrd03._.js:1817
[   54672ms] [ERROR] ./src/components/dashboard/dashboard-grid.tsx:38:3
Error: Expression expected
  36 |     { initials: "EO", name: "Elena Product Owner", date: "22 de agosto - amanha", area: "E...
  37 |     { initials: "IR", name: "Isabela RH", date: "28 de agosto - em 7 dias", area: "Engenha...
> 38 |   };
     |   ^
  39 |
  40 |   const passedBirthdays = [
  41 |     { initials: "CT", name: "Carla Lider Tecnica", date: "10 de agosto - ha 11 dias", area...

Parsing ecmascript source code failed

Import trace:
  Server Component:
    ./src/components/dashboard/dashboard-grid.tsx
    ./src/app/dashboard/page.tsx @ http://localhost:3000/_next/static/chunks/node_modules_next_dist_1gdrd03._.js:1817
[   54718ms] [ERROR] ./src/components/dashboard/dashboard-grid.tsx:38:3
Error: Expression expected
  36 |     { initials: "EO", name: "Elena Product Owner", date: "22 de agosto - amanha", area: "E...
  37 |     { initials: "IR", name: "Isabela RH", date: "28 de agosto - em 7 dias", area: "Engenha...
> 38 |   };
     |   ^
  39 |
  40 |   const passedBirthdays = [
  41 |     { initials: "CT", name: "Carla Lider Tecnica", date: "10 de agosto - ha 11 dias", area...

Parsing ecmascript source code failed

Import trace:
  Server Component:
    ./src/components/dashboard/dashboard-grid.tsx
    ./src/app/dashboard/page.tsx @ http://localhost:3000/_next/static/chunks/node_modules_next_dist_1gdrd03._.js:1817
[   54781ms] [ERROR] ./src/components/dashboard/dashboard-grid.tsx:38:3
Error: Expression expected
  36 |     { initials: "EO", name: "Elena Product Owner", date: "22 de agosto - amanha", area: "E...
  37 |     { initials: "IR", name: "Isabela RH", date: "28 de agosto - em 7 dias", area: "Engenha...
> 38 |   };
     |   ^
  39 |
  40 |   const passedBirthdays = [
  41 |     { initials: "CT", name: "Carla Lider Tecnica", date: "10 de agosto - ha 11 dias", area...

Parsing ecmascript source code failed

Import trace:
  Server Component:
    ./src/components/dashboard/dashboard-grid.tsx
    ./src/app/dashboard/page.tsx @ http://localhost:3000/_next/static/chunks/node_modules_next_dist_1gdrd03._.js:1817
[   54844ms] [ERROR] ./src/components/dashboard/dashboard-grid.tsx:38:3
Error: Expression expected
  36 |     { initials: "EO", name: "Elena Product Owner", date: "22 de agosto - amanha", area: "E...
  37 |     { initials: "IR", name: "Isabela RH", date: "28 de agosto - em 7 dias", area: "Engenha...
> 38 |   };
     |   ^
  39 |
  40 |   const passedBirthdays = [
  41 |     { initials: "CT", name: "Carla Lider Tecnica", date: "10 de agosto - ha 11 dias", area...

Parsing ecmascript source code failed

Import trace:
  Server Component:
    ./src/components/dashboard/dashboard-grid.tsx
    ./src/app/dashboard/page.tsx @ http://localhost:3000/_next/static/chunks/node_modules_next_dist_1gdrd03._.js:1817
[   54892ms] [ERROR] ./src/components/dashboard/dashboard-grid.tsx:38:3
Error: Expression expected
  36 |     { initials: "EO", name: "Elena Product Owner", date: "22 de agosto - amanha", area: "E...
  37 |     { initials: "IR", name: "Isabela RH", date: "28 de agosto - em 7 dias", area: "Engenha...
> 38 |   };
     |   ^
  39 |
  40 |   const passedBirthdays = [
  41 |     { initials: "CT", name: "Carla Lider Tecnica", date: "10 de agosto - ha 11 dias", area...

Parsing ecmascript source code failed

Import trace:
  Server Component:
    ./src/components/dashboard/dashboard-grid.tsx
    ./src/app/dashboard/page.tsx @ http://localhost:3000/_next/static/chunks/node_modules_next_dist_1gdrd03._.js:1817
[   54939ms] [ERROR] ./src/components/dashboard/dashboard-grid.tsx:38:3
Error: Expression expected
  36 |     { initials: "EO", name: "Elena Product Owner", date: "22 de agosto - amanha", area: "E...
  37 |     { initials: "IR", name: "Isabela RH", date: "28 de agosto - em 7 dias", area: "Engenha...
> 38 |   };
     |   ^
  39 |
  40 |   const passedBirthdays = [
  41 |     { initials: "CT", name: "Carla Lider Tecnica", date: "10 de agosto - ha 11 dias", area...

Parsing ecmascript source code failed

Import trace:
  Server Component:
    ./src/components/dashboard/dashboard-grid.tsx
    ./src/app/dashboard/page.tsx @ http://localhost:3000/_next/static/chunks/node_modules_next_dist_1gdrd03._.js:1817
[   55003ms] [ERROR] ./src/components/dashboard/dashboard-grid.tsx:38:3
Error: Expression expected
  36 |     { initials: "EO", name: "Elena Product Owner", date: "22 de agosto - amanha", area: "E...
  37 |     { initials: "IR", name: "Isabela RH", date: "28 de agosto - em 7 dias", area: "Engenha...
> 38 |   };
     |   ^
  39 |
  40 |   const passedBirthdays = [
  41 |     { initials: "CT", name: "Carla Lider Tecnica", date: "10 de agosto - ha 11 dias", area...

Parsing ecmascript source code failed

Import trace:
  Server Component:
    ./src/components/dashboard/dashboard-grid.tsx
    ./src/app/dashboard/page.tsx @ http://localhost:3000/_next/static/chunks/node_modules_next_dist_1gdrd03._.js:1817
[   55066ms] [ERROR] ./src/components/dashboard/dashboard-grid.tsx:38:3
Error: Expression expected
  36 |     { initials: "EO", name: "Elena Product Owner", date: "22 de agosto - amanha", area: "E...
  37 |     { initials: "IR", name: "Isabela RH", date: "28 de agosto - em 7 dias", area: "Engenha...
> 38 |   };
     |   ^
  39 |
  40 |   const passedBirthdays = [
  41 |     { initials: "CT", name: "Carla Lider Tecnica", date: "10 de agosto - ha 11 dias", area...

Parsing ecmascript source code failed

Import trace:
  Server Component:
    ./src/components/dashboard/dashboard-grid.tsx
    ./src/app/dashboard/page.tsx @ http://localhost:3000/_next/static/chunks/node_modules_next_dist_1gdrd03._.js:1817
[   55114ms] [ERROR] ./src/components/dashboard/dashboard-grid.tsx:38:3
Error: Expression expected
  36 |     { initials: "EO", name: "Elena Product Owner", date: "22 de agosto - amanha", area: "E...
  37 |     { initials: "IR", name: "Isabela RH", date: "28 de agosto - em 7 dias", area: "Engenha...
> 38 |   };
     |   ^
  39 |
  40 |   const passedBirthdays = [
  41 |     { initials: "CT", name: "Carla Lider Tecnica", date: "10 de agosto - ha 11 dias", area...

Parsing ecmascript source code failed

Import trace:
  Server Component:
    ./src/components/dashboard/dashboard-grid.tsx
    ./src/app/dashboard/page.tsx @ http://localhost:3000/_next/static/chunks/node_modules_next_dist_1gdrd03._.js:1817
[   55177ms] [ERROR] ./src/components/dashboard/dashboard-grid.tsx:38:3
Error: Expression expected
  36 |     { initials: "EO", name: "Elena Product Owner", date: "22 de agosto - amanha", area: "E...
  37 |     { initials: "IR", name: "Isabela RH", date: "28 de agosto - em 7 dias", area: "Engenha...
> 38 |   };
     |   ^
  39 |
  40 |   const passedBirthdays = [
  41 |     { initials: "CT", name: "Carla Lider Tecnica", date: "10 de agosto - ha 11 dias", area...

Parsing ecmascript source code failed

Import trace:
  Server Component:
    ./src/components/dashboard/dashboard-grid.tsx
    ./src/app/dashboard/page.tsx @ http://localhost:3000/_next/static/chunks/node_modules_next_dist_1gdrd03._.js:1817
[   55225ms] [ERROR] ./src/components/dashboard/dashboard-grid.tsx:38:3
Error: Expression expected
  36 |     { initials: "EO", name: "Elena Product Owner", date: "22 de agosto - amanha", area: "E...
  37 |     { initials: "IR", name: "Isabela RH", date: "28 de agosto - em 7 dias", area: "Engenha...
> 38 |   };
     |   ^
  39 |
  40 |   const passedBirthdays = [
  41 |     { initials: "CT", name: "Carla Lider Tecnica", date: "10 de agosto - ha 11 dias", area...

Parsing ecmascript source code failed

Import trace:
  Server Component:
    ./src/components/dashboard/dashboard-grid.tsx
    ./src/app/dashboard/page.tsx @ http://localhost:3000/_next/static/chunks/node_modules_next_dist_1gdrd03._.js:1817
[   55289ms] [ERROR] ./src/components/dashboard/dashboard-grid.tsx:38:3
Error: Expression expected
  36 |     { initials: "EO", name: "Elena Product Owner", date: "22 de agosto - amanha", area: "E...
  37 |     { initials: "IR", name: "Isabela RH", date: "28 de agosto - em 7 dias", area: "Engenha...
> 38 |   };
     |   ^
  39 |
  40 |   const passedBirthdays = [
  41 |     { initials: "CT", name: "Carla Lider Tecnica", date: "10 de agosto - ha 11 dias", area...

Parsing ecmascript source code failed

Import trace:
  Server Component:
    ./src/components/dashboard/dashboard-grid.tsx
    ./src/app/dashboard/page.tsx @ http://localhost:3000/_next/static/chunks/node_modules_next_dist_1gdrd03._.js:1817
[   55351ms] [ERROR] ./src/components/dashboard/dashboard-grid.tsx:38:3
Error: Expression expected
  36 |     { initials: "EO", name: "Elena Product Owner", date: "22 de agosto - amanha", area: "E...
  37 |     { initials: "IR", name: "Isabela RH", date: "28 de agosto - em 7 dias", area: "Engenha...
> 38 |   };
     |   ^
  39 |
  40 |   const passedBirthdays = [
  41 |     { initials: "CT", name: "Carla Lider Tecnica", date: "10 de agosto - ha 11 dias", area...

Parsing ecmascript source code failed

Import trace:
  Server Component:
    ./src/components/dashboard/dashboard-grid.tsx
    ./src/app/dashboard/page.tsx @ http://localhost:3000/_next/static/chunks/node_modules_next_dist_1gdrd03._.js:1817
[   55399ms] [ERROR] ./src/components/dashboard/dashboard-grid.tsx:38:3
Error: Expression expected
  36 |     { initials: "EO", name: "Elena Product Owner", date: "22 de agosto - amanha", area: "E...
  37 |     { initials: "IR", name: "Isabela RH", date: "28 de agosto - em 7 dias", area: "Engenha...
> 38 |   };
     |   ^
  39 |
  40 |   const passedBirthdays = [
  41 |     { initials: "CT", name: "Carla Lider Tecnica", date: "10 de agosto - ha 11 dias", area...

Parsing ecmascript source code failed

Import trace:
  Server Component:
    ./src/components/dashboard/dashboard-grid.tsx
    ./src/app/dashboard/page.tsx @ http://localhost:3000/_next/static/chunks/node_modules_next_dist_1gdrd03._.js:1817
[   55463ms] [ERROR] ./src/components/dashboard/dashboard-grid.tsx:38:3
Error: Expression expected
  36 |     { initials: "EO", name: "Elena Product Owner", date: "22 de agosto - amanha", area: "E...
  37 |     { initials: "IR", name: "Isabela RH", date: "28 de agosto - em 7 dias", area: "Engenha...
> 38 |   };
     |   ^
  39 |
  40 |   const passedBirthdays = [
  41 |     { initials: "CT", name: "Carla Lider Tecnica", date: "10 de agosto - ha 11 dias", area...

Parsing ecmascript source code failed

Import trace:
  Server Component:
    ./src/components/dashboard/dashboard-grid.tsx
    ./src/app/dashboard/page.tsx @ http://localhost:3000/_next/static/chunks/node_modules_next_dist_1gdrd03._.js:1817
[   55511ms] [ERROR] ./src/components/dashboard/dashboard-grid.tsx:38:3
Error: Expression expected
  36 |     { initials: "EO", name: "Elena Product Owner", date: "22 de agosto - amanha", area: "E...
  37 |     { initials: "IR", name: "Isabela RH", date: "28 de agosto - em 7 dias", area: "Engenha...
> 38 |   };
     |   ^
  39 |
  40 |   const passedBirthdays = [
  41 |     { initials: "CT", name: "Carla Lider Tecnica", date: "10 de agosto - ha 11 dias", area...

Parsing ecmascript source code failed

Import trace:
  Server Component:
    ./src/components/dashboard/dashboard-grid.tsx
    ./src/app/dashboard/page.tsx @ http://localhost:3000/_next/static/chunks/node_modules_next_dist_1gdrd03._.js:1817
[   55573ms] [ERROR] ./src/components/dashboard/dashboard-grid.tsx:38:3
Error: Expression expected
  36 |     { initials: "EO", name: "Elena Product Owner", date: "22 de agosto - amanha", area: "E...
  37 |     { initials: "IR", name: "Isabela RH", date: "28 de agosto - em 7 dias", area: "Engenha...
> 38 |   };
     |   ^
  39 |
  40 |   const passedBirthdays = [
  41 |     { initials: "CT", name: "Carla Lider Tecnica", date: "10 de agosto - ha 11 dias", area...

Parsing ecmascript source code failed

Import trace:
  Server Component:
    ./src/components/dashboard/dashboard-grid.tsx
    ./src/app/dashboard/page.tsx @ http://localhost:3000/_next/static/chunks/node_modules_next_dist_1gdrd03._.js:1817
[   55637ms] [ERROR] ./src/components/dashboard/dashboard-grid.tsx:38:3
Error: Expression expected
  36 |     { initials: "EO", name: "Elena Product Owner", date: "22 de agosto - amanha", area: "E...
  37 |     { initials: "IR", name: "Isabela RH", date: "28 de agosto - em 7 dias", area: "Engenha...
> 38 |   };
     |   ^
  39 |
  40 |   const passedBirthdays = [
  41 |     { initials: "CT", name: "Carla Lider Tecnica", date: "10 de agosto - ha 11 dias", area...

Parsing ecmascript source code failed

Import trace:
  Server Component:
    ./src/components/dashboard/dashboard-grid.tsx
    ./src/app/dashboard/page.tsx @ http://localhost:3000/_next/static/chunks/node_modules_next_dist_1gdrd03._.js:1817
[   55700ms] [ERROR] ./src/components/dashboard/dashboard-grid.tsx:38:3
Error: Expression expected
  36 |     { initials: "EO", name: "Elena Product Owner", date: "22 de agosto - amanha", area: "E...
  37 |     { initials: "IR", name: "Isabela RH", date: "28 de agosto - em 7 dias", area: "Engenha...
> 38 |   };
     |   ^
  39 |
  40 |   const passedBirthdays = [
  41 |     { initials: "CT", name: "Carla Lider Tecnica", date: "10 de agosto - ha 11 dias", area...

Parsing ecmascript source code failed

Import trace:
  Server Component:
    ./src/components/dashboard/dashboard-grid.tsx
    ./src/app/dashboard/page.tsx @ http://localhost:3000/_next/static/chunks/node_modules_next_dist_1gdrd03._.js:1817
[   55765ms] [ERROR] ./src/components/dashboard/dashboard-grid.tsx:38:3
Error: Expression expected
  36 |     { initials: "EO", name: "Elena Product Owner", date: "22 de agosto - amanha", area: "E...
  37 |     { initials: "IR", name: "Isabela RH", date: "28 de agosto - em 7 dias", area: "Engenha...
> 38 |   };
     |   ^
  39 |
  40 |   const passedBirthdays = [
  41 |     { initials: "CT", name: "Carla Lider Tecnica", date: "10 de agosto - ha 11 dias", area...

Parsing ecmascript source code failed

Import trace:
  Server Component:
    ./src/components/dashboard/dashboard-grid.tsx
    ./src/app/dashboard/page.tsx @ http://localhost:3000/_next/static/chunks/node_modules_next_dist_1gdrd03._.js:1817
[   55814ms] [ERROR] ./src/components/dashboard/dashboard-grid.tsx:38:3
Error: Expression expected
  36 |     { initials: "EO", name: "Elena Product Owner", date: "22 de agosto - amanha", area: "E...
  37 |     { initials: "IR", name: "Isabela RH", date: "28 de agosto - em 7 dias", area: "Engenha...
> 38 |   };
     |   ^
  39 |
  40 |   const passedBirthdays = [
  41 |     { initials: "CT", name: "Carla Lider Tecnica", date: "10 de agosto - ha 11 dias", area...

Parsing ecmascript source code failed

Import trace:
  Server Component:
    ./src/components/dashboard/dashboard-grid.tsx
    ./src/app/dashboard/page.tsx @ http://localhost:3000/_next/static/chunks/node_modules_next_dist_1gdrd03._.js:1817
[   55862ms] [ERROR] ./src/components/dashboard/dashboard-grid.tsx:38:3
Error: Expression expected
  36 |     { initials: "EO", name: "Elena Product Owner", date: "22 de agosto - amanha", area: "E...
  37 |     { initials: "IR", name: "Isabela RH", date: "28 de agosto - em 7 dias", area: "Engenha...
> 38 |   };
     |   ^
  39 |
  40 |   const passedBirthdays = [
  41 |     { initials: "CT", name: "Carla Lider Tecnica", date: "10 de agosto - ha 11 dias", area...

Parsing ecmascript source code failed

Import trace:
  Server Component:
    ./src/components/dashboard/dashboard-grid.tsx
    ./src/app/dashboard/page.tsx @ http://localhost:3000/_next/static/chunks/node_modules_next_dist_1gdrd03._.js:1817
[   55910ms] [ERROR] ./src/components/dashboard/dashboard-grid.tsx:38:3
Error: Expression expected
  36 |     { initials: "EO", name: "Elena Product Owner", date: "22 de agosto - amanha", area: "E...
  37 |     { initials: "IR", name: "Isabela RH", date: "28 de agosto - em 7 dias", area: "Engenha...
> 38 |   };
     |   ^
  39 |
  40 |   const passedBirthdays = [
  41 |     { initials: "CT", name: "Carla Lider Tecnica", date: "10 de agosto - ha 11 dias", area...

Parsing ecmascript source code failed

Import trace:
  Server Component:
    ./src/components/dashboard/dashboard-grid.tsx
    ./src/app/dashboard/page.tsx @ http://localhost:3000/_next/static/chunks/node_modules_next_dist_1gdrd03._.js:1817
[   55957ms] [ERROR] ./src/components/dashboard/dashboard-grid.tsx:38:3
Error: Expression expected
  36 |     { initials: "EO", name: "Elena Product Owner", date: "22 de agosto - amanha", area: "E...
  37 |     { initials: "IR", name: "Isabela RH", date: "28 de agosto - em 7 dias", area: "Engenha...
> 38 |   };
     |   ^
  39 |
  40 |   const passedBirthdays = [
  41 |     { initials: "CT", name: "Carla Lider Tecnica", date: "10 de agosto - ha 11 dias", area...

Parsing ecmascript source code failed

Import trace:
  Server Component:
    ./src/components/dashboard/dashboard-grid.tsx
    ./src/app/dashboard/page.tsx @ http://localhost:3000/_next/static/chunks/node_modules_next_dist_1gdrd03._.js:1817
[   56006ms] [ERROR] ./src/components/dashboard/dashboard-grid.tsx:38:3
Error: Expression expected
  36 |     { initials: "EO", name: "Elena Product Owner", date: "22 de agosto - amanha", area: "E...
  37 |     { initials: "IR", name: "Isabela RH", date: "28 de agosto - em 7 dias", area: "Engenha...
> 38 |   };
     |   ^
  39 |
  40 |   const passedBirthdays = [
  41 |     { initials: "CT", name: "Carla Lider Tecnica", date: "10 de agosto - ha 11 dias", area...

Parsing ecmascript source code failed

Import trace:
  Server Component:
    ./src/components/dashboard/dashboard-grid.tsx
    ./src/app/dashboard/page.tsx @ http://localhost:3000/_next/static/chunks/node_modules_next_dist_1gdrd03._.js:1817
[   56057ms] [ERROR] ./src/components/dashboard/dashboard-grid.tsx:38:3
Error: Expression expected
  36 |     { initials: "EO", name: "Elena Product Owner", date: "22 de agosto - amanha", area: "E...
  37 |     { initials: "IR", name: "Isabela RH", date: "28 de agosto - em 7 dias", area: "Engenha...
> 38 |   };
     |   ^
  39 |
  40 |   const passedBirthdays = [
  41 |     { initials: "CT", name: "Carla Lider Tecnica", date: "10 de agosto - ha 11 dias", area...

Parsing ecmascript source code failed

Import trace:
  Server Component:
    ./src/components/dashboard/dashboard-grid.tsx
    ./src/app/dashboard/page.tsx @ http://localhost:3000/_next/static/chunks/node_modules_next_dist_1gdrd03._.js:1817
[   56105ms] [ERROR] ./src/components/dashboard/dashboard-grid.tsx:38:3
Error: Expression expected
  36 |     { initials: "EO", name: "Elena Product Owner", date: "22 de agosto - amanha", area: "E...
  37 |     { initials: "IR", name: "Isabela RH", date: "28 de agosto - em 7 dias", area: "Engenha...
> 38 |   };
     |   ^
  39 |
  40 |   const passedBirthdays = [
  41 |     { initials: "CT", name: "Carla Lider Tecnica", date: "10 de agosto - ha 11 dias", area...

Parsing ecmascript source code failed

Import trace:
  Server Component:
    ./src/components/dashboard/dashboard-grid.tsx
    ./src/app/dashboard/page.tsx @ http://localhost:3000/_next/static/chunks/node_modules_next_dist_1gdrd03._.js:1817
[   56152ms] [ERROR] ./src/components/dashboard/dashboard-grid.tsx:38:3
Error: Expression expected
  36 |     { initials: "EO", name: "Elena Product Owner", date: "22 de agosto - amanha", area: "E...
  37 |     { initials: "IR", name: "Isabela RH", date: "28 de agosto - em 7 dias", area: "Engenha...
> 38 |   };
     |   ^
  39 |
  40 |   const passedBirthdays = [
  41 |     { initials: "CT", name: "Carla Lider Tecnica", date: "10 de agosto - ha 11 dias", area...

Parsing ecmascript source code failed

Import trace:
  Server Component:
    ./src/components/dashboard/dashboard-grid.tsx
    ./src/app/dashboard/page.tsx @ http://localhost:3000/_next/static/chunks/node_modules_next_dist_1gdrd03._.js:1817
[   56217ms] [ERROR] ./src/components/dashboard/dashboard-grid.tsx:38:3
Error: Expression expected
  36 |     { initials: "EO", name: "Elena Product Owner", date: "22 de agosto - amanha", area: "E...
  37 |     { initials: "IR", name: "Isabela RH", date: "28 de agosto - em 7 dias", area: "Engenha...
> 38 |   };
     |   ^
  39 |
  40 |   const passedBirthdays = [
  41 |     { initials: "CT", name: "Carla Lider Tecnica", date: "10 de agosto - ha 11 dias", area...

Parsing ecmascript source code failed

Import trace:
  Server Component:
    ./src/components/dashboard/dashboard-grid.tsx
    ./src/app/dashboard/page.tsx @ http://localhost:3000/_next/static/chunks/node_modules_next_dist_1gdrd03._.js:1817
[   56264ms] [ERROR] ./src/components/dashboard/dashboard-grid.tsx:38:3
Error: Expression expected
  36 |     { initials: "EO", name: "Elena Product Owner", date: "22 de agosto - amanha", area: "E...
  37 |     { initials: "IR", name: "Isabela RH", date: "28 de agosto - em 7 dias", area: "Engenha...
> 38 |   };
     |   ^
  39 |
  40 |   const passedBirthdays = [
  41 |     { initials: "CT", name: "Carla Lider Tecnica", date: "10 de agosto - ha 11 dias", area...

Parsing ecmascript source code failed

Import trace:
  Server Component:
    ./src/components/dashboard/dashboard-grid.tsx
    ./src/app/dashboard/page.tsx @ http://localhost:3000/_next/static/chunks/node_modules_next_dist_1gdrd03._.js:1817
[   56317ms] [ERROR] ./src/components/dashboard/dashboard-grid.tsx:38:3
Error: Expression expected
  36 |     { initials: "EO", name: "Elena Product Owner", date: "22 de agosto - amanha", area: "E...
  37 |     { initials: "IR", name: "Isabela RH", date: "28 de agosto - em 7 dias", area: "Engenha...
> 38 |   };
     |   ^
  39 |
  40 |   const passedBirthdays = [
  41 |     { initials: "CT", name: "Carla Lider Tecnica", date: "10 de agosto - ha 11 dias", area...

Parsing ecmascript source code failed

Import trace:
  Server Component:
    ./src/components/dashboard/dashboard-grid.tsx
    ./src/app/dashboard/page.tsx @ http://localhost:3000/_next/static/chunks/node_modules_next_dist_1gdrd03._.js:1817
[   56368ms] [ERROR] ./src/components/dashboard/dashboard-grid.tsx:38:3
Error: Expression expected
  36 |     { initials: "EO", name: "Elena Product Owner", date: "22 de agosto - amanha", area: "E...
  37 |     { initials: "IR", name: "Isabela RH", date: "28 de agosto - em 7 dias", area: "Engenha...
> 38 |   };
     |   ^
  39 |
  40 |   const passedBirthdays = [
  41 |     { initials: "CT", name: "Carla Lider Tecnica", date: "10 de agosto - ha 11 dias", area...

Parsing ecmascript source code failed

Import trace:
  Server Component:
    ./src/components/dashboard/dashboard-grid.tsx
    ./src/app/dashboard/page.tsx @ http://localhost:3000/_next/static/chunks/node_modules_next_dist_1gdrd03._.js:1817
[   56418ms] [ERROR] ./src/components/dashboard/dashboard-grid.tsx:38:3
Error: Expression expected
  36 |     { initials: "EO", name: "Elena Product Owner", date: "22 de agosto - amanha", area: "E...
  37 |     { initials: "IR", name: "Isabela RH", date: "28 de agosto - em 7 dias", area: "Engenha...
> 38 |   };
     |   ^
  39 |
  40 |   const passedBirthdays = [
  41 |     { initials: "CT", name: "Carla Lider Tecnica", date: "10 de agosto - ha 11 dias", area...

Parsing ecmascript source code failed

Import trace:
  Server Component:
    ./src/components/dashboard/dashboard-grid.tsx
    ./src/app/dashboard/page.tsx @ http://localhost:3000/_next/static/chunks/node_modules_next_dist_1gdrd03._.js:1817
[   56468ms] [ERROR] ./src/components/dashboard/dashboard-grid.tsx:38:3
Error: Expression expected
  36 |     { initials: "EO", name: "Elena Product Owner", date: "22 de agosto - amanha", area: "E...
  37 |     { initials: "IR", name: "Isabela RH", date: "28 de agosto - em 7 dias", area: "Engenha...
> 38 |   };
     |   ^
  39 |
  40 |   const passedBirthdays = [
  41 |     { initials: "CT", name: "Carla Lider Tecnica", date: "10 de agosto - ha 11 dias", area...

Parsing ecmascript source code failed

Import trace:
  Server Component:
    ./src/components/dashboard/dashboard-grid.tsx
    ./src/app/dashboard/page.tsx @ http://localhost:3000/_next/static/chunks/node_modules_next_dist_1gdrd03._.js:1817
[   56517ms] [ERROR] ./src/components/dashboard/dashboard-grid.tsx:38:3
Error: Expression expected
  36 |     { initials: "EO", name: "Elena Product Owner", date: "22 de agosto - amanha", area: "E...
  37 |     { initials: "IR", name: "Isabela RH", date: "28 de agosto - em 7 dias", area: "Engenha...
> 38 |   };
     |   ^
  39 |
  40 |   const passedBirthdays = [
  41 |     { initials: "CT", name: "Carla Lider Tecnica", date: "10 de agosto - ha 11 dias", area...

Parsing ecmascript source code failed

Import trace:
  Server Component:
    ./src/components/dashboard/dashboard-grid.tsx
    ./src/app/dashboard/page.tsx @ http://localhost:3000/_next/static/chunks/node_modules_next_dist_1gdrd03._.js:1817
[   56569ms] [ERROR] ./src/components/dashboard/dashboard-grid.tsx:38:3
Error: Expression expected
  36 |     { initials: "EO", name: "Elena Product Owner", date: "22 de agosto - amanha", area: "E...
  37 |     { initials: "IR", name: "Isabela RH", date: "28 de agosto - em 7 dias", area: "Engenha...
> 38 |   };
     |   ^
  39 |
  40 |   const passedBirthdays = [
  41 |     { initials: "CT", name: "Carla Lider Tecnica", date: "10 de agosto - ha 11 dias", area...

Parsing ecmascript source code failed

Import trace:
  Server Component:
    ./src/components/dashboard/dashboard-grid.tsx
    ./src/app/dashboard/page.tsx @ http://localhost:3000/_next/static/chunks/node_modules_next_dist_1gdrd03._.js:1817
[   56634ms] [ERROR] ./src/components/dashboard/dashboard-grid.tsx:38:3
Error: Expression expected
  36 |     { initials: "EO", name: "Elena Product Owner", date: "22 de agosto - amanha", area: "E...
  37 |     { initials: "IR", name: "Isabela RH", date: "28 de agosto - em 7 dias", area: "Engenha...
> 38 |   };
     |   ^
  39 |
  40 |   const passedBirthdays = [
  41 |     { initials: "CT", name: "Carla Lider Tecnica", date: "10 de agosto - ha 11 dias", area...

Parsing ecmascript source code failed

Import trace:
  Server Component:
    ./src/components/dashboard/dashboard-grid.tsx
    ./src/app/dashboard/page.tsx @ http://localhost:3000/_next/static/chunks/node_modules_next_dist_1gdrd03._.js:1817
[   56685ms] [ERROR] ./src/components/dashboard/dashboard-grid.tsx:38:3
Error: Expression expected
  36 |     { initials: "EO", name: "Elena Product Owner", date: "22 de agosto - amanha", area: "E...
  37 |     { initials: "IR", name: "Isabela RH", date: "28 de agosto - em 7 dias", area: "Engenha...
> 38 |   };
     |   ^
  39 |
  40 |   const passedBirthdays = [
  41 |     { initials: "CT", name: "Carla Lider Tecnica", date: "10 de agosto - ha 11 dias", area...

Parsing ecmascript source code failed

Import trace:
  Server Component:
    ./src/components/dashboard/dashboard-grid.tsx
    ./src/app/dashboard/page.tsx @ http://localhost:3000/_next/static/chunks/node_modules_next_dist_1gdrd03._.js:1817
[   56749ms] [ERROR] ./src/components/dashboard/dashboard-grid.tsx:38:3
Error: Expression expected
  36 |     { initials: "EO", name: "Elena Product Owner", date: "22 de agosto - amanha", area: "E...
  37 |     { initials: "IR", name: "Isabela RH", date: "28 de agosto - em 7 dias", area: "Engenha...
> 38 |   };
     |   ^
  39 |
  40 |   const passedBirthdays = [
  41 |     { initials: "CT", name: "Carla Lider Tecnica", date: "10 de agosto - ha 11 dias", area...

Parsing ecmascript source code failed

Import trace:
  Server Component:
    ./src/components/dashboard/dashboard-grid.tsx
    ./src/app/dashboard/page.tsx @ http://localhost:3000/_next/static/chunks/node_modules_next_dist_1gdrd03._.js:1817
[   56799ms] [ERROR] ./src/components/dashboard/dashboard-grid.tsx:38:3
Error: Expression expected
  36 |     { initials: "EO", name: "Elena Product Owner", date: "22 de agosto - amanha", area: "E...
  37 |     { initials: "IR", name: "Isabela RH", date: "28 de agosto - em 7 dias", area: "Engenha...
> 38 |   };
     |   ^
  39 |
  40 |   const passedBirthdays = [
  41 |     { initials: "CT", name: "Carla Lider Tecnica", date: "10 de agosto - ha 11 dias", area...

Parsing ecmascript source code failed

Import trace:
  Server Component:
    ./src/components/dashboard/dashboard-grid.tsx
    ./src/app/dashboard/page.tsx @ http://localhost:3000/_next/static/chunks/node_modules_next_dist_1gdrd03._.js:1817
[   56847ms] [ERROR] ./src/components/dashboard/dashboard-grid.tsx:38:3
Error: Expression expected
  36 |     { initials: "EO", name: "Elena Product Owner", date: "22 de agosto - amanha", area: "E...
  37 |     { initials: "IR", name: "Isabela RH", date: "28 de agosto - em 7 dias", area: "Engenha...
> 38 |   };
     |   ^
  39 |
  40 |   const passedBirthdays = [
  41 |     { initials: "CT", name: "Carla Lider Tecnica", date: "10 de agosto - ha 11 dias", area...

Parsing ecmascript source code failed

Import trace:
  Server Component:
    ./src/components/dashboard/dashboard-grid.tsx
    ./src/app/dashboard/page.tsx @ http://localhost:3000/_next/static/chunks/node_modules_next_dist_1gdrd03._.js:1817
[   56912ms] [ERROR] ./src/components/dashboard/dashboard-grid.tsx:38:3
Error: Expression expected
  36 |     { initials: "EO", name: "Elena Product Owner", date: "22 de agosto - amanha", area: "E...
  37 |     { initials: "IR", name: "Isabela RH", date: "28 de agosto - em 7 dias", area: "Engenha...
> 38 |   };
     |   ^
  39 |
  40 |   const passedBirthdays = [
  41 |     { initials: "CT", name: "Carla Lider Tecnica", date: "10 de agosto - ha 11 dias", area...

Parsing ecmascript source code failed

Import trace:
  Server Component:
    ./src/components/dashboard/dashboard-grid.tsx
    ./src/app/dashboard/page.tsx @ http://localhost:3000/_next/static/chunks/node_modules_next_dist_1gdrd03._.js:1817
[   56959ms] [ERROR] ./src/components/dashboard/dashboard-grid.tsx:38:3
Error: Expression expected
  36 |     { initials: "EO", name: "Elena Product Owner", date: "22 de agosto - amanha", area: "E...
  37 |     { initials: "IR", name: "Isabela RH", date: "28 de agosto - em 7 dias", area: "Engenha...
> 38 |   };
     |   ^
  39 |
  40 |   const passedBirthdays = [
  41 |     { initials: "CT", name: "Carla Lider Tecnica", date: "10 de agosto - ha 11 dias", area...

Parsing ecmascript source code failed

Import trace:
  Server Component:
    ./src/components/dashboard/dashboard-grid.tsx
    ./src/app/dashboard/page.tsx @ http://localhost:3000/_next/static/chunks/node_modules_next_dist_1gdrd03._.js:1817
[   57007ms] [ERROR] ./src/components/dashboard/dashboard-grid.tsx:38:3
Error: Expression expected
  36 |     { initials: "EO", name: "Elena Product Owner", date: "22 de agosto - amanha", area: "E...
  37 |     { initials: "IR", name: "Isabela RH", date: "28 de agosto - em 7 dias", area: "Engenha...
> 38 |   };
     |   ^
  39 |
  40 |   const passedBirthdays = [
  41 |     { initials: "CT", name: "Carla Lider Tecnica", date: "10 de agosto - ha 11 dias", area...

Parsing ecmascript source code failed

Import trace:
  Server Component:
    ./src/components/dashboard/dashboard-grid.tsx
    ./src/app/dashboard/page.tsx @ http://localhost:3000/_next/static/chunks/node_modules_next_dist_1gdrd03._.js:1817
[   57055ms] [ERROR] ./src/components/dashboard/dashboard-grid.tsx:38:3
Error: Expression expected
  36 |     { initials: "EO", name: "Elena Product Owner", date: "22 de agosto - amanha", area: "E...
  37 |     { initials: "IR", name: "Isabela RH", date: "28 de agosto - em 7 dias", area: "Engenha...
> 38 |   };
     |   ^
  39 |
  40 |   const passedBirthdays = [
  41 |     { initials: "CT", name: "Carla Lider Tecnica", date: "10 de agosto - ha 11 dias", area...

Parsing ecmascript source code failed

Import trace:
  Server Component:
    ./src/components/dashboard/dashboard-grid.tsx
    ./src/app/dashboard/page.tsx @ http://localhost:3000/_next/static/chunks/node_modules_next_dist_1gdrd03._.js:1817
[   57119ms] [ERROR] ./src/components/dashboard/dashboard-grid.tsx:38:3
Error: Expression expected
  36 |     { initials: "EO", name: "Elena Product Owner", date: "22 de agosto - amanha", area: "E...
  37 |     { initials: "IR", name: "Isabela RH", date: "28 de agosto - em 7 dias", area: "Engenha...
> 38 |   };
     |   ^
  39 |
  40 |   const passedBirthdays = [
  41 |     { initials: "CT", name: "Carla Lider Tecnica", date: "10 de agosto - ha 11 dias", area...

Parsing ecmascript source code failed

Import trace:
  Server Component:
    ./src/components/dashboard/dashboard-grid.tsx
    ./src/app/dashboard/page.tsx @ http://localhost:3000/_next/static/chunks/node_modules_next_dist_1gdrd03._.js:1817
[   57167ms] [ERROR] ./src/components/dashboard/dashboard-grid.tsx:38:3
Error: Expression expected
  36 |     { initials: "EO", name: "Elena Product Owner", date: "22 de agosto - amanha", area: "E...
  37 |     { initials: "IR", name: "Isabela RH", date: "28 de agosto - em 7 dias", area: "Engenha...
> 38 |   };
     |   ^
  39 |
  40 |   const passedBirthdays = [
  41 |     { initials: "CT", name: "Carla Lider Tecnica", date: "10 de agosto - ha 11 dias", area...

Parsing ecmascript source code failed

Import trace:
  Server Component:
    ./src/components/dashboard/dashboard-grid.tsx
    ./src/app/dashboard/page.tsx @ http://localhost:3000/_next/static/chunks/node_modules_next_dist_1gdrd03._.js:1817
[   57232ms] [ERROR] ./src/components/dashboard/dashboard-grid.tsx:38:3
Error: Expression expected
  36 |     { initials: "EO", name: "Elena Product Owner", date: "22 de agosto - amanha", area: "E...
  37 |     { initials: "IR", name: "Isabela RH", date: "28 de agosto - em 7 dias", area: "Engenha...
> 38 |   };
     |   ^
  39 |
  40 |   const passedBirthdays = [
  41 |     { initials: "CT", name: "Carla Lider Tecnica", date: "10 de agosto - ha 11 dias", area...

Parsing ecmascript source code failed

Import trace:
  Server Component:
    ./src/components/dashboard/dashboard-grid.tsx
    ./src/app/dashboard/page.tsx @ http://localhost:3000/_next/static/chunks/node_modules_next_dist_1gdrd03._.js:1817
[   57297ms] [ERROR] ./src/components/dashboard/dashboard-grid.tsx:38:3
Error: Expression expected
  36 |     { initials: "EO", name: "Elena Product Owner", date: "22 de agosto - amanha", area: "E...
  37 |     { initials: "IR", name: "Isabela RH", date: "28 de agosto - em 7 dias", area: "Engenha...
> 38 |   };
     |   ^
  39 |
  40 |   const passedBirthdays = [
  41 |     { initials: "CT", name: "Carla Lider Tecnica", date: "10 de agosto - ha 11 dias", area...

Parsing ecmascript source code failed

Import trace:
  Server Component:
    ./src/components/dashboard/dashboard-grid.tsx
    ./src/app/dashboard/page.tsx @ http://localhost:3000/_next/static/chunks/node_modules_next_dist_1gdrd03._.js:1817
[   57346ms] [ERROR] ./src/components/dashboard/dashboard-grid.tsx:38:3
Error: Expression expected
  36 |     { initials: "EO", name: "Elena Product Owner", date: "22 de agosto - amanha", area: "E...
  37 |     { initials: "IR", name: "Isabela RH", date: "28 de agosto - em 7 dias", area: "Engenha...
> 38 |   };
     |   ^
  39 |
  40 |   const passedBirthdays = [
  41 |     { initials: "CT", name: "Carla Lider Tecnica", date: "10 de agosto - ha 11 dias", area...

Parsing ecmascript source code failed

Import trace:
  Server Component:
    ./src/components/dashboard/dashboard-grid.tsx
    ./src/app/dashboard/page.tsx @ http://localhost:3000/_next/static/chunks/node_modules_next_dist_1gdrd03._.js:1817
[   57395ms] [ERROR] ./src/components/dashboard/dashboard-grid.tsx:38:3
Error: Expression expected
  36 |     { initials: "EO", name: "Elena Product Owner", date: "22 de agosto - amanha", area: "E...
  37 |     { initials: "IR", name: "Isabela RH", date: "28 de agosto - em 7 dias", area: "Engenha...
> 38 |   };
     |   ^
  39 |
  40 |   const passedBirthdays = [
  41 |     { initials: "CT", name: "Carla Lider Tecnica", date: "10 de agosto - ha 11 dias", area...

Parsing ecmascript source code failed

Import trace:
  Server Component:
    ./src/components/dashboard/dashboard-grid.tsx
    ./src/app/dashboard/page.tsx @ http://localhost:3000/_next/static/chunks/node_modules_next_dist_1gdrd03._.js:1817
[   57443ms] [ERROR] ./src/components/dashboard/dashboard-grid.tsx:38:3
Error: Expression expected
  36 |     { initials: "EO", name: "Elena Product Owner", date: "22 de agosto - amanha", area: "E...
  37 |     { initials: "IR", name: "Isabela RH", date: "28 de agosto - em 7 dias", area: "Engenha...
> 38 |   };
     |   ^
  39 |
  40 |   const passedBirthdays = [
  41 |     { initials: "CT", name: "Carla Lider Tecnica", date: "10 de agosto - ha 11 dias", area...

Parsing ecmascript source code failed

Import trace:
  Server Component:
    ./src/components/dashboard/dashboard-grid.tsx
    ./src/app/dashboard/page.tsx @ http://localhost:3000/_next/static/chunks/node_modules_next_dist_1gdrd03._.js:1817
[   57492ms] [ERROR] ./src/components/dashboard/dashboard-grid.tsx:38:3
Error: Expression expected
  36 |     { initials: "EO", name: "Elena Product Owner", date: "22 de agosto - amanha", area: "E...
  37 |     { initials: "IR", name: "Isabela RH", date: "28 de agosto - em 7 dias", area: "Engenha...
> 38 |   };
     |   ^
  39 |
  40 |   const passedBirthdays = [
  41 |     { initials: "CT", name: "Carla Lider Tecnica", date: "10 de agosto - ha 11 dias", area...

Parsing ecmascript source code failed

Import trace:
  Server Component:
    ./src/components/dashboard/dashboard-grid.tsx
    ./src/app/dashboard/page.tsx @ http://localhost:3000/_next/static/chunks/node_modules_next_dist_1gdrd03._.js:1817
[   57556ms] [ERROR] ./src/components/dashboard/dashboard-grid.tsx:38:3
Error: Expression expected
  36 |     { initials: "EO", name: "Elena Product Owner", date: "22 de agosto - amanha", area: "E...
  37 |     { initials: "IR", name: "Isabela RH", date: "28 de agosto - em 7 dias", area: "Engenha...
> 38 |   };
     |   ^
  39 |
  40 |   const passedBirthdays = [
  41 |     { initials: "CT", name: "Carla Lider Tecnica", date: "10 de agosto - ha 11 dias", area...

Parsing ecmascript source code failed

Import trace:
  Server Component:
    ./src/components/dashboard/dashboard-grid.tsx
    ./src/app/dashboard/page.tsx @ http://localhost:3000/_next/static/chunks/node_modules_next_dist_1gdrd03._.js:1817
[   57606ms] [ERROR] ./src/components/dashboard/dashboard-grid.tsx:38:3
Error: Expression expected
  36 |     { initials: "EO", name: "Elena Product Owner", date: "22 de agosto - amanha", area: "E...
  37 |     { initials: "IR", name: "Isabela RH", date: "28 de agosto - em 7 dias", area: "Engenha...
> 38 |   };
     |   ^
  39 |
  40 |   const passedBirthdays = [
  41 |     { initials: "CT", name: "Carla Lider Tecnica", date: "10 de agosto - ha 11 dias", area...

Parsing ecmascript source code failed

Import trace:
  Server Component:
    ./src/components/dashboard/dashboard-grid.tsx
    ./src/app/dashboard/page.tsx @ http://localhost:3000/_next/static/chunks/node_modules_next_dist_1gdrd03._.js:1817
[   57653ms] [ERROR] ./src/components/dashboard/dashboard-grid.tsx:38:3
Error: Expression expected
  36 |     { initials: "EO", name: "Elena Product Owner", date: "22 de agosto - amanha", area: "E...
  37 |     { initials: "IR", name: "Isabela RH", date: "28 de agosto - em 7 dias", area: "Engenha...
> 38 |   };
     |   ^
  39 |
  40 |   const passedBirthdays = [
  41 |     { initials: "CT", name: "Carla Lider Tecnica", date: "10 de agosto - ha 11 dias", area...

Parsing ecmascript source code failed

Import trace:
  Server Component:
    ./src/components/dashboard/dashboard-grid.tsx
    ./src/app/dashboard/page.tsx @ http://localhost:3000/_next/static/chunks/node_modules_next_dist_1gdrd03._.js:1817
[   57701ms] [ERROR] ./src/components/dashboard/dashboard-grid.tsx:38:3
Error: Expression expected
  36 |     { initials: "EO", name: "Elena Product Owner", date: "22 de agosto - amanha", area: "E...
  37 |     { initials: "IR", name: "Isabela RH", date: "28 de agosto - em 7 dias", area: "Engenha...
> 38 |   };
     |   ^
  39 |
  40 |   const passedBirthdays = [
  41 |     { initials: "CT", name: "Carla Lider Tecnica", date: "10 de agosto - ha 11 dias", area...

Parsing ecmascript source code failed

Import trace:
  Server Component:
    ./src/components/dashboard/dashboard-grid.tsx
    ./src/app/dashboard/page.tsx @ http://localhost:3000/_next/static/chunks/node_modules_next_dist_1gdrd03._.js:1817
[   57766ms] [ERROR] ./src/components/dashboard/dashboard-grid.tsx:38:3
Error: Expression expected
  36 |     { initials: "EO", name: "Elena Product Owner", date: "22 de agosto - amanha", area: "E...
  37 |     { initials: "IR", name: "Isabela RH", date: "28 de agosto - em 7 dias", area: "Engenha...
> 38 |   };
     |   ^
  39 |
  40 |   const passedBirthdays = [
  41 |     { initials: "CT", name: "Carla Lider Tecnica", date: "10 de agosto - ha 11 dias", area...

Parsing ecmascript source code failed

Import trace:
  Server Component:
    ./src/components/dashboard/dashboard-grid.tsx
    ./src/app/dashboard/page.tsx @ http://localhost:3000/_next/static/chunks/node_modules_next_dist_1gdrd03._.js:1817
[   57815ms] [ERROR] ./src/components/dashboard/dashboard-grid.tsx:38:3
Error: Expression expected
  36 |     { initials: "EO", name: "Elena Product Owner", date: "22 de agosto - amanha", area: "E...
  37 |     { initials: "IR", name: "Isabela RH", date: "28 de agosto - em 7 dias", area: "Engenha...
> 38 |   };
     |   ^
  39 |
  40 |   const passedBirthdays = [
  41 |     { initials: "CT", name: "Carla Lider Tecnica", date: "10 de agosto - ha 11 dias", area...

Parsing ecmascript source code failed

Import trace:
  Server Component:
    ./src/components/dashboard/dashboard-grid.tsx
    ./src/app/dashboard/page.tsx @ http://localhost:3000/_next/static/chunks/node_modules_next_dist_1gdrd03._.js:1817
[   57878ms] [ERROR] ./src/components/dashboard/dashboard-grid.tsx:38:3
Error: Expression expected
  36 |     { initials: "EO", name: "Elena Product Owner", date: "22 de agosto - amanha", area: "E...
  37 |     { initials: "IR", name: "Isabela RH", date: "28 de agosto - em 7 dias", area: "Engenha...
> 38 |   };
     |   ^
  39 |
  40 |   const passedBirthdays = [
  41 |     { initials: "CT", name: "Carla Lider Tecnica", date: "10 de agosto - ha 11 dias", area...

Parsing ecmascript source code failed

Import trace:
  Server Component:
    ./src/components/dashboard/dashboard-grid.tsx
    ./src/app/dashboard/page.tsx @ http://localhost:3000/_next/static/chunks/node_modules_next_dist_1gdrd03._.js:1817
[   57943ms] [ERROR] ./src/components/dashboard/dashboard-grid.tsx:38:3
Error: Expression expected
  36 |     { initials: "EO", name: "Elena Product Owner", date: "22 de agosto - amanha", area: "E...
  37 |     { initials: "IR", name: "Isabela RH", date: "28 de agosto - em 7 dias", area: "Engenha...
> 38 |   };
     |   ^
  39 |
  40 |   const passedBirthdays = [
  41 |     { initials: "CT", name: "Carla Lider Tecnica", date: "10 de agosto - ha 11 dias", area...

Parsing ecmascript source code failed

Import trace:
  Server Component:
    ./src/components/dashboard/dashboard-grid.tsx
    ./src/app/dashboard/page.tsx @ http://localhost:3000/_next/static/chunks/node_modules_next_dist_1gdrd03._.js:1817
[   57991ms] [ERROR] ./src/components/dashboard/dashboard-grid.tsx:38:3
Error: Expression expected
  36 |     { initials: "EO", name: "Elena Product Owner", date: "22 de agosto - amanha", area: "E...
  37 |     { initials: "IR", name: "Isabela RH", date: "28 de agosto - em 7 dias", area: "Engenha...
> 38 |   };
     |   ^
  39 |
  40 |   const passedBirthdays = [
  41 |     { initials: "CT", name: "Carla Lider Tecnica", date: "10 de agosto - ha 11 dias", area...

Parsing ecmascript source code failed

Import trace:
  Server Component:
    ./src/components/dashboard/dashboard-grid.tsx
    ./src/app/dashboard/page.tsx @ http://localhost:3000/_next/static/chunks/node_modules_next_dist_1gdrd03._.js:1817
[   58039ms] [ERROR] ./src/components/dashboard/dashboard-grid.tsx:38:3
Error: Expression expected
  36 |     { initials: "EO", name: "Elena Product Owner", date: "22 de agosto - amanha", area: "E...
  37 |     { initials: "IR", name: "Isabela RH", date: "28 de agosto - em 7 dias", area: "Engenha...
> 38 |   };
     |   ^
  39 |
  40 |   const passedBirthdays = [
  41 |     { initials: "CT", name: "Carla Lider Tecnica", date: "10 de agosto - ha 11 dias", area...

Parsing ecmascript source code failed

Import trace:
  Server Component:
    ./src/components/dashboard/dashboard-grid.tsx
    ./src/app/dashboard/page.tsx @ http://localhost:3000/_next/static/chunks/node_modules_next_dist_1gdrd03._.js:1817
[   58088ms] [ERROR] ./src/components/dashboard/dashboard-grid.tsx:38:3
Error: Expression expected
  36 |     { initials: "EO", name: "Elena Product Owner", date: "22 de agosto - amanha", area: "E...
  37 |     { initials: "IR", name: "Isabela RH", date: "28 de agosto - em 7 dias", area: "Engenha...
> 38 |   };
     |   ^
  39 |
  40 |   const passedBirthdays = [
  41 |     { initials: "CT", name: "Carla Lider Tecnica", date: "10 de agosto - ha 11 dias", area...

Parsing ecmascript source code failed

Import trace:
  Server Component:
    ./src/components/dashboard/dashboard-grid.tsx
    ./src/app/dashboard/page.tsx @ http://localhost:3000/_next/static/chunks/node_modules_next_dist_1gdrd03._.js:1817
[   58152ms] [ERROR] ./src/components/dashboard/dashboard-grid.tsx:38:3
Error: Expression expected
  36 |     { initials: "EO", name: "Elena Product Owner", date: "22 de agosto - amanha", area: "E...
  37 |     { initials: "IR", name: "Isabela RH", date: "28 de agosto - em 7 dias", area: "Engenha...
> 38 |   };
     |   ^
  39 |
  40 |   const passedBirthdays = [
  41 |     { initials: "CT", name: "Carla Lider Tecnica", date: "10 de agosto - ha 11 dias", area...

Parsing ecmascript source code failed

Import trace:
  Server Component:
    ./src/components/dashboard/dashboard-grid.tsx
    ./src/app/dashboard/page.tsx @ http://localhost:3000/_next/static/chunks/node_modules_next_dist_1gdrd03._.js:1817
[   58201ms] [ERROR] ./src/components/dashboard/dashboard-grid.tsx:38:3
Error: Expression expected
  36 |     { initials: "EO", name: "Elena Product Owner", date: "22 de agosto - amanha", area: "E...
  37 |     { initials: "IR", name: "Isabela RH", date: "28 de agosto - em 7 dias", area: "Engenha...
> 38 |   };
     |   ^
  39 |
  40 |   const passedBirthdays = [
  41 |     { initials: "CT", name: "Carla Lider Tecnica", date: "10 de agosto - ha 11 dias", area...

Parsing ecmascript source code failed

Import trace:
  Server Component:
    ./src/components/dashboard/dashboard-grid.tsx
    ./src/app/dashboard/page.tsx @ http://localhost:3000/_next/static/chunks/node_modules_next_dist_1gdrd03._.js:1817
[   58248ms] [ERROR] ./src/components/dashboard/dashboard-grid.tsx:38:3
Error: Expression expected
  36 |     { initials: "EO", name: "Elena Product Owner", date: "22 de agosto - amanha", area: "E...
  37 |     { initials: "IR", name: "Isabela RH", date: "28 de agosto - em 7 dias", area: "Engenha...
> 38 |   };
     |   ^
  39 |
  40 |   const passedBirthdays = [
  41 |     { initials: "CT", name: "Carla Lider Tecnica", date: "10 de agosto - ha 11 dias", area...

Parsing ecmascript source code failed

Import trace:
  Server Component:
    ./src/components/dashboard/dashboard-grid.tsx
    ./src/app/dashboard/page.tsx @ http://localhost:3000/_next/static/chunks/node_modules_next_dist_1gdrd03._.js:1817
[   58297ms] [ERROR] ./src/components/dashboard/dashboard-grid.tsx:38:3
Error: Expression expected
  36 |     { initials: "EO", name: "Elena Product Owner", date: "22 de agosto - amanha", area: "E...
  37 |     { initials: "IR", name: "Isabela RH", date: "28 de agosto - em 7 dias", area: "Engenha...
> 38 |   };
     |   ^
  39 |
  40 |   const passedBirthdays = [
  41 |     { initials: "CT", name: "Carla Lider Tecnica", date: "10 de agosto - ha 11 dias", area...

Parsing ecmascript source code failed

Import trace:
  Server Component:
    ./src/components/dashboard/dashboard-grid.tsx
    ./src/app/dashboard/page.tsx @ http://localhost:3000/_next/static/chunks/node_modules_next_dist_1gdrd03._.js:1817
[   58362ms] [ERROR] ./src/components/dashboard/dashboard-grid.tsx:38:3
Error: Expression expected
  36 |     { initials: "EO", name: "Elena Product Owner", date: "22 de agosto - amanha", area: "E...
  37 |     { initials: "IR", name: "Isabela RH", date: "28 de agosto - em 7 dias", area: "Engenha...
> 38 |   };
     |   ^
  39 |
  40 |   const passedBirthdays = [
  41 |     { initials: "CT", name: "Carla Lider Tecnica", date: "10 de agosto - ha 11 dias", area...

Parsing ecmascript source code failed

Import trace:
  Server Component:
    ./src/components/dashboard/dashboard-grid.tsx
    ./src/app/dashboard/page.tsx @ http://localhost:3000/_next/static/chunks/node_modules_next_dist_1gdrd03._.js:1817
[   58411ms] [ERROR] ./src/components/dashboard/dashboard-grid.tsx:38:3
Error: Expression expected
  36 |     { initials: "EO", name: "Elena Product Owner", date: "22 de agosto - amanha", area: "E...
  37 |     { initials: "IR", name: "Isabela RH", date: "28 de agosto - em 7 dias", area: "Engenha...
> 38 |   };
     |   ^
  39 |
  40 |   const passedBirthdays = [
  41 |     { initials: "CT", name: "Carla Lider Tecnica", date: "10 de agosto - ha 11 dias", area...

Parsing ecmascript source code failed

Import trace:
  Server Component:
    ./src/components/dashboard/dashboard-grid.tsx
    ./src/app/dashboard/page.tsx @ http://localhost:3000/_next/static/chunks/node_modules_next_dist_1gdrd03._.js:1817
[   58474ms] [ERROR] ./src/components/dashboard/dashboard-grid.tsx:38:3
Error: Expression expected
  36 |     { initials: "EO", name: "Elena Product Owner", date: "22 de agosto - amanha", area: "E...
  37 |     { initials: "IR", name: "Isabela RH", date: "28 de agosto - em 7 dias", area: "Engenha...
> 38 |   };
     |   ^
  39 |
  40 |   const passedBirthdays = [
  41 |     { initials: "CT", name: "Carla Lider Tecnica", date: "10 de agosto - ha 11 dias", area...

Parsing ecmascript source code failed

Import trace:
  Server Component:
    ./src/components/dashboard/dashboard-grid.tsx
    ./src/app/dashboard/page.tsx @ http://localhost:3000/_next/static/chunks/node_modules_next_dist_1gdrd03._.js:1817
[   58537ms] [ERROR] ./src/components/dashboard/dashboard-grid.tsx:38:3
Error: Expression expected
  36 |     { initials: "EO", name: "Elena Product Owner", date: "22 de agosto - amanha", area: "E...
  37 |     { initials: "IR", name: "Isabela RH", date: "28 de agosto - em 7 dias", area: "Engenha...
> 38 |   };
     |   ^
  39 |
  40 |   const passedBirthdays = [
  41 |     { initials: "CT", name: "Carla Lider Tecnica", date: "10 de agosto - ha 11 dias", area...

Parsing ecmascript source code failed

Import trace:
  Server Component:
    ./src/components/dashboard/dashboard-grid.tsx
    ./src/app/dashboard/page.tsx @ http://localhost:3000/_next/static/chunks/node_modules_next_dist_1gdrd03._.js:1817
[   58601ms] [ERROR] ./src/components/dashboard/dashboard-grid.tsx:38:3
Error: Expression expected
  36 |     { initials: "EO", name: "Elena Product Owner", date: "22 de agosto - amanha", area: "E...
  37 |     { initials: "IR", name: "Isabela RH", date: "28 de agosto - em 7 dias", area: "Engenha...
> 38 |   };
     |   ^
  39 |
  40 |   const passedBirthdays = [
  41 |     { initials: "CT", name: "Carla Lider Tecnica", date: "10 de agosto - ha 11 dias", area...

Parsing ecmascript source code failed

Import trace:
  Server Component:
    ./src/components/dashboard/dashboard-grid.tsx
    ./src/app/dashboard/page.tsx @ http://localhost:3000/_next/static/chunks/node_modules_next_dist_1gdrd03._.js:1817
[   58648ms] [ERROR] ./src/components/dashboard/dashboard-grid.tsx:38:3
Error: Expression expected
  36 |     { initials: "EO", name: "Elena Product Owner", date: "22 de agosto - amanha", area: "E...
  37 |     { initials: "IR", name: "Isabela RH", date: "28 de agosto - em 7 dias", area: "Engenha...
> 38 |   };
     |   ^
  39 |
  40 |   const passedBirthdays = [
  41 |     { initials: "CT", name: "Carla Lider Tecnica", date: "10 de agosto - ha 11 dias", area...

Parsing ecmascript source code failed

Import trace:
  Server Component:
    ./src/components/dashboard/dashboard-grid.tsx
    ./src/app/dashboard/page.tsx @ http://localhost:3000/_next/static/chunks/node_modules_next_dist_1gdrd03._.js:1817
[   58713ms] [ERROR] ./src/components/dashboard/dashboard-grid.tsx:38:3
Error: Expression expected
  36 |     { initials: "EO", name: "Elena Product Owner", date: "22 de agosto - amanha", area: "E...
  37 |     { initials: "IR", name: "Isabela RH", date: "28 de agosto - em 7 dias", area: "Engenha...
> 38 |   };
     |   ^
  39 |
  40 |   const passedBirthdays = [
  41 |     { initials: "CT", name: "Carla Lider Tecnica", date: "10 de agosto - ha 11 dias", area...

Parsing ecmascript source code failed

Import trace:
  Server Component:
    ./src/components/dashboard/dashboard-grid.tsx
    ./src/app/dashboard/page.tsx @ http://localhost:3000/_next/static/chunks/node_modules_next_dist_1gdrd03._.js:1817
[   58750ms] [ERROR] ./src/components/dashboard/dashboard-grid.tsx:38:3
Error: Expression expected
  36 |     { initials: "EO", name: "Elena Product Owner", date: "22 de agosto - amanha", area: "E...
  37 |     { initials: "IR", name: "Isabela RH", date: "28 de agosto - em 7 dias", area: "Engenha...
> 38 |   };
     |   ^
  39 |
  40 |   const passedBirthdays = [
  41 |     { initials: "CT", name: "Carla Lider Tecnica", date: "10 de agosto - ha 11 dias", area...

Parsing ecmascript source code failed

Import trace:
  Server Component:
    ./src/components/dashboard/dashboard-grid.tsx
    ./src/app/dashboard/page.tsx @ http://localhost:3000/_next/static/chunks/node_modules_next_dist_1gdrd03._.js:1817
[   58814ms] [ERROR] ./src/components/dashboard/dashboard-grid.tsx:38:3
Error: Expression expected
  36 |     { initials: "EO", name: "Elena Product Owner", date: "22 de agosto - amanha", area: "E...
  37 |     { initials: "IR", name: "Isabela RH", date: "28 de agosto - em 7 dias", area: "Engenha...
> 38 |   };
     |   ^
  39 |
  40 |   const passedBirthdays = [
  41 |     { initials: "CT", name: "Carla Lider Tecnica", date: "10 de agosto - ha 11 dias", area...

Parsing ecmascript source code failed

Import trace:
  Server Component:
    ./src/components/dashboard/dashboard-grid.tsx
    ./src/app/dashboard/page.tsx @ http://localhost:3000/_next/static/chunks/node_modules_next_dist_1gdrd03._.js:1817
[   58878ms] [ERROR] ./src/components/dashboard/dashboard-grid.tsx:38:3
Error: Expression expected
  36 |     { initials: "EO", name: "Elena Product Owner", date: "22 de agosto - amanha", area: "E...
  37 |     { initials: "IR", name: "Isabela RH", date: "28 de agosto - em 7 dias", area: "Engenha...
> 38 |   };
     |   ^
  39 |
  40 |   const passedBirthdays = [
  41 |     { initials: "CT", name: "Carla Lider Tecnica", date: "10 de agosto - ha 11 dias", area...

Parsing ecmascript source code failed

Import trace:
  Server Component:
    ./src/components/dashboard/dashboard-grid.tsx
    ./src/app/dashboard/page.tsx @ http://localhost:3000/_next/static/chunks/node_modules_next_dist_1gdrd03._.js:1817
[   58925ms] [ERROR] ./src/components/dashboard/dashboard-grid.tsx:38:3
Error: Expression expected
  36 |     { initials: "EO", name: "Elena Product Owner", date: "22 de agosto - amanha", area: "E...
  37 |     { initials: "IR", name: "Isabela RH", date: "28 de agosto - em 7 dias", area: "Engenha...
> 38 |   };
     |   ^
  39 |
  40 |   const passedBirthdays = [
  41 |     { initials: "CT", name: "Carla Lider Tecnica", date: "10 de agosto - ha 11 dias", area...

Parsing ecmascript source code failed

Import trace:
  Server Component:
    ./src/components/dashboard/dashboard-grid.tsx
    ./src/app/dashboard/page.tsx @ http://localhost:3000/_next/static/chunks/node_modules_next_dist_1gdrd03._.js:1817
[   58973ms] [ERROR] ./src/components/dashboard/dashboard-grid.tsx:38:3
Error: Expression expected
  36 |     { initials: "EO", name: "Elena Product Owner", date: "22 de agosto - amanha", area: "E...
  37 |     { initials: "IR", name: "Isabela RH", date: "28 de agosto - em 7 dias", area: "Engenha...
> 38 |   };
     |   ^
  39 |
  40 |   const passedBirthdays = [
  41 |     { initials: "CT", name: "Carla Lider Tecnica", date: "10 de agosto - ha 11 dias", area...

Parsing ecmascript source code failed

Import trace:
  Server Component:
    ./src/components/dashboard/dashboard-grid.tsx
    ./src/app/dashboard/page.tsx @ http://localhost:3000/_next/static/chunks/node_modules_next_dist_1gdrd03._.js:1817
[   59037ms] [ERROR] ./src/components/dashboard/dashboard-grid.tsx:38:3
Error: Expression expected
  36 |     { initials: "EO", name: "Elena Product Owner", date: "22 de agosto - amanha", area: "E...
  37 |     { initials: "IR", name: "Isabela RH", date: "28 de agosto - em 7 dias", area: "Engenha...
> 38 |   };
     |   ^
  39 |
  40 |   const passedBirthdays = [
  41 |     { initials: "CT", name: "Carla Lider Tecnica", date: "10 de agosto - ha 11 dias", area...

Parsing ecmascript source code failed

Import trace:
  Server Component:
    ./src/components/dashboard/dashboard-grid.tsx
    ./src/app/dashboard/page.tsx @ http://localhost:3000/_next/static/chunks/node_modules_next_dist_1gdrd03._.js:1817
[   59100ms] [ERROR] ./src/components/dashboard/dashboard-grid.tsx:38:3
Error: Expression expected
  36 |     { initials: "EO", name: "Elena Product Owner", date: "22 de agosto - amanha", area: "E...
  37 |     { initials: "IR", name: "Isabela RH", date: "28 de agosto - em 7 dias", area: "Engenha...
> 38 |   };
     |   ^
  39 |
  40 |   const passedBirthdays = [
  41 |     { initials: "CT", name: "Carla Lider Tecnica", date: "10 de agosto - ha 11 dias", area...

Parsing ecmascript source code failed

Import trace:
  Server Component:
    ./src/components/dashboard/dashboard-grid.tsx
    ./src/app/dashboard/page.tsx @ http://localhost:3000/_next/static/chunks/node_modules_next_dist_1gdrd03._.js:1817
[   59163ms] [ERROR] ./src/components/dashboard/dashboard-grid.tsx:38:3
Error: Expression expected
  36 |     { initials: "EO", name: "Elena Product Owner", date: "22 de agosto - amanha", area: "E...
  37 |     { initials: "IR", name: "Isabela RH", date: "28 de agosto - em 7 dias", area: "Engenha...
> 38 |   };
     |   ^
  39 |
  40 |   const passedBirthdays = [
  41 |     { initials: "CT", name: "Carla Lider Tecnica", date: "10 de agosto - ha 11 dias", area...

Parsing ecmascript source code failed

Import trace:
  Server Component:
    ./src/components/dashboard/dashboard-grid.tsx
    ./src/app/dashboard/page.tsx @ http://localhost:3000/_next/static/chunks/node_modules_next_dist_1gdrd03._.js:1817
[   59213ms] [ERROR] ./src/components/dashboard/dashboard-grid.tsx:38:3
Error: Expression expected
  36 |     { initials: "EO", name: "Elena Product Owner", date: "22 de agosto - amanha", area: "E...
  37 |     { initials: "IR", name: "Isabela RH", date: "28 de agosto - em 7 dias", area: "Engenha...
> 38 |   };
     |   ^
  39 |
  40 |   const passedBirthdays = [
  41 |     { initials: "CT", name: "Carla Lider Tecnica", date: "10 de agosto - ha 11 dias", area...

Parsing ecmascript source code failed

Import trace:
  Server Component:
    ./src/components/dashboard/dashboard-grid.tsx
    ./src/app/dashboard/page.tsx @ http://localhost:3000/_next/static/chunks/node_modules_next_dist_1gdrd03._.js:1817
[   59261ms] [ERROR] ./src/components/dashboard/dashboard-grid.tsx:38:3
Error: Expression expected
  36 |     { initials: "EO", name: "Elena Product Owner", date: "22 de agosto - amanha", area: "E...
  37 |     { initials: "IR", name: "Isabela RH", date: "28 de agosto - em 7 dias", area: "Engenha...
> 38 |   };
     |   ^
  39 |
  40 |   const passedBirthdays = [
  41 |     { initials: "CT", name: "Carla Lider Tecnica", date: "10 de agosto - ha 11 dias", area...

Parsing ecmascript source code failed

Import trace:
  Server Component:
    ./src/components/dashboard/dashboard-grid.tsx
    ./src/app/dashboard/page.tsx @ http://localhost:3000/_next/static/chunks/node_modules_next_dist_1gdrd03._.js:1817
[   59310ms] [ERROR] ./src/components/dashboard/dashboard-grid.tsx:38:3
Error: Expression expected
  36 |     { initials: "EO", name: "Elena Product Owner", date: "22 de agosto - amanha", area: "E...
  37 |     { initials: "IR", name: "Isabela RH", date: "28 de agosto - em 7 dias", area: "Engenha...
> 38 |   };
     |   ^
  39 |
  40 |   const passedBirthdays = [
  41 |     { initials: "CT", name: "Carla Lider Tecnica", date: "10 de agosto - ha 11 dias", area...

Parsing ecmascript source code failed

Import trace:
  Server Component:
    ./src/components/dashboard/dashboard-grid.tsx
    ./src/app/dashboard/page.tsx @ http://localhost:3000/_next/static/chunks/node_modules_next_dist_1gdrd03._.js:1817
[   59374ms] [ERROR] ./src/components/dashboard/dashboard-grid.tsx:38:3
Error: Expression expected
  36 |     { initials: "EO", name: "Elena Product Owner", date: "22 de agosto - amanha", area: "E...
  37 |     { initials: "IR", name: "Isabela RH", date: "28 de agosto - em 7 dias", area: "Engenha...
> 38 |   };
     |   ^
  39 |
  40 |   const passedBirthdays = [
  41 |     { initials: "CT", name: "Carla Lider Tecnica", date: "10 de agosto - ha 11 dias", area...

Parsing ecmascript source code failed

Import trace:
  Server Component:
    ./src/components/dashboard/dashboard-grid.tsx
    ./src/app/dashboard/page.tsx @ http://localhost:3000/_next/static/chunks/node_modules_next_dist_1gdrd03._.js:1817
[   59423ms] [ERROR] ./src/components/dashboard/dashboard-grid.tsx:38:3
Error: Expression expected
  36 |     { initials: "EO", name: "Elena Product Owner", date: "22 de agosto - amanha", area: "E...
  37 |     { initials: "IR", name: "Isabela RH", date: "28 de agosto - em 7 dias", area: "Engenha...
> 38 |   };
     |   ^
  39 |
  40 |   const passedBirthdays = [
  41 |     { initials: "CT", name: "Carla Lider Tecnica", date: "10 de agosto - ha 11 dias", area...

Parsing ecmascript source code failed

Import trace:
  Server Component:
    ./src/components/dashboard/dashboard-grid.tsx
    ./src/app/dashboard/page.tsx @ http://localhost:3000/_next/static/chunks/node_modules_next_dist_1gdrd03._.js:1817
[   59487ms] [ERROR] ./src/components/dashboard/dashboard-grid.tsx:38:3
Error: Expression expected
  36 |     { initials: "EO", name: "Elena Product Owner", date: "22 de agosto - amanha", area: "E...
  37 |     { initials: "IR", name: "Isabela RH", date: "28 de agosto - em 7 dias", area: "Engenha...
> 38 |   };
     |   ^
  39 |
  40 |   const passedBirthdays = [
  41 |     { initials: "CT", name: "Carla Lider Tecnica", date: "10 de agosto - ha 11 dias", area...

Parsing ecmascript source code failed

Import trace:
  Server Component:
    ./src/components/dashboard/dashboard-grid.tsx
    ./src/app/dashboard/page.tsx @ http://localhost:3000/_next/static/chunks/node_modules_next_dist_1gdrd03._.js:1817
[   59550ms] [ERROR] ./src/components/dashboard/dashboard-grid.tsx:38:3
Error: Expression expected
  36 |     { initials: "EO", name: "Elena Product Owner", date: "22 de agosto - amanha", area: "E...
  37 |     { initials: "IR", name: "Isabela RH", date: "28 de agosto - em 7 dias", area: "Engenha...
> 38 |   };
     |   ^
  39 |
  40 |   const passedBirthdays = [
  41 |     { initials: "CT", name: "Carla Lider Tecnica", date: "10 de agosto - ha 11 dias", area...

Parsing ecmascript source code failed

Import trace:
  Server Component:
    ./src/components/dashboard/dashboard-grid.tsx
    ./src/app/dashboard/page.tsx @ http://localhost:3000/_next/static/chunks/node_modules_next_dist_1gdrd03._.js:1817
[   59599ms] [ERROR] ./src/components/dashboard/dashboard-grid.tsx:38:3
Error: Expression expected
  36 |     { initials: "EO", name: "Elena Product Owner", date: "22 de agosto - amanha", area: "E...
  37 |     { initials: "IR", name: "Isabela RH", date: "28 de agosto - em 7 dias", area: "Engenha...
> 38 |   };
     |   ^
  39 |
  40 |   const passedBirthdays = [
  41 |     { initials: "CT", name: "Carla Lider Tecnica", date: "10 de agosto - ha 11 dias", area...

Parsing ecmascript source code failed

Import trace:
  Server Component:
    ./src/components/dashboard/dashboard-grid.tsx
    ./src/app/dashboard/page.tsx @ http://localhost:3000/_next/static/chunks/node_modules_next_dist_1gdrd03._.js:1817
[   59649ms] [ERROR] ./src/components/dashboard/dashboard-grid.tsx:38:3
Error: Expression expected
  36 |     { initials: "EO", name: "Elena Product Owner", date: "22 de agosto - amanha", area: "E...
  37 |     { initials: "IR", name: "Isabela RH", date: "28 de agosto - em 7 dias", area: "Engenha...
> 38 |   };
     |   ^
  39 |
  40 |   const passedBirthdays = [
  41 |     { initials: "CT", name: "Carla Lider Tecnica", date: "10 de agosto - ha 11 dias", area...

Parsing ecmascript source code failed

Import trace:
  Server Component:
    ./src/components/dashboard/dashboard-grid.tsx
    ./src/app/dashboard/page.tsx @ http://localhost:3000/_next/static/chunks/node_modules_next_dist_1gdrd03._.js:1817
[   59698ms] [ERROR] ./src/components/dashboard/dashboard-grid.tsx:38:3
Error: Expression expected
  36 |     { initials: "EO", name: "Elena Product Owner", date: "22 de agosto - amanha", area: "E...
  37 |     { initials: "IR", name: "Isabela RH", date: "28 de agosto - em 7 dias", area: "Engenha...
> 38 |   };
     |   ^
  39 |
  40 |   const passedBirthdays = [
  41 |     { initials: "CT", name: "Carla Lider Tecnica", date: "10 de agosto - ha 11 dias", area...

Parsing ecmascript source code failed

Import trace:
  Server Component:
    ./src/components/dashboard/dashboard-grid.tsx
    ./src/app/dashboard/page.tsx @ http://localhost:3000/_next/static/chunks/node_modules_next_dist_1gdrd03._.js:1817
[   59750ms] [ERROR] ./src/components/dashboard/dashboard-grid.tsx:38:3
Error: Expression expected
  36 |     { initials: "EO", name: "Elena Product Owner", date: "22 de agosto - amanha", area: "E...
  37 |     { initials: "IR", name: "Isabela RH", date: "28 de agosto - em 7 dias", area: "Engenha...
> 38 |   };
     |   ^
  39 |
  40 |   const passedBirthdays = [
  41 |     { initials: "CT", name: "Carla Lider Tecnica", date: "10 de agosto - ha 11 dias", area...

Parsing ecmascript source code failed

Import trace:
  Server Component:
    ./src/components/dashboard/dashboard-grid.tsx
    ./src/app/dashboard/page.tsx @ http://localhost:3000/_next/static/chunks/node_modules_next_dist_1gdrd03._.js:1817
[   59800ms] [ERROR] ./src/components/dashboard/dashboard-grid.tsx:38:3
Error: Expression expected
  36 |     { initials: "EO", name: "Elena Product Owner", date: "22 de agosto - amanha", area: "E...
  37 |     { initials: "IR", name: "Isabela RH", date: "28 de agosto - em 7 dias", area: "Engenha...
> 38 |   };
     |   ^
  39 |
  40 |   const passedBirthdays = [
  41 |     { initials: "CT", name: "Carla Lider Tecnica", date: "10 de agosto - ha 11 dias", area...

Parsing ecmascript source code failed

Import trace:
  Server Component:
    ./src/components/dashboard/dashboard-grid.tsx
    ./src/app/dashboard/page.tsx @ http://localhost:3000/_next/static/chunks/node_modules_next_dist_1gdrd03._.js:1817
[   59864ms] [ERROR] ./src/components/dashboard/dashboard-grid.tsx:38:3
Error: Expression expected
  36 |     { initials: "EO", name: "Elena Product Owner", date: "22 de agosto - amanha", area: "E...
  37 |     { initials: "IR", name: "Isabela RH", date: "28 de agosto - em 7 dias", area: "Engenha...
> 38 |   };
     |   ^
  39 |
  40 |   const passedBirthdays = [
  41 |     { initials: "CT", name: "Carla Lider Tecnica", date: "10 de agosto - ha 11 dias", area...

Parsing ecmascript source code failed

Import trace:
  Server Component:
    ./src/components/dashboard/dashboard-grid.tsx
    ./src/app/dashboard/page.tsx @ http://localhost:3000/_next/static/chunks/node_modules_next_dist_1gdrd03._.js:1817
[   59914ms] [ERROR] ./src/components/dashboard/dashboard-grid.tsx:38:3
Error: Expression expected
  36 |     { initials: "EO", name: "Elena Product Owner", date: "22 de agosto - amanha", area: "E...
  37 |     { initials: "IR", name: "Isabela RH", date: "28 de agosto - em 7 dias", area: "Engenha...
> 38 |   };
     |   ^
  39 |
  40 |   const passedBirthdays = [
  41 |     { initials: "CT", name: "Carla Lider Tecnica", date: "10 de agosto - ha 11 dias", area...

Parsing ecmascript source code failed

Import trace:
  Server Component:
    ./src/components/dashboard/dashboard-grid.tsx
    ./src/app/dashboard/page.tsx @ http://localhost:3000/_next/static/chunks/node_modules_next_dist_1gdrd03._.js:1817
[   59962ms] [ERROR] ./src/components/dashboard/dashboard-grid.tsx:38:3
Error: Expression expected
  36 |     { initials: "EO", name: "Elena Product Owner", date: "22 de agosto - amanha", area: "E...
  37 |     { initials: "IR", name: "Isabela RH", date: "28 de agosto - em 7 dias", area: "Engenha...
> 38 |   };
     |   ^
  39 |
  40 |   const passedBirthdays = [
  41 |     { initials: "CT", name: "Carla Lider Tecnica", date: "10 de agosto - ha 11 dias", area...

Parsing ecmascript source code failed

Import trace:
  Server Component:
    ./src/components/dashboard/dashboard-grid.tsx
    ./src/app/dashboard/page.tsx @ http://localhost:3000/_next/static/chunks/node_modules_next_dist_1gdrd03._.js:1817
[   60011ms] [ERROR] ./src/components/dashboard/dashboard-grid.tsx:38:3
Error: Expression expected
  36 |     { initials: "EO", name: "Elena Product Owner", date: "22 de agosto - amanha", area: "E...
  37 |     { initials: "IR", name: "Isabela RH", date: "28 de agosto - em 7 dias", area: "Engenha...
> 38 |   };
     |   ^
  39 |
  40 |   const passedBirthdays = [
  41 |     { initials: "CT", name: "Carla Lider Tecnica", date: "10 de agosto - ha 11 dias", area...

Parsing ecmascript source code failed

Import trace:
  Server Component:
    ./src/components/dashboard/dashboard-grid.tsx
    ./src/app/dashboard/page.tsx @ http://localhost:3000/_next/static/chunks/node_modules_next_dist_1gdrd03._.js:1817
[   60058ms] [ERROR] ./src/components/dashboard/dashboard-grid.tsx:38:3
Error: Expression expected
  36 |     { initials: "EO", name: "Elena Product Owner", date: "22 de agosto - amanha", area: "E...
  37 |     { initials: "IR", name: "Isabela RH", date: "28 de agosto - em 7 dias", area: "Engenha...
> 38 |   };
     |   ^
  39 |
  40 |   const passedBirthdays = [
  41 |     { initials: "CT", name: "Carla Lider Tecnica", date: "10 de agosto - ha 11 dias", area...

Parsing ecmascript source code failed

Import trace:
  Server Component:
    ./src/components/dashboard/dashboard-grid.tsx
    ./src/app/dashboard/page.tsx @ http://localhost:3000/_next/static/chunks/node_modules_next_dist_1gdrd03._.js:1817
[   60122ms] [ERROR] ./src/components/dashboard/dashboard-grid.tsx:38:3
Error: Expression expected
  36 |     { initials: "EO", name: "Elena Product Owner", date: "22 de agosto - amanha", area: "E...
  37 |     { initials: "IR", name: "Isabela RH", date: "28 de agosto - em 7 dias", area: "Engenha...
> 38 |   };
     |   ^
  39 |
  40 |   const passedBirthdays = [
  41 |     { initials: "CT", name: "Carla Lider Tecnica", date: "10 de agosto - ha 11 dias", area...

Parsing ecmascript source code failed

Import trace:
  Server Component:
    ./src/components/dashboard/dashboard-grid.tsx
    ./src/app/dashboard/page.tsx @ http://localhost:3000/_next/static/chunks/node_modules_next_dist_1gdrd03._.js:1817
[   60170ms] [ERROR] ./src/components/dashboard/dashboard-grid.tsx:38:3
Error: Expression expected
  36 |     { initials: "EO", name: "Elena Product Owner", date: "22 de agosto - amanha", area: "E...
  37 |     { initials: "IR", name: "Isabela RH", date: "28 de agosto - em 7 dias", area: "Engenha...
> 38 |   };
     |   ^
  39 |
  40 |   const passedBirthdays = [
  41 |     { initials: "CT", name: "Carla Lider Tecnica", date: "10 de agosto - ha 11 dias", area...

Parsing ecmascript source code failed

Import trace:
  Server Component:
    ./src/components/dashboard/dashboard-grid.tsx
    ./src/app/dashboard/page.tsx @ http://localhost:3000/_next/static/chunks/node_modules_next_dist_1gdrd03._.js:1817
[   60218ms] [ERROR] ./src/components/dashboard/dashboard-grid.tsx:38:3
Error: Expression expected
  36 |     { initials: "EO", name: "Elena Product Owner", date: "22 de agosto - amanha", area: "E...
  37 |     { initials: "IR", name: "Isabela RH", date: "28 de agosto - em 7 dias", area: "Engenha...
> 38 |   };
     |   ^
  39 |
  40 |   const passedBirthdays = [
  41 |     { initials: "CT", name: "Carla Lider Tecnica", date: "10 de agosto - ha 11 dias", area...

Parsing ecmascript source code failed

Import trace:
  Server Component:
    ./src/components/dashboard/dashboard-grid.tsx
    ./src/app/dashboard/page.tsx @ http://localhost:3000/_next/static/chunks/node_modules_next_dist_1gdrd03._.js:1817
[   60268ms] [ERROR] ./src/components/dashboard/dashboard-grid.tsx:38:3
Error: Expression expected
  36 |     { initials: "EO", name: "Elena Product Owner", date: "22 de agosto - amanha", area: "E...
  37 |     { initials: "IR", name: "Isabela RH", date: "28 de agosto - em 7 dias", area: "Engenha...
> 38 |   };
     |   ^
  39 |
  40 |   const passedBirthdays = [
  41 |     { initials: "CT", name: "Carla Lider Tecnica", date: "10 de agosto - ha 11 dias", area...

Parsing ecmascript source code failed

Import trace:
  Server Component:
    ./src/components/dashboard/dashboard-grid.tsx
    ./src/app/dashboard/page.tsx @ http://localhost:3000/_next/static/chunks/node_modules_next_dist_1gdrd03._.js:1817
[   60316ms] [ERROR] ./src/components/dashboard/dashboard-grid.tsx:38:3
Error: Expression expected
  36 |     { initials: "EO", name: "Elena Product Owner", date: "22 de agosto - amanha", area: "E...
  37 |     { initials: "IR", name: "Isabela RH", date: "28 de agosto - em 7 dias", area: "Engenha...
> 38 |   };
     |   ^
  39 |
  40 |   const passedBirthdays = [
  41 |     { initials: "CT", name: "Carla Lider Tecnica", date: "10 de agosto - ha 11 dias", area...

Parsing ecmascript source code failed

Import trace:
  Server Component:
    ./src/components/dashboard/dashboard-grid.tsx
    ./src/app/dashboard/page.tsx @ http://localhost:3000/_next/static/chunks/node_modules_next_dist_1gdrd03._.js:1817
[   60366ms] [ERROR] ./src/components/dashboard/dashboard-grid.tsx:38:3
Error: Expression expected
  36 |     { initials: "EO", name: "Elena Product Owner", date: "22 de agosto - amanha", area: "E...
  37 |     { initials: "IR", name: "Isabela RH", date: "28 de agosto - em 7 dias", area: "Engenha...
> 38 |   };
     |   ^
  39 |
  40 |   const passedBirthdays = [
  41 |     { initials: "CT", name: "Carla Lider Tecnica", date: "10 de agosto - ha 11 dias", area...

Parsing ecmascript source code failed

Import trace:
  Server Component:
    ./src/components/dashboard/dashboard-grid.tsx
    ./src/app/dashboard/page.tsx @ http://localhost:3000/_next/static/chunks/node_modules_next_dist_1gdrd03._.js:1817
[   60414ms] [ERROR] ./src/components/dashboard/dashboard-grid.tsx:38:3
Error: Expression expected
  36 |     { initials: "EO", name: "Elena Product Owner", date: "22 de agosto - amanha", area: "E...
  37 |     { initials: "IR", name: "Isabela RH", date: "28 de agosto - em 7 dias", area: "Engenha...
> 38 |   };
     |   ^
  39 |
  40 |   const passedBirthdays = [
  41 |     { initials: "CT", name: "Carla Lider Tecnica", date: "10 de agosto - ha 11 dias", area...

Parsing ecmascript source code failed

Import trace:
  Server Component:
    ./src/components/dashboard/dashboard-grid.tsx
    ./src/app/dashboard/page.tsx @ http://localhost:3000/_next/static/chunks/node_modules_next_dist_1gdrd03._.js:1817
[   60463ms] [ERROR] ./src/components/dashboard/dashboard-grid.tsx:38:3
Error: Expression expected
  36 |     { initials: "EO", name: "Elena Product Owner", date: "22 de agosto - amanha", area: "E...
  37 |     { initials: "IR", name: "Isabela RH", date: "28 de agosto - em 7 dias", area: "Engenha...
> 38 |   };
     |   ^
  39 |
  40 |   const passedBirthdays = [
  41 |     { initials: "CT", name: "Carla Lider Tecnica", date: "10 de agosto - ha 11 dias", area...

Parsing ecmascript source code failed

Import trace:
  Server Component:
    ./src/components/dashboard/dashboard-grid.tsx
    ./src/app/dashboard/page.tsx @ http://localhost:3000/_next/static/chunks/node_modules_next_dist_1gdrd03._.js:1817
[   60526ms] [ERROR] ./src/components/dashboard/dashboard-grid.tsx:38:3
Error: Expression expected
  36 |     { initials: "EO", name: "Elena Product Owner", date: "22 de agosto - amanha", area: "E...
  37 |     { initials: "IR", name: "Isabela RH", date: "28 de agosto - em 7 dias", area: "Engenha...
> 38 |   };
     |   ^
  39 |
  40 |   const passedBirthdays = [
  41 |     { initials: "CT", name: "Carla Lider Tecnica", date: "10 de agosto - ha 11 dias", area...

Parsing ecmascript source code failed

Import trace:
  Server Component:
    ./src/components/dashboard/dashboard-grid.tsx
    ./src/app/dashboard/page.tsx @ http://localhost:3000/_next/static/chunks/node_modules_next_dist_1gdrd03._.js:1817
[   60591ms] [ERROR] ./src/components/dashboard/dashboard-grid.tsx:38:3
Error: Expression expected
  36 |     { initials: "EO", name: "Elena Product Owner", date: "22 de agosto - amanha", area: "E...
  37 |     { initials: "IR", name: "Isabela RH", date: "28 de agosto - em 7 dias", area: "Engenha...
> 38 |   };
     |   ^
  39 |
  40 |   const passedBirthdays = [
  41 |     { initials: "CT", name: "Carla Lider Tecnica", date: "10 de agosto - ha 11 dias", area...

Parsing ecmascript source code failed

Import trace:
  Server Component:
    ./src/components/dashboard/dashboard-grid.tsx
    ./src/app/dashboard/page.tsx @ http://localhost:3000/_next/static/chunks/node_modules_next_dist_1gdrd03._.js:1817
[   60656ms] [ERROR] ./src/components/dashboard/dashboard-grid.tsx:38:3
Error: Expression expected
  36 |     { initials: "EO", name: "Elena Product Owner", date: "22 de agosto - amanha", area: "E...
  37 |     { initials: "IR", name: "Isabela RH", date: "28 de agosto - em 7 dias", area: "Engenha...
> 38 |   };
     |   ^
  39 |
  40 |   const passedBirthdays = [
  41 |     { initials: "CT", name: "Carla Lider Tecnica", date: "10 de agosto - ha 11 dias", area...

Parsing ecmascript source code failed

Import trace:
  Server Component:
    ./src/components/dashboard/dashboard-grid.tsx
    ./src/app/dashboard/page.tsx @ http://localhost:3000/_next/static/chunks/node_modules_next_dist_1gdrd03._.js:1817
[   60718ms] [ERROR] ./src/components/dashboard/dashboard-grid.tsx:38:3
Error: Expression expected
  36 |     { initials: "EO", name: "Elena Product Owner", date: "22 de agosto - amanha", area: "E...
  37 |     { initials: "IR", name: "Isabela RH", date: "28 de agosto - em 7 dias", area: "Engenha...
> 38 |   };
     |   ^
  39 |
  40 |   const passedBirthdays = [
  41 |     { initials: "CT", name: "Carla Lider Tecnica", date: "10 de agosto - ha 11 dias", area...

Parsing ecmascript source code failed

Import trace:
  Server Component:
    ./src/components/dashboard/dashboard-grid.tsx
    ./src/app/dashboard/page.tsx @ http://localhost:3000/_next/static/chunks/node_modules_next_dist_1gdrd03._.js:1817
[   60782ms] [ERROR] ./src/components/dashboard/dashboard-grid.tsx:38:3
Error: Expression expected
  36 |     { initials: "EO", name: "Elena Product Owner", date: "22 de agosto - amanha", area: "E...
  37 |     { initials: "IR", name: "Isabela RH", date: "28 de agosto - em 7 dias", area: "Engenha...
> 38 |   };
     |   ^
  39 |
  40 |   const passedBirthdays = [
  41 |     { initials: "CT", name: "Carla Lider Tecnica", date: "10 de agosto - ha 11 dias", area...

Parsing ecmascript source code failed

Import trace:
  Server Component:
    ./src/components/dashboard/dashboard-grid.tsx
    ./src/app/dashboard/page.tsx @ http://localhost:3000/_next/static/chunks/node_modules_next_dist_1gdrd03._.js:1817
[   60832ms] [ERROR] ./src/components/dashboard/dashboard-grid.tsx:38:3
Error: Expression expected
  36 |     { initials: "EO", name: "Elena Product Owner", date: "22 de agosto - amanha", area: "E...
  37 |     { initials: "IR", name: "Isabela RH", date: "28 de agosto - em 7 dias", area: "Engenha...
> 38 |   };
     |   ^
  39 |
  40 |   const passedBirthdays = [
  41 |     { initials: "CT", name: "Carla Lider Tecnica", date: "10 de agosto - ha 11 dias", area...

Parsing ecmascript source code failed

Import trace:
  Server Component:
    ./src/components/dashboard/dashboard-grid.tsx
    ./src/app/dashboard/page.tsx @ http://localhost:3000/_next/static/chunks/node_modules_next_dist_1gdrd03._.js:1817
[   60880ms] [ERROR] ./src/components/dashboard/dashboard-grid.tsx:38:3
Error: Expression expected
  36 |     { initials: "EO", name: "Elena Product Owner", date: "22 de agosto - amanha", area: "E...
  37 |     { initials: "IR", name: "Isabela RH", date: "28 de agosto - em 7 dias", area: "Engenha...
> 38 |   };
     |   ^
  39 |
  40 |   const passedBirthdays = [
  41 |     { initials: "CT", name: "Carla Lider Tecnica", date: "10 de agosto - ha 11 dias", area...

Parsing ecmascript source code failed

Import trace:
  Server Component:
    ./src/components/dashboard/dashboard-grid.tsx
    ./src/app/dashboard/page.tsx @ http://localhost:3000/_next/static/chunks/node_modules_next_dist_1gdrd03._.js:1817
[   60929ms] [ERROR] ./src/components/dashboard/dashboard-grid.tsx:38:3
Error: Expression expected
  36 |     { initials: "EO", name: "Elena Product Owner", date: "22 de agosto - amanha", area: "E...
  37 |     { initials: "IR", name: "Isabela RH", date: "28 de agosto - em 7 dias", area: "Engenha...
> 38 |   };
     |   ^
  39 |
  40 |   const passedBirthdays = [
  41 |     { initials: "CT", name: "Carla Lider Tecnica", date: "10 de agosto - ha 11 dias", area...

Parsing ecmascript source code failed

Import trace:
  Server Component:
    ./src/components/dashboard/dashboard-grid.tsx
    ./src/app/dashboard/page.tsx @ http://localhost:3000/_next/static/chunks/node_modules_next_dist_1gdrd03._.js:1817
[   60978ms] [ERROR] ./src/components/dashboard/dashboard-grid.tsx:38:3
Error: Expression expected
  36 |     { initials: "EO", name: "Elena Product Owner", date: "22 de agosto - amanha", area: "E...
  37 |     { initials: "IR", name: "Isabela RH", date: "28 de agosto - em 7 dias", area: "Engenha...
> 38 |   };
     |   ^
  39 |
  40 |   const passedBirthdays = [
  41 |     { initials: "CT", name: "Carla Lider Tecnica", date: "10 de agosto - ha 11 dias", area...

Parsing ecmascript source code failed

Import trace:
  Server Component:
    ./src/components/dashboard/dashboard-grid.tsx
    ./src/app/dashboard/page.tsx @ http://localhost:3000/_next/static/chunks/node_modules_next_dist_1gdrd03._.js:1817
[   61042ms] [ERROR] ./src/components/dashboard/dashboard-grid.tsx:38:3
Error: Expression expected
  36 |     { initials: "EO", name: "Elena Product Owner", date: "22 de agosto - amanha", area: "E...
  37 |     { initials: "IR", name: "Isabela RH", date: "28 de agosto - em 7 dias", area: "Engenha...
> 38 |   };
     |   ^
  39 |
  40 |   const passedBirthdays = [
  41 |     { initials: "CT", name: "Carla Lider Tecnica", date: "10 de agosto - ha 11 dias", area...

Parsing ecmascript source code failed

Import trace:
  Server Component:
    ./src/components/dashboard/dashboard-grid.tsx
    ./src/app/dashboard/page.tsx @ http://localhost:3000/_next/static/chunks/node_modules_next_dist_1gdrd03._.js:1817
[   61091ms] [ERROR] ./src/components/dashboard/dashboard-grid.tsx:38:3
Error: Expression expected
  36 |     { initials: "EO", name: "Elena Product Owner", date: "22 de agosto - amanha", area: "E...
  37 |     { initials: "IR", name: "Isabela RH", date: "28 de agosto - em 7 dias", area: "Engenha...
> 38 |   };
     |   ^
  39 |
  40 |   const passedBirthdays = [
  41 |     { initials: "CT", name: "Carla Lider Tecnica", date: "10 de agosto - ha 11 dias", area...

Parsing ecmascript source code failed

Import trace:
  Server Component:
    ./src/components/dashboard/dashboard-grid.tsx
    ./src/app/dashboard/page.tsx @ http://localhost:3000/_next/static/chunks/node_modules_next_dist_1gdrd03._.js:1817
[   61139ms] [ERROR] ./src/components/dashboard/dashboard-grid.tsx:38:3
Error: Expression expected
  36 |     { initials: "EO", name: "Elena Product Owner", date: "22 de agosto - amanha", area: "E...
  37 |     { initials: "IR", name: "Isabela RH", date: "28 de agosto - em 7 dias", area: "Engenha...
> 38 |   };
     |   ^
  39 |
  40 |   const passedBirthdays = [
  41 |     { initials: "CT", name: "Carla Lider Tecnica", date: "10 de agosto - ha 11 dias", area...

Parsing ecmascript source code failed

Import trace:
  Server Component:
    ./src/components/dashboard/dashboard-grid.tsx
    ./src/app/dashboard/page.tsx @ http://localhost:3000/_next/static/chunks/node_modules_next_dist_1gdrd03._.js:1817
[   61202ms] [ERROR] ./src/components/dashboard/dashboard-grid.tsx:38:3
Error: Expression expected
  36 |     { initials: "EO", name: "Elena Product Owner", date: "22 de agosto - amanha", area: "E...
  37 |     { initials: "IR", name: "Isabela RH", date: "28 de agosto - em 7 dias", area: "Engenha...
> 38 |   };
     |   ^
  39 |
  40 |   const passedBirthdays = [
  41 |     { initials: "CT", name: "Carla Lider Tecnica", date: "10 de agosto - ha 11 dias", area...

Parsing ecmascript source code failed

Import trace:
  Server Component:
    ./src/components/dashboard/dashboard-grid.tsx
    ./src/app/dashboard/page.tsx @ http://localhost:3000/_next/static/chunks/node_modules_next_dist_1gdrd03._.js:1817
[   61251ms] [ERROR] ./src/components/dashboard/dashboard-grid.tsx:38:3
Error: Expression expected
  36 |     { initials: "EO", name: "Elena Product Owner", date: "22 de agosto - amanha", area: "E...
  37 |     { initials: "IR", name: "Isabela RH", date: "28 de agosto - em 7 dias", area: "Engenha...
> 38 |   };
     |   ^
  39 |
  40 |   const passedBirthdays = [
  41 |     { initials: "CT", name: "Carla Lider Tecnica", date: "10 de agosto - ha 11 dias", area...

Parsing ecmascript source code failed

Import trace:
  Server Component:
    ./src/components/dashboard/dashboard-grid.tsx
    ./src/app/dashboard/page.tsx @ http://localhost:3000/_next/static/chunks/node_modules_next_dist_1gdrd03._.js:1817
[   61299ms] [ERROR] ./src/components/dashboard/dashboard-grid.tsx:38:3
Error: Expression expected
  36 |     { initials: "EO", name: "Elena Product Owner", date: "22 de agosto - amanha", area: "E...
  37 |     { initials: "IR", name: "Isabela RH", date: "28 de agosto - em 7 dias", area: "Engenha...
> 38 |   };
     |   ^
  39 |
  40 |   const passedBirthdays = [
  41 |     { initials: "CT", name: "Carla Lider Tecnica", date: "10 de agosto - ha 11 dias", area...

Parsing ecmascript source code failed

Import trace:
  Server Component:
    ./src/components/dashboard/dashboard-grid.tsx
    ./src/app/dashboard/page.tsx @ http://localhost:3000/_next/static/chunks/node_modules_next_dist_1gdrd03._.js:1817
[   61348ms] [ERROR] ./src/components/dashboard/dashboard-grid.tsx:38:3
Error: Expression expected
  36 |     { initials: "EO", name: "Elena Product Owner", date: "22 de agosto - amanha", area: "E...
  37 |     { initials: "IR", name: "Isabela RH", date: "28 de agosto - em 7 dias", area: "Engenha...
> 38 |   };
     |   ^
  39 |
  40 |   const passedBirthdays = [
  41 |     { initials: "CT", name: "Carla Lider Tecnica", date: "10 de agosto - ha 11 dias", area...

Parsing ecmascript source code failed

Import trace:
  Server Component:
    ./src/components/dashboard/dashboard-grid.tsx
    ./src/app/dashboard/page.tsx @ http://localhost:3000/_next/static/chunks/node_modules_next_dist_1gdrd03._.js:1817
[   61413ms] [ERROR] ./src/components/dashboard/dashboard-grid.tsx:38:3
Error: Expression expected
  36 |     { initials: "EO", name: "Elena Product Owner", date: "22 de agosto - amanha", area: "E...
  37 |     { initials: "IR", name: "Isabela RH", date: "28 de agosto - em 7 dias", area: "Engenha...
> 38 |   };
     |   ^
  39 |
  40 |   const passedBirthdays = [
  41 |     { initials: "CT", name: "Carla Lider Tecnica", date: "10 de agosto - ha 11 dias", area...

Parsing ecmascript source code failed

Import trace:
  Server Component:
    ./src/components/dashboard/dashboard-grid.tsx
    ./src/app/dashboard/page.tsx @ http://localhost:3000/_next/static/chunks/node_modules_next_dist_1gdrd03._.js:1817
[   61463ms] [ERROR] ./src/components/dashboard/dashboard-grid.tsx:38:3
Error: Expression expected
  36 |     { initials: "EO", name: "Elena Product Owner", date: "22 de agosto - amanha", area: "E...
  37 |     { initials: "IR", name: "Isabela RH", date: "28 de agosto - em 7 dias", area: "Engenha...
> 38 |   };
     |   ^
  39 |
  40 |   const passedBirthdays = [
  41 |     { initials: "CT", name: "Carla Lider Tecnica", date: "10 de agosto - ha 11 dias", area...

Parsing ecmascript source code failed

Import trace:
  Server Component:
    ./src/components/dashboard/dashboard-grid.tsx
    ./src/app/dashboard/page.tsx @ http://localhost:3000/_next/static/chunks/node_modules_next_dist_1gdrd03._.js:1817
[   61525ms] [ERROR] ./src/components/dashboard/dashboard-grid.tsx:38:3
Error: Expression expected
  36 |     { initials: "EO", name: "Elena Product Owner", date: "22 de agosto - amanha", area: "E...
  37 |     { initials: "IR", name: "Isabela RH", date: "28 de agosto - em 7 dias", area: "Engenha...
> 38 |   };
     |   ^
  39 |
  40 |   const passedBirthdays = [
  41 |     { initials: "CT", name: "Carla Lider Tecnica", date: "10 de agosto - ha 11 dias", area...

Parsing ecmascript source code failed

Import trace:
  Server Component:
    ./src/components/dashboard/dashboard-grid.tsx
    ./src/app/dashboard/page.tsx @ http://localhost:3000/_next/static/chunks/node_modules_next_dist_1gdrd03._.js:1817
[   61589ms] [ERROR] ./src/components/dashboard/dashboard-grid.tsx:38:3
Error: Expression expected
  36 |     { initials: "EO", name: "Elena Product Owner", date: "22 de agosto - amanha", area: "E...
  37 |     { initials: "IR", name: "Isabela RH", date: "28 de agosto - em 7 dias", area: "Engenha...
> 38 |   };
     |   ^
  39 |
  40 |   const passedBirthdays = [
  41 |     { initials: "CT", name: "Carla Lider Tecnica", date: "10 de agosto - ha 11 dias", area...

Parsing ecmascript source code failed

Import trace:
  Server Component:
    ./src/components/dashboard/dashboard-grid.tsx
    ./src/app/dashboard/page.tsx @ http://localhost:3000/_next/static/chunks/node_modules_next_dist_1gdrd03._.js:1817
[   61652ms] [ERROR] ./src/components/dashboard/dashboard-grid.tsx:38:3
Error: Expression expected
  36 |     { initials: "EO", name: "Elena Product Owner", date: "22 de agosto - amanha", area: "E...
  37 |     { initials: "IR", name: "Isabela RH", date: "28 de agosto - em 7 dias", area: "Engenha...
> 38 |   };
     |   ^
  39 |
  40 |   const passedBirthdays = [
  41 |     { initials: "CT", name: "Carla Lider Tecnica", date: "10 de agosto - ha 11 dias", area...

Parsing ecmascript source code failed

Import trace:
  Server Component:
    ./src/components/dashboard/dashboard-grid.tsx
    ./src/app/dashboard/page.tsx @ http://localhost:3000/_next/static/chunks/node_modules_next_dist_1gdrd03._.js:1817
[   61701ms] [ERROR] ./src/components/dashboard/dashboard-grid.tsx:38:3
Error: Expression expected
  36 |     { initials: "EO", name: "Elena Product Owner", date: "22 de agosto - amanha", area: "E...
  37 |     { initials: "IR", name: "Isabela RH", date: "28 de agosto - em 7 dias", area: "Engenha...
> 38 |   };
     |   ^
  39 |
  40 |   const passedBirthdays = [
  41 |     { initials: "CT", name: "Carla Lider Tecnica", date: "10 de agosto - ha 11 dias", area...

Parsing ecmascript source code failed

Import trace:
  Server Component:
    ./src/components/dashboard/dashboard-grid.tsx
    ./src/app/dashboard/page.tsx @ http://localhost:3000/_next/static/chunks/node_modules_next_dist_1gdrd03._.js:1817
[   61750ms] [ERROR] ./src/components/dashboard/dashboard-grid.tsx:38:3
Error: Expression expected
  36 |     { initials: "EO", name: "Elena Product Owner", date: "22 de agosto - amanha", area: "E...
  37 |     { initials: "IR", name: "Isabela RH", date: "28 de agosto - em 7 dias", area: "Engenha...
> 38 |   };
     |   ^
  39 |
  40 |   const passedBirthdays = [
  41 |     { initials: "CT", name: "Carla Lider Tecnica", date: "10 de agosto - ha 11 dias", area...

Parsing ecmascript source code failed

Import trace:
  Server Component:
    ./src/components/dashboard/dashboard-grid.tsx
    ./src/app/dashboard/page.tsx @ http://localhost:3000/_next/static/chunks/node_modules_next_dist_1gdrd03._.js:1817
[   61799ms] [ERROR] ./src/components/dashboard/dashboard-grid.tsx:38:3
Error: Expression expected
  36 |     { initials: "EO", name: "Elena Product Owner", date: "22 de agosto - amanha", area: "E...
  37 |     { initials: "IR", name: "Isabela RH", date: "28 de agosto - em 7 dias", area: "Engenha...
> 38 |   };
     |   ^
  39 |
  40 |   const passedBirthdays = [
  41 |     { initials: "CT", name: "Carla Lider Tecnica", date: "10 de agosto - ha 11 dias", area...

Parsing ecmascript source code failed

Import trace:
  Server Component:
    ./src/components/dashboard/dashboard-grid.tsx
    ./src/app/dashboard/page.tsx @ http://localhost:3000/_next/static/chunks/node_modules_next_dist_1gdrd03._.js:1817
[   61848ms] [ERROR] ./src/components/dashboard/dashboard-grid.tsx:38:3
Error: Expression expected
  36 |     { initials: "EO", name: "Elena Product Owner", date: "22 de agosto - amanha", area: "E...
  37 |     { initials: "IR", name: "Isabela RH", date: "28 de agosto - em 7 dias", area: "Engenha...
> 38 |   };
     |   ^
  39 |
  40 |   const passedBirthdays = [
  41 |     { initials: "CT", name: "Carla Lider Tecnica", date: "10 de agosto - ha 11 dias", area...

Parsing ecmascript source code failed

Import trace:
  Server Component:
    ./src/components/dashboard/dashboard-grid.tsx
    ./src/app/dashboard/page.tsx @ http://localhost:3000/_next/static/chunks/node_modules_next_dist_1gdrd03._.js:1817
[   61897ms] [ERROR] ./src/components/dashboard/dashboard-grid.tsx:38:3
Error: Expression expected
  36 |     { initials: "EO", name: "Elena Product Owner", date: "22 de agosto - amanha", area: "E...
  37 |     { initials: "IR", name: "Isabela RH", date: "28 de agosto - em 7 dias", area: "Engenha...
> 38 |   };
     |   ^
  39 |
  40 |   const passedBirthdays = [
  41 |     { initials: "CT", name: "Carla Lider Tecnica", date: "10 de agosto - ha 11 dias", area...

Parsing ecmascript source code failed

Import trace:
  Server Component:
    ./src/components/dashboard/dashboard-grid.tsx
    ./src/app/dashboard/page.tsx @ http://localhost:3000/_next/static/chunks/node_modules_next_dist_1gdrd03._.js:1817
[   61945ms] [ERROR] ./src/components/dashboard/dashboard-grid.tsx:38:3
Error: Expression expected
  36 |     { initials: "EO", name: "Elena Product Owner", date: "22 de agosto - amanha", area: "E...
  37 |     { initials: "IR", name: "Isabela RH", date: "28 de agosto - em 7 dias", area: "Engenha...
> 38 |   };
     |   ^
  39 |
  40 |   const passedBirthdays = [
  41 |     { initials: "CT", name: "Carla Lider Tecnica", date: "10 de agosto - ha 11 dias", area...

Parsing ecmascript source code failed

Import trace:
  Server Component:
    ./src/components/dashboard/dashboard-grid.tsx
    ./src/app/dashboard/page.tsx @ http://localhost:3000/_next/static/chunks/node_modules_next_dist_1gdrd03._.js:1817
[   61995ms] [ERROR] ./src/components/dashboard/dashboard-grid.tsx:38:3
Error: Expression expected
  36 |     { initials: "EO", name: "Elena Product Owner", date: "22 de agosto - amanha", area: "E...
  37 |     { initials: "IR", name: "Isabela RH", date: "28 de agosto - em 7 dias", area: "Engenha...
> 38 |   };
     |   ^
  39 |
  40 |   const passedBirthdays = [
  41 |     { initials: "CT", name: "Carla Lider Tecnica", date: "10 de agosto - ha 11 dias", area...

Parsing ecmascript source code failed

Import trace:
  Server Component:
    ./src/components/dashboard/dashboard-grid.tsx
    ./src/app/dashboard/page.tsx @ http://localhost:3000/_next/static/chunks/node_modules_next_dist_1gdrd03._.js:1817
[   62042ms] [ERROR] ./src/components/dashboard/dashboard-grid.tsx:38:3
Error: Expression expected
  36 |     { initials: "EO", name: "Elena Product Owner", date: "22 de agosto - amanha", area: "E...
  37 |     { initials: "IR", name: "Isabela RH", date: "28 de agosto - em 7 dias", area: "Engenha...
> 38 |   };
     |   ^
  39 |
  40 |   const passedBirthdays = [
  41 |     { initials: "CT", name: "Carla Lider Tecnica", date: "10 de agosto - ha 11 dias", area...

Parsing ecmascript source code failed

Import trace:
  Server Component:
    ./src/components/dashboard/dashboard-grid.tsx
    ./src/app/dashboard/page.tsx @ http://localhost:3000/_next/static/chunks/node_modules_next_dist_1gdrd03._.js:1817
[   62090ms] [ERROR] ./src/components/dashboard/dashboard-grid.tsx:38:3
Error: Expression expected
  36 |     { initials: "EO", name: "Elena Product Owner", date: "22 de agosto - amanha", area: "E...
  37 |     { initials: "IR", name: "Isabela RH", date: "28 de agosto - em 7 dias", area: "Engenha...
> 38 |   };
     |   ^
  39 |
  40 |   const passedBirthdays = [
  41 |     { initials: "CT", name: "Carla Lider Tecnica", date: "10 de agosto - ha 11 dias", area...

Parsing ecmascript source code failed

Import trace:
  Server Component:
    ./src/components/dashboard/dashboard-grid.tsx
    ./src/app/dashboard/page.tsx @ http://localhost:3000/_next/static/chunks/node_modules_next_dist_1gdrd03._.js:1817
[   62153ms] [ERROR] ./src/components/dashboard/dashboard-grid.tsx:38:3
Error: Expression expected
  36 |     { initials: "EO", name: "Elena Product Owner", date: "22 de agosto - amanha", area: "E...
  37 |     { initials: "IR", name: "Isabela RH", date: "28 de agosto - em 7 dias", area: "Engenha...
> 38 |   };
     |   ^
  39 |
  40 |   const passedBirthdays = [
  41 |     { initials: "CT", name: "Carla Lider Tecnica", date: "10 de agosto - ha 11 dias", area...

Parsing ecmascript source code failed

Import trace:
  Server Component:
    ./src/components/dashboard/dashboard-grid.tsx
    ./src/app/dashboard/page.tsx @ http://localhost:3000/_next/static/chunks/node_modules_next_dist_1gdrd03._.js:1817
[   62201ms] [ERROR] ./src/components/dashboard/dashboard-grid.tsx:38:3
Error: Expression expected
  36 |     { initials: "EO", name: "Elena Product Owner", date: "22 de agosto - amanha", area: "E...
  37 |     { initials: "IR", name: "Isabela RH", date: "28 de agosto - em 7 dias", area: "Engenha...
> 38 |   };
     |   ^
  39 |
  40 |   const passedBirthdays = [
  41 |     { initials: "CT", name: "Carla Lider Tecnica", date: "10 de agosto - ha 11 dias", area...

Parsing ecmascript source code failed

Import trace:
  Server Component:
    ./src/components/dashboard/dashboard-grid.tsx
    ./src/app/dashboard/page.tsx @ http://localhost:3000/_next/static/chunks/node_modules_next_dist_1gdrd03._.js:1817
[   62265ms] [ERROR] ./src/components/dashboard/dashboard-grid.tsx:38:3
Error: Expression expected
  36 |     { initials: "EO", name: "Elena Product Owner", date: "22 de agosto - amanha", area: "E...
  37 |     { initials: "IR", name: "Isabela RH", date: "28 de agosto - em 7 dias", area: "Engenha...
> 38 |   };
     |   ^
  39 |
  40 |   const passedBirthdays = [
  41 |     { initials: "CT", name: "Carla Lider Tecnica", date: "10 de agosto - ha 11 dias", area...

Parsing ecmascript source code failed

Import trace:
  Server Component:
    ./src/components/dashboard/dashboard-grid.tsx
    ./src/app/dashboard/page.tsx @ http://localhost:3000/_next/static/chunks/node_modules_next_dist_1gdrd03._.js:1817
[   62313ms] [ERROR] ./src/components/dashboard/dashboard-grid.tsx:38:3
Error: Expression expected
  36 |     { initials: "EO", name: "Elena Product Owner", date: "22 de agosto - amanha", area: "E...
  37 |     { initials: "IR", name: "Isabela RH", date: "28 de agosto - em 7 dias", area: "Engenha...
> 38 |   };
     |   ^
  39 |
  40 |   const passedBirthdays = [
  41 |     { initials: "CT", name: "Carla Lider Tecnica", date: "10 de agosto - ha 11 dias", area...

Parsing ecmascript source code failed

Import trace:
  Server Component:
    ./src/components/dashboard/dashboard-grid.tsx
    ./src/app/dashboard/page.tsx @ http://localhost:3000/_next/static/chunks/node_modules_next_dist_1gdrd03._.js:1817
[   62362ms] [ERROR] ./src/components/dashboard/dashboard-grid.tsx:38:3
Error: Expression expected
  36 |     { initials: "EO", name: "Elena Product Owner", date: "22 de agosto - amanha", area: "E...
  37 |     { initials: "IR", name: "Isabela RH", date: "28 de agosto - em 7 dias", area: "Engenha...
> 38 |   };
     |   ^
  39 |
  40 |   const passedBirthdays = [
  41 |     { initials: "CT", name: "Carla Lider Tecnica", date: "10 de agosto - ha 11 dias", area...

Parsing ecmascript source code failed

Import trace:
  Server Component:
    ./src/components/dashboard/dashboard-grid.tsx
    ./src/app/dashboard/page.tsx @ http://localhost:3000/_next/static/chunks/node_modules_next_dist_1gdrd03._.js:1817
[   62411ms] [ERROR] ./src/components/dashboard/dashboard-grid.tsx:38:3
Error: Expression expected
  36 |     { initials: "EO", name: "Elena Product Owner", date: "22 de agosto - amanha", area: "E...
  37 |     { initials: "IR", name: "Isabela RH", date: "28 de agosto - em 7 dias", area: "Engenha...
> 38 |   };
     |   ^
  39 |
  40 |   const passedBirthdays = [
  41 |     { initials: "CT", name: "Carla Lider Tecnica", date: "10 de agosto - ha 11 dias", area...

Parsing ecmascript source code failed

Import trace:
  Server Component:
    ./src/components/dashboard/dashboard-grid.tsx
    ./src/app/dashboard/page.tsx @ http://localhost:3000/_next/static/chunks/node_modules_next_dist_1gdrd03._.js:1817
[   62459ms] [ERROR] ./src/components/dashboard/dashboard-grid.tsx:38:3
Error: Expression expected
  36 |     { initials: "EO", name: "Elena Product Owner", date: "22 de agosto - amanha", area: "E...
  37 |     { initials: "IR", name: "Isabela RH", date: "28 de agosto - em 7 dias", area: "Engenha...
> 38 |   };
     |   ^
  39 |
  40 |   const passedBirthdays = [
  41 |     { initials: "CT", name: "Carla Lider Tecnica", date: "10 de agosto - ha 11 dias", area...

Parsing ecmascript source code failed

Import trace:
  Server Component:
    ./src/components/dashboard/dashboard-grid.tsx
    ./src/app/dashboard/page.tsx @ http://localhost:3000/_next/static/chunks/node_modules_next_dist_1gdrd03._.js:1817
[   62522ms] [ERROR] ./src/components/dashboard/dashboard-grid.tsx:38:3
Error: Expression expected
  36 |     { initials: "EO", name: "Elena Product Owner", date: "22 de agosto - amanha", area: "E...
  37 |     { initials: "IR", name: "Isabela RH", date: "28 de agosto - em 7 dias", area: "Engenha...
> 38 |   };
     |   ^
  39 |
  40 |   const passedBirthdays = [
  41 |     { initials: "CT", name: "Carla Lider Tecnica", date: "10 de agosto - ha 11 dias", area...

Parsing ecmascript source code failed

Import trace:
  Server Component:
    ./src/components/dashboard/dashboard-grid.tsx
    ./src/app/dashboard/page.tsx @ http://localhost:3000/_next/static/chunks/node_modules_next_dist_1gdrd03._.js:1817
[   62570ms] [ERROR] ./src/components/dashboard/dashboard-grid.tsx:38:3
Error: Expression expected
  36 |     { initials: "EO", name: "Elena Product Owner", date: "22 de agosto - amanha", area: "E...
  37 |     { initials: "IR", name: "Isabela RH", date: "28 de agosto - em 7 dias", area: "Engenha...
> 38 |   };
     |   ^
  39 |
  40 |   const passedBirthdays = [
  41 |     { initials: "CT", name: "Carla Lider Tecnica", date: "10 de agosto - ha 11 dias", area...

Parsing ecmascript source code failed

Import trace:
  Server Component:
    ./src/components/dashboard/dashboard-grid.tsx
    ./src/app/dashboard/page.tsx @ http://localhost:3000/_next/static/chunks/node_modules_next_dist_1gdrd03._.js:1817
[   62634ms] [ERROR] ./src/components/dashboard/dashboard-grid.tsx:38:3
Error: Expression expected
  36 |     { initials: "EO", name: "Elena Product Owner", date: "22 de agosto - amanha", area: "E...
  37 |     { initials: "IR", name: "Isabela RH", date: "28 de agosto - em 7 dias", area: "Engenha...
> 38 |   };
     |   ^
  39 |
  40 |   const passedBirthdays = [
  41 |     { initials: "CT", name: "Carla Lider Tecnica", date: "10 de agosto - ha 11 dias", area...

Parsing ecmascript source code failed

Import trace:
  Server Component:
    ./src/components/dashboard/dashboard-grid.tsx
    ./src/app/dashboard/page.tsx @ http://localhost:3000/_next/static/chunks/node_modules_next_dist_1gdrd03._.js:1817
[   62683ms] [ERROR] ./src/components/dashboard/dashboard-grid.tsx:38:3
Error: Expression expected
  36 |     { initials: "EO", name: "Elena Product Owner", date: "22 de agosto - amanha", area: "E...
  37 |     { initials: "IR", name: "Isabela RH", date: "28 de agosto - em 7 dias", area: "Engenha...
> 38 |   };
     |   ^
  39 |
  40 |   const passedBirthdays = [
  41 |     { initials: "CT", name: "Carla Lider Tecnica", date: "10 de agosto - ha 11 dias", area...

Parsing ecmascript source code failed

Import trace:
  Server Component:
    ./src/components/dashboard/dashboard-grid.tsx
    ./src/app/dashboard/page.tsx @ http://localhost:3000/_next/static/chunks/node_modules_next_dist_1gdrd03._.js:1817
[   62731ms] [ERROR] ./src/components/dashboard/dashboard-grid.tsx:38:3
Error: Expression expected
  36 |     { initials: "EO", name: "Elena Product Owner", date: "22 de agosto - amanha", area: "E...
  37 |     { initials: "IR", name: "Isabela RH", date: "28 de agosto - em 7 dias", area: "Engenha...
> 38 |   };
     |   ^
  39 |
  40 |   const passedBirthdays = [
  41 |     { initials: "CT", name: "Carla Lider Tecnica", date: "10 de agosto - ha 11 dias", area...

Parsing ecmascript source code failed

Import trace:
  Server Component:
    ./src/components/dashboard/dashboard-grid.tsx
    ./src/app/dashboard/page.tsx @ http://localhost:3000/_next/static/chunks/node_modules_next_dist_1gdrd03._.js:1817
[   62784ms] [ERROR] ./src/components/dashboard/dashboard-grid.tsx:38:3
Error: Expression expected
  36 |     { initials: "EO", name: "Elena Product Owner", date: "22 de agosto - amanha", area: "E...
  37 |     { initials: "IR", name: "Isabela RH", date: "28 de agosto - em 7 dias", area: "Engenha...
> 38 |   };
     |   ^
  39 |
  40 |   const passedBirthdays = [
  41 |     { initials: "CT", name: "Carla Lider Tecnica", date: "10 de agosto - ha 11 dias", area...

Parsing ecmascript source code failed

Import trace:
  Server Component:
    ./src/components/dashboard/dashboard-grid.tsx
    ./src/app/dashboard/page.tsx @ http://localhost:3000/_next/static/chunks/node_modules_next_dist_1gdrd03._.js:1817
[   62831ms] [ERROR] ./src/components/dashboard/dashboard-grid.tsx:38:3
Error: Expression expected
  36 |     { initials: "EO", name: "Elena Product Owner", date: "22 de agosto - amanha", area: "E...
  37 |     { initials: "IR", name: "Isabela RH", date: "28 de agosto - em 7 dias", area: "Engenha...
> 38 |   };
     |   ^
  39 |
  40 |   const passedBirthdays = [
  41 |     { initials: "CT", name: "Carla Lider Tecnica", date: "10 de agosto - ha 11 dias", area...

Parsing ecmascript source code failed

Import trace:
  Server Component:
    ./src/components/dashboard/dashboard-grid.tsx
    ./src/app/dashboard/page.tsx @ http://localhost:3000/_next/static/chunks/node_modules_next_dist_1gdrd03._.js:1817
[   62880ms] [ERROR] ./src/components/dashboard/dashboard-grid.tsx:38:3
Error: Expression expected
  36 |     { initials: "EO", name: "Elena Product Owner", date: "22 de agosto - amanha", area: "E...
  37 |     { initials: "IR", name: "Isabela RH", date: "28 de agosto - em 7 dias", area: "Engenha...
> 38 |   };
     |   ^
  39 |
  40 |   const passedBirthdays = [
  41 |     { initials: "CT", name: "Carla Lider Tecnica", date: "10 de agosto - ha 11 dias", area...

Parsing ecmascript source code failed

Import trace:
  Server Component:
    ./src/components/dashboard/dashboard-grid.tsx
    ./src/app/dashboard/page.tsx @ http://localhost:3000/_next/static/chunks/node_modules_next_dist_1gdrd03._.js:1817
[   62928ms] [ERROR] ./src/components/dashboard/dashboard-grid.tsx:38:3
Error: Expression expected
  36 |     { initials: "EO", name: "Elena Product Owner", date: "22 de agosto - amanha", area: "E...
  37 |     { initials: "IR", name: "Isabela RH", date: "28 de agosto - em 7 dias", area: "Engenha...
> 38 |   };
     |   ^
  39 |
  40 |   const passedBirthdays = [
  41 |     { initials: "CT", name: "Carla Lider Tecnica", date: "10 de agosto - ha 11 dias", area...

Parsing ecmascript source code failed

Import trace:
  Server Component:
    ./src/components/dashboard/dashboard-grid.tsx
    ./src/app/dashboard/page.tsx @ http://localhost:3000/_next/static/chunks/node_modules_next_dist_1gdrd03._.js:1817
[   62990ms] [ERROR] ./src/components/dashboard/dashboard-grid.tsx:38:3
Error: Expression expected
  36 |     { initials: "EO", name: "Elena Product Owner", date: "22 de agosto - amanha", area: "E...
  37 |     { initials: "IR", name: "Isabela RH", date: "28 de agosto - em 7 dias", area: "Engenha...
> 38 |   };
     |   ^
  39 |
  40 |   const passedBirthdays = [
  41 |     { initials: "CT", name: "Carla Lider Tecnica", date: "10 de agosto - ha 11 dias", area...

Parsing ecmascript source code failed

Import trace:
  Server Component:
    ./src/components/dashboard/dashboard-grid.tsx
    ./src/app/dashboard/page.tsx @ http://localhost:3000/_next/static/chunks/node_modules_next_dist_1gdrd03._.js:1817
[   63037ms] [ERROR] ./src/components/dashboard/dashboard-grid.tsx:38:3
Error: Expression expected
  36 |     { initials: "EO", name: "Elena Product Owner", date: "22 de agosto - amanha", area: "E...
  37 |     { initials: "IR", name: "Isabela RH", date: "28 de agosto - em 7 dias", area: "Engenha...
> 38 |   };
     |   ^
  39 |
  40 |   const passedBirthdays = [
  41 |     { initials: "CT", name: "Carla Lider Tecnica", date: "10 de agosto - ha 11 dias", area...

Parsing ecmascript source code failed

Import trace:
  Server Component:
    ./src/components/dashboard/dashboard-grid.tsx
    ./src/app/dashboard/page.tsx @ http://localhost:3000/_next/static/chunks/node_modules_next_dist_1gdrd03._.js:1817
[   63101ms] [ERROR] ./src/components/dashboard/dashboard-grid.tsx:38:3
Error: Expression expected
  36 |     { initials: "EO", name: "Elena Product Owner", date: "22 de agosto - amanha", area: "E...
  37 |     { initials: "IR", name: "Isabela RH", date: "28 de agosto - em 7 dias", area: "Engenha...
> 38 |   };
     |   ^
  39 |
  40 |   const passedBirthdays = [
  41 |     { initials: "CT", name: "Carla Lider Tecnica", date: "10 de agosto - ha 11 dias", area...

Parsing ecmascript source code failed

Import trace:
  Server Component:
    ./src/components/dashboard/dashboard-grid.tsx
    ./src/app/dashboard/page.tsx @ http://localhost:3000/_next/static/chunks/node_modules_next_dist_1gdrd03._.js:1817
[   63150ms] [ERROR] ./src/components/dashboard/dashboard-grid.tsx:38:3
Error: Expression expected
  36 |     { initials: "EO", name: "Elena Product Owner", date: "22 de agosto - amanha", area: "E...
  37 |     { initials: "IR", name: "Isabela RH", date: "28 de agosto - em 7 dias", area: "Engenha...
> 38 |   };
     |   ^
  39 |
  40 |   const passedBirthdays = [
  41 |     { initials: "CT", name: "Carla Lider Tecnica", date: "10 de agosto - ha 11 dias", area...

Parsing ecmascript source code failed

Import trace:
  Server Component:
    ./src/components/dashboard/dashboard-grid.tsx
    ./src/app/dashboard/page.tsx @ http://localhost:3000/_next/static/chunks/node_modules_next_dist_1gdrd03._.js:1817
[   63215ms] [ERROR] ./src/components/dashboard/dashboard-grid.tsx:38:3
Error: Expression expected
  36 |     { initials: "EO", name: "Elena Product Owner", date: "22 de agosto - amanha", area: "E...
  37 |     { initials: "IR", name: "Isabela RH", date: "28 de agosto - em 7 dias", area: "Engenha...
> 38 |   };
     |   ^
  39 |
  40 |   const passedBirthdays = [
  41 |     { initials: "CT", name: "Carla Lider Tecnica", date: "10 de agosto - ha 11 dias", area...

Parsing ecmascript source code failed

Import trace:
  Server Component:
    ./src/components/dashboard/dashboard-grid.tsx
    ./src/app/dashboard/page.tsx @ http://localhost:3000/_next/static/chunks/node_modules_next_dist_1gdrd03._.js:1817
[   63279ms] [ERROR] ./src/components/dashboard/dashboard-grid.tsx:38:3
Error: Expression expected
  36 |     { initials: "EO", name: "Elena Product Owner", date: "22 de agosto - amanha", area: "E...
  37 |     { initials: "IR", name: "Isabela RH", date: "28 de agosto - em 7 dias", area: "Engenha...
> 38 |   };
     |   ^
  39 |
  40 |   const passedBirthdays = [
  41 |     { initials: "CT", name: "Carla Lider Tecnica", date: "10 de agosto - ha 11 dias", area...

Parsing ecmascript source code failed

Import trace:
  Server Component:
    ./src/components/dashboard/dashboard-grid.tsx
    ./src/app/dashboard/page.tsx @ http://localhost:3000/_next/static/chunks/node_modules_next_dist_1gdrd03._.js:1817
[   63344ms] [ERROR] ./src/components/dashboard/dashboard-grid.tsx:38:3
Error: Expression expected
  36 |     { initials: "EO", name: "Elena Product Owner", date: "22 de agosto - amanha", area: "E...
  37 |     { initials: "IR", name: "Isabela RH", date: "28 de agosto - em 7 dias", area: "Engenha...
> 38 |   };
     |   ^
  39 |
  40 |   const passedBirthdays = [
  41 |     { initials: "CT", name: "Carla Lider Tecnica", date: "10 de agosto - ha 11 dias", area...

Parsing ecmascript source code failed

Import trace:
  Server Component:
    ./src/components/dashboard/dashboard-grid.tsx
    ./src/app/dashboard/page.tsx @ http://localhost:3000/_next/static/chunks/node_modules_next_dist_1gdrd03._.js:1817
[   63408ms] [ERROR] ./src/components/dashboard/dashboard-grid.tsx:38:3
Error: Expression expected
  36 |     { initials: "EO", name: "Elena Product Owner", date: "22 de agosto - amanha", area: "E...
  37 |     { initials: "IR", name: "Isabela RH", date: "28 de agosto - em 7 dias", area: "Engenha...
> 38 |   };
     |   ^
  39 |
  40 |   const passedBirthdays = [
  41 |     { initials: "CT", name: "Carla Lider Tecnica", date: "10 de agosto - ha 11 dias", area...

Parsing ecmascript source code failed

Import trace:
  Server Component:
    ./src/components/dashboard/dashboard-grid.tsx
    ./src/app/dashboard/page.tsx @ http://localhost:3000/_next/static/chunks/node_modules_next_dist_1gdrd03._.js:1817
[   63471ms] [ERROR] ./src/components/dashboard/dashboard-grid.tsx:38:3
Error: Expression expected
  36 |     { initials: "EO", name: "Elena Product Owner", date: "22 de agosto - amanha", area: "E...
  37 |     { initials: "IR", name: "Isabela RH", date: "28 de agosto - em 7 dias", area: "Engenha...
> 38 |   };
     |   ^
  39 |
  40 |   const passedBirthdays = [
  41 |     { initials: "CT", name: "Carla Lider Tecnica", date: "10 de agosto - ha 11 dias", area...

Parsing ecmascript source code failed

Import trace:
  Server Component:
    ./src/components/dashboard/dashboard-grid.tsx
    ./src/app/dashboard/page.tsx @ http://localhost:3000/_next/static/chunks/node_modules_next_dist_1gdrd03._.js:1817
[   63535ms] [ERROR] ./src/components/dashboard/dashboard-grid.tsx:38:3
Error: Expression expected
  36 |     { initials: "EO", name: "Elena Product Owner", date: "22 de agosto - amanha", area: "E...
  37 |     { initials: "IR", name: "Isabela RH", date: "28 de agosto - em 7 dias", area: "Engenha...
> 38 |   };
     |   ^
  39 |
  40 |   const passedBirthdays = [
  41 |     { initials: "CT", name: "Carla Lider Tecnica", date: "10 de agosto - ha 11 dias", area...

Parsing ecmascript source code failed

Import trace:
  Server Component:
    ./src/components/dashboard/dashboard-grid.tsx
    ./src/app/dashboard/page.tsx @ http://localhost:3000/_next/static/chunks/node_modules_next_dist_1gdrd03._.js:1817
[   63582ms] [ERROR] ./src/components/dashboard/dashboard-grid.tsx:38:3
Error: Expression expected
  36 |     { initials: "EO", name: "Elena Product Owner", date: "22 de agosto - amanha", area: "E...
  37 |     { initials: "IR", name: "Isabela RH", date: "28 de agosto - em 7 dias", area: "Engenha...
> 38 |   };
     |   ^
  39 |
  40 |   const passedBirthdays = [
  41 |     { initials: "CT", name: "Carla Lider Tecnica", date: "10 de agosto - ha 11 dias", area...

Parsing ecmascript source code failed

Import trace:
  Server Component:
    ./src/components/dashboard/dashboard-grid.tsx
    ./src/app/dashboard/page.tsx @ http://localhost:3000/_next/static/chunks/node_modules_next_dist_1gdrd03._.js:1817
[   63646ms] [ERROR] ./src/components/dashboard/dashboard-grid.tsx:38:3
Error: Expression expected
  36 |     { initials: "EO", name: "Elena Product Owner", date: "22 de agosto - amanha", area: "E...
  37 |     { initials: "IR", name: "Isabela RH", date: "28 de agosto - em 7 dias", area: "Engenha...
> 38 |   };
     |   ^
  39 |
  40 |   const passedBirthdays = [
  41 |     { initials: "CT", name: "Carla Lider Tecnica", date: "10 de agosto - ha 11 dias", area...

Parsing ecmascript source code failed

Import trace:
  Server Component:
    ./src/components/dashboard/dashboard-grid.tsx
    ./src/app/dashboard/page.tsx @ http://localhost:3000/_next/static/chunks/node_modules_next_dist_1gdrd03._.js:1817
[   63694ms] [ERROR] ./src/components/dashboard/dashboard-grid.tsx:38:3
Error: Expression expected
  36 |     { initials: "EO", name: "Elena Product Owner", date: "22 de agosto - amanha", area: "E...
  37 |     { initials: "IR", name: "Isabela RH", date: "28 de agosto - em 7 dias", area: "Engenha...
> 38 |   };
     |   ^
  39 |
  40 |   const passedBirthdays = [
  41 |     { initials: "CT", name: "Carla Lider Tecnica", date: "10 de agosto - ha 11 dias", area...

Parsing ecmascript source code failed

Import trace:
  Server Component:
    ./src/components/dashboard/dashboard-grid.tsx
    ./src/app/dashboard/page.tsx @ http://localhost:3000/_next/static/chunks/node_modules_next_dist_1gdrd03._.js:1817
[   63751ms] [ERROR] ./src/components/dashboard/dashboard-grid.tsx:38:3
Error: Expression expected
  36 |     { initials: "EO", name: "Elena Product Owner", date: "22 de agosto - amanha", area: "E...
  37 |     { initials: "IR", name: "Isabela RH", date: "28 de agosto - em 7 dias", area: "Engenha...
> 38 |   };
     |   ^
  39 |
  40 |   const passedBirthdays = [
  41 |     { initials: "CT", name: "Carla Lider Tecnica", date: "10 de agosto - ha 11 dias", area...

Parsing ecmascript source code failed

Import trace:
  Server Component:
    ./src/components/dashboard/dashboard-grid.tsx
    ./src/app/dashboard/page.tsx @ http://localhost:3000/_next/static/chunks/node_modules_next_dist_1gdrd03._.js:1817
[   63801ms] [ERROR] ./src/components/dashboard/dashboard-grid.tsx:38:3
Error: Expression expected
  36 |     { initials: "EO", name: "Elena Product Owner", date: "22 de agosto - amanha", area: "E...
  37 |     { initials: "IR", name: "Isabela RH", date: "28 de agosto - em 7 dias", area: "Engenha...
> 38 |   };
     |   ^
  39 |
  40 |   const passedBirthdays = [
  41 |     { initials: "CT", name: "Carla Lider Tecnica", date: "10 de agosto - ha 11 dias", area...

Parsing ecmascript source code failed

Import trace:
  Server Component:
    ./src/components/dashboard/dashboard-grid.tsx
    ./src/app/dashboard/page.tsx @ http://localhost:3000/_next/static/chunks/node_modules_next_dist_1gdrd03._.js:1817
[   63865ms] [ERROR] ./src/components/dashboard/dashboard-grid.tsx:38:3
Error: Expression expected
  36 |     { initials: "EO", name: "Elena Product Owner", date: "22 de agosto - amanha", area: "E...
  37 |     { initials: "IR", name: "Isabela RH", date: "28 de agosto - em 7 dias", area: "Engenha...
> 38 |   };
     |   ^
  39 |
  40 |   const passedBirthdays = [
  41 |     { initials: "CT", name: "Carla Lider Tecnica", date: "10 de agosto - ha 11 dias", area...

Parsing ecmascript source code failed

Import trace:
  Server Component:
    ./src/components/dashboard/dashboard-grid.tsx
    ./src/app/dashboard/page.tsx @ http://localhost:3000/_next/static/chunks/node_modules_next_dist_1gdrd03._.js:1817
[   63929ms] [ERROR] ./src/components/dashboard/dashboard-grid.tsx:38:3
Error: Expression expected
  36 |     { initials: "EO", name: "Elena Product Owner", date: "22 de agosto - amanha", area: "E...
  37 |     { initials: "IR", name: "Isabela RH", date: "28 de agosto - em 7 dias", area: "Engenha...
> 38 |   };
     |   ^
  39 |
  40 |   const passedBirthdays = [
  41 |     { initials: "CT", name: "Carla Lider Tecnica", date: "10 de agosto - ha 11 dias", area...

Parsing ecmascript source code failed

Import trace:
  Server Component:
    ./src/components/dashboard/dashboard-grid.tsx
    ./src/app/dashboard/page.tsx @ http://localhost:3000/_next/static/chunks/node_modules_next_dist_1gdrd03._.js:1817
[   63978ms] [ERROR] ./src/components/dashboard/dashboard-grid.tsx:38:3
Error: Expression expected
  36 |     { initials: "EO", name: "Elena Product Owner", date: "22 de agosto - amanha", area: "E...
  37 |     { initials: "IR", name: "Isabela RH", date: "28 de agosto - em 7 dias", area: "Engenha...
> 38 |   };
     |   ^
  39 |
  40 |   const passedBirthdays = [
  41 |     { initials: "CT", name: "Carla Lider Tecnica", date: "10 de agosto - ha 11 dias", area...

Parsing ecmascript source code failed

Import trace:
  Server Component:
    ./src/components/dashboard/dashboard-grid.tsx
    ./src/app/dashboard/page.tsx @ http://localhost:3000/_next/static/chunks/node_modules_next_dist_1gdrd03._.js:1817
[   64043ms] [ERROR] ./src/components/dashboard/dashboard-grid.tsx:38:3
Error: Expression expected
  36 |     { initials: "EO", name: "Elena Product Owner", date: "22 de agosto - amanha", area: "E...
  37 |     { initials: "IR", name: "Isabela RH", date: "28 de agosto - em 7 dias", area: "Engenha...
> 38 |   };
     |   ^
  39 |
  40 |   const passedBirthdays = [
  41 |     { initials: "CT", name: "Carla Lider Tecnica", date: "10 de agosto - ha 11 dias", area...

Parsing ecmascript source code failed

Import trace:
  Server Component:
    ./src/components/dashboard/dashboard-grid.tsx
    ./src/app/dashboard/page.tsx @ http://localhost:3000/_next/static/chunks/node_modules_next_dist_1gdrd03._.js:1817
[   64091ms] [ERROR] ./src/components/dashboard/dashboard-grid.tsx:38:3
Error: Expression expected
  36 |     { initials: "EO", name: "Elena Product Owner", date: "22 de agosto - amanha", area: "E...
  37 |     { initials: "IR", name: "Isabela RH", date: "28 de agosto - em 7 dias", area: "Engenha...
> 38 |   };
     |   ^
  39 |
  40 |   const passedBirthdays = [
  41 |     { initials: "CT", name: "Carla Lider Tecnica", date: "10 de agosto - ha 11 dias", area...

Parsing ecmascript source code failed

Import trace:
  Server Component:
    ./src/components/dashboard/dashboard-grid.tsx
    ./src/app/dashboard/page.tsx @ http://localhost:3000/_next/static/chunks/node_modules_next_dist_1gdrd03._.js:1817
[   64155ms] [ERROR] ./src/components/dashboard/dashboard-grid.tsx:38:3
Error: Expression expected
  36 |     { initials: "EO", name: "Elena Product Owner", date: "22 de agosto - amanha", area: "E...
  37 |     { initials: "IR", name: "Isabela RH", date: "28 de agosto - em 7 dias", area: "Engenha...
> 38 |   };
     |   ^
  39 |
  40 |   const passedBirthdays = [
  41 |     { initials: "CT", name: "Carla Lider Tecnica", date: "10 de agosto - ha 11 dias", area...

Parsing ecmascript source code failed

Import trace:
  Server Component:
    ./src/components/dashboard/dashboard-grid.tsx
    ./src/app/dashboard/page.tsx @ http://localhost:3000/_next/static/chunks/node_modules_next_dist_1gdrd03._.js:1817
[   64218ms] [ERROR] ./src/components/dashboard/dashboard-grid.tsx:38:3
Error: Expression expected
  36 |     { initials: "EO", name: "Elena Product Owner", date: "22 de agosto - amanha", area: "E...
  37 |     { initials: "IR", name: "Isabela RH", date: "28 de agosto - em 7 dias", area: "Engenha...
> 38 |   };
     |   ^
  39 |
  40 |   const passedBirthdays = [
  41 |     { initials: "CT", name: "Carla Lider Tecnica", date: "10 de agosto - ha 11 dias", area...

Parsing ecmascript source code failed

Import trace:
  Server Component:
    ./src/components/dashboard/dashboard-grid.tsx
    ./src/app/dashboard/page.tsx @ http://localhost:3000/_next/static/chunks/node_modules_next_dist_1gdrd03._.js:1817
[   64283ms] [ERROR] ./src/components/dashboard/dashboard-grid.tsx:38:3
Error: Expression expected
  36 |     { initials: "EO", name: "Elena Product Owner", date: "22 de agosto - amanha", area: "E...
  37 |     { initials: "IR", name: "Isabela RH", date: "28 de agosto - em 7 dias", area: "Engenha...
> 38 |   };
     |   ^
  39 |
  40 |   const passedBirthdays = [
  41 |     { initials: "CT", name: "Carla Lider Tecnica", date: "10 de agosto - ha 11 dias", area...

Parsing ecmascript source code failed

Import trace:
  Server Component:
    ./src/components/dashboard/dashboard-grid.tsx
    ./src/app/dashboard/page.tsx @ http://localhost:3000/_next/static/chunks/node_modules_next_dist_1gdrd03._.js:1817
[   64331ms] [ERROR] ./src/components/dashboard/dashboard-grid.tsx:38:3
Error: Expression expected
  36 |     { initials: "EO", name: "Elena Product Owner", date: "22 de agosto - amanha", area: "E...
  37 |     { initials: "IR", name: "Isabela RH", date: "28 de agosto - em 7 dias", area: "Engenha...
> 38 |   };
     |   ^
  39 |
  40 |   const passedBirthdays = [
  41 |     { initials: "CT", name: "Carla Lider Tecnica", date: "10 de agosto - ha 11 dias", area...

Parsing ecmascript source code failed

Import trace:
  Server Component:
    ./src/components/dashboard/dashboard-grid.tsx
    ./src/app/dashboard/page.tsx @ http://localhost:3000/_next/static/chunks/node_modules_next_dist_1gdrd03._.js:1817
[   64384ms] [ERROR] ./src/components/dashboard/dashboard-grid.tsx:38:3
Error: Expression expected
  36 |     { initials: "EO", name: "Elena Product Owner", date: "22 de agosto - amanha", area: "E...
  37 |     { initials: "IR", name: "Isabela RH", date: "28 de agosto - em 7 dias", area: "Engenha...
> 38 |   };
     |   ^
  39 |
  40 |   const passedBirthdays = [
  41 |     { initials: "CT", name: "Carla Lider Tecnica", date: "10 de agosto - ha 11 dias", area...

Parsing ecmascript source code failed

Import trace:
  Server Component:
    ./src/components/dashboard/dashboard-grid.tsx
    ./src/app/dashboard/page.tsx @ http://localhost:3000/_next/static/chunks/node_modules_next_dist_1gdrd03._.js:1817
[   64432ms] [ERROR] ./src/components/dashboard/dashboard-grid.tsx:38:3
Error: Expression expected
  36 |     { initials: "EO", name: "Elena Product Owner", date: "22 de agosto - amanha", area: "E...
  37 |     { initials: "IR", name: "Isabela RH", date: "28 de agosto - em 7 dias", area: "Engenha...
> 38 |   };
     |   ^
  39 |
  40 |   const passedBirthdays = [
  41 |     { initials: "CT", name: "Carla Lider Tecnica", date: "10 de agosto - ha 11 dias", area...

Parsing ecmascript source code failed

Import trace:
  Server Component:
    ./src/components/dashboard/dashboard-grid.tsx
    ./src/app/dashboard/page.tsx @ http://localhost:3000/_next/static/chunks/node_modules_next_dist_1gdrd03._.js:1817
[   64480ms] [ERROR] ./src/components/dashboard/dashboard-grid.tsx:38:3
Error: Expression expected
  36 |     { initials: "EO", name: "Elena Product Owner", date: "22 de agosto - amanha", area: "E...
  37 |     { initials: "IR", name: "Isabela RH", date: "28 de agosto - em 7 dias", area: "Engenha...
> 38 |   };
     |   ^
  39 |
  40 |   const passedBirthdays = [
  41 |     { initials: "CT", name: "Carla Lider Tecnica", date: "10 de agosto - ha 11 dias", area...

Parsing ecmascript source code failed

Import trace:
  Server Component:
    ./src/components/dashboard/dashboard-grid.tsx
    ./src/app/dashboard/page.tsx @ http://localhost:3000/_next/static/chunks/node_modules_next_dist_1gdrd03._.js:1817
[   64529ms] [ERROR] ./src/components/dashboard/dashboard-grid.tsx:38:3
Error: Expression expected
  36 |     { initials: "EO", name: "Elena Product Owner", date: "22 de agosto - amanha", area: "E...
  37 |     { initials: "IR", name: "Isabela RH", date: "28 de agosto - em 7 dias", area: "Engenha...
> 38 |   };
     |   ^
  39 |
  40 |   const passedBirthdays = [
  41 |     { initials: "CT", name: "Carla Lider Tecnica", date: "10 de agosto - ha 11 dias", area...

Parsing ecmascript source code failed

Import trace:
  Server Component:
    ./src/components/dashboard/dashboard-grid.tsx
    ./src/app/dashboard/page.tsx @ http://localhost:3000/_next/static/chunks/node_modules_next_dist_1gdrd03._.js:1817
[   64576ms] [ERROR] ./src/components/dashboard/dashboard-grid.tsx:38:3
Error: Expression expected
  36 |     { initials: "EO", name: "Elena Product Owner", date: "22 de agosto - amanha", area: "E...
  37 |     { initials: "IR", name: "Isabela RH", date: "28 de agosto - em 7 dias", area: "Engenha...
> 38 |   };
     |   ^
  39 |
  40 |   const passedBirthdays = [
  41 |     { initials: "CT", name: "Carla Lider Tecnica", date: "10 de agosto - ha 11 dias", area...

Parsing ecmascript source code failed

Import trace:
  Server Component:
    ./src/components/dashboard/dashboard-grid.tsx
    ./src/app/dashboard/page.tsx @ http://localhost:3000/_next/static/chunks/node_modules_next_dist_1gdrd03._.js:1817
[   64623ms] [ERROR] ./src/components/dashboard/dashboard-grid.tsx:38:3
Error: Expression expected
  36 |     { initials: "EO", name: "Elena Product Owner", date: "22 de agosto - amanha", area: "E...
  37 |     { initials: "IR", name: "Isabela RH", date: "28 de agosto - em 7 dias", area: "Engenha...
> 38 |   };
     |   ^
  39 |
  40 |   const passedBirthdays = [
  41 |     { initials: "CT", name: "Carla Lider Tecnica", date: "10 de agosto - ha 11 dias", area...

Parsing ecmascript source code failed

Import trace:
  Server Component:
    ./src/components/dashboard/dashboard-grid.tsx
    ./src/app/dashboard/page.tsx @ http://localhost:3000/_next/static/chunks/node_modules_next_dist_1gdrd03._.js:1817
[   64673ms] [ERROR] ./src/components/dashboard/dashboard-grid.tsx:38:3
Error: Expression expected
  36 |     { initials: "EO", name: "Elena Product Owner", date: "22 de agosto - amanha", area: "E...
  37 |     { initials: "IR", name: "Isabela RH", date: "28 de agosto - em 7 dias", area: "Engenha...
> 38 |   };
     |   ^
  39 |
  40 |   const passedBirthdays = [
  41 |     { initials: "CT", name: "Carla Lider Tecnica", date: "10 de agosto - ha 11 dias", area...

Parsing ecmascript source code failed

Import trace:
  Server Component:
    ./src/components/dashboard/dashboard-grid.tsx
    ./src/app/dashboard/page.tsx @ http://localhost:3000/_next/static/chunks/node_modules_next_dist_1gdrd03._.js:1817
[   64720ms] [ERROR] ./src/components/dashboard/dashboard-grid.tsx:38:3
Error: Expression expected
  36 |     { initials: "EO", name: "Elena Product Owner", date: "22 de agosto - amanha", area: "E...
  37 |     { initials: "IR", name: "Isabela RH", date: "28 de agosto - em 7 dias", area: "Engenha...
> 38 |   };
     |   ^
  39 |
  40 |   const passedBirthdays = [
  41 |     { initials: "CT", name: "Carla Lider Tecnica", date: "10 de agosto - ha 11 dias", area...

Parsing ecmascript source code failed

Import trace:
  Server Component:
    ./src/components/dashboard/dashboard-grid.tsx
    ./src/app/dashboard/page.tsx @ http://localhost:3000/_next/static/chunks/node_modules_next_dist_1gdrd03._.js:1817
[   64783ms] [ERROR] ./src/components/dashboard/dashboard-grid.tsx:38:3
Error: Expression expected
  36 |     { initials: "EO", name: "Elena Product Owner", date: "22 de agosto - amanha", area: "E...
  37 |     { initials: "IR", name: "Isabela RH", date: "28 de agosto - em 7 dias", area: "Engenha...
> 38 |   };
     |   ^
  39 |
  40 |   const passedBirthdays = [
  41 |     { initials: "CT", name: "Carla Lider Tecnica", date: "10 de agosto - ha 11 dias", area...

Parsing ecmascript source code failed

Import trace:
  Server Component:
    ./src/components/dashboard/dashboard-grid.tsx
    ./src/app/dashboard/page.tsx @ http://localhost:3000/_next/static/chunks/node_modules_next_dist_1gdrd03._.js:1817
[   64832ms] [ERROR] ./src/components/dashboard/dashboard-grid.tsx:38:3
Error: Expression expected
  36 |     { initials: "EO", name: "Elena Product Owner", date: "22 de agosto - amanha", area: "E...
  37 |     { initials: "IR", name: "Isabela RH", date: "28 de agosto - em 7 dias", area: "Engenha...
> 38 |   };
     |   ^
  39 |
  40 |   const passedBirthdays = [
  41 |     { initials: "CT", name: "Carla Lider Tecnica", date: "10 de agosto - ha 11 dias", area...

Parsing ecmascript source code failed

Import trace:
  Server Component:
    ./src/components/dashboard/dashboard-grid.tsx
    ./src/app/dashboard/page.tsx @ http://localhost:3000/_next/static/chunks/node_modules_next_dist_1gdrd03._.js:1817
[   64879ms] [ERROR] ./src/components/dashboard/dashboard-grid.tsx:38:3
Error: Expression expected
  36 |     { initials: "EO", name: "Elena Product Owner", date: "22 de agosto - amanha", area: "E...
  37 |     { initials: "IR", name: "Isabela RH", date: "28 de agosto - em 7 dias", area: "Engenha...
> 38 |   };
     |   ^
  39 |
  40 |   const passedBirthdays = [
  41 |     { initials: "CT", name: "Carla Lider Tecnica", date: "10 de agosto - ha 11 dias", area...

Parsing ecmascript source code failed

Import trace:
  Server Component:
    ./src/components/dashboard/dashboard-grid.tsx
    ./src/app/dashboard/page.tsx @ http://localhost:3000/_next/static/chunks/node_modules_next_dist_1gdrd03._.js:1817
[   64927ms] [ERROR] ./src/components/dashboard/dashboard-grid.tsx:38:3
Error: Expression expected
  36 |     { initials: "EO", name: "Elena Product Owner", date: "22 de agosto - amanha", area: "E...
  37 |     { initials: "IR", name: "Isabela RH", date: "28 de agosto - em 7 dias", area: "Engenha...
> 38 |   };
     |   ^
  39 |
  40 |   const passedBirthdays = [
  41 |     { initials: "CT", name: "Carla Lider Tecnica", date: "10 de agosto - ha 11 dias", area...

Parsing ecmascript source code failed

Import trace:
  Server Component:
    ./src/components/dashboard/dashboard-grid.tsx
    ./src/app/dashboard/page.tsx @ http://localhost:3000/_next/static/chunks/node_modules_next_dist_1gdrd03._.js:1817
[   64975ms] [ERROR] ./src/components/dashboard/dashboard-grid.tsx:38:3
Error: Expression expected
  36 |     { initials: "EO", name: "Elena Product Owner", date: "22 de agosto - amanha", area: "E...
  37 |     { initials: "IR", name: "Isabela RH", date: "28 de agosto - em 7 dias", area: "Engenha...
> 38 |   };
     |   ^
  39 |
  40 |   const passedBirthdays = [
  41 |     { initials: "CT", name: "Carla Lider Tecnica", date: "10 de agosto - ha 11 dias", area...

Parsing ecmascript source code failed

Import trace:
  Server Component:
    ./src/components/dashboard/dashboard-grid.tsx
    ./src/app/dashboard/page.tsx @ http://localhost:3000/_next/static/chunks/node_modules_next_dist_1gdrd03._.js:1817
[   65022ms] [ERROR] ./src/components/dashboard/dashboard-grid.tsx:38:3
Error: Expression expected
  36 |     { initials: "EO", name: "Elena Product Owner", date: "22 de agosto - amanha", area: "E...
  37 |     { initials: "IR", name: "Isabela RH", date: "28 de agosto - em 7 dias", area: "Engenha...
> 38 |   };
     |   ^
  39 |
  40 |   const passedBirthdays = [
  41 |     { initials: "CT", name: "Carla Lider Tecnica", date: "10 de agosto - ha 11 dias", area...

Parsing ecmascript source code failed

Import trace:
  Server Component:
    ./src/components/dashboard/dashboard-grid.tsx
    ./src/app/dashboard/page.tsx @ http://localhost:3000/_next/static/chunks/node_modules_next_dist_1gdrd03._.js:1817
[   65069ms] [ERROR] ./src/components/dashboard/dashboard-grid.tsx:38:3
Error: Expression expected
  36 |     { initials: "EO", name: "Elena Product Owner", date: "22 de agosto - amanha", area: "E...
  37 |     { initials: "IR", name: "Isabela RH", date: "28 de agosto - em 7 dias", area: "Engenha...
> 38 |   };
     |   ^
  39 |
  40 |   const passedBirthdays = [
  41 |     { initials: "CT", name: "Carla Lider Tecnica", date: "10 de agosto - ha 11 dias", area...

Parsing ecmascript source code failed

Import trace:
  Server Component:
    ./src/components/dashboard/dashboard-grid.tsx
    ./src/app/dashboard/page.tsx @ http://localhost:3000/_next/static/chunks/node_modules_next_dist_1gdrd03._.js:1817
[   65133ms] [ERROR] ./src/components/dashboard/dashboard-grid.tsx:38:3
Error: Expression expected
  36 |     { initials: "EO", name: "Elena Product Owner", date: "22 de agosto - amanha", area: "E...
  37 |     { initials: "IR", name: "Isabela RH", date: "28 de agosto - em 7 dias", area: "Engenha...
> 38 |   };
     |   ^
  39 |
  40 |   const passedBirthdays = [
  41 |     { initials: "CT", name: "Carla Lider Tecnica", date: "10 de agosto - ha 11 dias", area...

Parsing ecmascript source code failed

Import trace:
  Server Component:
    ./src/components/dashboard/dashboard-grid.tsx
    ./src/app/dashboard/page.tsx @ http://localhost:3000/_next/static/chunks/node_modules_next_dist_1gdrd03._.js:1817
[   65197ms] [ERROR] ./src/components/dashboard/dashboard-grid.tsx:38:3
Error: Expression expected
  36 |     { initials: "EO", name: "Elena Product Owner", date: "22 de agosto - amanha", area: "E...
  37 |     { initials: "IR", name: "Isabela RH", date: "28 de agosto - em 7 dias", area: "Engenha...
> 38 |   };
     |   ^
  39 |
  40 |   const passedBirthdays = [
  41 |     { initials: "CT", name: "Carla Lider Tecnica", date: "10 de agosto - ha 11 dias", area...

Parsing ecmascript source code failed

Import trace:
  Server Component:
    ./src/components/dashboard/dashboard-grid.tsx
    ./src/app/dashboard/page.tsx @ http://localhost:3000/_next/static/chunks/node_modules_next_dist_1gdrd03._.js:1817
[   65245ms] [ERROR] ./src/components/dashboard/dashboard-grid.tsx:38:3
Error: Expression expected
  36 |     { initials: "EO", name: "Elena Product Owner", date: "22 de agosto - amanha", area: "E...
  37 |     { initials: "IR", name: "Isabela RH", date: "28 de agosto - em 7 dias", area: "Engenha...
> 38 |   };
     |   ^
  39 |
  40 |   const passedBirthdays = [
  41 |     { initials: "CT", name: "Carla Lider Tecnica", date: "10 de agosto - ha 11 dias", area...

Parsing ecmascript source code failed

Import trace:
  Server Component:
    ./src/components/dashboard/dashboard-grid.tsx
    ./src/app/dashboard/page.tsx @ http://localhost:3000/_next/static/chunks/node_modules_next_dist_1gdrd03._.js:1817
[   65308ms] [ERROR] ./src/components/dashboard/dashboard-grid.tsx:38:3
Error: Expression expected
  36 |     { initials: "EO", name: "Elena Product Owner", date: "22 de agosto - amanha", area: "E...
  37 |     { initials: "IR", name: "Isabela RH", date: "28 de agosto - em 7 dias", area: "Engenha...
> 38 |   };
     |   ^
  39 |
  40 |   const passedBirthdays = [
  41 |     { initials: "CT", name: "Carla Lider Tecnica", date: "10 de agosto - ha 11 dias", area...

Parsing ecmascript source code failed

Import trace:
  Server Component:
    ./src/components/dashboard/dashboard-grid.tsx
    ./src/app/dashboard/page.tsx @ http://localhost:3000/_next/static/chunks/node_modules_next_dist_1gdrd03._.js:1817
[   65357ms] [ERROR] ./src/components/dashboard/dashboard-grid.tsx:38:3
Error: Expression expected
  36 |     { initials: "EO", name: "Elena Product Owner", date: "22 de agosto - amanha", area: "E...
  37 |     { initials: "IR", name: "Isabela RH", date: "28 de agosto - em 7 dias", area: "Engenha...
> 38 |   };
     |   ^
  39 |
  40 |   const passedBirthdays = [
  41 |     { initials: "CT", name: "Carla Lider Tecnica", date: "10 de agosto - ha 11 dias", area...

Parsing ecmascript source code failed

Import trace:
  Server Component:
    ./src/components/dashboard/dashboard-grid.tsx
    ./src/app/dashboard/page.tsx @ http://localhost:3000/_next/static/chunks/node_modules_next_dist_1gdrd03._.js:1817
[   65407ms] [ERROR] ./src/components/dashboard/dashboard-grid.tsx:38:3
Error: Expression expected
  36 |     { initials: "EO", name: "Elena Product Owner", date: "22 de agosto - amanha", area: "E...
  37 |     { initials: "IR", name: "Isabela RH", date: "28 de agosto - em 7 dias", area: "Engenha...
> 38 |   };
     |   ^
  39 |
  40 |   const passedBirthdays = [
  41 |     { initials: "CT", name: "Carla Lider Tecnica", date: "10 de agosto - ha 11 dias", area...

Parsing ecmascript source code failed

Import trace:
  Server Component:
    ./src/components/dashboard/dashboard-grid.tsx
    ./src/app/dashboard/page.tsx @ http://localhost:3000/_next/static/chunks/node_modules_next_dist_1gdrd03._.js:1817
[   65456ms] [ERROR] ./src/components/dashboard/dashboard-grid.tsx:38:3
Error: Expression expected
  36 |     { initials: "EO", name: "Elena Product Owner", date: "22 de agosto - amanha", area: "E...
  37 |     { initials: "IR", name: "Isabela RH", date: "28 de agosto - em 7 dias", area: "Engenha...
> 38 |   };
     |   ^
  39 |
  40 |   const passedBirthdays = [
  41 |     { initials: "CT", name: "Carla Lider Tecnica", date: "10 de agosto - ha 11 dias", area...

Parsing ecmascript source code failed

Import trace:
  Server Component:
    ./src/components/dashboard/dashboard-grid.tsx
    ./src/app/dashboard/page.tsx @ http://localhost:3000/_next/static/chunks/node_modules_next_dist_1gdrd03._.js:1817
[   65504ms] [ERROR] ./src/components/dashboard/dashboard-grid.tsx:38:3
Error: Expression expected
  36 |     { initials: "EO", name: "Elena Product Owner", date: "22 de agosto - amanha", area: "E...
  37 |     { initials: "IR", name: "Isabela RH", date: "28 de agosto - em 7 dias", area: "Engenha...
> 38 |   };
     |   ^
  39 |
  40 |   const passedBirthdays = [
  41 |     { initials: "CT", name: "Carla Lider Tecnica", date: "10 de agosto - ha 11 dias", area...

Parsing ecmascript source code failed

Import trace:
  Server Component:
    ./src/components/dashboard/dashboard-grid.tsx
    ./src/app/dashboard/page.tsx @ http://localhost:3000/_next/static/chunks/node_modules_next_dist_1gdrd03._.js:1817
[   65566ms] [ERROR] ./src/components/dashboard/dashboard-grid.tsx:38:3
Error: Expression expected
  36 |     { initials: "EO", name: "Elena Product Owner", date: "22 de agosto - amanha", area: "E...
  37 |     { initials: "IR", name: "Isabela RH", date: "28 de agosto - em 7 dias", area: "Engenha...
> 38 |   };
     |   ^
  39 |
  40 |   const passedBirthdays = [
  41 |     { initials: "CT", name: "Carla Lider Tecnica", date: "10 de agosto - ha 11 dias", area...

Parsing ecmascript source code failed

Import trace:
  Server Component:
    ./src/components/dashboard/dashboard-grid.tsx
    ./src/app/dashboard/page.tsx @ http://localhost:3000/_next/static/chunks/node_modules_next_dist_1gdrd03._.js:1817
[   65629ms] [ERROR] ./src/components/dashboard/dashboard-grid.tsx:38:3
Error: Expression expected
  36 |     { initials: "EO", name: "Elena Product Owner", date: "22 de agosto - amanha", area: "E...
  37 |     { initials: "IR", name: "Isabela RH", date: "28 de agosto - em 7 dias", area: "Engenha...
> 38 |   };
     |   ^
  39 |
  40 |   const passedBirthdays = [
  41 |     { initials: "CT", name: "Carla Lider Tecnica", date: "10 de agosto - ha 11 dias", area...

Parsing ecmascript source code failed

Import trace:
  Server Component:
    ./src/components/dashboard/dashboard-grid.tsx
    ./src/app/dashboard/page.tsx @ http://localhost:3000/_next/static/chunks/node_modules_next_dist_1gdrd03._.js:1817
[   65695ms] [ERROR] ./src/components/dashboard/dashboard-grid.tsx:38:3
Error: Expression expected
  36 |     { initials: "EO", name: "Elena Product Owner", date: "22 de agosto - amanha", area: "E...
  37 |     { initials: "IR", name: "Isabela RH", date: "28 de agosto - em 7 dias", area: "Engenha...
> 38 |   };
     |   ^
  39 |
  40 |   const passedBirthdays = [
  41 |     { initials: "CT", name: "Carla Lider Tecnica", date: "10 de agosto - ha 11 dias", area...

Parsing ecmascript source code failed

Import trace:
  Server Component:
    ./src/components/dashboard/dashboard-grid.tsx
    ./src/app/dashboard/page.tsx @ http://localhost:3000/_next/static/chunks/node_modules_next_dist_1gdrd03._.js:1817
[   65744ms] [ERROR] ./src/components/dashboard/dashboard-grid.tsx:38:3
Error: Expression expected
  36 |     { initials: "EO", name: "Elena Product Owner", date: "22 de agosto - amanha", area: "E...
  37 |     { initials: "IR", name: "Isabela RH", date: "28 de agosto - em 7 dias", area: "Engenha...
> 38 |   };
     |   ^
  39 |
  40 |   const passedBirthdays = [
  41 |     { initials: "CT", name: "Carla Lider Tecnica", date: "10 de agosto - ha 11 dias", area...

Parsing ecmascript source code failed

Import trace:
  Server Component:
    ./src/components/dashboard/dashboard-grid.tsx
    ./src/app/dashboard/page.tsx @ http://localhost:3000/_next/static/chunks/node_modules_next_dist_1gdrd03._.js:1817
[   65786ms] [ERROR] ./src/components/dashboard/dashboard-grid.tsx:38:3
Error: Expression expected
  36 |     { initials: "EO", name: "Elena Product Owner", date: "22 de agosto - amanha", area: "E...
  37 |     { initials: "IR", name: "Isabela RH", date: "28 de agosto - em 7 dias", area: "Engenha...
> 38 |   };
     |   ^
  39 |
  40 |   const passedBirthdays = [
  41 |     { initials: "CT", name: "Carla Lider Tecnica", date: "10 de agosto - ha 11 dias", area...

Parsing ecmascript source code failed

Import trace:
  Server Component:
    ./src/components/dashboard/dashboard-grid.tsx
    ./src/app/dashboard/page.tsx @ http://localhost:3000/_next/static/chunks/node_modules_next_dist_1gdrd03._.js:1817
[   65850ms] [ERROR] ./src/components/dashboard/dashboard-grid.tsx:38:3
Error: Expression expected
  36 |     { initials: "EO", name: "Elena Product Owner", date: "22 de agosto - amanha", area: "E...
  37 |     { initials: "IR", name: "Isabela RH", date: "28 de agosto - em 7 dias", area: "Engenha...
> 38 |   };
     |   ^
  39 |
  40 |   const passedBirthdays = [
  41 |     { initials: "CT", name: "Carla Lider Tecnica", date: "10 de agosto - ha 11 dias", area...

Parsing ecmascript source code failed

Import trace:
  Server Component:
    ./src/components/dashboard/dashboard-grid.tsx
    ./src/app/dashboard/page.tsx @ http://localhost:3000/_next/static/chunks/node_modules_next_dist_1gdrd03._.js:1817
[   65899ms] [ERROR] ./src/components/dashboard/dashboard-grid.tsx:38:3
Error: Expression expected
  36 |     { initials: "EO", name: "Elena Product Owner", date: "22 de agosto - amanha", area: "E...
  37 |     { initials: "IR", name: "Isabela RH", date: "28 de agosto - em 7 dias", area: "Engenha...
> 38 |   };
     |   ^
  39 |
  40 |   const passedBirthdays = [
  41 |     { initials: "CT", name: "Carla Lider Tecnica", date: "10 de agosto - ha 11 dias", area...

Parsing ecmascript source code failed

Import trace:
  Server Component:
    ./src/components/dashboard/dashboard-grid.tsx
    ./src/app/dashboard/page.tsx @ http://localhost:3000/_next/static/chunks/node_modules_next_dist_1gdrd03._.js:1817
[   65948ms] [ERROR] ./src/components/dashboard/dashboard-grid.tsx:38:3
Error: Expression expected
  36 |     { initials: "EO", name: "Elena Product Owner", date: "22 de agosto - amanha", area: "E...
  37 |     { initials: "IR", name: "Isabela RH", date: "28 de agosto - em 7 dias", area: "Engenha...
> 38 |   };
     |   ^
  39 |
  40 |   const passedBirthdays = [
  41 |     { initials: "CT", name: "Carla Lider Tecnica", date: "10 de agosto - ha 11 dias", area...

Parsing ecmascript source code failed

Import trace:
  Server Component:
    ./src/components/dashboard/dashboard-grid.tsx
    ./src/app/dashboard/page.tsx @ http://localhost:3000/_next/static/chunks/node_modules_next_dist_1gdrd03._.js:1817
[   66012ms] [ERROR] ./src/components/dashboard/dashboard-grid.tsx:38:3
Error: Expression expected
  36 |     { initials: "EO", name: "Elena Product Owner", date: "22 de agosto - amanha", area: "E...
  37 |     { initials: "IR", name: "Isabela RH", date: "28 de agosto - em 7 dias", area: "Engenha...
> 38 |   };
     |   ^
  39 |
  40 |   const passedBirthdays = [
  41 |     { initials: "CT", name: "Carla Lider Tecnica", date: "10 de agosto - ha 11 dias", area...

Parsing ecmascript source code failed

Import trace:
  Server Component:
    ./src/components/dashboard/dashboard-grid.tsx
    ./src/app/dashboard/page.tsx @ http://localhost:3000/_next/static/chunks/node_modules_next_dist_1gdrd03._.js:1817
[   66061ms] [ERROR] ./src/components/dashboard/dashboard-grid.tsx:38:3
Error: Expression expected
  36 |     { initials: "EO", name: "Elena Product Owner", date: "22 de agosto - amanha", area: "E...
  37 |     { initials: "IR", name: "Isabela RH", date: "28 de agosto - em 7 dias", area: "Engenha...
> 38 |   };
     |   ^
  39 |
  40 |   const passedBirthdays = [
  41 |     { initials: "CT", name: "Carla Lider Tecnica", date: "10 de agosto - ha 11 dias", area...

Parsing ecmascript source code failed

Import trace:
  Server Component:
    ./src/components/dashboard/dashboard-grid.tsx
    ./src/app/dashboard/page.tsx @ http://localhost:3000/_next/static/chunks/node_modules_next_dist_1gdrd03._.js:1817
[   66108ms] [ERROR] ./src/components/dashboard/dashboard-grid.tsx:38:3
Error: Expression expected
  36 |     { initials: "EO", name: "Elena Product Owner", date: "22 de agosto - amanha", area: "E...
  37 |     { initials: "IR", name: "Isabela RH", date: "28 de agosto - em 7 dias", area: "Engenha...
> 38 |   };
     |   ^
  39 |
  40 |   const passedBirthdays = [
  41 |     { initials: "CT", name: "Carla Lider Tecnica", date: "10 de agosto - ha 11 dias", area...

Parsing ecmascript source code failed

Import trace:
  Server Component:
    ./src/components/dashboard/dashboard-grid.tsx
    ./src/app/dashboard/page.tsx @ http://localhost:3000/_next/static/chunks/node_modules_next_dist_1gdrd03._.js:1817
[   66156ms] [ERROR] ./src/components/dashboard/dashboard-grid.tsx:38:3
Error: Expression expected
  36 |     { initials: "EO", name: "Elena Product Owner", date: "22 de agosto - amanha", area: "E...
  37 |     { initials: "IR", name: "Isabela RH", date: "28 de agosto - em 7 dias", area: "Engenha...
> 38 |   };
     |   ^
  39 |
  40 |   const passedBirthdays = [
  41 |     { initials: "CT", name: "Carla Lider Tecnica", date: "10 de agosto - ha 11 dias", area...

Parsing ecmascript source code failed

Import trace:
  Server Component:
    ./src/components/dashboard/dashboard-grid.tsx
    ./src/app/dashboard/page.tsx @ http://localhost:3000/_next/static/chunks/node_modules_next_dist_1gdrd03._.js:1817
[   66204ms] [ERROR] ./src/components/dashboard/dashboard-grid.tsx:38:3
Error: Expression expected
  36 |     { initials: "EO", name: "Elena Product Owner", date: "22 de agosto - amanha", area: "E...
  37 |     { initials: "IR", name: "Isabela RH", date: "28 de agosto - em 7 dias", area: "Engenha...
> 38 |   };
     |   ^
  39 |
  40 |   const passedBirthdays = [
  41 |     { initials: "CT", name: "Carla Lider Tecnica", date: "10 de agosto - ha 11 dias", area...

Parsing ecmascript source code failed

Import trace:
  Server Component:
    ./src/components/dashboard/dashboard-grid.tsx
    ./src/app/dashboard/page.tsx @ http://localhost:3000/_next/static/chunks/node_modules_next_dist_1gdrd03._.js:1817
[   66268ms] [ERROR] ./src/components/dashboard/dashboard-grid.tsx:38:3
Error: Expression expected
  36 |     { initials: "EO", name: "Elena Product Owner", date: "22 de agosto - amanha", area: "E...
  37 |     { initials: "IR", name: "Isabela RH", date: "28 de agosto - em 7 dias", area: "Engenha...
> 38 |   };
     |   ^
  39 |
  40 |   const passedBirthdays = [
  41 |     { initials: "CT", name: "Carla Lider Tecnica", date: "10 de agosto - ha 11 dias", area...

Parsing ecmascript source code failed

Import trace:
  Server Component:
    ./src/components/dashboard/dashboard-grid.tsx
    ./src/app/dashboard/page.tsx @ http://localhost:3000/_next/static/chunks/node_modules_next_dist_1gdrd03._.js:1817
[   66332ms] [ERROR] ./src/components/dashboard/dashboard-grid.tsx:38:3
Error: Expression expected
  36 |     { initials: "EO", name: "Elena Product Owner", date: "22 de agosto - amanha", area: "E...
  37 |     { initials: "IR", name: "Isabela RH", date: "28 de agosto - em 7 dias", area: "Engenha...
> 38 |   };
     |   ^
  39 |
  40 |   const passedBirthdays = [
  41 |     { initials: "CT", name: "Carla Lider Tecnica", date: "10 de agosto - ha 11 dias", area...

Parsing ecmascript source code failed

Import trace:
  Server Component:
    ./src/components/dashboard/dashboard-grid.tsx
    ./src/app/dashboard/page.tsx @ http://localhost:3000/_next/static/chunks/node_modules_next_dist_1gdrd03._.js:1817
[   66380ms] [ERROR] ./src/components/dashboard/dashboard-grid.tsx:38:3
Error: Expression expected
  36 |     { initials: "EO", name: "Elena Product Owner", date: "22 de agosto - amanha", area: "E...
  37 |     { initials: "IR", name: "Isabela RH", date: "28 de agosto - em 7 dias", area: "Engenha...
> 38 |   };
     |   ^
  39 |
  40 |   const passedBirthdays = [
  41 |     { initials: "CT", name: "Carla Lider Tecnica", date: "10 de agosto - ha 11 dias", area...

Parsing ecmascript source code failed

Import trace:
  Server Component:
    ./src/components/dashboard/dashboard-grid.tsx
    ./src/app/dashboard/page.tsx @ http://localhost:3000/_next/static/chunks/node_modules_next_dist_1gdrd03._.js:1817
[   66428ms] [ERROR] ./src/components/dashboard/dashboard-grid.tsx:38:3
Error: Expression expected
  36 |     { initials: "EO", name: "Elena Product Owner", date: "22 de agosto - amanha", area: "E...
  37 |     { initials: "IR", name: "Isabela RH", date: "28 de agosto - em 7 dias", area: "Engenha...
> 38 |   };
     |   ^
  39 |
  40 |   const passedBirthdays = [
  41 |     { initials: "CT", name: "Carla Lider Tecnica", date: "10 de agosto - ha 11 dias", area...

Parsing ecmascript source code failed

Import trace:
  Server Component:
    ./src/components/dashboard/dashboard-grid.tsx
    ./src/app/dashboard/page.tsx @ http://localhost:3000/_next/static/chunks/node_modules_next_dist_1gdrd03._.js:1817
[   66477ms] [ERROR] ./src/components/dashboard/dashboard-grid.tsx:38:3
Error: Expression expected
  36 |     { initials: "EO", name: "Elena Product Owner", date: "22 de agosto - amanha", area: "E...
  37 |     { initials: "IR", name: "Isabela RH", date: "28 de agosto - em 7 dias", area: "Engenha...
> 38 |   };
     |   ^
  39 |
  40 |   const passedBirthdays = [
  41 |     { initials: "CT", name: "Carla Lider Tecnica", date: "10 de agosto - ha 11 dias", area...

Parsing ecmascript source code failed

Import trace:
  Server Component:
    ./src/components/dashboard/dashboard-grid.tsx
    ./src/app/dashboard/page.tsx @ http://localhost:3000/_next/static/chunks/node_modules_next_dist_1gdrd03._.js:1817
[   66525ms] [ERROR] ./src/components/dashboard/dashboard-grid.tsx:38:3
Error: Expression expected
  36 |     { initials: "EO", name: "Elena Product Owner", date: "22 de agosto - amanha", area: "E...
  37 |     { initials: "IR", name: "Isabela RH", date: "28 de agosto - em 7 dias", area: "Engenha...
> 38 |   };
     |   ^
  39 |
  40 |   const passedBirthdays = [
  41 |     { initials: "CT", name: "Carla Lider Tecnica", date: "10 de agosto - ha 11 dias", area...

Parsing ecmascript source code failed

Import trace:
  Server Component:
    ./src/components/dashboard/dashboard-grid.tsx
    ./src/app/dashboard/page.tsx @ http://localhost:3000/_next/static/chunks/node_modules_next_dist_1gdrd03._.js:1817
[   66588ms] [ERROR] ./src/components/dashboard/dashboard-grid.tsx:38:3
Error: Expression expected
  36 |     { initials: "EO", name: "Elena Product Owner", date: "22 de agosto - amanha", area: "E...
  37 |     { initials: "IR", name: "Isabela RH", date: "28 de agosto - em 7 dias", area: "Engenha...
> 38 |   };
     |   ^
  39 |
  40 |   const passedBirthdays = [
  41 |     { initials: "CT", name: "Carla Lider Tecnica", date: "10 de agosto - ha 11 dias", area...

Parsing ecmascript source code failed

Import trace:
  Server Component:
    ./src/components/dashboard/dashboard-grid.tsx
    ./src/app/dashboard/page.tsx @ http://localhost:3000/_next/static/chunks/node_modules_next_dist_1gdrd03._.js:1817
[   66651ms] [ERROR] ./src/components/dashboard/dashboard-grid.tsx:38:3
Error: Expression expected
  36 |     { initials: "EO", name: "Elena Product Owner", date: "22 de agosto - amanha", area: "E...
  37 |     { initials: "IR", name: "Isabela RH", date: "28 de agosto - em 7 dias", area: "Engenha...
> 38 |   };
     |   ^
  39 |
  40 |   const passedBirthdays = [
  41 |     { initials: "CT", name: "Carla Lider Tecnica", date: "10 de agosto - ha 11 dias", area...

Parsing ecmascript source code failed

Import trace:
  Server Component:
    ./src/components/dashboard/dashboard-grid.tsx
    ./src/app/dashboard/page.tsx @ http://localhost:3000/_next/static/chunks/node_modules_next_dist_1gdrd03._.js:1817
[   66717ms] [ERROR] ./src/components/dashboard/dashboard-grid.tsx:38:3
Error: Expression expected
  36 |     { initials: "EO", name: "Elena Product Owner", date: "22 de agosto - amanha", area: "E...
  37 |     { initials: "IR", name: "Isabela RH", date: "28 de agosto - em 7 dias", area: "Engenha...
> 38 |   };
     |   ^
  39 |
  40 |   const passedBirthdays = [
  41 |     { initials: "CT", name: "Carla Lider Tecnica", date: "10 de agosto - ha 11 dias", area...

Parsing ecmascript source code failed

Import trace:
  Server Component:
    ./src/components/dashboard/dashboard-grid.tsx
    ./src/app/dashboard/page.tsx @ http://localhost:3000/_next/static/chunks/node_modules_next_dist_1gdrd03._.js:1817
[   66767ms] [ERROR] ./src/components/dashboard/dashboard-grid.tsx:38:3
Error: Expression expected
  36 |     { initials: "EO", name: "Elena Product Owner", date: "22 de agosto - amanha", area: "E...
  37 |     { initials: "IR", name: "Isabela RH", date: "28 de agosto - em 7 dias", area: "Engenha...
> 38 |   };
     |   ^
  39 |
  40 |   const passedBirthdays = [
  41 |     { initials: "CT", name: "Carla Lider Tecnica", date: "10 de agosto - ha 11 dias", area...

Parsing ecmascript source code failed

Import trace:
  Server Component:
    ./src/components/dashboard/dashboard-grid.tsx
    ./src/app/dashboard/page.tsx @ http://localhost:3000/_next/static/chunks/node_modules_next_dist_1gdrd03._.js:1817
[   66832ms] [ERROR] ./src/components/dashboard/dashboard-grid.tsx:38:3
Error: Expression expected
  36 |     { initials: "EO", name: "Elena Product Owner", date: "22 de agosto - amanha", area: "E...
  37 |     { initials: "IR", name: "Isabela RH", date: "28 de agosto - em 7 dias", area: "Engenha...
> 38 |   };
     |   ^
  39 |
  40 |   const passedBirthdays = [
  41 |     { initials: "CT", name: "Carla Lider Tecnica", date: "10 de agosto - ha 11 dias", area...

Parsing ecmascript source code failed

Import trace:
  Server Component:
    ./src/components/dashboard/dashboard-grid.tsx
    ./src/app/dashboard/page.tsx @ http://localhost:3000/_next/static/chunks/node_modules_next_dist_1gdrd03._.js:1817
[   66881ms] [ERROR] ./src/components/dashboard/dashboard-grid.tsx:38:3
Error: Expression expected
  36 |     { initials: "EO", name: "Elena Product Owner", date: "22 de agosto - amanha", area: "E...
  37 |     { initials: "IR", name: "Isabela RH", date: "28 de agosto - em 7 dias", area: "Engenha...
> 38 |   };
     |   ^
  39 |
  40 |   const passedBirthdays = [
  41 |     { initials: "CT", name: "Carla Lider Tecnica", date: "10 de agosto - ha 11 dias", area...

Parsing ecmascript source code failed

Import trace:
  Server Component:
    ./src/components/dashboard/dashboard-grid.tsx
    ./src/app/dashboard/page.tsx @ http://localhost:3000/_next/static/chunks/node_modules_next_dist_1gdrd03._.js:1817
[   66930ms] [ERROR] ./src/components/dashboard/dashboard-grid.tsx:38:3
Error: Expression expected
  36 |     { initials: "EO", name: "Elena Product Owner", date: "22 de agosto - amanha", area: "E...
  37 |     { initials: "IR", name: "Isabela RH", date: "28 de agosto - em 7 dias", area: "Engenha...
> 38 |   };
     |   ^
  39 |
  40 |   const passedBirthdays = [
  41 |     { initials: "CT", name: "Carla Lider Tecnica", date: "10 de agosto - ha 11 dias", area...

Parsing ecmascript source code failed

Import trace:
  Server Component:
    ./src/components/dashboard/dashboard-grid.tsx
    ./src/app/dashboard/page.tsx @ http://localhost:3000/_next/static/chunks/node_modules_next_dist_1gdrd03._.js:1817
[   66979ms] [ERROR] ./src/components/dashboard/dashboard-grid.tsx:38:3
Error: Expression expected
  36 |     { initials: "EO", name: "Elena Product Owner", date: "22 de agosto - amanha", area: "E...
  37 |     { initials: "IR", name: "Isabela RH", date: "28 de agosto - em 7 dias", area: "Engenha...
> 38 |   };
     |   ^
  39 |
  40 |   const passedBirthdays = [
  41 |     { initials: "CT", name: "Carla Lider Tecnica", date: "10 de agosto - ha 11 dias", area...

Parsing ecmascript source code failed

Import trace:
  Server Component:
    ./src/components/dashboard/dashboard-grid.tsx
    ./src/app/dashboard/page.tsx @ http://localhost:3000/_next/static/chunks/node_modules_next_dist_1gdrd03._.js:1817
[   67029ms] [ERROR] ./src/components/dashboard/dashboard-grid.tsx:38:3
Error: Expression expected
  36 |     { initials: "EO", name: "Elena Product Owner", date: "22 de agosto - amanha", area: "E...
  37 |     { initials: "IR", name: "Isabela RH", date: "28 de agosto - em 7 dias", area: "Engenha...
> 38 |   };
     |   ^
  39 |
  40 |   const passedBirthdays = [
  41 |     { initials: "CT", name: "Carla Lider Tecnica", date: "10 de agosto - ha 11 dias", area...

Parsing ecmascript source code failed

Import trace:
  Server Component:
    ./src/components/dashboard/dashboard-grid.tsx
    ./src/app/dashboard/page.tsx @ http://localhost:3000/_next/static/chunks/node_modules_next_dist_1gdrd03._.js:1817
[   67093ms] [ERROR] ./src/components/dashboard/dashboard-grid.tsx:38:3
Error: Expression expected
  36 |     { initials: "EO", name: "Elena Product Owner", date: "22 de agosto - amanha", area: "E...
  37 |     { initials: "IR", name: "Isabela RH", date: "28 de agosto - em 7 dias", area: "Engenha...
> 38 |   };
     |   ^
  39 |
  40 |   const passedBirthdays = [
  41 |     { initials: "CT", name: "Carla Lider Tecnica", date: "10 de agosto - ha 11 dias", area...

Parsing ecmascript source code failed

Import trace:
  Server Component:
    ./src/components/dashboard/dashboard-grid.tsx
    ./src/app/dashboard/page.tsx @ http://localhost:3000/_next/static/chunks/node_modules_next_dist_1gdrd03._.js:1817
[   67142ms] [ERROR] ./src/components/dashboard/dashboard-grid.tsx:38:3
Error: Expression expected
  36 |     { initials: "EO", name: "Elena Product Owner", date: "22 de agosto - amanha", area: "E...
  37 |     { initials: "IR", name: "Isabela RH", date: "28 de agosto - em 7 dias", area: "Engenha...
> 38 |   };
     |   ^
  39 |
  40 |   const passedBirthdays = [
  41 |     { initials: "CT", name: "Carla Lider Tecnica", date: "10 de agosto - ha 11 dias", area...

Parsing ecmascript source code failed

Import trace:
  Server Component:
    ./src/components/dashboard/dashboard-grid.tsx
    ./src/app/dashboard/page.tsx @ http://localhost:3000/_next/static/chunks/node_modules_next_dist_1gdrd03._.js:1817
[   67191ms] [ERROR] ./src/components/dashboard/dashboard-grid.tsx:38:3
Error: Expression expected
  36 |     { initials: "EO", name: "Elena Product Owner", date: "22 de agosto - amanha", area: "E...
  37 |     { initials: "IR", name: "Isabela RH", date: "28 de agosto - em 7 dias", area: "Engenha...
> 38 |   };
     |   ^
  39 |
  40 |   const passedBirthdays = [
  41 |     { initials: "CT", name: "Carla Lider Tecnica", date: "10 de agosto - ha 11 dias", area...

Parsing ecmascript source code failed

Import trace:
  Server Component:
    ./src/components/dashboard/dashboard-grid.tsx
    ./src/app/dashboard/page.tsx @ http://localhost:3000/_next/static/chunks/node_modules_next_dist_1gdrd03._.js:1817
[   67239ms] [ERROR] ./src/components/dashboard/dashboard-grid.tsx:38:3
Error: Expression expected
  36 |     { initials: "EO", name: "Elena Product Owner", date: "22 de agosto - amanha", area: "E...
  37 |     { initials: "IR", name: "Isabela RH", date: "28 de agosto - em 7 dias", area: "Engenha...
> 38 |   };
     |   ^
  39 |
  40 |   const passedBirthdays = [
  41 |     { initials: "CT", name: "Carla Lider Tecnica", date: "10 de agosto - ha 11 dias", area...

Parsing ecmascript source code failed

Import trace:
  Server Component:
    ./src/components/dashboard/dashboard-grid.tsx
    ./src/app/dashboard/page.tsx @ http://localhost:3000/_next/static/chunks/node_modules_next_dist_1gdrd03._.js:1817
[   67287ms] [ERROR] ./src/components/dashboard/dashboard-grid.tsx:38:3
Error: Expression expected
  36 |     { initials: "EO", name: "Elena Product Owner", date: "22 de agosto - amanha", area: "E...
  37 |     { initials: "IR", name: "Isabela RH", date: "28 de agosto - em 7 dias", area: "Engenha...
> 38 |   };
     |   ^
  39 |
  40 |   const passedBirthdays = [
  41 |     { initials: "CT", name: "Carla Lider Tecnica", date: "10 de agosto - ha 11 dias", area...

Parsing ecmascript source code failed

Import trace:
  Server Component:
    ./src/components/dashboard/dashboard-grid.tsx
    ./src/app/dashboard/page.tsx @ http://localhost:3000/_next/static/chunks/node_modules_next_dist_1gdrd03._.js:1817
[   67334ms] [ERROR] ./src/components/dashboard/dashboard-grid.tsx:38:3
Error: Expression expected
  36 |     { initials: "EO", name: "Elena Product Owner", date: "22 de agosto - amanha", area: "E...
  37 |     { initials: "IR", name: "Isabela RH", date: "28 de agosto - em 7 dias", area: "Engenha...
> 38 |   };
     |   ^
  39 |
  40 |   const passedBirthdays = [
  41 |     { initials: "CT", name: "Carla Lider Tecnica", date: "10 de agosto - ha 11 dias", area...

Parsing ecmascript source code failed

Import trace:
  Server Component:
    ./src/components/dashboard/dashboard-grid.tsx
    ./src/app/dashboard/page.tsx @ http://localhost:3000/_next/static/chunks/node_modules_next_dist_1gdrd03._.js:1817
[   67384ms] [ERROR] ./src/components/dashboard/dashboard-grid.tsx:38:3
Error: Expression expected
  36 |     { initials: "EO", name: "Elena Product Owner", date: "22 de agosto - amanha", area: "E...
  37 |     { initials: "IR", name: "Isabela RH", date: "28 de agosto - em 7 dias", area: "Engenha...
> 38 |   };
     |   ^
  39 |
  40 |   const passedBirthdays = [
  41 |     { initials: "CT", name: "Carla Lider Tecnica", date: "10 de agosto - ha 11 dias", area...

Parsing ecmascript source code failed

Import trace:
  Server Component:
    ./src/components/dashboard/dashboard-grid.tsx
    ./src/app/dashboard/page.tsx @ http://localhost:3000/_next/static/chunks/node_modules_next_dist_1gdrd03._.js:1817
[   67448ms] [ERROR] ./src/components/dashboard/dashboard-grid.tsx:38:3
Error: Expression expected
  36 |     { initials: "EO", name: "Elena Product Owner", date: "22 de agosto - amanha", area: "E...
  37 |     { initials: "IR", name: "Isabela RH", date: "28 de agosto - em 7 dias", area: "Engenha...
> 38 |   };
     |   ^
  39 |
  40 |   const passedBirthdays = [
  41 |     { initials: "CT", name: "Carla Lider Tecnica", date: "10 de agosto - ha 11 dias", area...

Parsing ecmascript source code failed

Import trace:
  Server Component:
    ./src/components/dashboard/dashboard-grid.tsx
    ./src/app/dashboard/page.tsx @ http://localhost:3000/_next/static/chunks/node_modules_next_dist_1gdrd03._.js:1817
[   67512ms] [ERROR] ./src/components/dashboard/dashboard-grid.tsx:38:3
Error: Expression expected
  36 |     { initials: "EO", name: "Elena Product Owner", date: "22 de agosto - amanha", area: "E...
  37 |     { initials: "IR", name: "Isabela RH", date: "28 de agosto - em 7 dias", area: "Engenha...
> 38 |   };
     |   ^
  39 |
  40 |   const passedBirthdays = [
  41 |     { initials: "CT", name: "Carla Lider Tecnica", date: "10 de agosto - ha 11 dias", area...

Parsing ecmascript source code failed

Import trace:
  Server Component:
    ./src/components/dashboard/dashboard-grid.tsx
    ./src/app/dashboard/page.tsx @ http://localhost:3000/_next/static/chunks/node_modules_next_dist_1gdrd03._.js:1817
[   67575ms] [ERROR] ./src/components/dashboard/dashboard-grid.tsx:38:3
Error: Expression expected
  36 |     { initials: "EO", name: "Elena Product Owner", date: "22 de agosto - amanha", area: "E...
  37 |     { initials: "IR", name: "Isabela RH", date: "28 de agosto - em 7 dias", area: "Engenha...
> 38 |   };
     |   ^
  39 |
  40 |   const passedBirthdays = [
  41 |     { initials: "CT", name: "Carla Lider Tecnica", date: "10 de agosto - ha 11 dias", area...

Parsing ecmascript source code failed

Import trace:
  Server Component:
    ./src/components/dashboard/dashboard-grid.tsx
    ./src/app/dashboard/page.tsx @ http://localhost:3000/_next/static/chunks/node_modules_next_dist_1gdrd03._.js:1817
[   67624ms] [ERROR] ./src/components/dashboard/dashboard-grid.tsx:38:3
Error: Expression expected
  36 |     { initials: "EO", name: "Elena Product Owner", date: "22 de agosto - amanha", area: "E...
  37 |     { initials: "IR", name: "Isabela RH", date: "28 de agosto - em 7 dias", area: "Engenha...
> 38 |   };
     |   ^
  39 |
  40 |   const passedBirthdays = [
  41 |     { initials: "CT", name: "Carla Lider Tecnica", date: "10 de agosto - ha 11 dias", area...

Parsing ecmascript source code failed

Import trace:
  Server Component:
    ./src/components/dashboard/dashboard-grid.tsx
    ./src/app/dashboard/page.tsx @ http://localhost:3000/_next/static/chunks/node_modules_next_dist_1gdrd03._.js:1817
[   67673ms] [ERROR] ./src/components/dashboard/dashboard-grid.tsx:38:3
Error: Expression expected
  36 |     { initials: "EO", name: "Elena Product Owner", date: "22 de agosto - amanha", area: "E...
  37 |     { initials: "IR", name: "Isabela RH", date: "28 de agosto - em 7 dias", area: "Engenha...
> 38 |   };
     |   ^
  39 |
  40 |   const passedBirthdays = [
  41 |     { initials: "CT", name: "Carla Lider Tecnica", date: "10 de agosto - ha 11 dias", area...

Parsing ecmascript source code failed

Import trace:
  Server Component:
    ./src/components/dashboard/dashboard-grid.tsx
    ./src/app/dashboard/page.tsx @ http://localhost:3000/_next/static/chunks/node_modules_next_dist_1gdrd03._.js:1817
[   67721ms] [ERROR] ./src/components/dashboard/dashboard-grid.tsx:38:3
Error: Expression expected
  36 |     { initials: "EO", name: "Elena Product Owner", date: "22 de agosto - amanha", area: "E...
  37 |     { initials: "IR", name: "Isabela RH", date: "28 de agosto - em 7 dias", area: "Engenha...
> 38 |   };
     |   ^
  39 |
  40 |   const passedBirthdays = [
  41 |     { initials: "CT", name: "Carla Lider Tecnica", date: "10 de agosto - ha 11 dias", area...

Parsing ecmascript source code failed

Import trace:
  Server Component:
    ./src/components/dashboard/dashboard-grid.tsx
    ./src/app/dashboard/page.tsx @ http://localhost:3000/_next/static/chunks/node_modules_next_dist_1gdrd03._.js:1817
[   67784ms] [ERROR] ./src/components/dashboard/dashboard-grid.tsx:38:3
Error: Expression expected
  36 |     { initials: "EO", name: "Elena Product Owner", date: "22 de agosto - amanha", area: "E...
  37 |     { initials: "IR", name: "Isabela RH", date: "28 de agosto - em 7 dias", area: "Engenha...
> 38 |   };
     |   ^
  39 |
  40 |   const passedBirthdays = [
  41 |     { initials: "CT", name: "Carla Lider Tecnica", date: "10 de agosto - ha 11 dias", area...

Parsing ecmascript source code failed

Import trace:
  Server Component:
    ./src/components/dashboard/dashboard-grid.tsx
    ./src/app/dashboard/page.tsx @ http://localhost:3000/_next/static/chunks/node_modules_next_dist_1gdrd03._.js:1817
[   67834ms] [ERROR] ./src/components/dashboard/dashboard-grid.tsx:38:3
Error: Expression expected
  36 |     { initials: "EO", name: "Elena Product Owner", date: "22 de agosto - amanha", area: "E...
  37 |     { initials: "IR", name: "Isabela RH", date: "28 de agosto - em 7 dias", area: "Engenha...
> 38 |   };
     |   ^
  39 |
  40 |   const passedBirthdays = [
  41 |     { initials: "CT", name: "Carla Lider Tecnica", date: "10 de agosto - ha 11 dias", area...

Parsing ecmascript source code failed

Import trace:
  Server Component:
    ./src/components/dashboard/dashboard-grid.tsx
    ./src/app/dashboard/page.tsx @ http://localhost:3000/_next/static/chunks/node_modules_next_dist_1gdrd03._.js:1817
[   67897ms] [ERROR] ./src/components/dashboard/dashboard-grid.tsx:38:3
Error: Expression expected
  36 |     { initials: "EO", name: "Elena Product Owner", date: "22 de agosto - amanha", area: "E...
  37 |     { initials: "IR", name: "Isabela RH", date: "28 de agosto - em 7 dias", area: "Engenha...
> 38 |   };
     |   ^
  39 |
  40 |   const passedBirthdays = [
  41 |     { initials: "CT", name: "Carla Lider Tecnica", date: "10 de agosto - ha 11 dias", area...

Parsing ecmascript source code failed

Import trace:
  Server Component:
    ./src/components/dashboard/dashboard-grid.tsx
    ./src/app/dashboard/page.tsx @ http://localhost:3000/_next/static/chunks/node_modules_next_dist_1gdrd03._.js:1817
[   67945ms] [ERROR] ./src/components/dashboard/dashboard-grid.tsx:38:3
Error: Expression expected
  36 |     { initials: "EO", name: "Elena Product Owner", date: "22 de agosto - amanha", area: "E...
  37 |     { initials: "IR", name: "Isabela RH", date: "28 de agosto - em 7 dias", area: "Engenha...
> 38 |   };
     |   ^
  39 |
  40 |   const passedBirthdays = [
  41 |     { initials: "CT", name: "Carla Lider Tecnica", date: "10 de agosto - ha 11 dias", area...

Parsing ecmascript source code failed

Import trace:
  Server Component:
    ./src/components/dashboard/dashboard-grid.tsx
    ./src/app/dashboard/page.tsx @ http://localhost:3000/_next/static/chunks/node_modules_next_dist_1gdrd03._.js:1817
[   68010ms] [ERROR] ./src/components/dashboard/dashboard-grid.tsx:38:3
Error: Expression expected
  36 |     { initials: "EO", name: "Elena Product Owner", date: "22 de agosto - amanha", area: "E...
  37 |     { initials: "IR", name: "Isabela RH", date: "28 de agosto - em 7 dias", area: "Engenha...
> 38 |   };
     |   ^
  39 |
  40 |   const passedBirthdays = [
  41 |     { initials: "CT", name: "Carla Lider Tecnica", date: "10 de agosto - ha 11 dias", area...

Parsing ecmascript source code failed

Import trace:
  Server Component:
    ./src/components/dashboard/dashboard-grid.tsx
    ./src/app/dashboard/page.tsx @ http://localhost:3000/_next/static/chunks/node_modules_next_dist_1gdrd03._.js:1817
[   68058ms] [ERROR] ./src/components/dashboard/dashboard-grid.tsx:38:3
Error: Expression expected
  36 |     { initials: "EO", name: "Elena Product Owner", date: "22 de agosto - amanha", area: "E...
  37 |     { initials: "IR", name: "Isabela RH", date: "28 de agosto - em 7 dias", area: "Engenha...
> 38 |   };
     |   ^
  39 |
  40 |   const passedBirthdays = [
  41 |     { initials: "CT", name: "Carla Lider Tecnica", date: "10 de agosto - ha 11 dias", area...

Parsing ecmascript source code failed

Import trace:
  Server Component:
    ./src/components/dashboard/dashboard-grid.tsx
    ./src/app/dashboard/page.tsx @ http://localhost:3000/_next/static/chunks/node_modules_next_dist_1gdrd03._.js:1817
[   68121ms] [ERROR] ./src/components/dashboard/dashboard-grid.tsx:38:3
Error: Expression expected
  36 |     { initials: "EO", name: "Elena Product Owner", date: "22 de agosto - amanha", area: "E...
  37 |     { initials: "IR", name: "Isabela RH", date: "28 de agosto - em 7 dias", area: "Engenha...
> 38 |   };
     |   ^
  39 |
  40 |   const passedBirthdays = [
  41 |     { initials: "CT", name: "Carla Lider Tecnica", date: "10 de agosto - ha 11 dias", area...

Parsing ecmascript source code failed

Import trace:
  Server Component:
    ./src/components/dashboard/dashboard-grid.tsx
    ./src/app/dashboard/page.tsx @ http://localhost:3000/_next/static/chunks/node_modules_next_dist_1gdrd03._.js:1817
[   68185ms] [ERROR] ./src/components/dashboard/dashboard-grid.tsx:38:3
Error: Expression expected
  36 |     { initials: "EO", name: "Elena Product Owner", date: "22 de agosto - amanha", area: "E...
  37 |     { initials: "IR", name: "Isabela RH", date: "28 de agosto - em 7 dias", area: "Engenha...
> 38 |   };
     |   ^
  39 |
  40 |   const passedBirthdays = [
  41 |     { initials: "CT", name: "Carla Lider Tecnica", date: "10 de agosto - ha 11 dias", area...

Parsing ecmascript source code failed

Import trace:
  Server Component:
    ./src/components/dashboard/dashboard-grid.tsx
    ./src/app/dashboard/page.tsx @ http://localhost:3000/_next/static/chunks/node_modules_next_dist_1gdrd03._.js:1817
[   68233ms] [ERROR] ./src/components/dashboard/dashboard-grid.tsx:38:3
Error: Expression expected
  36 |     { initials: "EO", name: "Elena Product Owner", date: "22 de agosto - amanha", area: "E...
  37 |     { initials: "IR", name: "Isabela RH", date: "28 de agosto - em 7 dias", area: "Engenha...
> 38 |   };
     |   ^
  39 |
  40 |   const passedBirthdays = [
  41 |     { initials: "CT", name: "Carla Lider Tecnica", date: "10 de agosto - ha 11 dias", area...

Parsing ecmascript source code failed

Import trace:
  Server Component:
    ./src/components/dashboard/dashboard-grid.tsx
    ./src/app/dashboard/page.tsx @ http://localhost:3000/_next/static/chunks/node_modules_next_dist_1gdrd03._.js:1817
[   68281ms] [ERROR] ./src/components/dashboard/dashboard-grid.tsx:38:3
Error: Expression expected
  36 |     { initials: "EO", name: "Elena Product Owner", date: "22 de agosto - amanha", area: "E...
  37 |     { initials: "IR", name: "Isabela RH", date: "28 de agosto - em 7 dias", area: "Engenha...
> 38 |   };
     |   ^
  39 |
  40 |   const passedBirthdays = [
  41 |     { initials: "CT", name: "Carla Lider Tecnica", date: "10 de agosto - ha 11 dias", area...

Parsing ecmascript source code failed

Import trace:
  Server Component:
    ./src/components/dashboard/dashboard-grid.tsx
    ./src/app/dashboard/page.tsx @ http://localhost:3000/_next/static/chunks/node_modules_next_dist_1gdrd03._.js:1817
[   68330ms] [ERROR] ./src/components/dashboard/dashboard-grid.tsx:38:3
Error: Expression expected
  36 |     { initials: "EO", name: "Elena Product Owner", date: "22 de agosto - amanha", area: "E...
  37 |     { initials: "IR", name: "Isabela RH", date: "28 de agosto - em 7 dias", area: "Engenha...
> 38 |   };
     |   ^
  39 |
  40 |   const passedBirthdays = [
  41 |     { initials: "CT", name: "Carla Lider Tecnica", date: "10 de agosto - ha 11 dias", area...

Parsing ecmascript source code failed

Import trace:
  Server Component:
    ./src/components/dashboard/dashboard-grid.tsx
    ./src/app/dashboard/page.tsx @ http://localhost:3000/_next/static/chunks/node_modules_next_dist_1gdrd03._.js:1817
[   68394ms] [ERROR] ./src/components/dashboard/dashboard-grid.tsx:38:3
Error: Expression expected
  36 |     { initials: "EO", name: "Elena Product Owner", date: "22 de agosto - amanha", area: "E...
  37 |     { initials: "IR", name: "Isabela RH", date: "28 de agosto - em 7 dias", area: "Engenha...
> 38 |   };
     |   ^
  39 |
  40 |   const passedBirthdays = [
  41 |     { initials: "CT", name: "Carla Lider Tecnica", date: "10 de agosto - ha 11 dias", area...

Parsing ecmascript source code failed

Import trace:
  Server Component:
    ./src/components/dashboard/dashboard-grid.tsx
    ./src/app/dashboard/page.tsx @ http://localhost:3000/_next/static/chunks/node_modules_next_dist_1gdrd03._.js:1817
[   68444ms] [ERROR] ./src/components/dashboard/dashboard-grid.tsx:38:3
Error: Expression expected
  36 |     { initials: "EO", name: "Elena Product Owner", date: "22 de agosto - amanha", area: "E...
  37 |     { initials: "IR", name: "Isabela RH", date: "28 de agosto - em 7 dias", area: "Engenha...
> 38 |   };
     |   ^
  39 |
  40 |   const passedBirthdays = [
  41 |     { initials: "CT", name: "Carla Lider Tecnica", date: "10 de agosto - ha 11 dias", area...

Parsing ecmascript source code failed

Import trace:
  Server Component:
    ./src/components/dashboard/dashboard-grid.tsx
    ./src/app/dashboard/page.tsx @ http://localhost:3000/_next/static/chunks/node_modules_next_dist_1gdrd03._.js:1817
[   68508ms] [ERROR] ./src/components/dashboard/dashboard-grid.tsx:38:3
Error: Expression expected
  36 |     { initials: "EO", name: "Elena Product Owner", date: "22 de agosto - amanha", area: "E...
  37 |     { initials: "IR", name: "Isabela RH", date: "28 de agosto - em 7 dias", area: "Engenha...
> 38 |   };
     |   ^
  39 |
  40 |   const passedBirthdays = [
  41 |     { initials: "CT", name: "Carla Lider Tecnica", date: "10 de agosto - ha 11 dias", area...

Parsing ecmascript source code failed

Import trace:
  Server Component:
    ./src/components/dashboard/dashboard-grid.tsx
    ./src/app/dashboard/page.tsx @ http://localhost:3000/_next/static/chunks/node_modules_next_dist_1gdrd03._.js:1817
[   68556ms] [ERROR] ./src/components/dashboard/dashboard-grid.tsx:38:3
Error: Expression expected
  36 |     { initials: "EO", name: "Elena Product Owner", date: "22 de agosto - amanha", area: "E...
  37 |     { initials: "IR", name: "Isabela RH", date: "28 de agosto - em 7 dias", area: "Engenha...
> 38 |   };
     |   ^
  39 |
  40 |   const passedBirthdays = [
  41 |     { initials: "CT", name: "Carla Lider Tecnica", date: "10 de agosto - ha 11 dias", area...

Parsing ecmascript source code failed

Import trace:
  Server Component:
    ./src/components/dashboard/dashboard-grid.tsx
    ./src/app/dashboard/page.tsx @ http://localhost:3000/_next/static/chunks/node_modules_next_dist_1gdrd03._.js:1817
[   68604ms] [ERROR] ./src/components/dashboard/dashboard-grid.tsx:38:3
Error: Expression expected
  36 |     { initials: "EO", name: "Elena Product Owner", date: "22 de agosto - amanha", area: "E...
  37 |     { initials: "IR", name: "Isabela RH", date: "28 de agosto - em 7 dias", area: "Engenha...
> 38 |   };
     |   ^
  39 |
  40 |   const passedBirthdays = [
  41 |     { initials: "CT", name: "Carla Lider Tecnica", date: "10 de agosto - ha 11 dias", area...

Parsing ecmascript source code failed

Import trace:
  Server Component:
    ./src/components/dashboard/dashboard-grid.tsx
    ./src/app/dashboard/page.tsx @ http://localhost:3000/_next/static/chunks/node_modules_next_dist_1gdrd03._.js:1817
[   68651ms] [ERROR] ./src/components/dashboard/dashboard-grid.tsx:38:3
Error: Expression expected
  36 |     { initials: "EO", name: "Elena Product Owner", date: "22 de agosto - amanha", area: "E...
  37 |     { initials: "IR", name: "Isabela RH", date: "28 de agosto - em 7 dias", area: "Engenha...
> 38 |   };
     |   ^
  39 |
  40 |   const passedBirthdays = [
  41 |     { initials: "CT", name: "Carla Lider Tecnica", date: "10 de agosto - ha 11 dias", area...

Parsing ecmascript source code failed

Import trace:
  Server Component:
    ./src/components/dashboard/dashboard-grid.tsx
    ./src/app/dashboard/page.tsx @ http://localhost:3000/_next/static/chunks/node_modules_next_dist_1gdrd03._.js:1817
[   68715ms] [ERROR] ./src/components/dashboard/dashboard-grid.tsx:38:3
Error: Expression expected
  36 |     { initials: "EO", name: "Elena Product Owner", date: "22 de agosto - amanha", area: "E...
  37 |     { initials: "IR", name: "Isabela RH", date: "28 de agosto - em 7 dias", area: "Engenha...
> 38 |   };
     |   ^
  39 |
  40 |   const passedBirthdays = [
  41 |     { initials: "CT", name: "Carla Lider Tecnica", date: "10 de agosto - ha 11 dias", area...

Parsing ecmascript source code failed

Import trace:
  Server Component:
    ./src/components/dashboard/dashboard-grid.tsx
    ./src/app/dashboard/page.tsx @ http://localhost:3000/_next/static/chunks/node_modules_next_dist_1gdrd03._.js:1817
[   68764ms] [ERROR] ./src/components/dashboard/dashboard-grid.tsx:38:3
Error: Expression expected
  36 |     { initials: "EO", name: "Elena Product Owner", date: "22 de agosto - amanha", area: "E...
  37 |     { initials: "IR", name: "Isabela RH", date: "28 de agosto - em 7 dias", area: "Engenha...
> 38 |   };
     |   ^
  39 |
  40 |   const passedBirthdays = [
  41 |     { initials: "CT", name: "Carla Lider Tecnica", date: "10 de agosto - ha 11 dias", area...

Parsing ecmascript source code failed

Import trace:
  Server Component:
    ./src/components/dashboard/dashboard-grid.tsx
    ./src/app/dashboard/page.tsx @ http://localhost:3000/_next/static/chunks/node_modules_next_dist_1gdrd03._.js:1817
[   68818ms] [ERROR] ./src/components/dashboard/dashboard-grid.tsx:38:3
Error: Expression expected
  36 |     { initials: "EO", name: "Elena Product Owner", date: "22 de agosto - amanha", area: "E...
  37 |     { initials: "IR", name: "Isabela RH", date: "28 de agosto - em 7 dias", area: "Engenha...
> 38 |   };
     |   ^
  39 |
  40 |   const passedBirthdays = [
  41 |     { initials: "CT", name: "Carla Lider Tecnica", date: "10 de agosto - ha 11 dias", area...

Parsing ecmascript source code failed

Import trace:
  Server Component:
    ./src/components/dashboard/dashboard-grid.tsx
    ./src/app/dashboard/page.tsx @ http://localhost:3000/_next/static/chunks/node_modules_next_dist_1gdrd03._.js:1817
[   68884ms] [ERROR] ./src/components/dashboard/dashboard-grid.tsx:38:3
Error: Expression expected
  36 |     { initials: "EO", name: "Elena Product Owner", date: "22 de agosto - amanha", area: "E...
  37 |     { initials: "IR", name: "Isabela RH", date: "28 de agosto - em 7 dias", area: "Engenha...
> 38 |   };
     |   ^
  39 |
  40 |   const passedBirthdays = [
  41 |     { initials: "CT", name: "Carla Lider Tecnica", date: "10 de agosto - ha 11 dias", area...

Parsing ecmascript source code failed

Import trace:
  Server Component:
    ./src/components/dashboard/dashboard-grid.tsx
    ./src/app/dashboard/page.tsx @ http://localhost:3000/_next/static/chunks/node_modules_next_dist_1gdrd03._.js:1817
[   68946ms] [ERROR] ./src/components/dashboard/dashboard-grid.tsx:38:3
Error: Expression expected
  36 |     { initials: "EO", name: "Elena Product Owner", date: "22 de agosto - amanha", area: "E...
  37 |     { initials: "IR", name: "Isabela RH", date: "28 de agosto - em 7 dias", area: "Engenha...
> 38 |   };
     |   ^
  39 |
  40 |   const passedBirthdays = [
  41 |     { initials: "CT", name: "Carla Lider Tecnica", date: "10 de agosto - ha 11 dias", area...

Parsing ecmascript source code failed

Import trace:
  Server Component:
    ./src/components/dashboard/dashboard-grid.tsx
    ./src/app/dashboard/page.tsx @ http://localhost:3000/_next/static/chunks/node_modules_next_dist_1gdrd03._.js:1817
[   68995ms] [ERROR] ./src/components/dashboard/dashboard-grid.tsx:38:3
Error: Expression expected
  36 |     { initials: "EO", name: "Elena Product Owner", date: "22 de agosto - amanha", area: "E...
  37 |     { initials: "IR", name: "Isabela RH", date: "28 de agosto - em 7 dias", area: "Engenha...
> 38 |   };
     |   ^
  39 |
  40 |   const passedBirthdays = [
  41 |     { initials: "CT", name: "Carla Lider Tecnica", date: "10 de agosto - ha 11 dias", area...

Parsing ecmascript source code failed

Import trace:
  Server Component:
    ./src/components/dashboard/dashboard-grid.tsx
    ./src/app/dashboard/page.tsx @ http://localhost:3000/_next/static/chunks/node_modules_next_dist_1gdrd03._.js:1817
[   69059ms] [ERROR] ./src/components/dashboard/dashboard-grid.tsx:38:3
Error: Expression expected
  36 |     { initials: "EO", name: "Elena Product Owner", date: "22 de agosto - amanha", area: "E...
  37 |     { initials: "IR", name: "Isabela RH", date: "28 de agosto - em 7 dias", area: "Engenha...
> 38 |   };
     |   ^
  39 |
  40 |   const passedBirthdays = [
  41 |     { initials: "CT", name: "Carla Lider Tecnica", date: "10 de agosto - ha 11 dias", area...

Parsing ecmascript source code failed

Import trace:
  Server Component:
    ./src/components/dashboard/dashboard-grid.tsx
    ./src/app/dashboard/page.tsx @ http://localhost:3000/_next/static/chunks/node_modules_next_dist_1gdrd03._.js:1817
[   69106ms] [ERROR] ./src/components/dashboard/dashboard-grid.tsx:38:3
Error: Expression expected
  36 |     { initials: "EO", name: "Elena Product Owner", date: "22 de agosto - amanha", area: "E...
  37 |     { initials: "IR", name: "Isabela RH", date: "28 de agosto - em 7 dias", area: "Engenha...
> 38 |   };
     |   ^
  39 |
  40 |   const passedBirthdays = [
  41 |     { initials: "CT", name: "Carla Lider Tecnica", date: "10 de agosto - ha 11 dias", area...

Parsing ecmascript source code failed

Import trace:
  Server Component:
    ./src/components/dashboard/dashboard-grid.tsx
    ./src/app/dashboard/page.tsx @ http://localhost:3000/_next/static/chunks/node_modules_next_dist_1gdrd03._.js:1817
[   69155ms] [ERROR] ./src/components/dashboard/dashboard-grid.tsx:38:3
Error: Expression expected
  36 |     { initials: "EO", name: "Elena Product Owner", date: "22 de agosto - amanha", area: "E...
  37 |     { initials: "IR", name: "Isabela RH", date: "28 de agosto - em 7 dias", area: "Engenha...
> 38 |   };
     |   ^
  39 |
  40 |   const passedBirthdays = [
  41 |     { initials: "CT", name: "Carla Lider Tecnica", date: "10 de agosto - ha 11 dias", area...

Parsing ecmascript source code failed

Import trace:
  Server Component:
    ./src/components/dashboard/dashboard-grid.tsx
    ./src/app/dashboard/page.tsx @ http://localhost:3000/_next/static/chunks/node_modules_next_dist_1gdrd03._.js:1817
[   69217ms] [ERROR] ./src/components/dashboard/dashboard-grid.tsx:38:3
Error: Expression expected
  36 |     { initials: "EO", name: "Elena Product Owner", date: "22 de agosto - amanha", area: "E...
  37 |     { initials: "IR", name: "Isabela RH", date: "28 de agosto - em 7 dias", area: "Engenha...
> 38 |   };
     |   ^
  39 |
  40 |   const passedBirthdays = [
  41 |     { initials: "CT", name: "Carla Lider Tecnica", date: "10 de agosto - ha 11 dias", area...

Parsing ecmascript source code failed

Import trace:
  Server Component:
    ./src/components/dashboard/dashboard-grid.tsx
    ./src/app/dashboard/page.tsx @ http://localhost:3000/_next/static/chunks/node_modules_next_dist_1gdrd03._.js:1817
[   69265ms] [ERROR] ./src/components/dashboard/dashboard-grid.tsx:38:3
Error: Expression expected
  36 |     { initials: "EO", name: "Elena Product Owner", date: "22 de agosto - amanha", area: "E...
  37 |     { initials: "IR", name: "Isabela RH", date: "28 de agosto - em 7 dias", area: "Engenha...
> 38 |   };
     |   ^
  39 |
  40 |   const passedBirthdays = [
  41 |     { initials: "CT", name: "Carla Lider Tecnica", date: "10 de agosto - ha 11 dias", area...

Parsing ecmascript source code failed

Import trace:
  Server Component:
    ./src/components/dashboard/dashboard-grid.tsx
    ./src/app/dashboard/page.tsx @ http://localhost:3000/_next/static/chunks/node_modules_next_dist_1gdrd03._.js:1817
[   69329ms] [ERROR] ./src/components/dashboard/dashboard-grid.tsx:38:3
Error: Expression expected
  36 |     { initials: "EO", name: "Elena Product Owner", date: "22 de agosto - amanha", area: "E...
  37 |     { initials: "IR", name: "Isabela RH", date: "28 de agosto - em 7 dias", area: "Engenha...
> 38 |   };
     |   ^
  39 |
  40 |   const passedBirthdays = [
  41 |     { initials: "CT", name: "Carla Lider Tecnica", date: "10 de agosto - ha 11 dias", area...

Parsing ecmascript source code failed

Import trace:
  Server Component:
    ./src/components/dashboard/dashboard-grid.tsx
    ./src/app/dashboard/page.tsx @ http://localhost:3000/_next/static/chunks/node_modules_next_dist_1gdrd03._.js:1817
[   69377ms] [ERROR] ./src/components/dashboard/dashboard-grid.tsx:38:3
Error: Expression expected
  36 |     { initials: "EO", name: "Elena Product Owner", date: "22 de agosto - amanha", area: "E...
  37 |     { initials: "IR", name: "Isabela RH", date: "28 de agosto - em 7 dias", area: "Engenha...
> 38 |   };
     |   ^
  39 |
  40 |   const passedBirthdays = [
  41 |     { initials: "CT", name: "Carla Lider Tecnica", date: "10 de agosto - ha 11 dias", area...

Parsing ecmascript source code failed

Import trace:
  Server Component:
    ./src/components/dashboard/dashboard-grid.tsx
    ./src/app/dashboard/page.tsx @ http://localhost:3000/_next/static/chunks/node_modules_next_dist_1gdrd03._.js:1817
[   69440ms] [ERROR] ./src/components/dashboard/dashboard-grid.tsx:38:3
Error: Expression expected
  36 |     { initials: "EO", name: "Elena Product Owner", date: "22 de agosto - amanha", area: "E...
  37 |     { initials: "IR", name: "Isabela RH", date: "28 de agosto - em 7 dias", area: "Engenha...
> 38 |   };
     |   ^
  39 |
  40 |   const passedBirthdays = [
  41 |     { initials: "CT", name: "Carla Lider Tecnica", date: "10 de agosto - ha 11 dias", area...

Parsing ecmascript source code failed

Import trace:
  Server Component:
    ./src/components/dashboard/dashboard-grid.tsx
    ./src/app/dashboard/page.tsx @ http://localhost:3000/_next/static/chunks/node_modules_next_dist_1gdrd03._.js:1817
[   69504ms] [ERROR] ./src/components/dashboard/dashboard-grid.tsx:38:3
Error: Expression expected
  36 |     { initials: "EO", name: "Elena Product Owner", date: "22 de agosto - amanha", area: "E...
  37 |     { initials: "IR", name: "Isabela RH", date: "28 de agosto - em 7 dias", area: "Engenha...
> 38 |   };
     |   ^
  39 |
  40 |   const passedBirthdays = [
  41 |     { initials: "CT", name: "Carla Lider Tecnica", date: "10 de agosto - ha 11 dias", area...

Parsing ecmascript source code failed

Import trace:
  Server Component:
    ./src/components/dashboard/dashboard-grid.tsx
    ./src/app/dashboard/page.tsx @ http://localhost:3000/_next/static/chunks/node_modules_next_dist_1gdrd03._.js:1817
[   69567ms] [ERROR] ./src/components/dashboard/dashboard-grid.tsx:38:3
Error: Expression expected
  36 |     { initials: "EO", name: "Elena Product Owner", date: "22 de agosto - amanha", area: "E...
  37 |     { initials: "IR", name: "Isabela RH", date: "28 de agosto - em 7 dias", area: "Engenha...
> 38 |   };
     |   ^
  39 |
  40 |   const passedBirthdays = [
  41 |     { initials: "CT", name: "Carla Lider Tecnica", date: "10 de agosto - ha 11 dias", area...

Parsing ecmascript source code failed

Import trace:
  Server Component:
    ./src/components/dashboard/dashboard-grid.tsx
    ./src/app/dashboard/page.tsx @ http://localhost:3000/_next/static/chunks/node_modules_next_dist_1gdrd03._.js:1817
[   69630ms] [ERROR] ./src/components/dashboard/dashboard-grid.tsx:38:3
Error: Expression expected
  36 |     { initials: "EO", name: "Elena Product Owner", date: "22 de agosto - amanha", area: "E...
  37 |     { initials: "IR", name: "Isabela RH", date: "28 de agosto - em 7 dias", area: "Engenha...
> 38 |   };
     |   ^
  39 |
  40 |   const passedBirthdays = [
  41 |     { initials: "CT", name: "Carla Lider Tecnica", date: "10 de agosto - ha 11 dias", area...

Parsing ecmascript source code failed

Import trace:
  Server Component:
    ./src/components/dashboard/dashboard-grid.tsx
    ./src/app/dashboard/page.tsx @ http://localhost:3000/_next/static/chunks/node_modules_next_dist_1gdrd03._.js:1817
[   69692ms] [ERROR] ./src/components/dashboard/dashboard-grid.tsx:38:3
Error: Expression expected
  36 |     { initials: "EO", name: "Elena Product Owner", date: "22 de agosto - amanha", area: "E...
  37 |     { initials: "IR", name: "Isabela RH", date: "28 de agosto - em 7 dias", area: "Engenha...
> 38 |   };
     |   ^
  39 |
  40 |   const passedBirthdays = [
  41 |     { initials: "CT", name: "Carla Lider Tecnica", date: "10 de agosto - ha 11 dias", area...

Parsing ecmascript source code failed

Import trace:
  Server Component:
    ./src/components/dashboard/dashboard-grid.tsx
    ./src/app/dashboard/page.tsx @ http://localhost:3000/_next/static/chunks/node_modules_next_dist_1gdrd03._.js:1817
[   69740ms] [ERROR] ./src/components/dashboard/dashboard-grid.tsx:38:3
Error: Expression expected
  36 |     { initials: "EO", name: "Elena Product Owner", date: "22 de agosto - amanha", area: "E...
  37 |     { initials: "IR", name: "Isabela RH", date: "28 de agosto - em 7 dias", area: "Engenha...
> 38 |   };
     |   ^
  39 |
  40 |   const passedBirthdays = [
  41 |     { initials: "CT", name: "Carla Lider Tecnica", date: "10 de agosto - ha 11 dias", area...

Parsing ecmascript source code failed

Import trace:
  Server Component:
    ./src/components/dashboard/dashboard-grid.tsx
    ./src/app/dashboard/page.tsx @ http://localhost:3000/_next/static/chunks/node_modules_next_dist_1gdrd03._.js:1817
[   69799ms] [ERROR] ./src/components/dashboard/dashboard-grid.tsx:38:3
Error: Expression expected
  36 |     { initials: "EO", name: "Elena Product Owner", date: "22 de agosto - amanha", area: "E...
  37 |     { initials: "IR", name: "Isabela RH", date: "28 de agosto - em 7 dias", area: "Engenha...
> 38 |   };
     |   ^
  39 |
  40 |   const passedBirthdays = [
  41 |     { initials: "CT", name: "Carla Lider Tecnica", date: "10 de agosto - ha 11 dias", area...

Parsing ecmascript source code failed

Import trace:
  Server Component:
    ./src/components/dashboard/dashboard-grid.tsx
    ./src/app/dashboard/page.tsx @ http://localhost:3000/_next/static/chunks/node_modules_next_dist_1gdrd03._.js:1817
[   69849ms] [ERROR] ./src/components/dashboard/dashboard-grid.tsx:38:3
Error: Expression expected
  36 |     { initials: "EO", name: "Elena Product Owner", date: "22 de agosto - amanha", area: "E...
  37 |     { initials: "IR", name: "Isabela RH", date: "28 de agosto - em 7 dias", area: "Engenha...
> 38 |   };
     |   ^
  39 |
  40 |   const passedBirthdays = [
  41 |     { initials: "CT", name: "Carla Lider Tecnica", date: "10 de agosto - ha 11 dias", area...

Parsing ecmascript source code failed

Import trace:
  Server Component:
    ./src/components/dashboard/dashboard-grid.tsx
    ./src/app/dashboard/page.tsx @ http://localhost:3000/_next/static/chunks/node_modules_next_dist_1gdrd03._.js:1817
[   69897ms] [ERROR] ./src/components/dashboard/dashboard-grid.tsx:38:3
Error: Expression expected
  36 |     { initials: "EO", name: "Elena Product Owner", date: "22 de agosto - amanha", area: "E...
  37 |     { initials: "IR", name: "Isabela RH", date: "28 de agosto - em 7 dias", area: "Engenha...
> 38 |   };
     |   ^
  39 |
  40 |   const passedBirthdays = [
  41 |     { initials: "CT", name: "Carla Lider Tecnica", date: "10 de agosto - ha 11 dias", area...

Parsing ecmascript source code failed

Import trace:
  Server Component:
    ./src/components/dashboard/dashboard-grid.tsx
    ./src/app/dashboard/page.tsx @ http://localhost:3000/_next/static/chunks/node_modules_next_dist_1gdrd03._.js:1817
[   69961ms] [ERROR] ./src/components/dashboard/dashboard-grid.tsx:38:3
Error: Expression expected
  36 |     { initials: "EO", name: "Elena Product Owner", date: "22 de agosto - amanha", area: "E...
  37 |     { initials: "IR", name: "Isabela RH", date: "28 de agosto - em 7 dias", area: "Engenha...
> 38 |   };
     |   ^
  39 |
  40 |   const passedBirthdays = [
  41 |     { initials: "CT", name: "Carla Lider Tecnica", date: "10 de agosto - ha 11 dias", area...

Parsing ecmascript source code failed

Import trace:
  Server Component:
    ./src/components/dashboard/dashboard-grid.tsx
    ./src/app/dashboard/page.tsx @ http://localhost:3000/_next/static/chunks/node_modules_next_dist_1gdrd03._.js:1817
[   70009ms] [ERROR] ./src/components/dashboard/dashboard-grid.tsx:38:3
Error: Expression expected
  36 |     { initials: "EO", name: "Elena Product Owner", date: "22 de agosto - amanha", area: "E...
  37 |     { initials: "IR", name: "Isabela RH", date: "28 de agosto - em 7 dias", area: "Engenha...
> 38 |   };
     |   ^
  39 |
  40 |   const passedBirthdays = [
  41 |     { initials: "CT", name: "Carla Lider Tecnica", date: "10 de agosto - ha 11 dias", area...

Parsing ecmascript source code failed

Import trace:
  Server Component:
    ./src/components/dashboard/dashboard-grid.tsx
    ./src/app/dashboard/page.tsx @ http://localhost:3000/_next/static/chunks/node_modules_next_dist_1gdrd03._.js:1817
[   70072ms] [ERROR] ./src/components/dashboard/dashboard-grid.tsx:38:3
Error: Expression expected
  36 |     { initials: "EO", name: "Elena Product Owner", date: "22 de agosto - amanha", area: "E...
  37 |     { initials: "IR", name: "Isabela RH", date: "28 de agosto - em 7 dias", area: "Engenha...
> 38 |   };
     |   ^
  39 |
  40 |   const passedBirthdays = [
  41 |     { initials: "CT", name: "Carla Lider Tecnica", date: "10 de agosto - ha 11 dias", area...

Parsing ecmascript source code failed

Import trace:
  Server Component:
    ./src/components/dashboard/dashboard-grid.tsx
    ./src/app/dashboard/page.tsx @ http://localhost:3000/_next/static/chunks/node_modules_next_dist_1gdrd03._.js:1817
[   70120ms] [ERROR] ./src/components/dashboard/dashboard-grid.tsx:38:3
Error: Expression expected
  36 |     { initials: "EO", name: "Elena Product Owner", date: "22 de agosto - amanha", area: "E...
  37 |     { initials: "IR", name: "Isabela RH", date: "28 de agosto - em 7 dias", area: "Engenha...
> 38 |   };
     |   ^
  39 |
  40 |   const passedBirthdays = [
  41 |     { initials: "CT", name: "Carla Lider Tecnica", date: "10 de agosto - ha 11 dias", area...

Parsing ecmascript source code failed

Import trace:
  Server Component:
    ./src/components/dashboard/dashboard-grid.tsx
    ./src/app/dashboard/page.tsx @ http://localhost:3000/_next/static/chunks/node_modules_next_dist_1gdrd03._.js:1817
[   70168ms] [ERROR] ./src/components/dashboard/dashboard-grid.tsx:38:3
Error: Expression expected
  36 |     { initials: "EO", name: "Elena Product Owner", date: "22 de agosto - amanha", area: "E...
  37 |     { initials: "IR", name: "Isabela RH", date: "28 de agosto - em 7 dias", area: "Engenha...
> 38 |   };
     |   ^
  39 |
  40 |   const passedBirthdays = [
  41 |     { initials: "CT", name: "Carla Lider Tecnica", date: "10 de agosto - ha 11 dias", area...

Parsing ecmascript source code failed

Import trace:
  Server Component:
    ./src/components/dashboard/dashboard-grid.tsx
    ./src/app/dashboard/page.tsx @ http://localhost:3000/_next/static/chunks/node_modules_next_dist_1gdrd03._.js:1817
[   70215ms] [ERROR] ./src/components/dashboard/dashboard-grid.tsx:38:3
Error: Expression expected
  36 |     { initials: "EO", name: "Elena Product Owner", date: "22 de agosto - amanha", area: "E...
  37 |     { initials: "IR", name: "Isabela RH", date: "28 de agosto - em 7 dias", area: "Engenha...
> 38 |   };
     |   ^
  39 |
  40 |   const passedBirthdays = [
  41 |     { initials: "CT", name: "Carla Lider Tecnica", date: "10 de agosto - ha 11 dias", area...

Parsing ecmascript source code failed

Import trace:
  Server Component:
    ./src/components/dashboard/dashboard-grid.tsx
    ./src/app/dashboard/page.tsx @ http://localhost:3000/_next/static/chunks/node_modules_next_dist_1gdrd03._.js:1817
[   70279ms] [ERROR] ./src/components/dashboard/dashboard-grid.tsx:38:3
Error: Expression expected
  36 |     { initials: "EO", name: "Elena Product Owner", date: "22 de agosto - amanha", area: "E...
  37 |     { initials: "IR", name: "Isabela RH", date: "28 de agosto - em 7 dias", area: "Engenha...
> 38 |   };
     |   ^
  39 |
  40 |   const passedBirthdays = [
  41 |     { initials: "CT", name: "Carla Lider Tecnica", date: "10 de agosto - ha 11 dias", area...

Parsing ecmascript source code failed

Import trace:
  Server Component:
    ./src/components/dashboard/dashboard-grid.tsx
    ./src/app/dashboard/page.tsx @ http://localhost:3000/_next/static/chunks/node_modules_next_dist_1gdrd03._.js:1817
[   70326ms] [ERROR] ./src/components/dashboard/dashboard-grid.tsx:38:3
Error: Expression expected
  36 |     { initials: "EO", name: "Elena Product Owner", date: "22 de agosto - amanha", area: "E...
  37 |     { initials: "IR", name: "Isabela RH", date: "28 de agosto - em 7 dias", area: "Engenha...
> 38 |   };
     |   ^
  39 |
  40 |   const passedBirthdays = [
  41 |     { initials: "CT", name: "Carla Lider Tecnica", date: "10 de agosto - ha 11 dias", area...

Parsing ecmascript source code failed

Import trace:
  Server Component:
    ./src/components/dashboard/dashboard-grid.tsx
    ./src/app/dashboard/page.tsx @ http://localhost:3000/_next/static/chunks/node_modules_next_dist_1gdrd03._.js:1817
[   70389ms] [ERROR] ./src/components/dashboard/dashboard-grid.tsx:38:3
Error: Expression expected
  36 |     { initials: "EO", name: "Elena Product Owner", date: "22 de agosto - amanha", area: "E...
  37 |     { initials: "IR", name: "Isabela RH", date: "28 de agosto - em 7 dias", area: "Engenha...
> 38 |   };
     |   ^
  39 |
  40 |   const passedBirthdays = [
  41 |     { initials: "CT", name: "Carla Lider Tecnica", date: "10 de agosto - ha 11 dias", area...

Parsing ecmascript source code failed

Import trace:
  Server Component:
    ./src/components/dashboard/dashboard-grid.tsx
    ./src/app/dashboard/page.tsx @ http://localhost:3000/_next/static/chunks/node_modules_next_dist_1gdrd03._.js:1817
[   70452ms] [ERROR] ./src/components/dashboard/dashboard-grid.tsx:38:3
Error: Expression expected
  36 |     { initials: "EO", name: "Elena Product Owner", date: "22 de agosto - amanha", area: "E...
  37 |     { initials: "IR", name: "Isabela RH", date: "28 de agosto - em 7 dias", area: "Engenha...
> 38 |   };
     |   ^
  39 |
  40 |   const passedBirthdays = [
  41 |     { initials: "CT", name: "Carla Lider Tecnica", date: "10 de agosto - ha 11 dias", area...

Parsing ecmascript source code failed

Import trace:
  Server Component:
    ./src/components/dashboard/dashboard-grid.tsx
    ./src/app/dashboard/page.tsx @ http://localhost:3000/_next/static/chunks/node_modules_next_dist_1gdrd03._.js:1817
[   70514ms] [ERROR] ./src/components/dashboard/dashboard-grid.tsx:38:3
Error: Expression expected
  36 |     { initials: "EO", name: "Elena Product Owner", date: "22 de agosto - amanha", area: "E...
  37 |     { initials: "IR", name: "Isabela RH", date: "28 de agosto - em 7 dias", area: "Engenha...
> 38 |   };
     |   ^
  39 |
  40 |   const passedBirthdays = [
  41 |     { initials: "CT", name: "Carla Lider Tecnica", date: "10 de agosto - ha 11 dias", area...

Parsing ecmascript source code failed

Import trace:
  Server Component:
    ./src/components/dashboard/dashboard-grid.tsx
    ./src/app/dashboard/page.tsx @ http://localhost:3000/_next/static/chunks/node_modules_next_dist_1gdrd03._.js:1817
[   70578ms] [ERROR] ./src/components/dashboard/dashboard-grid.tsx:38:3
Error: Expression expected
  36 |     { initials: "EO", name: "Elena Product Owner", date: "22 de agosto - amanha", area: "E...
  37 |     { initials: "IR", name: "Isabela RH", date: "28 de agosto - em 7 dias", area: "Engenha...
> 38 |   };
     |   ^
  39 |
  40 |   const passedBirthdays = [
  41 |     { initials: "CT", name: "Carla Lider Tecnica", date: "10 de agosto - ha 11 dias", area...

Parsing ecmascript source code failed

Import trace:
  Server Component:
    ./src/components/dashboard/dashboard-grid.tsx
    ./src/app/dashboard/page.tsx @ http://localhost:3000/_next/static/chunks/node_modules_next_dist_1gdrd03._.js:1817
[   70642ms] [ERROR] ./src/components/dashboard/dashboard-grid.tsx:38:3
Error: Expression expected
  36 |     { initials: "EO", name: "Elena Product Owner", date: "22 de agosto - amanha", area: "E...
  37 |     { initials: "IR", name: "Isabela RH", date: "28 de agosto - em 7 dias", area: "Engenha...
> 38 |   };
     |   ^
  39 |
  40 |   const passedBirthdays = [
  41 |     { initials: "CT", name: "Carla Lider Tecnica", date: "10 de agosto - ha 11 dias", area...

Parsing ecmascript source code failed

Import trace:
  Server Component:
    ./src/components/dashboard/dashboard-grid.tsx
    ./src/app/dashboard/page.tsx @ http://localhost:3000/_next/static/chunks/node_modules_next_dist_1gdrd03._.js:1817
[   70705ms] [ERROR] ./src/components/dashboard/dashboard-grid.tsx:38:3
Error: Expression expected
  36 |     { initials: "EO", name: "Elena Product Owner", date: "22 de agosto - amanha", area: "E...
  37 |     { initials: "IR", name: "Isabela RH", date: "28 de agosto - em 7 dias", area: "Engenha...
> 38 |   };
     |   ^
  39 |
  40 |   const passedBirthdays = [
  41 |     { initials: "CT", name: "Carla Lider Tecnica", date: "10 de agosto - ha 11 dias", area...

Parsing ecmascript source code failed

Import trace:
  Server Component:
    ./src/components/dashboard/dashboard-grid.tsx
    ./src/app/dashboard/page.tsx @ http://localhost:3000/_next/static/chunks/node_modules_next_dist_1gdrd03._.js:1817
[   70753ms] [ERROR] ./src/components/dashboard/dashboard-grid.tsx:38:3
Error: Expression expected
  36 |     { initials: "EO", name: "Elena Product Owner", date: "22 de agosto - amanha", area: "E...
  37 |     { initials: "IR", name: "Isabela RH", date: "28 de agosto - em 7 dias", area: "Engenha...
> 38 |   };
     |   ^
  39 |
  40 |   const passedBirthdays = [
  41 |     { initials: "CT", name: "Carla Lider Tecnica", date: "10 de agosto - ha 11 dias", area...

Parsing ecmascript source code failed

Import trace:
  Server Component:
    ./src/components/dashboard/dashboard-grid.tsx
    ./src/app/dashboard/page.tsx @ http://localhost:3000/_next/static/chunks/node_modules_next_dist_1gdrd03._.js:1817
[   70801ms] [ERROR] ./src/components/dashboard/dashboard-grid.tsx:38:3
Error: Expression expected
  36 |     { initials: "EO", name: "Elena Product Owner", date: "22 de agosto - amanha", area: "E...
  37 |     { initials: "IR", name: "Isabela RH", date: "28 de agosto - em 7 dias", area: "Engenha...
> 38 |   };
     |   ^
  39 |
  40 |   const passedBirthdays = [
  41 |     { initials: "CT", name: "Carla Lider Tecnica", date: "10 de agosto - ha 11 dias", area...

Parsing ecmascript source code failed

Import trace:
  Server Component:
    ./src/components/dashboard/dashboard-grid.tsx
    ./src/app/dashboard/page.tsx @ http://localhost:3000/_next/static/chunks/node_modules_next_dist_1gdrd03._.js:1817
[   70864ms] [ERROR] ./src/components/dashboard/dashboard-grid.tsx:38:3
Error: Expression expected
  36 |     { initials: "EO", name: "Elena Product Owner", date: "22 de agosto - amanha", area: "E...
  37 |     { initials: "IR", name: "Isabela RH", date: "28 de agosto - em 7 dias", area: "Engenha...
> 38 |   };
     |   ^
  39 |
  40 |   const passedBirthdays = [
  41 |     { initials: "CT", name: "Carla Lider Tecnica", date: "10 de agosto - ha 11 dias", area...

Parsing ecmascript source code failed

Import trace:
  Server Component:
    ./src/components/dashboard/dashboard-grid.tsx
    ./src/app/dashboard/page.tsx @ http://localhost:3000/_next/static/chunks/node_modules_next_dist_1gdrd03._.js:1817
[   70929ms] [ERROR] ./src/components/dashboard/dashboard-grid.tsx:38:3
Error: Expression expected
  36 |     { initials: "EO", name: "Elena Product Owner", date: "22 de agosto - amanha", area: "E...
  37 |     { initials: "IR", name: "Isabela RH", date: "28 de agosto - em 7 dias", area: "Engenha...
> 38 |   };
     |   ^
  39 |
  40 |   const passedBirthdays = [
  41 |     { initials: "CT", name: "Carla Lider Tecnica", date: "10 de agosto - ha 11 dias", area...

Parsing ecmascript source code failed

Import trace:
  Server Component:
    ./src/components/dashboard/dashboard-grid.tsx
    ./src/app/dashboard/page.tsx @ http://localhost:3000/_next/static/chunks/node_modules_next_dist_1gdrd03._.js:1817
[   70977ms] [ERROR] ./src/components/dashboard/dashboard-grid.tsx:38:3
Error: Expression expected
  36 |     { initials: "EO", name: "Elena Product Owner", date: "22 de agosto - amanha", area: "E...
  37 |     { initials: "IR", name: "Isabela RH", date: "28 de agosto - em 7 dias", area: "Engenha...
> 38 |   };
     |   ^
  39 |
  40 |   const passedBirthdays = [
  41 |     { initials: "CT", name: "Carla Lider Tecnica", date: "10 de agosto - ha 11 dias", area...

Parsing ecmascript source code failed

Import trace:
  Server Component:
    ./src/components/dashboard/dashboard-grid.tsx
    ./src/app/dashboard/page.tsx @ http://localhost:3000/_next/static/chunks/node_modules_next_dist_1gdrd03._.js:1817
[   71042ms] [ERROR] ./src/components/dashboard/dashboard-grid.tsx:38:3
Error: Expression expected
  36 |     { initials: "EO", name: "Elena Product Owner", date: "22 de agosto - amanha", area: "E...
  37 |     { initials: "IR", name: "Isabela RH", date: "28 de agosto - em 7 dias", area: "Engenha...
> 38 |   };
     |   ^
  39 |
  40 |   const passedBirthdays = [
  41 |     { initials: "CT", name: "Carla Lider Tecnica", date: "10 de agosto - ha 11 dias", area...

Parsing ecmascript source code failed

Import trace:
  Server Component:
    ./src/components/dashboard/dashboard-grid.tsx
    ./src/app/dashboard/page.tsx @ http://localhost:3000/_next/static/chunks/node_modules_next_dist_1gdrd03._.js:1817
[   71105ms] [ERROR] ./src/components/dashboard/dashboard-grid.tsx:38:3
Error: Expression expected
  36 |     { initials: "EO", name: "Elena Product Owner", date: "22 de agosto - amanha", area: "E...
  37 |     { initials: "IR", name: "Isabela RH", date: "28 de agosto - em 7 dias", area: "Engenha...
> 38 |   };
     |   ^
  39 |
  40 |   const passedBirthdays = [
  41 |     { initials: "CT", name: "Carla Lider Tecnica", date: "10 de agosto - ha 11 dias", area...

Parsing ecmascript source code failed

Import trace:
  Server Component:
    ./src/components/dashboard/dashboard-grid.tsx
    ./src/app/dashboard/page.tsx @ http://localhost:3000/_next/static/chunks/node_modules_next_dist_1gdrd03._.js:1817
[   71170ms] [ERROR] ./src/components/dashboard/dashboard-grid.tsx:38:3
Error: Expression expected
  36 |     { initials: "EO", name: "Elena Product Owner", date: "22 de agosto - amanha", area: "E...
  37 |     { initials: "IR", name: "Isabela RH", date: "28 de agosto - em 7 dias", area: "Engenha...
> 38 |   };
     |   ^
  39 |
  40 |   const passedBirthdays = [
  41 |     { initials: "CT", name: "Carla Lider Tecnica", date: "10 de agosto - ha 11 dias", area...

Parsing ecmascript source code failed

Import trace:
  Server Component:
    ./src/components/dashboard/dashboard-grid.tsx
    ./src/app/dashboard/page.tsx @ http://localhost:3000/_next/static/chunks/node_modules_next_dist_1gdrd03._.js:1817
[   71278ms] [LOG] [Fast Refresh] rebuilding @ http://localhost:3000/_next/static/chunks/node_modules_next_dist_1gdrd03._.js:756
[   71314ms] [WARNING] [Fast Refresh] performing full reload because your application had an unrecoverable error @ http://localhost:3000/_next/static/chunks/node_modules_next_dist_1gdrd03._.js:756
[   80140ms] [LOG] [Fast Refresh] done in 43ms @ http://localhost:3000/_next/static/chunks/node_modules_next_dist_1gdrd03._.js:756
[   80141ms] [LOG] [Fast Refresh] done in 43ms @ http://localhost:3000/_next/static/chunks/node_modules_next_dist_1gdrd03._.js:756
[   80732ms] [INFO] %cDownload the React DevTools for a better development experience: https://react.dev/link/react-devtools font-weight:bold @ http://localhost:3000/_next/static/chunks/node_modules_next_dist_1e8vcs8._.js:776
[   80830ms] [LOG] [HMR] connected @ http://localhost:3000/_next/static/chunks/node_modules_next_dist_1e8vcs8._.js:776
