[     131ms] [INFO] %cDownload the React DevTools for a better development experience: https://react.dev/link/react-devtools font-weight:bold @ http://localhost:3000/_next/static/chunks/node_modules_next_dist_1e8vcs8._.js:776
[     148ms] [LOG] [HMR] connected @ http://localhost:3000/_next/static/chunks/node_modules_next_dist_1e8vcs8._.js:776
[     358ms] [LOG] [Fast Refresh] rebuilding @ http://localhost:3000/_next/static/chunks/node_modules_next_dist_1e8vcs8._.js:776
[     478ms] [LOG] [Fast Refresh] done in 229ms @ http://localhost:3000/_next/static/chunks/node_modules_next_dist_1e8vcs8._.js:776
[  249579ms] [LOG] [Fast Refresh] rebuilding @ http://localhost:3000/_next/static/chunks/node_modules_next_dist_1e8vcs8._.js:776
[  249735ms] [LOG] [Fast Refresh] done in 19ms @ http://localhost:3000/_next/static/chunks/node_modules_next_dist_1e8vcs8._.js:776
[  249797ms] [LOG] [Fast Refresh] done in 19ms @ http://localhost:3000/_next/static/chunks/node_modules_next_dist_1e8vcs8._.js:776
[  249860ms] [LOG] [Fast Refresh] done in 19ms @ http://localhost:3000/_next/static/chunks/node_modules_next_dist_1e8vcs8._.js:776
[  249912ms] [LOG] [Fast Refresh] done in 19ms @ http://localhost:3000/_next/static/chunks/node_modules_next_dist_1e8vcs8._.js:776
[  249964ms] [LOG] [Fast Refresh] done in 19ms @ http://localhost:3000/_next/static/chunks/node_modules_next_dist_1e8vcs8._.js:776
[  250013ms] [LOG] [Fast Refresh] done in 19ms @ http://localhost:3000/_next/static/chunks/node_modules_next_dist_1e8vcs8._.js:776
[  250068ms] [LOG] [Fast Refresh] done in 19ms @ http://localhost:3000/_next/static/chunks/node_modules_next_dist_1e8vcs8._.js:776
[  250121ms] [LOG] [Fast Refresh] done in 19ms @ http://localhost:3000/_next/static/chunks/node_modules_next_dist_1e8vcs8._.js:776
[  250167ms] [LOG] [Fast Refresh] done in 19ms @ http://localhost:3000/_next/static/chunks/node_modules_next_dist_1e8vcs8._.js:776
[  250212ms] [LOG] [Fast Refresh] done in 19ms @ http://localhost:3000/_next/static/chunks/node_modules_next_dist_1e8vcs8._.js:776
[  250259ms] [LOG] [Fast Refresh] done in 19ms @ http://localhost:3000/_next/static/chunks/node_modules_next_dist_1e8vcs8._.js:776
[  250320ms] [LOG] [Fast Refresh] done in 19ms @ http://localhost:3000/_next/static/chunks/node_modules_next_dist_1e8vcs8._.js:776
[  250368ms] [LOG] [Fast Refresh] done in 19ms @ http://localhost:3000/_next/static/chunks/node_modules_next_dist_1e8vcs8._.js:776
[  250431ms] [LOG] [Fast Refresh] done in 19ms @ http://localhost:3000/_next/static/chunks/node_modules_next_dist_1e8vcs8._.js:776
[  250479ms] [LOG] [Fast Refresh] done in 19ms @ http://localhost:3000/_next/static/chunks/node_modules_next_dist_1e8vcs8._.js:776
[  250526ms] [LOG] [Fast Refresh] done in 19ms @ http://localhost:3000/_next/static/chunks/node_modules_next_dist_1e8vcs8._.js:776
[  250585ms] [LOG] [Fast Refresh] done in 19ms @ http://localhost:3000/_next/static/chunks/node_modules_next_dist_1e8vcs8._.js:776
[  250625ms] [LOG] [Fast Refresh] done in 19ms @ http://localhost:3000/_next/static/chunks/node_modules_next_dist_1e8vcs8._.js:776
[  250682ms] [LOG] [Fast Refresh] done in 19ms @ http://localhost:3000/_next/static/chunks/node_modules_next_dist_1e8vcs8._.js:776
[  250743ms] [LOG] [Fast Refresh] done in 19ms @ http://localhost:3000/_next/static/chunks/node_modules_next_dist_1e8vcs8._.js:776
[  250799ms] [LOG] [Fast Refresh] done in 19ms @ http://localhost:3000/_next/static/chunks/node_modules_next_dist_1e8vcs8._.js:776
[  250861ms] [LOG] [Fast Refresh] done in 19ms @ http://localhost:3000/_next/static/chunks/node_modules_next_dist_1e8vcs8._.js:776
[  250902ms] [LOG] [Fast Refresh] done in 19ms @ http://localhost:3000/_next/static/chunks/node_modules_next_dist_1e8vcs8._.js:776
[  250946ms] [LOG] [Fast Refresh] done in 19ms @ http://localhost:3000/_next/static/chunks/node_modules_next_dist_1e8vcs8._.js:776
[  250987ms] [LOG] [Fast Refresh] done in 19ms @ http://localhost:3000/_next/static/chunks/node_modules_next_dist_1e8vcs8._.js:776
[  251035ms] [LOG] [Fast Refresh] done in 19ms @ http://localhost:3000/_next/static/chunks/node_modules_next_dist_1e8vcs8._.js:776
[  251085ms] [LOG] [Fast Refresh] done in 19ms @ http://localhost:3000/_next/static/chunks/node_modules_next_dist_1e8vcs8._.js:776
[  251135ms] [LOG] [Fast Refresh] done in 19ms @ http://localhost:3000/_next/static/chunks/node_modules_next_dist_1e8vcs8._.js:776
[  251185ms] [LOG] [Fast Refresh] done in 19ms @ http://localhost:3000/_next/static/chunks/node_modules_next_dist_1e8vcs8._.js:776
[  251235ms] [LOG] [Fast Refresh] done in 19ms @ http://localhost:3000/_next/static/chunks/node_modules_next_dist_1e8vcs8._.js:776
[  251285ms] [LOG] [Fast Refresh] done in 19ms @ http://localhost:3000/_next/static/chunks/node_modules_next_dist_1e8vcs8._.js:776
[  251326ms] [LOG] [Fast Refresh] done in 19ms @ http://localhost:3000/_next/static/chunks/node_modules_next_dist_1e8vcs8._.js:776
[  251368ms] [LOG] [Fast Refresh] done in 19ms @ http://localhost:3000/_next/static/chunks/node_modules_next_dist_1e8vcs8._.js:776
[  251419ms] [LOG] [Fast Refresh] done in 19ms @ http://localhost:3000/_next/static/chunks/node_modules_next_dist_1e8vcs8._.js:776
[  251467ms] [LOG] [Fast Refresh] done in 19ms @ http://localhost:3000/_next/static/chunks/node_modules_next_dist_1e8vcs8._.js:776
[  251513ms] [LOG] [Fast Refresh] done in 19ms @ http://localhost:3000/_next/static/chunks/node_modules_next_dist_1e8vcs8._.js:776
[  251559ms] [LOG] [Fast Refresh] done in 19ms @ http://localhost:3000/_next/static/chunks/node_modules_next_dist_1e8vcs8._.js:776
[  251605ms] [LOG] [Fast Refresh] done in 19ms @ http://localhost:3000/_next/static/chunks/node_modules_next_dist_1e8vcs8._.js:776
[  251652ms] [LOG] [Fast Refresh] done in 19ms @ http://localhost:3000/_next/static/chunks/node_modules_next_dist_1e8vcs8._.js:776
[  251702ms] [LOG] [Fast Refresh] done in 19ms @ http://localhost:3000/_next/static/chunks/node_modules_next_dist_1e8vcs8._.js:776
[  251752ms] [LOG] [Fast Refresh] done in 19ms @ http://localhost:3000/_next/static/chunks/node_modules_next_dist_1e8vcs8._.js:776
[  251792ms] [LOG] [Fast Refresh] done in 19ms @ http://localhost:3000/_next/static/chunks/node_modules_next_dist_1e8vcs8._.js:776
[  251852ms] [LOG] [Fast Refresh] done in 19ms @ http://localhost:3000/_next/static/chunks/node_modules_next_dist_1e8vcs8._.js:776
[  251892ms] [LOG] [Fast Refresh] done in 19ms @ http://localhost:3000/_next/static/chunks/node_modules_next_dist_1e8vcs8._.js:776
[  251935ms] [LOG] [Fast Refresh] done in 19ms @ http://localhost:3000/_next/static/chunks/node_modules_next_dist_1e8vcs8._.js:776
[  251975ms] [LOG] [Fast Refresh] done in 19ms @ http://localhost:3000/_next/static/chunks/node_modules_next_dist_1e8vcs8._.js:776
[  252019ms] [LOG] [Fast Refresh] done in 19ms @ http://localhost:3000/_next/static/chunks/node_modules_next_dist_1e8vcs8._.js:776
[  252061ms] [LOG] [Fast Refresh] done in 19ms @ http://localhost:3000/_next/static/chunks/node_modules_next_dist_1e8vcs8._.js:776
[  252103ms] [LOG] [Fast Refresh] done in 19ms @ http://localhost:3000/_next/static/chunks/node_modules_next_dist_1e8vcs8._.js:776
[  252152ms] [LOG] [Fast Refresh] done in 19ms @ http://localhost:3000/_next/static/chunks/node_modules_next_dist_1e8vcs8._.js:776
[  252202ms] [LOG] [Fast Refresh] done in 19ms @ http://localhost:3000/_next/static/chunks/node_modules_next_dist_1e8vcs8._.js:776
[  252242ms] [LOG] [Fast Refresh] done in 19ms @ http://localhost:3000/_next/static/chunks/node_modules_next_dist_1e8vcs8._.js:776
[  252292ms] [LOG] [Fast Refresh] done in 19ms @ http://localhost:3000/_next/static/chunks/node_modules_next_dist_1e8vcs8._.js:776
[  252335ms] [LOG] [Fast Refresh] done in 19ms @ http://localhost:3000/_next/static/chunks/node_modules_next_dist_1e8vcs8._.js:776
[  252378ms] [LOG] [Fast Refresh] done in 19ms @ http://localhost:3000/_next/static/chunks/node_modules_next_dist_1e8vcs8._.js:776
[  252418ms] [LOG] [Fast Refresh] done in 19ms @ http://localhost:3000/_next/static/chunks/node_modules_next_dist_1e8vcs8._.js:776
[  252459ms] [LOG] [Fast Refresh] done in 19ms @ http://localhost:3000/_next/static/chunks/node_modules_next_dist_1e8vcs8._.js:776
[  252517ms] [LOG] [Fast Refresh] done in 19ms @ http://localhost:3000/_next/static/chunks/node_modules_next_dist_1e8vcs8._.js:776
[  252563ms] [LOG] [Fast Refresh] done in 19ms @ http://localhost:3000/_next/static/chunks/node_modules_next_dist_1e8vcs8._.js:776
[  252605ms] [LOG] [Fast Refresh] done in 19ms @ http://localhost:3000/_next/static/chunks/node_modules_next_dist_1e8vcs8._.js:776
[  252658ms] [LOG] [Fast Refresh] done in 19ms @ http://localhost:3000/_next/static/chunks/node_modules_next_dist_1e8vcs8._.js:776
[  252704ms] [LOG] [Fast Refresh] done in 19ms @ http://localhost:3000/_next/static/chunks/node_modules_next_dist_1e8vcs8._.js:776
[  252753ms] [LOG] [Fast Refresh] done in 19ms @ http://localhost:3000/_next/static/chunks/node_modules_next_dist_1e8vcs8._.js:776
[  252803ms] [LOG] [Fast Refresh] done in 19ms @ http://localhost:3000/_next/static/chunks/node_modules_next_dist_1e8vcs8._.js:776
[  252853ms] [LOG] [Fast Refresh] done in 19ms @ http://localhost:3000/_next/static/chunks/node_modules_next_dist_1e8vcs8._.js:776
[  252903ms] [LOG] [Fast Refresh] done in 19ms @ http://localhost:3000/_next/static/chunks/node_modules_next_dist_1e8vcs8._.js:776
[  252944ms] [LOG] [Fast Refresh] done in 19ms @ http://localhost:3000/_next/static/chunks/node_modules_next_dist_1e8vcs8._.js:776
[  252987ms] [LOG] [Fast Refresh] done in 19ms @ http://localhost:3000/_next/static/chunks/node_modules_next_dist_1e8vcs8._.js:776
[  253038ms] [LOG] [Fast Refresh] done in 19ms @ http://localhost:3000/_next/static/chunks/node_modules_next_dist_1e8vcs8._.js:776
[  253090ms] [LOG] [Fast Refresh] done in 19ms @ http://localhost:3000/_next/static/chunks/node_modules_next_dist_1e8vcs8._.js:776
[  253135ms] [LOG] [Fast Refresh] done in 19ms @ http://localhost:3000/_next/static/chunks/node_modules_next_dist_1e8vcs8._.js:776
[  253175ms] [LOG] [Fast Refresh] done in 19ms @ http://localhost:3000/_next/static/chunks/node_modules_next_dist_1e8vcs8._.js:776
[  253219ms] [LOG] [Fast Refresh] done in 19ms @ http://localhost:3000/_next/static/chunks/node_modules_next_dist_1e8vcs8._.js:776
[  253269ms] [LOG] [Fast Refresh] done in 19ms @ http://localhost:3000/_next/static/chunks/node_modules_next_dist_1e8vcs8._.js:776
[  253312ms] [LOG] [Fast Refresh] done in 19ms @ http://localhost:3000/_next/static/chunks/node_modules_next_dist_1e8vcs8._.js:776
[  253359ms] [LOG] [Fast Refresh] done in 19ms @ http://localhost:3000/_next/static/chunks/node_modules_next_dist_1e8vcs8._.js:776
[  253409ms] [LOG] [Fast Refresh] done in 19ms @ http://localhost:3000/_next/static/chunks/node_modules_next_dist_1e8vcs8._.js:776
[  253458ms] [LOG] [Fast Refresh] done in 19ms @ http://localhost:3000/_next/static/chunks/node_modules_next_dist_1e8vcs8._.js:776
[  253507ms] [LOG] [Fast Refresh] done in 19ms @ http://localhost:3000/_next/static/chunks/node_modules_next_dist_1e8vcs8._.js:776
[  253558ms] [LOG] [Fast Refresh] done in 19ms @ http://localhost:3000/_next/static/chunks/node_modules_next_dist_1e8vcs8._.js:776
[  253607ms] [LOG] [Fast Refresh] done in 19ms @ http://localhost:3000/_next/static/chunks/node_modules_next_dist_1e8vcs8._.js:776
[  253657ms] [LOG] [Fast Refresh] done in 19ms @ http://localhost:3000/_next/static/chunks/node_modules_next_dist_1e8vcs8._.js:776
[  253709ms] [LOG] [Fast Refresh] done in 19ms @ http://localhost:3000/_next/static/chunks/node_modules_next_dist_1e8vcs8._.js:776
[  253757ms] [LOG] [Fast Refresh] done in 19ms @ http://localhost:3000/_next/static/chunks/node_modules_next_dist_1e8vcs8._.js:776
[  253808ms] [LOG] [Fast Refresh] done in 19ms @ http://localhost:3000/_next/static/chunks/node_modules_next_dist_1e8vcs8._.js:776
[  253857ms] [LOG] [Fast Refresh] done in 19ms @ http://localhost:3000/_next/static/chunks/node_modules_next_dist_1e8vcs8._.js:776
[  253907ms] [LOG] [Fast Refresh] done in 19ms @ http://localhost:3000/_next/static/chunks/node_modules_next_dist_1e8vcs8._.js:776
[  253958ms] [LOG] [Fast Refresh] done in 19ms @ http://localhost:3000/_next/static/chunks/node_modules_next_dist_1e8vcs8._.js:776
[  254007ms] [LOG] [Fast Refresh] done in 19ms @ http://localhost:3000/_next/static/chunks/node_modules_next_dist_1e8vcs8._.js:776
[  254057ms] [LOG] [Fast Refresh] done in 19ms @ http://localhost:3000/_next/static/chunks/node_modules_next_dist_1e8vcs8._.js:776
[  254108ms] [LOG] [Fast Refresh] done in 19ms @ http://localhost:3000/_next/static/chunks/node_modules_next_dist_1e8vcs8._.js:776
[  254158ms] [LOG] [Fast Refresh] done in 19ms @ http://localhost:3000/_next/static/chunks/node_modules_next_dist_1e8vcs8._.js:776
[  254208ms] [LOG] [Fast Refresh] done in 19ms @ http://localhost:3000/_next/static/chunks/node_modules_next_dist_1e8vcs8._.js:776
[  254257ms] [LOG] [Fast Refresh] done in 19ms @ http://localhost:3000/_next/static/chunks/node_modules_next_dist_1e8vcs8._.js:776
[  254311ms] [LOG] [Fast Refresh] done in 19ms @ http://localhost:3000/_next/static/chunks/node_modules_next_dist_1e8vcs8._.js:776
[  254359ms] [LOG] [Fast Refresh] done in 19ms @ http://localhost:3000/_next/static/chunks/node_modules_next_dist_1e8vcs8._.js:776
[  254402ms] [LOG] [Fast Refresh] done in 19ms @ http://localhost:3000/_next/static/chunks/node_modules_next_dist_1e8vcs8._.js:776
[  254445ms] [LOG] [Fast Refresh] done in 19ms @ http://localhost:3000/_next/static/chunks/node_modules_next_dist_1e8vcs8._.js:776
[  254492ms] [LOG] [Fast Refresh] done in 19ms @ http://localhost:3000/_next/static/chunks/node_modules_next_dist_1e8vcs8._.js:776
[  254536ms] [LOG] [Fast Refresh] done in 19ms @ http://localhost:3000/_next/static/chunks/node_modules_next_dist_1e8vcs8._.js:776
[  254576ms] [LOG] [Fast Refresh] done in 19ms @ http://localhost:3000/_next/static/chunks/node_modules_next_dist_1e8vcs8._.js:776
[  254619ms] [LOG] [Fast Refresh] done in 19ms @ http://localhost:3000/_next/static/chunks/node_modules_next_dist_1e8vcs8._.js:776
[  254665ms] [LOG] [Fast Refresh] done in 19ms @ http://localhost:3000/_next/static/chunks/node_modules_next_dist_1e8vcs8._.js:776
[  254718ms] [LOG] [Fast Refresh] done in 19ms @ http://localhost:3000/_next/static/chunks/node_modules_next_dist_1e8vcs8._.js:776
[  254769ms] [LOG] [Fast Refresh] done in 19ms @ http://localhost:3000/_next/static/chunks/node_modules_next_dist_1e8vcs8._.js:776
[  254819ms] [LOG] [Fast Refresh] done in 19ms @ http://localhost:3000/_next/static/chunks/node_modules_next_dist_1e8vcs8._.js:776
[  254869ms] [LOG] [Fast Refresh] done in 19ms @ http://localhost:3000/_next/static/chunks/node_modules_next_dist_1e8vcs8._.js:776
[  254911ms] [LOG] [Fast Refresh] done in 19ms @ http://localhost:3000/_next/static/chunks/node_modules_next_dist_1e8vcs8._.js:776
[  254952ms] [LOG] [Fast Refresh] done in 19ms @ http://localhost:3000/_next/static/chunks/node_modules_next_dist_1e8vcs8._.js:776
[  255002ms] [LOG] [Fast Refresh] done in 19ms @ http://localhost:3000/_next/static/chunks/node_modules_next_dist_1e8vcs8._.js:776
[  255046ms] [LOG] [Fast Refresh] done in 19ms @ http://localhost:3000/_next/static/chunks/node_modules_next_dist_1e8vcs8._.js:776
[  255102ms] [LOG] [Fast Refresh] done in 19ms @ http://localhost:3000/_next/static/chunks/node_modules_next_dist_1e8vcs8._.js:776
[  255145ms] [LOG] [Fast Refresh] done in 19ms @ http://localhost:3000/_next/static/chunks/node_modules_next_dist_1e8vcs8._.js:776
[  255192ms] [LOG] [Fast Refresh] done in 19ms @ http://localhost:3000/_next/static/chunks/node_modules_next_dist_1e8vcs8._.js:776
[  255235ms] [LOG] [Fast Refresh] done in 19ms @ http://localhost:3000/_next/static/chunks/node_modules_next_dist_1e8vcs8._.js:776
[  255278ms] [LOG] [Fast Refresh] done in 19ms @ http://localhost:3000/_next/static/chunks/node_modules_next_dist_1e8vcs8._.js:776
[  255318ms] [LOG] [Fast Refresh] done in 19ms @ http://localhost:3000/_next/static/chunks/node_modules_next_dist_1e8vcs8._.js:776
[  255358ms] [LOG] [Fast Refresh] done in 19ms @ http://localhost:3000/_next/static/chunks/node_modules_next_dist_1e8vcs8._.js:776
[  255408ms] [LOG] [Fast Refresh] done in 19ms @ http://localhost:3000/_next/static/chunks/node_modules_next_dist_1e8vcs8._.js:776
[  255458ms] [LOG] [Fast Refresh] done in 19ms @ http://localhost:3000/_next/static/chunks/node_modules_next_dist_1e8vcs8._.js:776
[  255508ms] [LOG] [Fast Refresh] done in 19ms @ http://localhost:3000/_next/static/chunks/node_modules_next_dist_1e8vcs8._.js:776
[  255557ms] [LOG] [Fast Refresh] done in 19ms @ http://localhost:3000/_next/static/chunks/node_modules_next_dist_1e8vcs8._.js:776
[  255608ms] [LOG] [Fast Refresh] done in 19ms @ http://localhost:3000/_next/static/chunks/node_modules_next_dist_1e8vcs8._.js:776
[  255657ms] [LOG] [Fast Refresh] done in 19ms @ http://localhost:3000/_next/static/chunks/node_modules_next_dist_1e8vcs8._.js:776
[  255708ms] [LOG] [Fast Refresh] done in 19ms @ http://localhost:3000/_next/static/chunks/node_modules_next_dist_1e8vcs8._.js:776
[  255758ms] [LOG] [Fast Refresh] done in 19ms @ http://localhost:3000/_next/static/chunks/node_modules_next_dist_1e8vcs8._.js:776
[  255808ms] [LOG] [Fast Refresh] done in 19ms @ http://localhost:3000/_next/static/chunks/node_modules_next_dist_1e8vcs8._.js:776
[  255858ms] [LOG] [Fast Refresh] done in 19ms @ http://localhost:3000/_next/static/chunks/node_modules_next_dist_1e8vcs8._.js:776
[  255908ms] [LOG] [Fast Refresh] done in 19ms @ http://localhost:3000/_next/static/chunks/node_modules_next_dist_1e8vcs8._.js:776
[  255957ms] [LOG] [Fast Refresh] done in 19ms @ http://localhost:3000/_next/static/chunks/node_modules_next_dist_1e8vcs8._.js:776
[  256008ms] [LOG] [Fast Refresh] done in 19ms @ http://localhost:3000/_next/static/chunks/node_modules_next_dist_1e8vcs8._.js:776
[  256058ms] [LOG] [Fast Refresh] done in 19ms @ http://localhost:3000/_next/static/chunks/node_modules_next_dist_1e8vcs8._.js:776
[  256109ms] [LOG] [Fast Refresh] done in 19ms @ http://localhost:3000/_next/static/chunks/node_modules_next_dist_1e8vcs8._.js:776
[  256163ms] [LOG] [Fast Refresh] done in 19ms @ http://localhost:3000/_next/static/chunks/node_modules_next_dist_1e8vcs8._.js:776
[  256209ms] [LOG] [Fast Refresh] done in 19ms @ http://localhost:3000/_next/static/chunks/node_modules_next_dist_1e8vcs8._.js:776
[  256259ms] [LOG] [Fast Refresh] done in 19ms @ http://localhost:3000/_next/static/chunks/node_modules_next_dist_1e8vcs8._.js:776
[  256309ms] [LOG] [Fast Refresh] done in 19ms @ http://localhost:3000/_next/static/chunks/node_modules_next_dist_1e8vcs8._.js:776
[  256359ms] [LOG] [Fast Refresh] done in 19ms @ http://localhost:3000/_next/static/chunks/node_modules_next_dist_1e8vcs8._.js:776
[  256408ms] [LOG] [Fast Refresh] done in 19ms @ http://localhost:3000/_next/static/chunks/node_modules_next_dist_1e8vcs8._.js:776
[  256457ms] [LOG] [Fast Refresh] done in 19ms @ http://localhost:3000/_next/static/chunks/node_modules_next_dist_1e8vcs8._.js:776
[  256506ms] [LOG] [Fast Refresh] done in 19ms @ http://localhost:3000/_next/static/chunks/node_modules_next_dist_1e8vcs8._.js:776
[  256558ms] [LOG] [Fast Refresh] done in 19ms @ http://localhost:3000/_next/static/chunks/node_modules_next_dist_1e8vcs8._.js:776
[  256608ms] [LOG] [Fast Refresh] done in 19ms @ http://localhost:3000/_next/static/chunks/node_modules_next_dist_1e8vcs8._.js:776
[  256657ms] [LOG] [Fast Refresh] done in 19ms @ http://localhost:3000/_next/static/chunks/node_modules_next_dist_1e8vcs8._.js:776
[  256708ms] [LOG] [Fast Refresh] done in 19ms @ http://localhost:3000/_next/static/chunks/node_modules_next_dist_1e8vcs8._.js:776
[  256759ms] [LOG] [Fast Refresh] done in 19ms @ http://localhost:3000/_next/static/chunks/node_modules_next_dist_1e8vcs8._.js:776
[  256807ms] [LOG] [Fast Refresh] done in 19ms @ http://localhost:3000/_next/static/chunks/node_modules_next_dist_1e8vcs8._.js:776
[  256858ms] [LOG] [Fast Refresh] done in 19ms @ http://localhost:3000/_next/static/chunks/node_modules_next_dist_1e8vcs8._.js:776
[  256908ms] [LOG] [Fast Refresh] done in 19ms @ http://localhost:3000/_next/static/chunks/node_modules_next_dist_1e8vcs8._.js:776
[  256959ms] [LOG] [Fast Refresh] done in 19ms @ http://localhost:3000/_next/static/chunks/node_modules_next_dist_1e8vcs8._.js:776
[  257008ms] [LOG] [Fast Refresh] done in 19ms @ http://localhost:3000/_next/static/chunks/node_modules_next_dist_1e8vcs8._.js:776
[  257059ms] [LOG] [Fast Refresh] done in 19ms @ http://localhost:3000/_next/static/chunks/node_modules_next_dist_1e8vcs8._.js:776
[  257108ms] [LOG] [Fast Refresh] done in 19ms @ http://localhost:3000/_next/static/chunks/node_modules_next_dist_1e8vcs8._.js:776
[  257157ms] [LOG] [Fast Refresh] done in 19ms @ http://localhost:3000/_next/static/chunks/node_modules_next_dist_1e8vcs8._.js:776
[  257207ms] [LOG] [Fast Refresh] done in 19ms @ http://localhost:3000/_next/static/chunks/node_modules_next_dist_1e8vcs8._.js:776
[  257261ms] [LOG] [Fast Refresh] done in 19ms @ http://localhost:3000/_next/static/chunks/node_modules_next_dist_1e8vcs8._.js:776
[  257322ms] [LOG] [Fast Refresh] rebuilding @ http://localhost:3000/_next/static/chunks/node_modules_next_dist_1e8vcs8._.js:776
[  257406ms] [LOG] [Fast Refresh] done in 16ms @ http://localhost:3000/_next/static/chunks/node_modules_next_dist_1e8vcs8._.js:776
[  257536ms] [LOG] [Fast Refresh] done in 16ms @ http://localhost:3000/_next/static/chunks/node_modules_next_dist_1e8vcs8._.js:776
[  257589ms] [LOG] [Fast Refresh] done in 16ms @ http://localhost:3000/_next/static/chunks/node_modules_next_dist_1e8vcs8._.js:776
[  257645ms] [LOG] [Fast Refresh] done in 16ms @ http://localhost:3000/_next/static/chunks/node_modules_next_dist_1e8vcs8._.js:776
[  257708ms] [LOG] [Fast Refresh] done in 16ms @ http://localhost:3000/_next/static/chunks/node_modules_next_dist_1e8vcs8._.js:776
[  257757ms] [LOG] [Fast Refresh] done in 16ms @ http://localhost:3000/_next/static/chunks/node_modules_next_dist_1e8vcs8._.js:776
[  257806ms] [LOG] [Fast Refresh] done in 16ms @ http://localhost:3000/_next/static/chunks/node_modules_next_dist_1e8vcs8._.js:776
[  257858ms] [LOG] [Fast Refresh] done in 16ms @ http://localhost:3000/_next/static/chunks/node_modules_next_dist_1e8vcs8._.js:776
[  257907ms] [LOG] [Fast Refresh] done in 16ms @ http://localhost:3000/_next/static/chunks/node_modules_next_dist_1e8vcs8._.js:776
[  257956ms] [LOG] [Fast Refresh] done in 16ms @ http://localhost:3000/_next/static/chunks/node_modules_next_dist_1e8vcs8._.js:776
[  258009ms] [LOG] [Fast Refresh] done in 16ms @ http://localhost:3000/_next/static/chunks/node_modules_next_dist_1e8vcs8._.js:776
[  258058ms] [LOG] [Fast Refresh] done in 16ms @ http://localhost:3000/_next/static/chunks/node_modules_next_dist_1e8vcs8._.js:776
[  258106ms] [LOG] [Fast Refresh] done in 16ms @ http://localhost:3000/_next/static/chunks/node_modules_next_dist_1e8vcs8._.js:776
[  258159ms] [LOG] [Fast Refresh] done in 16ms @ http://localhost:3000/_next/static/chunks/node_modules_next_dist_1e8vcs8._.js:776
[  258196ms] [LOG] [Fast Refresh] done in 16ms @ http://localhost:3000/_next/static/chunks/node_modules_next_dist_1e8vcs8._.js:776
[  258247ms] [LOG] [Fast Refresh] done in 16ms @ http://localhost:3000/_next/static/chunks/node_modules_next_dist_1e8vcs8._.js:776
[  258295ms] [LOG] [Fast Refresh] done in 16ms @ http://localhost:3000/_next/static/chunks/node_modules_next_dist_1e8vcs8._.js:776
[  258357ms] [LOG] [Fast Refresh] done in 16ms @ http://localhost:3000/_next/static/chunks/node_modules_next_dist_1e8vcs8._.js:776
[  258408ms] [LOG] [Fast Refresh] done in 16ms @ http://localhost:3000/_next/static/chunks/node_modules_next_dist_1e8vcs8._.js:776
[  258458ms] [LOG] [Fast Refresh] done in 16ms @ http://localhost:3000/_next/static/chunks/node_modules_next_dist_1e8vcs8._.js:776
[  258502ms] [LOG] [Fast Refresh] done in 16ms @ http://localhost:3000/_next/static/chunks/node_modules_next_dist_1e8vcs8._.js:776
[  258558ms] [LOG] [Fast Refresh] done in 16ms @ http://localhost:3000/_next/static/chunks/node_modules_next_dist_1e8vcs8._.js:776
[  258618ms] [LOG] [Fast Refresh] done in 16ms @ http://localhost:3000/_next/static/chunks/node_modules_next_dist_1e8vcs8._.js:776
[  258671ms] [LOG] [Fast Refresh] done in 16ms @ http://localhost:3000/_next/static/chunks/node_modules_next_dist_1e8vcs8._.js:776
[  258723ms] [LOG] [Fast Refresh] done in 16ms @ http://localhost:3000/_next/static/chunks/node_modules_next_dist_1e8vcs8._.js:776
[  258771ms] [LOG] [Fast Refresh] done in 16ms @ http://localhost:3000/_next/static/chunks/node_modules_next_dist_1e8vcs8._.js:776
[  258819ms] [LOG] [Fast Refresh] done in 16ms @ http://localhost:3000/_next/static/chunks/node_modules_next_dist_1e8vcs8._.js:776
[  258859ms] [LOG] [Fast Refresh] done in 16ms @ http://localhost:3000/_next/static/chunks/node_modules_next_dist_1e8vcs8._.js:776
[  258902ms] [LOG] [Fast Refresh] done in 16ms @ http://localhost:3000/_next/static/chunks/node_modules_next_dist_1e8vcs8._.js:776
[  258952ms] [LOG] [Fast Refresh] done in 16ms @ http://localhost:3000/_next/static/chunks/node_modules_next_dist_1e8vcs8._.js:776
[  259002ms] [LOG] [Fast Refresh] done in 16ms @ http://localhost:3000/_next/static/chunks/node_modules_next_dist_1e8vcs8._.js:776
[  259044ms] [LOG] [Fast Refresh] done in 16ms @ http://localhost:3000/_next/static/chunks/node_modules_next_dist_1e8vcs8._.js:776
[  259085ms] [LOG] [Fast Refresh] done in 16ms @ http://localhost:3000/_next/static/chunks/node_modules_next_dist_1e8vcs8._.js:776
[  259127ms] [LOG] [Fast Refresh] done in 16ms @ http://localhost:3000/_next/static/chunks/node_modules_next_dist_1e8vcs8._.js:776
[  259169ms] [LOG] [Fast Refresh] done in 16ms @ http://localhost:3000/_next/static/chunks/node_modules_next_dist_1e8vcs8._.js:776
[  259214ms] [LOG] [Fast Refresh] done in 16ms @ http://localhost:3000/_next/static/chunks/node_modules_next_dist_1e8vcs8._.js:776
[  259259ms] [LOG] [Fast Refresh] done in 16ms @ http://localhost:3000/_next/static/chunks/node_modules_next_dist_1e8vcs8._.js:776
[  259302ms] [LOG] [Fast Refresh] done in 16ms @ http://localhost:3000/_next/static/chunks/node_modules_next_dist_1e8vcs8._.js:776
[  259344ms] [LOG] [Fast Refresh] done in 16ms @ http://localhost:3000/_next/static/chunks/node_modules_next_dist_1e8vcs8._.js:776
[  259386ms] [LOG] [Fast Refresh] done in 16ms @ http://localhost:3000/_next/static/chunks/node_modules_next_dist_1e8vcs8._.js:776
[  259428ms] [LOG] [Fast Refresh] done in 16ms @ http://localhost:3000/_next/static/chunks/node_modules_next_dist_1e8vcs8._.js:776
[  259483ms] [LOG] [Fast Refresh] done in 16ms @ http://localhost:3000/_next/static/chunks/node_modules_next_dist_1e8vcs8._.js:776
[  259524ms] [LOG] [Fast Refresh] done in 16ms @ http://localhost:3000/_next/static/chunks/node_modules_next_dist_1e8vcs8._.js:776
[  259574ms] [LOG] [Fast Refresh] done in 16ms @ http://localhost:3000/_next/static/chunks/node_modules_next_dist_1e8vcs8._.js:776
[  259624ms] [LOG] [Fast Refresh] done in 16ms @ http://localhost:3000/_next/static/chunks/node_modules_next_dist_1e8vcs8._.js:776
[  259675ms] [LOG] [Fast Refresh] done in 16ms @ http://localhost:3000/_next/static/chunks/node_modules_next_dist_1e8vcs8._.js:776
[  259727ms] [LOG] [Fast Refresh] done in 16ms @ http://localhost:3000/_next/static/chunks/node_modules_next_dist_1e8vcs8._.js:776
[  259776ms] [LOG] [Fast Refresh] done in 16ms @ http://localhost:3000/_next/static/chunks/node_modules_next_dist_1e8vcs8._.js:776
[  259824ms] [LOG] [Fast Refresh] done in 16ms @ http://localhost:3000/_next/static/chunks/node_modules_next_dist_1e8vcs8._.js:776
[  259876ms] [LOG] [Fast Refresh] done in 16ms @ http://localhost:3000/_next/static/chunks/node_modules_next_dist_1e8vcs8._.js:776
[  259925ms] [LOG] [Fast Refresh] done in 16ms @ http://localhost:3000/_next/static/chunks/node_modules_next_dist_1e8vcs8._.js:776
[  259974ms] [LOG] [Fast Refresh] done in 16ms @ http://localhost:3000/_next/static/chunks/node_modules_next_dist_1e8vcs8._.js:776
[  260024ms] [LOG] [Fast Refresh] done in 16ms @ http://localhost:3000/_next/static/chunks/node_modules_next_dist_1e8vcs8._.js:776
[  260075ms] [LOG] [Fast Refresh] done in 16ms @ http://localhost:3000/_next/static/chunks/node_modules_next_dist_1e8vcs8._.js:776
[  260125ms] [LOG] [Fast Refresh] done in 16ms @ http://localhost:3000/_next/static/chunks/node_modules_next_dist_1e8vcs8._.js:776
[  260175ms] [LOG] [Fast Refresh] done in 16ms @ http://localhost:3000/_next/static/chunks/node_modules_next_dist_1e8vcs8._.js:776
[  260225ms] [LOG] [Fast Refresh] done in 16ms @ http://localhost:3000/_next/static/chunks/node_modules_next_dist_1e8vcs8._.js:776
[  260284ms] [LOG] [Fast Refresh] done in 16ms @ http://localhost:3000/_next/static/chunks/node_modules_next_dist_1e8vcs8._.js:776
[  260325ms] [LOG] [Fast Refresh] done in 16ms @ http://localhost:3000/_next/static/chunks/node_modules_next_dist_1e8vcs8._.js:776
[  260375ms] [LOG] [Fast Refresh] done in 16ms @ http://localhost:3000/_next/static/chunks/node_modules_next_dist_1e8vcs8._.js:776
[  260435ms] [LOG] [Fast Refresh] done in 16ms @ http://localhost:3000/_next/static/chunks/node_modules_next_dist_1e8vcs8._.js:776
[  260475ms] [LOG] [Fast Refresh] done in 16ms @ http://localhost:3000/_next/static/chunks/node_modules_next_dist_1e8vcs8._.js:776
[  260523ms] [LOG] [Fast Refresh] done in 16ms @ http://localhost:3000/_next/static/chunks/node_modules_next_dist_1e8vcs8._.js:776
[  260575ms] [LOG] [Fast Refresh] done in 16ms @ http://localhost:3000/_next/static/chunks/node_modules_next_dist_1e8vcs8._.js:776
[  260625ms] [LOG] [Fast Refresh] done in 16ms @ http://localhost:3000/_next/static/chunks/node_modules_next_dist_1e8vcs8._.js:776
[  260668ms] [LOG] [Fast Refresh] done in 16ms @ http://localhost:3000/_next/static/chunks/node_modules_next_dist_1e8vcs8._.js:776
[  260710ms] [LOG] [Fast Refresh] done in 16ms @ http://localhost:3000/_next/static/chunks/node_modules_next_dist_1e8vcs8._.js:776
[  260752ms] [LOG] [Fast Refresh] done in 16ms @ http://localhost:3000/_next/static/chunks/node_modules_next_dist_1e8vcs8._.js:776
[  260795ms] [LOG] [Fast Refresh] done in 16ms @ http://localhost:3000/_next/static/chunks/node_modules_next_dist_1e8vcs8._.js:776
[  260837ms] [LOG] [Fast Refresh] done in 16ms @ http://localhost:3000/_next/static/chunks/node_modules_next_dist_1e8vcs8._.js:776
[  260887ms] [LOG] [Fast Refresh] done in 16ms @ http://localhost:3000/_next/static/chunks/node_modules_next_dist_1e8vcs8._.js:776
[  260936ms] [LOG] [Fast Refresh] done in 16ms @ http://localhost:3000/_next/static/chunks/node_modules_next_dist_1e8vcs8._.js:776
[  260977ms] [LOG] [Fast Refresh] done in 16ms @ http://localhost:3000/_next/static/chunks/node_modules_next_dist_1e8vcs8._.js:776
[  261019ms] [LOG] [Fast Refresh] done in 16ms @ http://localhost:3000/_next/static/chunks/node_modules_next_dist_1e8vcs8._.js:776
[  261073ms] [LOG] [Fast Refresh] done in 16ms @ http://localhost:3000/_next/static/chunks/node_modules_next_dist_1e8vcs8._.js:776
[  261119ms] [LOG] [Fast Refresh] done in 16ms @ http://localhost:3000/_next/static/chunks/node_modules_next_dist_1e8vcs8._.js:776
[  261162ms] [LOG] [Fast Refresh] done in 16ms @ http://localhost:3000/_next/static/chunks/node_modules_next_dist_1e8vcs8._.js:776
[  261202ms] [LOG] [Fast Refresh] done in 16ms @ http://localhost:3000/_next/static/chunks/node_modules_next_dist_1e8vcs8._.js:776
[  261252ms] [LOG] [Fast Refresh] done in 16ms @ http://localhost:3000/_next/static/chunks/node_modules_next_dist_1e8vcs8._.js:776
[  261293ms] [LOG] [Fast Refresh] done in 16ms @ http://localhost:3000/_next/static/chunks/node_modules_next_dist_1e8vcs8._.js:776
[  261335ms] [LOG] [Fast Refresh] done in 16ms @ http://localhost:3000/_next/static/chunks/node_modules_next_dist_1e8vcs8._.js:776
[  261385ms] [LOG] [Fast Refresh] done in 16ms @ http://localhost:3000/_next/static/chunks/node_modules_next_dist_1e8vcs8._.js:776
[  261429ms] [LOG] [Fast Refresh] done in 16ms @ http://localhost:3000/_next/static/chunks/node_modules_next_dist_1e8vcs8._.js:776
[  261475ms] [LOG] [Fast Refresh] done in 16ms @ http://localhost:3000/_next/static/chunks/node_modules_next_dist_1e8vcs8._.js:776
[  261520ms] [LOG] [Fast Refresh] done in 16ms @ http://localhost:3000/_next/static/chunks/node_modules_next_dist_1e8vcs8._.js:776
[  261562ms] [LOG] [Fast Refresh] done in 16ms @ http://localhost:3000/_next/static/chunks/node_modules_next_dist_1e8vcs8._.js:776
[  261612ms] [LOG] [Fast Refresh] done in 16ms @ http://localhost:3000/_next/static/chunks/node_modules_next_dist_1e8vcs8._.js:776
[  261653ms] [LOG] [Fast Refresh] done in 16ms @ http://localhost:3000/_next/static/chunks/node_modules_next_dist_1e8vcs8._.js:776
[  261702ms] [LOG] [Fast Refresh] done in 16ms @ http://localhost:3000/_next/static/chunks/node_modules_next_dist_1e8vcs8._.js:776
[  261755ms] [LOG] [Fast Refresh] done in 16ms @ http://localhost:3000/_next/static/chunks/node_modules_next_dist_1e8vcs8._.js:776
[  261794ms] [LOG] [Fast Refresh] done in 16ms @ http://localhost:3000/_next/static/chunks/node_modules_next_dist_1e8vcs8._.js:776
[  261836ms] [LOG] [Fast Refresh] done in 16ms @ http://localhost:3000/_next/static/chunks/node_modules_next_dist_1e8vcs8._.js:776
[  261877ms] [LOG] [Fast Refresh] done in 16ms @ http://localhost:3000/_next/static/chunks/node_modules_next_dist_1e8vcs8._.js:776
[  261919ms] [LOG] [Fast Refresh] done in 16ms @ http://localhost:3000/_next/static/chunks/node_modules_next_dist_1e8vcs8._.js:776
[  261969ms] [LOG] [Fast Refresh] done in 16ms @ http://localhost:3000/_next/static/chunks/node_modules_next_dist_1e8vcs8._.js:776
[  262009ms] [LOG] [Fast Refresh] done in 16ms @ http://localhost:3000/_next/static/chunks/node_modules_next_dist_1e8vcs8._.js:776
[  262052ms] [LOG] [Fast Refresh] done in 16ms @ http://localhost:3000/_next/static/chunks/node_modules_next_dist_1e8vcs8._.js:776
[  262094ms] [LOG] [Fast Refresh] done in 16ms @ http://localhost:3000/_next/static/chunks/node_modules_next_dist_1e8vcs8._.js:776
[  262135ms] [LOG] [Fast Refresh] done in 16ms @ http://localhost:3000/_next/static/chunks/node_modules_next_dist_1e8vcs8._.js:776
[  262176ms] [LOG] [Fast Refresh] done in 16ms @ http://localhost:3000/_next/static/chunks/node_modules_next_dist_1e8vcs8._.js:776
[  262215ms] [LOG] [Fast Refresh] done in 16ms @ http://localhost:3000/_next/static/chunks/node_modules_next_dist_1e8vcs8._.js:776
[  262271ms] [LOG] [Fast Refresh] done in 16ms @ http://localhost:3000/_next/static/chunks/node_modules_next_dist_1e8vcs8._.js:776
[  262310ms] [LOG] [Fast Refresh] done in 16ms @ http://localhost:3000/_next/static/chunks/node_modules_next_dist_1e8vcs8._.js:776
[  262354ms] [LOG] [Fast Refresh] done in 16ms @ http://localhost:3000/_next/static/chunks/node_modules_next_dist_1e8vcs8._.js:776
[  262403ms] [LOG] [Fast Refresh] done in 16ms @ http://localhost:3000/_next/static/chunks/node_modules_next_dist_1e8vcs8._.js:776
[  262452ms] [LOG] [Fast Refresh] done in 16ms @ http://localhost:3000/_next/static/chunks/node_modules_next_dist_1e8vcs8._.js:776
[  262492ms] [LOG] [Fast Refresh] done in 16ms @ http://localhost:3000/_next/static/chunks/node_modules_next_dist_1e8vcs8._.js:776
[  262537ms] [LOG] [Fast Refresh] done in 16ms @ http://localhost:3000/_next/static/chunks/node_modules_next_dist_1e8vcs8._.js:776
[  262586ms] [LOG] [Fast Refresh] done in 16ms @ http://localhost:3000/_next/static/chunks/node_modules_next_dist_1e8vcs8._.js:776
[  262628ms] [LOG] [Fast Refresh] done in 16ms @ http://localhost:3000/_next/static/chunks/node_modules_next_dist_1e8vcs8._.js:776
[  262672ms] [LOG] [Fast Refresh] done in 16ms @ http://localhost:3000/_next/static/chunks/node_modules_next_dist_1e8vcs8._.js:776
[  262711ms] [LOG] [Fast Refresh] done in 16ms @ http://localhost:3000/_next/static/chunks/node_modules_next_dist_1e8vcs8._.js:776
[  262755ms] [LOG] [Fast Refresh] done in 16ms @ http://localhost:3000/_next/static/chunks/node_modules_next_dist_1e8vcs8._.js:776
[  262794ms] [LOG] [Fast Refresh] done in 16ms @ http://localhost:3000/_next/static/chunks/node_modules_next_dist_1e8vcs8._.js:776
[  262837ms] [LOG] [Fast Refresh] done in 16ms @ http://localhost:3000/_next/static/chunks/node_modules_next_dist_1e8vcs8._.js:776
[  262886ms] [LOG] [Fast Refresh] done in 16ms @ http://localhost:3000/_next/static/chunks/node_modules_next_dist_1e8vcs8._.js:776
[  262941ms] [LOG] [Fast Refresh] done in 16ms @ http://localhost:3000/_next/static/chunks/node_modules_next_dist_1e8vcs8._.js:776
[  262988ms] [LOG] [Fast Refresh] done in 16ms @ http://localhost:3000/_next/static/chunks/node_modules_next_dist_1e8vcs8._.js:776
[  263041ms] [LOG] [Fast Refresh] done in 16ms @ http://localhost:3000/_next/static/chunks/node_modules_next_dist_1e8vcs8._.js:776
[  263086ms] [LOG] [Fast Refresh] done in 16ms @ http://localhost:3000/_next/static/chunks/node_modules_next_dist_1e8vcs8._.js:776
[  263137ms] [LOG] [Fast Refresh] done in 16ms @ http://localhost:3000/_next/static/chunks/node_modules_next_dist_1e8vcs8._.js:776
[  263178ms] [LOG] [Fast Refresh] done in 16ms @ http://localhost:3000/_next/static/chunks/node_modules_next_dist_1e8vcs8._.js:776
[  263225ms] [LOG] [Fast Refresh] done in 16ms @ http://localhost:3000/_next/static/chunks/node_modules_next_dist_1e8vcs8._.js:776
[  263270ms] [LOG] [Fast Refresh] done in 16ms @ http://localhost:3000/_next/static/chunks/node_modules_next_dist_1e8vcs8._.js:776
[  263315ms] [LOG] [Fast Refresh] done in 16ms @ http://localhost:3000/_next/static/chunks/node_modules_next_dist_1e8vcs8._.js:776
[  263360ms] [LOG] [Fast Refresh] done in 16ms @ http://localhost:3000/_next/static/chunks/node_modules_next_dist_1e8vcs8._.js:776
[  263403ms] [LOG] [Fast Refresh] done in 16ms @ http://localhost:3000/_next/static/chunks/node_modules_next_dist_1e8vcs8._.js:776
[  263443ms] [LOG] [Fast Refresh] done in 16ms @ http://localhost:3000/_next/static/chunks/node_modules_next_dist_1e8vcs8._.js:776
[  263488ms] [LOG] [Fast Refresh] done in 16ms @ http://localhost:3000/_next/static/chunks/node_modules_next_dist_1e8vcs8._.js:776
[  263536ms] [LOG] [Fast Refresh] done in 16ms @ http://localhost:3000/_next/static/chunks/node_modules_next_dist_1e8vcs8._.js:776
[  263576ms] [LOG] [Fast Refresh] done in 16ms @ http://localhost:3000/_next/static/chunks/node_modules_next_dist_1e8vcs8._.js:776
[  263615ms] [LOG] [Fast Refresh] done in 16ms @ http://localhost:3000/_next/static/chunks/node_modules_next_dist_1e8vcs8._.js:776
[  263660ms] [LOG] [Fast Refresh] done in 16ms @ http://localhost:3000/_next/static/chunks/node_modules_next_dist_1e8vcs8._.js:776
[  263703ms] [LOG] [Fast Refresh] done in 16ms @ http://localhost:3000/_next/static/chunks/node_modules_next_dist_1e8vcs8._.js:776
[  263743ms] [LOG] [Fast Refresh] done in 16ms @ http://localhost:3000/_next/static/chunks/node_modules_next_dist_1e8vcs8._.js:776
[  263787ms] [LOG] [Fast Refresh] done in 16ms @ http://localhost:3000/_next/static/chunks/node_modules_next_dist_1e8vcs8._.js:776
[  263830ms] [LOG] [Fast Refresh] done in 16ms @ http://localhost:3000/_next/static/chunks/node_modules_next_dist_1e8vcs8._.js:776
[  263870ms] [LOG] [Fast Refresh] done in 16ms @ http://localhost:3000/_next/static/chunks/node_modules_next_dist_1e8vcs8._.js:776
[  263909ms] [LOG] [Fast Refresh] done in 16ms @ http://localhost:3000/_next/static/chunks/node_modules_next_dist_1e8vcs8._.js:776
[  263955ms] [LOG] [Fast Refresh] done in 16ms @ http://localhost:3000/_next/static/chunks/node_modules_next_dist_1e8vcs8._.js:776
[  264004ms] [LOG] [Fast Refresh] done in 16ms @ http://localhost:3000/_next/static/chunks/node_modules_next_dist_1e8vcs8._.js:776
[  264044ms] [LOG] [Fast Refresh] done in 16ms @ http://localhost:3000/_next/static/chunks/node_modules_next_dist_1e8vcs8._.js:776
[  264087ms] [LOG] [Fast Refresh] done in 16ms @ http://localhost:3000/_next/static/chunks/node_modules_next_dist_1e8vcs8._.js:776
[  264128ms] [LOG] [Fast Refresh] done in 16ms @ http://localhost:3000/_next/static/chunks/node_modules_next_dist_1e8vcs8._.js:776
[  264170ms] [LOG] [Fast Refresh] done in 16ms @ http://localhost:3000/_next/static/chunks/node_modules_next_dist_1e8vcs8._.js:776
[  264209ms] [LOG] [Fast Refresh] done in 16ms @ http://localhost:3000/_next/static/chunks/node_modules_next_dist_1e8vcs8._.js:776
[  264254ms] [LOG] [Fast Refresh] done in 16ms @ http://localhost:3000/_next/static/chunks/node_modules_next_dist_1e8vcs8._.js:776
[  264297ms] [LOG] [Fast Refresh] done in 16ms @ http://localhost:3000/_next/static/chunks/node_modules_next_dist_1e8vcs8._.js:776
[  264338ms] [LOG] [Fast Refresh] done in 16ms @ http://localhost:3000/_next/static/chunks/node_modules_next_dist_1e8vcs8._.js:776
[  264387ms] [LOG] [Fast Refresh] done in 16ms @ http://localhost:3000/_next/static/chunks/node_modules_next_dist_1e8vcs8._.js:776
[  264427ms] [LOG] [Fast Refresh] done in 16ms @ http://localhost:3000/_next/static/chunks/node_modules_next_dist_1e8vcs8._.js:776
[  264473ms] [LOG] [Fast Refresh] done in 16ms @ http://localhost:3000/_next/static/chunks/node_modules_next_dist_1e8vcs8._.js:776
[  264520ms] [LOG] [Fast Refresh] done in 16ms @ http://localhost:3000/_next/static/chunks/node_modules_next_dist_1e8vcs8._.js:776
[  264570ms] [LOG] [Fast Refresh] done in 16ms @ http://localhost:3000/_next/static/chunks/node_modules_next_dist_1e8vcs8._.js:776
[  264614ms] [LOG] [Fast Refresh] done in 16ms @ http://localhost:3000/_next/static/chunks/node_modules_next_dist_1e8vcs8._.js:776
[  264654ms] [LOG] [Fast Refresh] done in 16ms @ http://localhost:3000/_next/static/chunks/node_modules_next_dist_1e8vcs8._.js:776
[  264704ms] [LOG] [Fast Refresh] done in 16ms @ http://localhost:3000/_next/static/chunks/node_modules_next_dist_1e8vcs8._.js:776
[  264753ms] [LOG] [Fast Refresh] rebuilding @ http://localhost:3000/_next/static/chunks/node_modules_next_dist_1e8vcs8._.js:776
[  264826ms] [LOG] [Fast Refresh] done in 20ms @ http://localhost:3000/_next/static/chunks/node_modules_next_dist_1e8vcs8._.js:776
[  264900ms] [LOG] [Fast Refresh] done in 20ms @ http://localhost:3000/_next/static/chunks/node_modules_next_dist_1e8vcs8._.js:776
[  264951ms] [LOG] [Fast Refresh] done in 20ms @ http://localhost:3000/_next/static/chunks/node_modules_next_dist_1e8vcs8._.js:776
[  264996ms] [LOG] [Fast Refresh] done in 20ms @ http://localhost:3000/_next/static/chunks/node_modules_next_dist_1e8vcs8._.js:776
[  265046ms] [LOG] [Fast Refresh] done in 20ms @ http://localhost:3000/_next/static/chunks/node_modules_next_dist_1e8vcs8._.js:776
[  265090ms] [LOG] [Fast Refresh] done in 20ms @ http://localhost:3000/_next/static/chunks/node_modules_next_dist_1e8vcs8._.js:776
[  265138ms] [LOG] [Fast Refresh] done in 20ms @ http://localhost:3000/_next/static/chunks/node_modules_next_dist_1e8vcs8._.js:776
[  265177ms] [LOG] [Fast Refresh] done in 20ms @ http://localhost:3000/_next/static/chunks/node_modules_next_dist_1e8vcs8._.js:776
[  265221ms] [LOG] [Fast Refresh] done in 20ms @ http://localhost:3000/_next/static/chunks/node_modules_next_dist_1e8vcs8._.js:776
[  265268ms] [LOG] [Fast Refresh] done in 20ms @ http://localhost:3000/_next/static/chunks/node_modules_next_dist_1e8vcs8._.js:776
[  265311ms] [LOG] [Fast Refresh] done in 20ms @ http://localhost:3000/_next/static/chunks/node_modules_next_dist_1e8vcs8._.js:776
[  265352ms] [LOG] [Fast Refresh] done in 20ms @ http://localhost:3000/_next/static/chunks/node_modules_next_dist_1e8vcs8._.js:776
[  265396ms] [LOG] [Fast Refresh] done in 20ms @ http://localhost:3000/_next/static/chunks/node_modules_next_dist_1e8vcs8._.js:776
[  265447ms] [LOG] [Fast Refresh] done in 20ms @ http://localhost:3000/_next/static/chunks/node_modules_next_dist_1e8vcs8._.js:776
[  265498ms] [LOG] [Fast Refresh] done in 20ms @ http://localhost:3000/_next/static/chunks/node_modules_next_dist_1e8vcs8._.js:776
[  265549ms] [LOG] [Fast Refresh] done in 20ms @ http://localhost:3000/_next/static/chunks/node_modules_next_dist_1e8vcs8._.js:776
[  265592ms] [LOG] [Fast Refresh] done in 20ms @ http://localhost:3000/_next/static/chunks/node_modules_next_dist_1e8vcs8._.js:776
[  265642ms] [LOG] [Fast Refresh] done in 20ms @ http://localhost:3000/_next/static/chunks/node_modules_next_dist_1e8vcs8._.js:776
[  265696ms] [LOG] [Fast Refresh] done in 20ms @ http://localhost:3000/_next/static/chunks/node_modules_next_dist_1e8vcs8._.js:776
[  265743ms] [LOG] [Fast Refresh] done in 20ms @ http://localhost:3000/_next/static/chunks/node_modules_next_dist_1e8vcs8._.js:776
[  265791ms] [LOG] [Fast Refresh] done in 20ms @ http://localhost:3000/_next/static/chunks/node_modules_next_dist_1e8vcs8._.js:776
[  265839ms] [LOG] [Fast Refresh] done in 20ms @ http://localhost:3000/_next/static/chunks/node_modules_next_dist_1e8vcs8._.js:776
[  265901ms] [LOG] [Fast Refresh] done in 20ms @ http://localhost:3000/_next/static/chunks/node_modules_next_dist_1e8vcs8._.js:776
[  265942ms] [LOG] [Fast Refresh] done in 20ms @ http://localhost:3000/_next/static/chunks/node_modules_next_dist_1e8vcs8._.js:776
[  265986ms] [LOG] [Fast Refresh] done in 20ms @ http://localhost:3000/_next/static/chunks/node_modules_next_dist_1e8vcs8._.js:776
[  266036ms] [LOG] [Fast Refresh] done in 20ms @ http://localhost:3000/_next/static/chunks/node_modules_next_dist_1e8vcs8._.js:776
[  266091ms] [LOG] [Fast Refresh] done in 20ms @ http://localhost:3000/_next/static/chunks/node_modules_next_dist_1e8vcs8._.js:776
[  266153ms] [LOG] [Fast Refresh] done in 20ms @ http://localhost:3000/_next/static/chunks/node_modules_next_dist_1e8vcs8._.js:776
[  266201ms] [LOG] [Fast Refresh] done in 20ms @ http://localhost:3000/_next/static/chunks/node_modules_next_dist_1e8vcs8._.js:776
[  266244ms] [LOG] [Fast Refresh] done in 20ms @ http://localhost:3000/_next/static/chunks/node_modules_next_dist_1e8vcs8._.js:776
[  266297ms] [LOG] [Fast Refresh] done in 20ms @ http://localhost:3000/_next/static/chunks/node_modules_next_dist_1e8vcs8._.js:776
[  266361ms] [LOG] [Fast Refresh] done in 20ms @ http://localhost:3000/_next/static/chunks/node_modules_next_dist_1e8vcs8._.js:776
[  266423ms] [LOG] [Fast Refresh] done in 20ms @ http://localhost:3000/_next/static/chunks/node_modules_next_dist_1e8vcs8._.js:776
[  266475ms] [LOG] [Fast Refresh] done in 20ms @ http://localhost:3000/_next/static/chunks/node_modules_next_dist_1e8vcs8._.js:776
[  266517ms] [LOG] [Fast Refresh] done in 20ms @ http://localhost:3000/_next/static/chunks/node_modules_next_dist_1e8vcs8._.js:776
[  266569ms] [LOG] [Fast Refresh] done in 20ms @ http://localhost:3000/_next/static/chunks/node_modules_next_dist_1e8vcs8._.js:776
[  266613ms] [LOG] [Fast Refresh] done in 20ms @ http://localhost:3000/_next/static/chunks/node_modules_next_dist_1e8vcs8._.js:776
[  266662ms] [LOG] [Fast Refresh] done in 20ms @ http://localhost:3000/_next/static/chunks/node_modules_next_dist_1e8vcs8._.js:776
[  266702ms] [LOG] [Fast Refresh] done in 20ms @ http://localhost:3000/_next/static/chunks/node_modules_next_dist_1e8vcs8._.js:776
[  266744ms] [LOG] [Fast Refresh] done in 20ms @ http://localhost:3000/_next/static/chunks/node_modules_next_dist_1e8vcs8._.js:776
[  266782ms] [LOG] [Fast Refresh] done in 20ms @ http://localhost:3000/_next/static/chunks/node_modules_next_dist_1e8vcs8._.js:776
[  266834ms] [LOG] [Fast Refresh] done in 20ms @ http://localhost:3000/_next/static/chunks/node_modules_next_dist_1e8vcs8._.js:776
[  266882ms] [LOG] [Fast Refresh] done in 20ms @ http://localhost:3000/_next/static/chunks/node_modules_next_dist_1e8vcs8._.js:776
[  266926ms] [LOG] [Fast Refresh] done in 20ms @ http://localhost:3000/_next/static/chunks/node_modules_next_dist_1e8vcs8._.js:776
[  266969ms] [LOG] [Fast Refresh] done in 20ms @ http://localhost:3000/_next/static/chunks/node_modules_next_dist_1e8vcs8._.js:776
[  267009ms] [LOG] [Fast Refresh] done in 20ms @ http://localhost:3000/_next/static/chunks/node_modules_next_dist_1e8vcs8._.js:776
[  267053ms] [LOG] [Fast Refresh] done in 20ms @ http://localhost:3000/_next/static/chunks/node_modules_next_dist_1e8vcs8._.js:776
[  267092ms] [LOG] [Fast Refresh] done in 20ms @ http://localhost:3000/_next/static/chunks/node_modules_next_dist_1e8vcs8._.js:776
[  267136ms] [LOG] [Fast Refresh] done in 20ms @ http://localhost:3000/_next/static/chunks/node_modules_next_dist_1e8vcs8._.js:776
[  267177ms] [LOG] [Fast Refresh] done in 20ms @ http://localhost:3000/_next/static/chunks/node_modules_next_dist_1e8vcs8._.js:776
[  267219ms] [LOG] [Fast Refresh] done in 20ms @ http://localhost:3000/_next/static/chunks/node_modules_next_dist_1e8vcs8._.js:776
[  267257ms] [LOG] [Fast Refresh] done in 20ms @ http://localhost:3000/_next/static/chunks/node_modules_next_dist_1e8vcs8._.js:776
[  267302ms] [LOG] [Fast Refresh] done in 20ms @ http://localhost:3000/_next/static/chunks/node_modules_next_dist_1e8vcs8._.js:776
[  267344ms] [LOG] [Fast Refresh] done in 20ms @ http://localhost:3000/_next/static/chunks/node_modules_next_dist_1e8vcs8._.js:776
[  267387ms] [LOG] [Fast Refresh] done in 20ms @ http://localhost:3000/_next/static/chunks/node_modules_next_dist_1e8vcs8._.js:776
[  267427ms] [LOG] [Fast Refresh] done in 20ms @ http://localhost:3000/_next/static/chunks/node_modules_next_dist_1e8vcs8._.js:776
[  267475ms] [LOG] [Fast Refresh] done in 20ms @ http://localhost:3000/_next/static/chunks/node_modules_next_dist_1e8vcs8._.js:776
[  267518ms] [LOG] [Fast Refresh] done in 20ms @ http://localhost:3000/_next/static/chunks/node_modules_next_dist_1e8vcs8._.js:776
[  267563ms] [LOG] [Fast Refresh] done in 20ms @ http://localhost:3000/_next/static/chunks/node_modules_next_dist_1e8vcs8._.js:776
[  267605ms] [LOG] [Fast Refresh] done in 20ms @ http://localhost:3000/_next/static/chunks/node_modules_next_dist_1e8vcs8._.js:776
[  267645ms] [LOG] [Fast Refresh] done in 20ms @ http://localhost:3000/_next/static/chunks/node_modules_next_dist_1e8vcs8._.js:776
[  267686ms] [LOG] [Fast Refresh] done in 20ms @ http://localhost:3000/_next/static/chunks/node_modules_next_dist_1e8vcs8._.js:776
[  267728ms] [LOG] [Fast Refresh] done in 20ms @ http://localhost:3000/_next/static/chunks/node_modules_next_dist_1e8vcs8._.js:776
[  267778ms] [LOG] [Fast Refresh] done in 20ms @ http://localhost:3000/_next/static/chunks/node_modules_next_dist_1e8vcs8._.js:776
[  267824ms] [LOG] [Fast Refresh] done in 20ms @ http://localhost:3000/_next/static/chunks/node_modules_next_dist_1e8vcs8._.js:776
[  267880ms] [LOG] [Fast Refresh] done in 20ms @ http://localhost:3000/_next/static/chunks/node_modules_next_dist_1e8vcs8._.js:776
[  267937ms] [LOG] [Fast Refresh] done in 20ms @ http://localhost:3000/_next/static/chunks/node_modules_next_dist_1e8vcs8._.js:776
[  267986ms] [LOG] [Fast Refresh] done in 20ms @ http://localhost:3000/_next/static/chunks/node_modules_next_dist_1e8vcs8._.js:776
[  268037ms] [LOG] [Fast Refresh] done in 20ms @ http://localhost:3000/_next/static/chunks/node_modules_next_dist_1e8vcs8._.js:776
[  268086ms] [LOG] [Fast Refresh] done in 20ms @ http://localhost:3000/_next/static/chunks/node_modules_next_dist_1e8vcs8._.js:776
[  268127ms] [LOG] [Fast Refresh] done in 20ms @ http://localhost:3000/_next/static/chunks/node_modules_next_dist_1e8vcs8._.js:776
[  268169ms] [LOG] [Fast Refresh] done in 20ms @ http://localhost:3000/_next/static/chunks/node_modules_next_dist_1e8vcs8._.js:776
[  268212ms] [LOG] [Fast Refresh] done in 20ms @ http://localhost:3000/_next/static/chunks/node_modules_next_dist_1e8vcs8._.js:776
[  268252ms] [LOG] [Fast Refresh] done in 20ms @ http://localhost:3000/_next/static/chunks/node_modules_next_dist_1e8vcs8._.js:776
[  268292ms] [LOG] [Fast Refresh] done in 20ms @ http://localhost:3000/_next/static/chunks/node_modules_next_dist_1e8vcs8._.js:776
[  268337ms] [LOG] [Fast Refresh] done in 20ms @ http://localhost:3000/_next/static/chunks/node_modules_next_dist_1e8vcs8._.js:776
[  268378ms] [LOG] [Fast Refresh] done in 20ms @ http://localhost:3000/_next/static/chunks/node_modules_next_dist_1e8vcs8._.js:776
[  268419ms] [LOG] [Fast Refresh] done in 20ms @ http://localhost:3000/_next/static/chunks/node_modules_next_dist_1e8vcs8._.js:776
[  268462ms] [LOG] [Fast Refresh] done in 20ms @ http://localhost:3000/_next/static/chunks/node_modules_next_dist_1e8vcs8._.js:776
[  268509ms] [LOG] [Fast Refresh] done in 20ms @ http://localhost:3000/_next/static/chunks/node_modules_next_dist_1e8vcs8._.js:776
[  268552ms] [LOG] [Fast Refresh] done in 20ms @ http://localhost:3000/_next/static/chunks/node_modules_next_dist_1e8vcs8._.js:776
[  268593ms] [LOG] [Fast Refresh] done in 20ms @ http://localhost:3000/_next/static/chunks/node_modules_next_dist_1e8vcs8._.js:776
[  268636ms] [LOG] [Fast Refresh] done in 20ms @ http://localhost:3000/_next/static/chunks/node_modules_next_dist_1e8vcs8._.js:776
[  268679ms] [LOG] [Fast Refresh] done in 20ms @ http://localhost:3000/_next/static/chunks/node_modules_next_dist_1e8vcs8._.js:776
[  268722ms] [LOG] [Fast Refresh] done in 20ms @ http://localhost:3000/_next/static/chunks/node_modules_next_dist_1e8vcs8._.js:776
[  268763ms] [LOG] [Fast Refresh] done in 20ms @ http://localhost:3000/_next/static/chunks/node_modules_next_dist_1e8vcs8._.js:776
[  268811ms] [LOG] [Fast Refresh] done in 20ms @ http://localhost:3000/_next/static/chunks/node_modules_next_dist_1e8vcs8._.js:776
[  268853ms] [LOG] [Fast Refresh] done in 20ms @ http://localhost:3000/_next/static/chunks/node_modules_next_dist_1e8vcs8._.js:776
[  268902ms] [LOG] [Fast Refresh] done in 20ms @ http://localhost:3000/_next/static/chunks/node_modules_next_dist_1e8vcs8._.js:776
[  268952ms] [LOG] [Fast Refresh] done in 20ms @ http://localhost:3000/_next/static/chunks/node_modules_next_dist_1e8vcs8._.js:776
[  269003ms] [LOG] [Fast Refresh] done in 20ms @ http://localhost:3000/_next/static/chunks/node_modules_next_dist_1e8vcs8._.js:776
[  269052ms] [LOG] [Fast Refresh] done in 20ms @ http://localhost:3000/_next/static/chunks/node_modules_next_dist_1e8vcs8._.js:776
[  269102ms] [LOG] [Fast Refresh] done in 20ms @ http://localhost:3000/_next/static/chunks/node_modules_next_dist_1e8vcs8._.js:776
[  269153ms] [LOG] [Fast Refresh] done in 20ms @ http://localhost:3000/_next/static/chunks/node_modules_next_dist_1e8vcs8._.js:776
[  269203ms] [LOG] [Fast Refresh] done in 20ms @ http://localhost:3000/_next/static/chunks/node_modules_next_dist_1e8vcs8._.js:776
[  269244ms] [LOG] [Fast Refresh] done in 20ms @ http://localhost:3000/_next/static/chunks/node_modules_next_dist_1e8vcs8._.js:776
[  269286ms] [LOG] [Fast Refresh] done in 20ms @ http://localhost:3000/_next/static/chunks/node_modules_next_dist_1e8vcs8._.js:776
[  269336ms] [LOG] [Fast Refresh] done in 20ms @ http://localhost:3000/_next/static/chunks/node_modules_next_dist_1e8vcs8._.js:776
[  269377ms] [LOG] [Fast Refresh] done in 20ms @ http://localhost:3000/_next/static/chunks/node_modules_next_dist_1e8vcs8._.js:776
[  269419ms] [LOG] [Fast Refresh] done in 20ms @ http://localhost:3000/_next/static/chunks/node_modules_next_dist_1e8vcs8._.js:776
[  269460ms] [LOG] [Fast Refresh] done in 20ms @ http://localhost:3000/_next/static/chunks/node_modules_next_dist_1e8vcs8._.js:776
[  269504ms] [LOG] [Fast Refresh] done in 20ms @ http://localhost:3000/_next/static/chunks/node_modules_next_dist_1e8vcs8._.js:776
[  269560ms] [LOG] [Fast Refresh] done in 20ms @ http://localhost:3000/_next/static/chunks/node_modules_next_dist_1e8vcs8._.js:776
[  269602ms] [LOG] [Fast Refresh] done in 20ms @ http://localhost:3000/_next/static/chunks/node_modules_next_dist_1e8vcs8._.js:776
[  269652ms] [LOG] [Fast Refresh] done in 20ms @ http://localhost:3000/_next/static/chunks/node_modules_next_dist_1e8vcs8._.js:776
[  269692ms] [LOG] [Fast Refresh] done in 20ms @ http://localhost:3000/_next/static/chunks/node_modules_next_dist_1e8vcs8._.js:776
[  269736ms] [LOG] [Fast Refresh] done in 20ms @ http://localhost:3000/_next/static/chunks/node_modules_next_dist_1e8vcs8._.js:776
[  269786ms] [LOG] [Fast Refresh] done in 20ms @ http://localhost:3000/_next/static/chunks/node_modules_next_dist_1e8vcs8._.js:776
[  269827ms] [LOG] [Fast Refresh] done in 20ms @ http://localhost:3000/_next/static/chunks/node_modules_next_dist_1e8vcs8._.js:776
[  269869ms] [LOG] [Fast Refresh] done in 20ms @ http://localhost:3000/_next/static/chunks/node_modules_next_dist_1e8vcs8._.js:776
[  269909ms] [LOG] [Fast Refresh] done in 20ms @ http://localhost:3000/_next/static/chunks/node_modules_next_dist_1e8vcs8._.js:776
[  269956ms] [LOG] [Fast Refresh] done in 20ms @ http://localhost:3000/_next/static/chunks/node_modules_next_dist_1e8vcs8._.js:776
[  270009ms] [LOG] [Fast Refresh] done in 20ms @ http://localhost:3000/_next/static/chunks/node_modules_next_dist_1e8vcs8._.js:776
[  270052ms] [LOG] [Fast Refresh] done in 20ms @ http://localhost:3000/_next/static/chunks/node_modules_next_dist_1e8vcs8._.js:776
[  270103ms] [LOG] [Fast Refresh] done in 20ms @ http://localhost:3000/_next/static/chunks/node_modules_next_dist_1e8vcs8._.js:776
[  270152ms] [LOG] [Fast Refresh] done in 20ms @ http://localhost:3000/_next/static/chunks/node_modules_next_dist_1e8vcs8._.js:776
[  270202ms] [LOG] [Fast Refresh] done in 20ms @ http://localhost:3000/_next/static/chunks/node_modules_next_dist_1e8vcs8._.js:776
[  270243ms] [LOG] [Fast Refresh] done in 20ms @ http://localhost:3000/_next/static/chunks/node_modules_next_dist_1e8vcs8._.js:776
[  270286ms] [LOG] [Fast Refresh] done in 20ms @ http://localhost:3000/_next/static/chunks/node_modules_next_dist_1e8vcs8._.js:776
[  270326ms] [LOG] [Fast Refresh] done in 20ms @ http://localhost:3000/_next/static/chunks/node_modules_next_dist_1e8vcs8._.js:776
[  270370ms] [LOG] [Fast Refresh] done in 20ms @ http://localhost:3000/_next/static/chunks/node_modules_next_dist_1e8vcs8._.js:776
[  270409ms] [LOG] [Fast Refresh] done in 20ms @ http://localhost:3000/_next/static/chunks/node_modules_next_dist_1e8vcs8._.js:776
[  270453ms] [LOG] [Fast Refresh] done in 20ms @ http://localhost:3000/_next/static/chunks/node_modules_next_dist_1e8vcs8._.js:776
[  270498ms] [LOG] [Fast Refresh] done in 20ms @ http://localhost:3000/_next/static/chunks/node_modules_next_dist_1e8vcs8._.js:776
[  270544ms] [LOG] [Fast Refresh] done in 20ms @ http://localhost:3000/_next/static/chunks/node_modules_next_dist_1e8vcs8._.js:776
[  270586ms] [LOG] [Fast Refresh] done in 20ms @ http://localhost:3000/_next/static/chunks/node_modules_next_dist_1e8vcs8._.js:776
[  270626ms] [LOG] [Fast Refresh] done in 20ms @ http://localhost:3000/_next/static/chunks/node_modules_next_dist_1e8vcs8._.js:776
[  270680ms] [LOG] [Fast Refresh] done in 20ms @ http://localhost:3000/_next/static/chunks/node_modules_next_dist_1e8vcs8._.js:776
[  270737ms] [LOG] [Fast Refresh] done in 20ms @ http://localhost:3000/_next/static/chunks/node_modules_next_dist_1e8vcs8._.js:776
[  270787ms] [LOG] [Fast Refresh] done in 20ms @ http://localhost:3000/_next/static/chunks/node_modules_next_dist_1e8vcs8._.js:776
[  270832ms] [LOG] [Fast Refresh] done in 20ms @ http://localhost:3000/_next/static/chunks/node_modules_next_dist_1e8vcs8._.js:776
[  270886ms] [LOG] [Fast Refresh] done in 20ms @ http://localhost:3000/_next/static/chunks/node_modules_next_dist_1e8vcs8._.js:776
[  270942ms] [LOG] [Fast Refresh] done in 20ms @ http://localhost:3000/_next/static/chunks/node_modules_next_dist_1e8vcs8._.js:776
[  270986ms] [LOG] [Fast Refresh] done in 20ms @ http://localhost:3000/_next/static/chunks/node_modules_next_dist_1e8vcs8._.js:776
[  271029ms] [LOG] [Fast Refresh] done in 20ms @ http://localhost:3000/_next/static/chunks/node_modules_next_dist_1e8vcs8._.js:776
[  271078ms] [LOG] [Fast Refresh] done in 20ms @ http://localhost:3000/_next/static/chunks/node_modules_next_dist_1e8vcs8._.js:776
[  271118ms] [LOG] [Fast Refresh] done in 20ms @ http://localhost:3000/_next/static/chunks/node_modules_next_dist_1e8vcs8._.js:776
[  271159ms] [LOG] [Fast Refresh] done in 20ms @ http://localhost:3000/_next/static/chunks/node_modules_next_dist_1e8vcs8._.js:776
[  271202ms] [LOG] [Fast Refresh] done in 20ms @ http://localhost:3000/_next/static/chunks/node_modules_next_dist_1e8vcs8._.js:776
[  271253ms] [LOG] [Fast Refresh] done in 20ms @ http://localhost:3000/_next/static/chunks/node_modules_next_dist_1e8vcs8._.js:776
[  271292ms] [LOG] [Fast Refresh] done in 20ms @ http://localhost:3000/_next/static/chunks/node_modules_next_dist_1e8vcs8._.js:776
[  271339ms] [LOG] [Fast Refresh] done in 20ms @ http://localhost:3000/_next/static/chunks/node_modules_next_dist_1e8vcs8._.js:776
[  271386ms] [LOG] [Fast Refresh] done in 20ms @ http://localhost:3000/_next/static/chunks/node_modules_next_dist_1e8vcs8._.js:776
[  271428ms] [LOG] [Fast Refresh] done in 20ms @ http://localhost:3000/_next/static/chunks/node_modules_next_dist_1e8vcs8._.js:776
[  271469ms] [LOG] [Fast Refresh] done in 20ms @ http://localhost:3000/_next/static/chunks/node_modules_next_dist_1e8vcs8._.js:776
[  271519ms] [LOG] [Fast Refresh] done in 20ms @ http://localhost:3000/_next/static/chunks/node_modules_next_dist_1e8vcs8._.js:776
[  271570ms] [LOG] [Fast Refresh] done in 20ms @ http://localhost:3000/_next/static/chunks/node_modules_next_dist_1e8vcs8._.js:776
[  271610ms] [LOG] [Fast Refresh] done in 20ms @ http://localhost:3000/_next/static/chunks/node_modules_next_dist_1e8vcs8._.js:776
[  271656ms] [LOG] [Fast Refresh] done in 20ms @ http://localhost:3000/_next/static/chunks/node_modules_next_dist_1e8vcs8._.js:776
[  271703ms] [LOG] [Fast Refresh] done in 20ms @ http://localhost:3000/_next/static/chunks/node_modules_next_dist_1e8vcs8._.js:776
[  271745ms] [LOG] [Fast Refresh] done in 20ms @ http://localhost:3000/_next/static/chunks/node_modules_next_dist_1e8vcs8._.js:776
[  271788ms] [LOG] [Fast Refresh] done in 20ms @ http://localhost:3000/_next/static/chunks/node_modules_next_dist_1e8vcs8._.js:776
[  271836ms] [LOG] [Fast Refresh] done in 20ms @ http://localhost:3000/_next/static/chunks/node_modules_next_dist_1e8vcs8._.js:776
[  271886ms] [LOG] [Fast Refresh] done in 20ms @ http://localhost:3000/_next/static/chunks/node_modules_next_dist_1e8vcs8._.js:776
[  271926ms] [LOG] [Fast Refresh] done in 20ms @ http://localhost:3000/_next/static/chunks/node_modules_next_dist_1e8vcs8._.js:776
[  271970ms] [LOG] [Fast Refresh] done in 20ms @ http://localhost:3000/_next/static/chunks/node_modules_next_dist_1e8vcs8._.js:776
[  272009ms] [LOG] [Fast Refresh] done in 20ms @ http://localhost:3000/_next/static/chunks/node_modules_next_dist_1e8vcs8._.js:776
[  272052ms] [LOG] [Fast Refresh] done in 20ms @ http://localhost:3000/_next/static/chunks/node_modules_next_dist_1e8vcs8._.js:776
[  272093ms] [LOG] [Fast Refresh] done in 20ms @ http://localhost:3000/_next/static/chunks/node_modules_next_dist_1e8vcs8._.js:776
[  272136ms] [LOG] [Fast Refresh] done in 20ms @ http://localhost:3000/_next/static/chunks/node_modules_next_dist_1e8vcs8._.js:776
[  272185ms] [LOG] [Fast Refresh] done in 20ms @ http://localhost:3000/_next/static/chunks/node_modules_next_dist_1e8vcs8._.js:776
[  272227ms] [LOG] [Fast Refresh] done in 20ms @ http://localhost:3000/_next/static/chunks/node_modules_next_dist_1e8vcs8._.js:776
[  272270ms] [LOG] [Fast Refresh] done in 20ms @ http://localhost:3000/_next/static/chunks/node_modules_next_dist_1e8vcs8._.js:776
[  272315ms] [LOG] [Fast Refresh] done in 20ms @ http://localhost:3000/_next/static/chunks/node_modules_next_dist_1e8vcs8._.js:776
[  272360ms] [LOG] [Fast Refresh] done in 20ms @ http://localhost:3000/_next/static/chunks/node_modules_next_dist_1e8vcs8._.js:776
[  272402ms] [LOG] [Fast Refresh] done in 20ms @ http://localhost:3000/_next/static/chunks/node_modules_next_dist_1e8vcs8._.js:776
[  272442ms] [LOG] [Fast Refresh] done in 20ms @ http://localhost:3000/_next/static/chunks/node_modules_next_dist_1e8vcs8._.js:776
[  272486ms] [LOG] [Fast Refresh] done in 20ms @ http://localhost:3000/_next/static/chunks/node_modules_next_dist_1e8vcs8._.js:776
[  272527ms] [LOG] [Fast Refresh] done in 20ms @ http://localhost:3000/_next/static/chunks/node_modules_next_dist_1e8vcs8._.js:776
[  272570ms] [LOG] [Fast Refresh] done in 20ms @ http://localhost:3000/_next/static/chunks/node_modules_next_dist_1e8vcs8._.js:776
[  272620ms] [LOG] [Fast Refresh] done in 20ms @ http://localhost:3000/_next/static/chunks/node_modules_next_dist_1e8vcs8._.js:776
[  272661ms] [LOG] [Fast Refresh] done in 20ms @ http://localhost:3000/_next/static/chunks/node_modules_next_dist_1e8vcs8._.js:776
[  272705ms] [LOG] [Fast Refresh] done in 20ms @ http://localhost:3000/_next/static/chunks/node_modules_next_dist_1e8vcs8._.js:776
[  272749ms] [LOG] [Fast Refresh] done in 20ms @ http://localhost:3000/_next/static/chunks/node_modules_next_dist_1e8vcs8._.js:776
[  272792ms] [LOG] [Fast Refresh] done in 20ms @ http://localhost:3000/_next/static/chunks/node_modules_next_dist_1e8vcs8._.js:776
[  272836ms] [LOG] [Fast Refresh] done in 20ms @ http://localhost:3000/_next/static/chunks/node_modules_next_dist_1e8vcs8._.js:776
[  272885ms] [LOG] [Fast Refresh] done in 20ms @ http://localhost:3000/_next/static/chunks/node_modules_next_dist_1e8vcs8._.js:776
[  272926ms] [LOG] [Fast Refresh] done in 20ms @ http://localhost:3000/_next/static/chunks/node_modules_next_dist_1e8vcs8._.js:776
[  272970ms] [LOG] [Fast Refresh] done in 20ms @ http://localhost:3000/_next/static/chunks/node_modules_next_dist_1e8vcs8._.js:776
[  273020ms] [LOG] [Fast Refresh] done in 20ms @ http://localhost:3000/_next/static/chunks/node_modules_next_dist_1e8vcs8._.js:776
[  273063ms] [LOG] [Fast Refresh] done in 20ms @ http://localhost:3000/_next/static/chunks/node_modules_next_dist_1e8vcs8._.js:776
[  273110ms] [LOG] [Fast Refresh] done in 20ms @ http://localhost:3000/_next/static/chunks/node_modules_next_dist_1e8vcs8._.js:776
[  273152ms] [LOG] [Fast Refresh] done in 20ms @ http://localhost:3000/_next/static/chunks/node_modules_next_dist_1e8vcs8._.js:776
[  273192ms] [LOG] [Fast Refresh] done in 20ms @ http://localhost:3000/_next/static/chunks/node_modules_next_dist_1e8vcs8._.js:776
[  273236ms] [LOG] [Fast Refresh] done in 20ms @ http://localhost:3000/_next/static/chunks/node_modules_next_dist_1e8vcs8._.js:776
[  273286ms] [LOG] [Fast Refresh] done in 20ms @ http://localhost:3000/_next/static/chunks/node_modules_next_dist_1e8vcs8._.js:776
[  273343ms] [LOG] [Fast Refresh] done in 20ms @ http://localhost:3000/_next/static/chunks/node_modules_next_dist_1e8vcs8._.js:776
[  273393ms] [LOG] [Fast Refresh] done in 20ms @ http://localhost:3000/_next/static/chunks/node_modules_next_dist_1e8vcs8._.js:776
[  273436ms] [LOG] [Fast Refresh] done in 20ms @ http://localhost:3000/_next/static/chunks/node_modules_next_dist_1e8vcs8._.js:776
[  273486ms] [LOG] [Fast Refresh] done in 20ms @ http://localhost:3000/_next/static/chunks/node_modules_next_dist_1e8vcs8._.js:776
[  273536ms] [LOG] [Fast Refresh] done in 20ms @ http://localhost:3000/_next/static/chunks/node_modules_next_dist_1e8vcs8._.js:776
[  273587ms] [LOG] [Fast Refresh] done in 20ms @ http://localhost:3000/_next/static/chunks/node_modules_next_dist_1e8vcs8._.js:776
[  273626ms] [LOG] [Fast Refresh] done in 20ms @ http://localhost:3000/_next/static/chunks/node_modules_next_dist_1e8vcs8._.js:776
[  273669ms] [LOG] [Fast Refresh] done in 20ms @ http://localhost:3000/_next/static/chunks/node_modules_next_dist_1e8vcs8._.js:776
[  273721ms] [LOG] [Fast Refresh] done in 20ms @ http://localhost:3000/_next/static/chunks/node_modules_next_dist_1e8vcs8._.js:776
[  273769ms] [LOG] [Fast Refresh] done in 20ms @ http://localhost:3000/_next/static/chunks/node_modules_next_dist_1e8vcs8._.js:776
[  273819ms] [LOG] [Fast Refresh] done in 20ms @ http://localhost:3000/_next/static/chunks/node_modules_next_dist_1e8vcs8._.js:776
[  273860ms] [LOG] [Fast Refresh] done in 20ms @ http://localhost:3000/_next/static/chunks/node_modules_next_dist_1e8vcs8._.js:776
[  273902ms] [LOG] [Fast Refresh] done in 20ms @ http://localhost:3000/_next/static/chunks/node_modules_next_dist_1e8vcs8._.js:776
[  273952ms] [LOG] [Fast Refresh] done in 20ms @ http://localhost:3000/_next/static/chunks/node_modules_next_dist_1e8vcs8._.js:776
[  273993ms] [LOG] [Fast Refresh] done in 20ms @ http://localhost:3000/_next/static/chunks/node_modules_next_dist_1e8vcs8._.js:776
[  274036ms] [LOG] [Fast Refresh] done in 20ms @ http://localhost:3000/_next/static/chunks/node_modules_next_dist_1e8vcs8._.js:776
[  274086ms] [LOG] [Fast Refresh] done in 20ms @ http://localhost:3000/_next/static/chunks/node_modules_next_dist_1e8vcs8._.js:776
[  274127ms] [LOG] [Fast Refresh] done in 20ms @ http://localhost:3000/_next/static/chunks/node_modules_next_dist_1e8vcs8._.js:776
[  274170ms] [LOG] [Fast Refresh] done in 20ms @ http://localhost:3000/_next/static/chunks/node_modules_next_dist_1e8vcs8._.js:776
[  274219ms] [LOG] [Fast Refresh] done in 20ms @ http://localhost:3000/_next/static/chunks/node_modules_next_dist_1e8vcs8._.js:776
[  274259ms] [LOG] [Fast Refresh] done in 20ms @ http://localhost:3000/_next/static/chunks/node_modules_next_dist_1e8vcs8._.js:776
[  274303ms] [LOG] [Fast Refresh] done in 20ms @ http://localhost:3000/_next/static/chunks/node_modules_next_dist_1e8vcs8._.js:776
[  274351ms] [LOG] [Fast Refresh] done in 20ms @ http://localhost:3000/_next/static/chunks/node_modules_next_dist_1e8vcs8._.js:776
[  274395ms] [LOG] [Fast Refresh] done in 20ms @ http://localhost:3000/_next/static/chunks/node_modules_next_dist_1e8vcs8._.js:776
[  274436ms] [LOG] [Fast Refresh] done in 20ms @ http://localhost:3000/_next/static/chunks/node_modules_next_dist_1e8vcs8._.js:776
[  274487ms] [LOG] [Fast Refresh] done in 20ms @ http://localhost:3000/_next/static/chunks/node_modules_next_dist_1e8vcs8._.js:776
[  274531ms] [LOG] [Fast Refresh] done in 20ms @ http://localhost:3000/_next/static/chunks/node_modules_next_dist_1e8vcs8._.js:776
[  274581ms] [LOG] [Fast Refresh] done in 20ms @ http://localhost:3000/_next/static/chunks/node_modules_next_dist_1e8vcs8._.js:776
[  274632ms] [LOG] [Fast Refresh] done in 20ms @ http://localhost:3000/_next/static/chunks/node_modules_next_dist_1e8vcs8._.js:776
[  274686ms] [LOG] [Fast Refresh] done in 20ms @ http://localhost:3000/_next/static/chunks/node_modules_next_dist_1e8vcs8._.js:776
[  274728ms] [LOG] [Fast Refresh] done in 20ms @ http://localhost:3000/_next/static/chunks/node_modules_next_dist_1e8vcs8._.js:776
[  274770ms] [LOG] [Fast Refresh] done in 20ms @ http://localhost:3000/_next/static/chunks/node_modules_next_dist_1e8vcs8._.js:776
[  274814ms] [LOG] [Fast Refresh] done in 20ms @ http://localhost:3000/_next/static/chunks/node_modules_next_dist_1e8vcs8._.js:776
[  274859ms] [LOG] [Fast Refresh] done in 20ms @ http://localhost:3000/_next/static/chunks/node_modules_next_dist_1e8vcs8._.js:776
[  274903ms] [LOG] [Fast Refresh] done in 20ms @ http://localhost:3000/_next/static/chunks/node_modules_next_dist_1e8vcs8._.js:776
[  274952ms] [LOG] [Fast Refresh] done in 20ms @ http://localhost:3000/_next/static/chunks/node_modules_next_dist_1e8vcs8._.js:776
[  274998ms] [LOG] [Fast Refresh] done in 20ms @ http://localhost:3000/_next/static/chunks/node_modules_next_dist_1e8vcs8._.js:776
[  275043ms] [LOG] [Fast Refresh] done in 20ms @ http://localhost:3000/_next/static/chunks/node_modules_next_dist_1e8vcs8._.js:776
[  275093ms] [LOG] [Fast Refresh] done in 20ms @ http://localhost:3000/_next/static/chunks/node_modules_next_dist_1e8vcs8._.js:776
[  275135ms] [LOG] [Fast Refresh] done in 20ms @ http://localhost:3000/_next/static/chunks/node_modules_next_dist_1e8vcs8._.js:776
[  275183ms] [LOG] [Fast Refresh] done in 20ms @ http://localhost:3000/_next/static/chunks/node_modules_next_dist_1e8vcs8._.js:776
[  275236ms] [LOG] [Fast Refresh] done in 20ms @ http://localhost:3000/_next/static/chunks/node_modules_next_dist_1e8vcs8._.js:776
[  275278ms] [LOG] [Fast Refresh] done in 20ms @ http://localhost:3000/_next/static/chunks/node_modules_next_dist_1e8vcs8._.js:776
[  275319ms] [LOG] [Fast Refresh] done in 20ms @ http://localhost:3000/_next/static/chunks/node_modules_next_dist_1e8vcs8._.js:776
[  275360ms] [LOG] [Fast Refresh] done in 20ms @ http://localhost:3000/_next/static/chunks/node_modules_next_dist_1e8vcs8._.js:776
[  275406ms] [LOG] [Fast Refresh] done in 20ms @ http://localhost:3000/_next/static/chunks/node_modules_next_dist_1e8vcs8._.js:776
[  275452ms] [LOG] [Fast Refresh] done in 20ms @ http://localhost:3000/_next/static/chunks/node_modules_next_dist_1e8vcs8._.js:776
[  275493ms] [LOG] [Fast Refresh] done in 20ms @ http://localhost:3000/_next/static/chunks/node_modules_next_dist_1e8vcs8._.js:776
[  275537ms] [LOG] [Fast Refresh] done in 20ms @ http://localhost:3000/_next/static/chunks/node_modules_next_dist_1e8vcs8._.js:776
[  275585ms] [LOG] [Fast Refresh] done in 20ms @ http://localhost:3000/_next/static/chunks/node_modules_next_dist_1e8vcs8._.js:776
[  275626ms] [LOG] [Fast Refresh] done in 20ms @ http://localhost:3000/_next/static/chunks/node_modules_next_dist_1e8vcs8._.js:776
[  275671ms] [LOG] [Fast Refresh] done in 20ms @ http://localhost:3000/_next/static/chunks/node_modules_next_dist_1e8vcs8._.js:776
[  275716ms] [LOG] [Fast Refresh] done in 20ms @ http://localhost:3000/_next/static/chunks/node_modules_next_dist_1e8vcs8._.js:776
[  275770ms] [LOG] [Fast Refresh] done in 20ms @ http://localhost:3000/_next/static/chunks/node_modules_next_dist_1e8vcs8._.js:776
[  275816ms] [LOG] [Fast Refresh] done in 20ms @ http://localhost:3000/_next/static/chunks/node_modules_next_dist_1e8vcs8._.js:776
[  275861ms] [LOG] [Fast Refresh] done in 20ms @ http://localhost:3000/_next/static/chunks/node_modules_next_dist_1e8vcs8._.js:776
[  275903ms] [LOG] [Fast Refresh] done in 20ms @ http://localhost:3000/_next/static/chunks/node_modules_next_dist_1e8vcs8._.js:776
[  275943ms] [LOG] [Fast Refresh] done in 20ms @ http://localhost:3000/_next/static/chunks/node_modules_next_dist_1e8vcs8._.js:776
[  275986ms] [LOG] [Fast Refresh] done in 20ms @ http://localhost:3000/_next/static/chunks/node_modules_next_dist_1e8vcs8._.js:776
[  276036ms] [LOG] [Fast Refresh] done in 20ms @ http://localhost:3000/_next/static/chunks/node_modules_next_dist_1e8vcs8._.js:776
[  276086ms] [LOG] [Fast Refresh] done in 20ms @ http://localhost:3000/_next/static/chunks/node_modules_next_dist_1e8vcs8._.js:776
[  276132ms] [LOG] [Fast Refresh] done in 20ms @ http://localhost:3000/_next/static/chunks/node_modules_next_dist_1e8vcs8._.js:776
[  276186ms] [LOG] [Fast Refresh] done in 20ms @ http://localhost:3000/_next/static/chunks/node_modules_next_dist_1e8vcs8._.js:776
[  276228ms] [LOG] [Fast Refresh] done in 20ms @ http://localhost:3000/_next/static/chunks/node_modules_next_dist_1e8vcs8._.js:776
[  276269ms] [LOG] [Fast Refresh] done in 20ms @ http://localhost:3000/_next/static/chunks/node_modules_next_dist_1e8vcs8._.js:776
[  276309ms] [LOG] [Fast Refresh] done in 20ms @ http://localhost:3000/_next/static/chunks/node_modules_next_dist_1e8vcs8._.js:776
[  276353ms] [LOG] [Fast Refresh] done in 20ms @ http://localhost:3000/_next/static/chunks/node_modules_next_dist_1e8vcs8._.js:776
[  276409ms] [LOG] [Fast Refresh] done in 20ms @ http://localhost:3000/_next/static/chunks/node_modules_next_dist_1e8vcs8._.js:776
[  276452ms] [LOG] [Fast Refresh] done in 20ms @ http://localhost:3000/_next/static/chunks/node_modules_next_dist_1e8vcs8._.js:776
[  276510ms] [LOG] [Fast Refresh] done in 20ms @ http://localhost:3000/_next/static/chunks/node_modules_next_dist_1e8vcs8._.js:776
[  276570ms] [LOG] [Fast Refresh] done in 20ms @ http://localhost:3000/_next/static/chunks/node_modules_next_dist_1e8vcs8._.js:776
[  276617ms] [LOG] [Fast Refresh] done in 20ms @ http://localhost:3000/_next/static/chunks/node_modules_next_dist_1e8vcs8._.js:776
[  276670ms] [LOG] [Fast Refresh] done in 20ms @ http://localhost:3000/_next/static/chunks/node_modules_next_dist_1e8vcs8._.js:776
[  276716ms] [LOG] [Fast Refresh] done in 20ms @ http://localhost:3000/_next/static/chunks/node_modules_next_dist_1e8vcs8._.js:776
[  276756ms] [LOG] [Fast Refresh] done in 20ms @ http://localhost:3000/_next/static/chunks/node_modules_next_dist_1e8vcs8._.js:776
[  276803ms] [LOG] [Fast Refresh] done in 20ms @ http://localhost:3000/_next/static/chunks/node_modules_next_dist_1e8vcs8._.js:776
[  276853ms] [LOG] [Fast Refresh] done in 20ms @ http://localhost:3000/_next/static/chunks/node_modules_next_dist_1e8vcs8._.js:776
[  276895ms] [LOG] [Fast Refresh] done in 20ms @ http://localhost:3000/_next/static/chunks/node_modules_next_dist_1e8vcs8._.js:776
[  276936ms] [LOG] [Fast Refresh] done in 20ms @ http://localhost:3000/_next/static/chunks/node_modules_next_dist_1e8vcs8._.js:776
[  276976ms] [LOG] [Fast Refresh] done in 20ms @ http://localhost:3000/_next/static/chunks/node_modules_next_dist_1e8vcs8._.js:776
[  277019ms] [LOG] [Fast Refresh] done in 20ms @ http://localhost:3000/_next/static/chunks/node_modules_next_dist_1e8vcs8._.js:776
[  277061ms] [LOG] [Fast Refresh] done in 20ms @ http://localhost:3000/_next/static/chunks/node_modules_next_dist_1e8vcs8._.js:776
[  277110ms] [LOG] [Fast Refresh] done in 20ms @ http://localhost:3000/_next/static/chunks/node_modules_next_dist_1e8vcs8._.js:776
[  277159ms] [LOG] [Fast Refresh] done in 20ms @ http://localhost:3000/_next/static/chunks/node_modules_next_dist_1e8vcs8._.js:776
[  277202ms] [LOG] [Fast Refresh] done in 20ms @ http://localhost:3000/_next/static/chunks/node_modules_next_dist_1e8vcs8._.js:776
[  277243ms] [LOG] [Fast Refresh] done in 20ms @ http://localhost:3000/_next/static/chunks/node_modules_next_dist_1e8vcs8._.js:776
[  277289ms] [LOG] [Fast Refresh] done in 20ms @ http://localhost:3000/_next/static/chunks/node_modules_next_dist_1e8vcs8._.js:776
[  277336ms] [LOG] [Fast Refresh] done in 20ms @ http://localhost:3000/_next/static/chunks/node_modules_next_dist_1e8vcs8._.js:776
[  277387ms] [LOG] [Fast Refresh] done in 20ms @ http://localhost:3000/_next/static/chunks/node_modules_next_dist_1e8vcs8._.js:776
[  277428ms] [LOG] [Fast Refresh] done in 20ms @ http://localhost:3000/_next/static/chunks/node_modules_next_dist_1e8vcs8._.js:776
[  277470ms] [LOG] [Fast Refresh] done in 20ms @ http://localhost:3000/_next/static/chunks/node_modules_next_dist_1e8vcs8._.js:776
[  277509ms] [LOG] [Fast Refresh] done in 20ms @ http://localhost:3000/_next/static/chunks/node_modules_next_dist_1e8vcs8._.js:776
[  277553ms] [LOG] [Fast Refresh] done in 20ms @ http://localhost:3000/_next/static/chunks/node_modules_next_dist_1e8vcs8._.js:776
[  277594ms] [LOG] [Fast Refresh] done in 20ms @ http://localhost:3000/_next/static/chunks/node_modules_next_dist_1e8vcs8._.js:776
[  277636ms] [LOG] [Fast Refresh] done in 20ms @ http://localhost:3000/_next/static/chunks/node_modules_next_dist_1e8vcs8._.js:776
[  277679ms] [LOG] [Fast Refresh] done in 20ms @ http://localhost:3000/_next/static/chunks/node_modules_next_dist_1e8vcs8._.js:776
[  277719ms] [LOG] [Fast Refresh] done in 20ms @ http://localhost:3000/_next/static/chunks/node_modules_next_dist_1e8vcs8._.js:776
[  277761ms] [LOG] [Fast Refresh] done in 20ms @ http://localhost:3000/_next/static/chunks/node_modules_next_dist_1e8vcs8._.js:776
[  277803ms] [LOG] [Fast Refresh] done in 20ms @ http://localhost:3000/_next/static/chunks/node_modules_next_dist_1e8vcs8._.js:776
[  277860ms] [LOG] [Fast Refresh] done in 20ms @ http://localhost:3000/_next/static/chunks/node_modules_next_dist_1e8vcs8._.js:776
[  277902ms] [LOG] [Fast Refresh] done in 20ms @ http://localhost:3000/_next/static/chunks/node_modules_next_dist_1e8vcs8._.js:776
[  277946ms] [LOG] [Fast Refresh] done in 20ms @ http://localhost:3000/_next/static/chunks/node_modules_next_dist_1e8vcs8._.js:776
[  277985ms] [LOG] [Fast Refresh] done in 20ms @ http://localhost:3000/_next/static/chunks/node_modules_next_dist_1e8vcs8._.js:776
[  278035ms] [LOG] [Fast Refresh] done in 20ms @ http://localhost:3000/_next/static/chunks/node_modules_next_dist_1e8vcs8._.js:776
[  278077ms] [LOG] [Fast Refresh] done in 20ms @ http://localhost:3000/_next/static/chunks/node_modules_next_dist_1e8vcs8._.js:776
[  278124ms] [LOG] [Fast Refresh] done in 20ms @ http://localhost:3000/_next/static/chunks/node_modules_next_dist_1e8vcs8._.js:776
[  278189ms] [LOG] [Fast Refresh] done in 20ms @ http://localhost:3000/_next/static/chunks/node_modules_next_dist_1e8vcs8._.js:776
[  278242ms] [LOG] [Fast Refresh] done in 20ms @ http://localhost:3000/_next/static/chunks/node_modules_next_dist_1e8vcs8._.js:776
[  278287ms] [LOG] [Fast Refresh] done in 20ms @ http://localhost:3000/_next/static/chunks/node_modules_next_dist_1e8vcs8._.js:776
[  278326ms] [LOG] [Fast Refresh] done in 20ms @ http://localhost:3000/_next/static/chunks/node_modules_next_dist_1e8vcs8._.js:776
[  278375ms] [LOG] [Fast Refresh] done in 20ms @ http://localhost:3000/_next/static/chunks/node_modules_next_dist_1e8vcs8._.js:776
[  278437ms] [LOG] [Fast Refresh] done in 20ms @ http://localhost:3000/_next/static/chunks/node_modules_next_dist_1e8vcs8._.js:776
[  278480ms] [LOG] [Fast Refresh] done in 20ms @ http://localhost:3000/_next/static/chunks/node_modules_next_dist_1e8vcs8._.js:776
[  278535ms] [LOG] [Fast Refresh] done in 20ms @ http://localhost:3000/_next/static/chunks/node_modules_next_dist_1e8vcs8._.js:776
[  278590ms] [LOG] [Fast Refresh] done in 20ms @ http://localhost:3000/_next/static/chunks/node_modules_next_dist_1e8vcs8._.js:776
[  278639ms] [LOG] [Fast Refresh] done in 20ms @ http://localhost:3000/_next/static/chunks/node_modules_next_dist_1e8vcs8._.js:776
[  278684ms] [LOG] [Fast Refresh] done in 20ms @ http://localhost:3000/_next/static/chunks/node_modules_next_dist_1e8vcs8._.js:776
[  278725ms] [LOG] [Fast Refresh] done in 20ms @ http://localhost:3000/_next/static/chunks/node_modules_next_dist_1e8vcs8._.js:776
[  278776ms] [LOG] [Fast Refresh] done in 20ms @ http://localhost:3000/_next/static/chunks/node_modules_next_dist_1e8vcs8._.js:776
[  278826ms] [LOG] [Fast Refresh] done in 20ms @ http://localhost:3000/_next/static/chunks/node_modules_next_dist_1e8vcs8._.js:776
[  278882ms] [LOG] [Fast Refresh] done in 20ms @ http://localhost:3000/_next/static/chunks/node_modules_next_dist_1e8vcs8._.js:776
[  278926ms] [LOG] [Fast Refresh] done in 20ms @ http://localhost:3000/_next/static/chunks/node_modules_next_dist_1e8vcs8._.js:776
[  278969ms] [LOG] [Fast Refresh] done in 20ms @ http://localhost:3000/_next/static/chunks/node_modules_next_dist_1e8vcs8._.js:776
[  279019ms] [LOG] [Fast Refresh] done in 20ms @ http://localhost:3000/_next/static/chunks/node_modules_next_dist_1e8vcs8._.js:776
[  279060ms] [LOG] [Fast Refresh] done in 20ms @ http://localhost:3000/_next/static/chunks/node_modules_next_dist_1e8vcs8._.js:776
[  279103ms] [LOG] [Fast Refresh] done in 20ms @ http://localhost:3000/_next/static/chunks/node_modules_next_dist_1e8vcs8._.js:776
[  279143ms] [LOG] [Fast Refresh] done in 20ms @ http://localhost:3000/_next/static/chunks/node_modules_next_dist_1e8vcs8._.js:776
[  279186ms] [LOG] [Fast Refresh] done in 20ms @ http://localhost:3000/_next/static/chunks/node_modules_next_dist_1e8vcs8._.js:776
[  279226ms] [LOG] [Fast Refresh] done in 20ms @ http://localhost:3000/_next/static/chunks/node_modules_next_dist_1e8vcs8._.js:776
[  279275ms] [LOG] [Fast Refresh] done in 20ms @ http://localhost:3000/_next/static/chunks/node_modules_next_dist_1e8vcs8._.js:776
[  279337ms] [LOG] [Fast Refresh] done in 20ms @ http://localhost:3000/_next/static/chunks/node_modules_next_dist_1e8vcs8._.js:776
[  279386ms] [LOG] [Fast Refresh] done in 20ms @ http://localhost:3000/_next/static/chunks/node_modules_next_dist_1e8vcs8._.js:776
[  279427ms] [LOG] [Fast Refresh] done in 20ms @ http://localhost:3000/_next/static/chunks/node_modules_next_dist_1e8vcs8._.js:776
[  279469ms] [LOG] [Fast Refresh] done in 20ms @ http://localhost:3000/_next/static/chunks/node_modules_next_dist_1e8vcs8._.js:776
[  279511ms] [LOG] [Fast Refresh] done in 20ms @ http://localhost:3000/_next/static/chunks/node_modules_next_dist_1e8vcs8._.js:776
[  279555ms] [LOG] [Fast Refresh] done in 20ms @ http://localhost:3000/_next/static/chunks/node_modules_next_dist_1e8vcs8._.js:776
[  279593ms] [LOG] [Fast Refresh] done in 20ms @ http://localhost:3000/_next/static/chunks/node_modules_next_dist_1e8vcs8._.js:776
[  279636ms] [LOG] [Fast Refresh] done in 20ms @ http://localhost:3000/_next/static/chunks/node_modules_next_dist_1e8vcs8._.js:776
[  279681ms] [LOG] [Fast Refresh] done in 20ms @ http://localhost:3000/_next/static/chunks/node_modules_next_dist_1e8vcs8._.js:776
[  279727ms] [LOG] [Fast Refresh] done in 20ms @ http://localhost:3000/_next/static/chunks/node_modules_next_dist_1e8vcs8._.js:776
[  279770ms] [LOG] [Fast Refresh] done in 20ms @ http://localhost:3000/_next/static/chunks/node_modules_next_dist_1e8vcs8._.js:776
[  279811ms] [LOG] [Fast Refresh] done in 20ms @ http://localhost:3000/_next/static/chunks/node_modules_next_dist_1e8vcs8._.js:776
[  279852ms] [LOG] [Fast Refresh] done in 20ms @ http://localhost:3000/_next/static/chunks/node_modules_next_dist_1e8vcs8._.js:776
[  279903ms] [LOG] [Fast Refresh] done in 20ms @ http://localhost:3000/_next/static/chunks/node_modules_next_dist_1e8vcs8._.js:776
[  279945ms] [LOG] [Fast Refresh] done in 20ms @ http://localhost:3000/_next/static/chunks/node_modules_next_dist_1e8vcs8._.js:776
[  279987ms] [LOG] [Fast Refresh] done in 20ms @ http://localhost:3000/_next/static/chunks/node_modules_next_dist_1e8vcs8._.js:776
[  280036ms] [LOG] [Fast Refresh] done in 20ms @ http://localhost:3000/_next/static/chunks/node_modules_next_dist_1e8vcs8._.js:776
[  280077ms] [LOG] [Fast Refresh] done in 20ms @ http://localhost:3000/_next/static/chunks/node_modules_next_dist_1e8vcs8._.js:776
[  280119ms] [LOG] [Fast Refresh] done in 20ms @ http://localhost:3000/_next/static/chunks/node_modules_next_dist_1e8vcs8._.js:776
[  280159ms] [LOG] [Fast Refresh] done in 20ms @ http://localhost:3000/_next/static/chunks/node_modules_next_dist_1e8vcs8._.js:776
[  280203ms] [LOG] [Fast Refresh] done in 20ms @ http://localhost:3000/_next/static/chunks/node_modules_next_dist_1e8vcs8._.js:776
[  280243ms] [LOG] [Fast Refresh] done in 20ms @ http://localhost:3000/_next/static/chunks/node_modules_next_dist_1e8vcs8._.js:776
[  280286ms] [LOG] [Fast Refresh] done in 20ms @ http://localhost:3000/_next/static/chunks/node_modules_next_dist_1e8vcs8._.js:776
[  280336ms] [LOG] [Fast Refresh] done in 20ms @ http://localhost:3000/_next/static/chunks/node_modules_next_dist_1e8vcs8._.js:776
[  280386ms] [LOG] [Fast Refresh] done in 20ms @ http://localhost:3000/_next/static/chunks/node_modules_next_dist_1e8vcs8._.js:776
[  280426ms] [LOG] [Fast Refresh] done in 20ms @ http://localhost:3000/_next/static/chunks/node_modules_next_dist_1e8vcs8._.js:776
[  280469ms] [LOG] [Fast Refresh] done in 20ms @ http://localhost:3000/_next/static/chunks/node_modules_next_dist_1e8vcs8._.js:776
[  280520ms] [LOG] [Fast Refresh] done in 20ms @ http://localhost:3000/_next/static/chunks/node_modules_next_dist_1e8vcs8._.js:776
[  280560ms] [LOG] [Fast Refresh] done in 20ms @ http://localhost:3000/_next/static/chunks/node_modules_next_dist_1e8vcs8._.js:776
[  280610ms] [LOG] [Fast Refresh] done in 20ms @ http://localhost:3000/_next/static/chunks/node_modules_next_dist_1e8vcs8._.js:776
[  280652ms] [LOG] [Fast Refresh] done in 20ms @ http://localhost:3000/_next/static/chunks/node_modules_next_dist_1e8vcs8._.js:776
[  280693ms] [LOG] [Fast Refresh] done in 20ms @ http://localhost:3000/_next/static/chunks/node_modules_next_dist_1e8vcs8._.js:776
[  280734ms] [LOG] [Fast Refresh] done in 20ms @ http://localhost:3000/_next/static/chunks/node_modules_next_dist_1e8vcs8._.js:776
[  280777ms] [LOG] [Fast Refresh] done in 20ms @ http://localhost:3000/_next/static/chunks/node_modules_next_dist_1e8vcs8._.js:776
[  280819ms] [LOG] [Fast Refresh] done in 20ms @ http://localhost:3000/_next/static/chunks/node_modules_next_dist_1e8vcs8._.js:776
[  280860ms] [LOG] [Fast Refresh] done in 20ms @ http://localhost:3000/_next/static/chunks/node_modules_next_dist_1e8vcs8._.js:776
[  280902ms] [LOG] [Fast Refresh] done in 20ms @ http://localhost:3000/_next/static/chunks/node_modules_next_dist_1e8vcs8._.js:776
[  280943ms] [LOG] [Fast Refresh] done in 20ms @ http://localhost:3000/_next/static/chunks/node_modules_next_dist_1e8vcs8._.js:776
[  280985ms] [LOG] [Fast Refresh] done in 20ms @ http://localhost:3000/_next/static/chunks/node_modules_next_dist_1e8vcs8._.js:776
[  281035ms] [LOG] [Fast Refresh] done in 20ms @ http://localhost:3000/_next/static/chunks/node_modules_next_dist_1e8vcs8._.js:776
[  281076ms] [LOG] [Fast Refresh] done in 20ms @ http://localhost:3000/_next/static/chunks/node_modules_next_dist_1e8vcs8._.js:776
[  281119ms] [LOG] [Fast Refresh] done in 20ms @ http://localhost:3000/_next/static/chunks/node_modules_next_dist_1e8vcs8._.js:776
[  281160ms] [LOG] [Fast Refresh] done in 20ms @ http://localhost:3000/_next/static/chunks/node_modules_next_dist_1e8vcs8._.js:776
[  281203ms] [LOG] [Fast Refresh] done in 20ms @ http://localhost:3000/_next/static/chunks/node_modules_next_dist_1e8vcs8._.js:776
[  281243ms] [LOG] [Fast Refresh] done in 20ms @ http://localhost:3000/_next/static/chunks/node_modules_next_dist_1e8vcs8._.js:776
[  281286ms] [LOG] [Fast Refresh] done in 20ms @ http://localhost:3000/_next/static/chunks/node_modules_next_dist_1e8vcs8._.js:776
[  281326ms] [LOG] [Fast Refresh] done in 20ms @ http://localhost:3000/_next/static/chunks/node_modules_next_dist_1e8vcs8._.js:776
[  281370ms] [LOG] [Fast Refresh] done in 20ms @ http://localhost:3000/_next/static/chunks/node_modules_next_dist_1e8vcs8._.js:776
[  281420ms] [LOG] [Fast Refresh] done in 20ms @ http://localhost:3000/_next/static/chunks/node_modules_next_dist_1e8vcs8._.js:776
[  281460ms] [LOG] [Fast Refresh] done in 20ms @ http://localhost:3000/_next/static/chunks/node_modules_next_dist_1e8vcs8._.js:776
[  281503ms] [LOG] [Fast Refresh] done in 20ms @ http://localhost:3000/_next/static/chunks/node_modules_next_dist_1e8vcs8._.js:776
[  281544ms] [LOG] [Fast Refresh] done in 20ms @ http://localhost:3000/_next/static/chunks/node_modules_next_dist_1e8vcs8._.js:776
[  281585ms] [LOG] [Fast Refresh] done in 20ms @ http://localhost:3000/_next/static/chunks/node_modules_next_dist_1e8vcs8._.js:776
[  281627ms] [LOG] [Fast Refresh] done in 20ms @ http://localhost:3000/_next/static/chunks/node_modules_next_dist_1e8vcs8._.js:776
[  281670ms] [LOG] [Fast Refresh] done in 20ms @ http://localhost:3000/_next/static/chunks/node_modules_next_dist_1e8vcs8._.js:776
[  281710ms] [LOG] [Fast Refresh] done in 20ms @ http://localhost:3000/_next/static/chunks/node_modules_next_dist_1e8vcs8._.js:776
[  281756ms] [LOG] [Fast Refresh] done in 20ms @ http://localhost:3000/_next/static/chunks/node_modules_next_dist_1e8vcs8._.js:776
[  281803ms] [LOG] [Fast Refresh] done in 20ms @ http://localhost:3000/_next/static/chunks/node_modules_next_dist_1e8vcs8._.js:776
[  281844ms] [LOG] [Fast Refresh] done in 20ms @ http://localhost:3000/_next/static/chunks/node_modules_next_dist_1e8vcs8._.js:776
[  281887ms] [LOG] [Fast Refresh] done in 20ms @ http://localhost:3000/_next/static/chunks/node_modules_next_dist_1e8vcs8._.js:776
[  281936ms] [LOG] [Fast Refresh] done in 20ms @ http://localhost:3000/_next/static/chunks/node_modules_next_dist_1e8vcs8._.js:776
[  281977ms] [LOG] [Fast Refresh] done in 20ms @ http://localhost:3000/_next/static/chunks/node_modules_next_dist_1e8vcs8._.js:776
[  282020ms] [LOG] [Fast Refresh] done in 20ms @ http://localhost:3000/_next/static/chunks/node_modules_next_dist_1e8vcs8._.js:776
[  282060ms] [LOG] [Fast Refresh] done in 20ms @ http://localhost:3000/_next/static/chunks/node_modules_next_dist_1e8vcs8._.js:776
[  282103ms] [LOG] [Fast Refresh] done in 20ms @ http://localhost:3000/_next/static/chunks/node_modules_next_dist_1e8vcs8._.js:776
[  282149ms] [LOG] [Fast Refresh] done in 20ms @ http://localhost:3000/_next/static/chunks/node_modules_next_dist_1e8vcs8._.js:776
[  282194ms] [LOG] [Fast Refresh] done in 20ms @ http://localhost:3000/_next/static/chunks/node_modules_next_dist_1e8vcs8._.js:776
[  282236ms] [LOG] [Fast Refresh] done in 20ms @ http://localhost:3000/_next/static/chunks/node_modules_next_dist_1e8vcs8._.js:776
[  282286ms] [LOG] [Fast Refresh] done in 20ms @ http://localhost:3000/_next/static/chunks/node_modules_next_dist_1e8vcs8._.js:776
[  282327ms] [LOG] [Fast Refresh] done in 20ms @ http://localhost:3000/_next/static/chunks/node_modules_next_dist_1e8vcs8._.js:776
[  282368ms] [LOG] [Fast Refresh] done in 20ms @ http://localhost:3000/_next/static/chunks/node_modules_next_dist_1e8vcs8._.js:776
[  282410ms] [LOG] [Fast Refresh] done in 20ms @ http://localhost:3000/_next/static/chunks/node_modules_next_dist_1e8vcs8._.js:776
[  282453ms] [LOG] [Fast Refresh] done in 20ms @ http://localhost:3000/_next/static/chunks/node_modules_next_dist_1e8vcs8._.js:776
[  282493ms] [LOG] [Fast Refresh] done in 20ms @ http://localhost:3000/_next/static/chunks/node_modules_next_dist_1e8vcs8._.js:776
[  282537ms] [LOG] [Fast Refresh] done in 20ms @ http://localhost:3000/_next/static/chunks/node_modules_next_dist_1e8vcs8._.js:776
[  282577ms] [LOG] [Fast Refresh] done in 20ms @ http://localhost:3000/_next/static/chunks/node_modules_next_dist_1e8vcs8._.js:776
[  282620ms] [LOG] [Fast Refresh] done in 20ms @ http://localhost:3000/_next/static/chunks/node_modules_next_dist_1e8vcs8._.js:776
[  282660ms] [LOG] [Fast Refresh] done in 20ms @ http://localhost:3000/_next/static/chunks/node_modules_next_dist_1e8vcs8._.js:776
[  282703ms] [LOG] [Fast Refresh] done in 20ms @ http://localhost:3000/_next/static/chunks/node_modules_next_dist_1e8vcs8._.js:776
[  282743ms] [LOG] [Fast Refresh] done in 20ms @ http://localhost:3000/_next/static/chunks/node_modules_next_dist_1e8vcs8._.js:776
[  282786ms] [LOG] [Fast Refresh] done in 20ms @ http://localhost:3000/_next/static/chunks/node_modules_next_dist_1e8vcs8._.js:776
[  282836ms] [LOG] [Fast Refresh] done in 20ms @ http://localhost:3000/_next/static/chunks/node_modules_next_dist_1e8vcs8._.js:776
[  282887ms] [LOG] [Fast Refresh] done in 20ms @ http://localhost:3000/_next/static/chunks/node_modules_next_dist_1e8vcs8._.js:776
[  282927ms] [LOG] [Fast Refresh] done in 20ms @ http://localhost:3000/_next/static/chunks/node_modules_next_dist_1e8vcs8._.js:776
[  282969ms] [LOG] [Fast Refresh] done in 20ms @ http://localhost:3000/_next/static/chunks/node_modules_next_dist_1e8vcs8._.js:776
[  283027ms] [LOG] [Fast Refresh] done in 20ms @ http://localhost:3000/_next/static/chunks/node_modules_next_dist_1e8vcs8._.js:776
[  283070ms] [LOG] [Fast Refresh] done in 20ms @ http://localhost:3000/_next/static/chunks/node_modules_next_dist_1e8vcs8._.js:776
[  283110ms] [LOG] [Fast Refresh] done in 20ms @ http://localhost:3000/_next/static/chunks/node_modules_next_dist_1e8vcs8._.js:776
[  283153ms] [LOG] [Fast Refresh] done in 20ms @ http://localhost:3000/_next/static/chunks/node_modules_next_dist_1e8vcs8._.js:776
[  283193ms] [LOG] [Fast Refresh] done in 20ms @ http://localhost:3000/_next/static/chunks/node_modules_next_dist_1e8vcs8._.js:776
[  283237ms] [LOG] [Fast Refresh] done in 20ms @ http://localhost:3000/_next/static/chunks/node_modules_next_dist_1e8vcs8._.js:776
[  283286ms] [LOG] [Fast Refresh] done in 20ms @ http://localhost:3000/_next/static/chunks/node_modules_next_dist_1e8vcs8._.js:776
[  283338ms] [LOG] [Fast Refresh] done in 20ms @ http://localhost:3000/_next/static/chunks/node_modules_next_dist_1e8vcs8._.js:776
[  283387ms] [LOG] [Fast Refresh] done in 20ms @ http://localhost:3000/_next/static/chunks/node_modules_next_dist_1e8vcs8._.js:776
[  283436ms] [LOG] [Fast Refresh] done in 20ms @ http://localhost:3000/_next/static/chunks/node_modules_next_dist_1e8vcs8._.js:776
[  283486ms] [LOG] [Fast Refresh] done in 20ms @ http://localhost:3000/_next/static/chunks/node_modules_next_dist_1e8vcs8._.js:776
[  283526ms] [LOG] [Fast Refresh] done in 20ms @ http://localhost:3000/_next/static/chunks/node_modules_next_dist_1e8vcs8._.js:776
[  283570ms] [LOG] [Fast Refresh] done in 20ms @ http://localhost:3000/_next/static/chunks/node_modules_next_dist_1e8vcs8._.js:776
[  283622ms] [LOG] [Fast Refresh] done in 20ms @ http://localhost:3000/_next/static/chunks/node_modules_next_dist_1e8vcs8._.js:776
[  283663ms] [LOG] [Fast Refresh] done in 20ms @ http://localhost:3000/_next/static/chunks/node_modules_next_dist_1e8vcs8._.js:776
[  283720ms] [LOG] [Fast Refresh] done in 20ms @ http://localhost:3000/_next/static/chunks/node_modules_next_dist_1e8vcs8._.js:776
[  283760ms] [LOG] [Fast Refresh] done in 20ms @ http://localhost:3000/_next/static/chunks/node_modules_next_dist_1e8vcs8._.js:776
[  283806ms] [LOG] [Fast Refresh] done in 20ms @ http://localhost:3000/_next/static/chunks/node_modules_next_dist_1e8vcs8._.js:776
[  283854ms] [LOG] [Fast Refresh] done in 20ms @ http://localhost:3000/_next/static/chunks/node_modules_next_dist_1e8vcs8._.js:776
[  283892ms] [LOG] [Fast Refresh] done in 20ms @ http://localhost:3000/_next/static/chunks/node_modules_next_dist_1e8vcs8._.js:776
[  283940ms] [LOG] [Fast Refresh] done in 20ms @ http://localhost:3000/_next/static/chunks/node_modules_next_dist_1e8vcs8._.js:776
[  283990ms] [LOG] [Fast Refresh] done in 20ms @ http://localhost:3000/_next/static/chunks/node_modules_next_dist_1e8vcs8._.js:776
[  284040ms] [LOG] [Fast Refresh] done in 20ms @ http://localhost:3000/_next/static/chunks/node_modules_next_dist_1e8vcs8._.js:776
[  284092ms] [LOG] [Fast Refresh] done in 20ms @ http://localhost:3000/_next/static/chunks/node_modules_next_dist_1e8vcs8._.js:776
[  284135ms] [LOG] [Fast Refresh] done in 20ms @ http://localhost:3000/_next/static/chunks/node_modules_next_dist_1e8vcs8._.js:776
[  284177ms] [LOG] [Fast Refresh] done in 20ms @ http://localhost:3000/_next/static/chunks/node_modules_next_dist_1e8vcs8._.js:776
[  284219ms] [LOG] [Fast Refresh] done in 20ms @ http://localhost:3000/_next/static/chunks/node_modules_next_dist_1e8vcs8._.js:776
[  284260ms] [LOG] [Fast Refresh] done in 20ms @ http://localhost:3000/_next/static/chunks/node_modules_next_dist_1e8vcs8._.js:776
[  284303ms] [LOG] [Fast Refresh] done in 20ms @ http://localhost:3000/_next/static/chunks/node_modules_next_dist_1e8vcs8._.js:776
[  284354ms] [LOG] [Fast Refresh] done in 20ms @ http://localhost:3000/_next/static/chunks/node_modules_next_dist_1e8vcs8._.js:776
[  284394ms] [LOG] [Fast Refresh] done in 20ms @ http://localhost:3000/_next/static/chunks/node_modules_next_dist_1e8vcs8._.js:776
[  284444ms] [LOG] [Fast Refresh] done in 20ms @ http://localhost:3000/_next/static/chunks/node_modules_next_dist_1e8vcs8._.js:776
[  284487ms] [LOG] [Fast Refresh] done in 20ms @ http://localhost:3000/_next/static/chunks/node_modules_next_dist_1e8vcs8._.js:776
[  284527ms] [LOG] [Fast Refresh] done in 20ms @ http://localhost:3000/_next/static/chunks/node_modules_next_dist_1e8vcs8._.js:776
[  284570ms] [LOG] [Fast Refresh] done in 20ms @ http://localhost:3000/_next/static/chunks/node_modules_next_dist_1e8vcs8._.js:776
[  284619ms] [LOG] [Fast Refresh] done in 20ms @ http://localhost:3000/_next/static/chunks/node_modules_next_dist_1e8vcs8._.js:776
[  284660ms] [LOG] [Fast Refresh] done in 20ms @ http://localhost:3000/_next/static/chunks/node_modules_next_dist_1e8vcs8._.js:776
[  284703ms] [LOG] [Fast Refresh] done in 20ms @ http://localhost:3000/_next/static/chunks/node_modules_next_dist_1e8vcs8._.js:776
[  284744ms] [LOG] [Fast Refresh] done in 20ms @ http://localhost:3000/_next/static/chunks/node_modules_next_dist_1e8vcs8._.js:776
[  284787ms] [LOG] [Fast Refresh] done in 20ms @ http://localhost:3000/_next/static/chunks/node_modules_next_dist_1e8vcs8._.js:776
[  284827ms] [LOG] [Fast Refresh] done in 20ms @ http://localhost:3000/_next/static/chunks/node_modules_next_dist_1e8vcs8._.js:776
[  284869ms] [LOG] [Fast Refresh] done in 20ms @ http://localhost:3000/_next/static/chunks/node_modules_next_dist_1e8vcs8._.js:776
[  284911ms] [LOG] [Fast Refresh] done in 20ms @ http://localhost:3000/_next/static/chunks/node_modules_next_dist_1e8vcs8._.js:776
[  284953ms] [LOG] [Fast Refresh] done in 20ms @ http://localhost:3000/_next/static/chunks/node_modules_next_dist_1e8vcs8._.js:776
[  285003ms] [LOG] [Fast Refresh] done in 20ms @ http://localhost:3000/_next/static/chunks/node_modules_next_dist_1e8vcs8._.js:776
[  285043ms] [LOG] [Fast Refresh] done in 20ms @ http://localhost:3000/_next/static/chunks/node_modules_next_dist_1e8vcs8._.js:776
[  285086ms] [LOG] [Fast Refresh] done in 20ms @ http://localhost:3000/_next/static/chunks/node_modules_next_dist_1e8vcs8._.js:776
[  285130ms] [LOG] [Fast Refresh] done in 20ms @ http://localhost:3000/_next/static/chunks/node_modules_next_dist_1e8vcs8._.js:776
[  285179ms] [LOG] [Fast Refresh] done in 20ms @ http://localhost:3000/_next/static/chunks/node_modules_next_dist_1e8vcs8._.js:776
[  285229ms] [LOG] [Fast Refresh] done in 20ms @ http://localhost:3000/_next/static/chunks/node_modules_next_dist_1e8vcs8._.js:776
[  285287ms] [LOG] [Fast Refresh] done in 20ms @ http://localhost:3000/_next/static/chunks/node_modules_next_dist_1e8vcs8._.js:776
[  285335ms] [LOG] [Fast Refresh] done in 20ms @ http://localhost:3000/_next/static/chunks/node_modules_next_dist_1e8vcs8._.js:776
[  285380ms] [LOG] [Fast Refresh] done in 20ms @ http://localhost:3000/_next/static/chunks/node_modules_next_dist_1e8vcs8._.js:776
[  285428ms] [LOG] [Fast Refresh] done in 20ms @ http://localhost:3000/_next/static/chunks/node_modules_next_dist_1e8vcs8._.js:776
[  285471ms] [LOG] [Fast Refresh] done in 20ms @ http://localhost:3000/_next/static/chunks/node_modules_next_dist_1e8vcs8._.js:776
[  285523ms] [LOG] [Fast Refresh] done in 20ms @ http://localhost:3000/_next/static/chunks/node_modules_next_dist_1e8vcs8._.js:776
[  285562ms] [LOG] [Fast Refresh] done in 20ms @ http://localhost:3000/_next/static/chunks/node_modules_next_dist_1e8vcs8._.js:776
[  285612ms] [LOG] [Fast Refresh] done in 20ms @ http://localhost:3000/_next/static/chunks/node_modules_next_dist_1e8vcs8._.js:776
[  285656ms] [LOG] [Fast Refresh] done in 20ms @ http://localhost:3000/_next/static/chunks/node_modules_next_dist_1e8vcs8._.js:776
[  285695ms] [LOG] [Fast Refresh] done in 20ms @ http://localhost:3000/_next/static/chunks/node_modules_next_dist_1e8vcs8._.js:776
[  285739ms] [LOG] [Fast Refresh] done in 20ms @ http://localhost:3000/_next/static/chunks/node_modules_next_dist_1e8vcs8._.js:776
[  285792ms] [LOG] [Fast Refresh] done in 20ms @ http://localhost:3000/_next/static/chunks/node_modules_next_dist_1e8vcs8._.js:776
[  285844ms] [LOG] [Fast Refresh] done in 20ms @ http://localhost:3000/_next/static/chunks/node_modules_next_dist_1e8vcs8._.js:776
[  285890ms] [LOG] [Fast Refresh] done in 20ms @ http://localhost:3000/_next/static/chunks/node_modules_next_dist_1e8vcs8._.js:776
[  285938ms] [LOG] [Fast Refresh] done in 20ms @ http://localhost:3000/_next/static/chunks/node_modules_next_dist_1e8vcs8._.js:776
[  285979ms] [LOG] [Fast Refresh] done in 20ms @ http://localhost:3000/_next/static/chunks/node_modules_next_dist_1e8vcs8._.js:776
[  286022ms] [LOG] [Fast Refresh] done in 20ms @ http://localhost:3000/_next/static/chunks/node_modules_next_dist_1e8vcs8._.js:776
[  286064ms] [LOG] [Fast Refresh] done in 20ms @ http://localhost:3000/_next/static/chunks/node_modules_next_dist_1e8vcs8._.js:776
[  286113ms] [LOG] [Fast Refresh] done in 20ms @ http://localhost:3000/_next/static/chunks/node_modules_next_dist_1e8vcs8._.js:776
[  286155ms] [LOG] [Fast Refresh] done in 20ms @ http://localhost:3000/_next/static/chunks/node_modules_next_dist_1e8vcs8._.js:776
[  286195ms] [LOG] [Fast Refresh] done in 20ms @ http://localhost:3000/_next/static/chunks/node_modules_next_dist_1e8vcs8._.js:776
[  286237ms] [LOG] [Fast Refresh] done in 20ms @ http://localhost:3000/_next/static/chunks/node_modules_next_dist_1e8vcs8._.js:776
[  286279ms] [LOG] [Fast Refresh] done in 20ms @ http://localhost:3000/_next/static/chunks/node_modules_next_dist_1e8vcs8._.js:776
[  286325ms] [LOG] [Fast Refresh] done in 20ms @ http://localhost:3000/_next/static/chunks/node_modules_next_dist_1e8vcs8._.js:776
[  286377ms] [LOG] [Fast Refresh] done in 20ms @ http://localhost:3000/_next/static/chunks/node_modules_next_dist_1e8vcs8._.js:776
[  286424ms] [LOG] [Fast Refresh] done in 20ms @ http://localhost:3000/_next/static/chunks/node_modules_next_dist_1e8vcs8._.js:776
[  286476ms] [LOG] [Fast Refresh] done in 20ms @ http://localhost:3000/_next/static/chunks/node_modules_next_dist_1e8vcs8._.js:776
[  286526ms] [LOG] [Fast Refresh] done in 20ms @ http://localhost:3000/_next/static/chunks/node_modules_next_dist_1e8vcs8._.js:776
[  286572ms] [LOG] [Fast Refresh] done in 20ms @ http://localhost:3000/_next/static/chunks/node_modules_next_dist_1e8vcs8._.js:776
[  286621ms] [LOG] [Fast Refresh] done in 20ms @ http://localhost:3000/_next/static/chunks/node_modules_next_dist_1e8vcs8._.js:776
[  286660ms] [LOG] [Fast Refresh] done in 20ms @ http://localhost:3000/_next/static/chunks/node_modules_next_dist_1e8vcs8._.js:776
[  286700ms] [LOG] [Fast Refresh] done in 20ms @ http://localhost:3000/_next/static/chunks/node_modules_next_dist_1e8vcs8._.js:776
[  286748ms] [LOG] [Fast Refresh] done in 20ms @ http://localhost:3000/_next/static/chunks/node_modules_next_dist_1e8vcs8._.js:776
[  286796ms] [LOG] [Fast Refresh] done in 20ms @ http://localhost:3000/_next/static/chunks/node_modules_next_dist_1e8vcs8._.js:776
[  286846ms] [LOG] [Fast Refresh] done in 20ms @ http://localhost:3000/_next/static/chunks/node_modules_next_dist_1e8vcs8._.js:776
[  286890ms] [LOG] [Fast Refresh] done in 20ms @ http://localhost:3000/_next/static/chunks/node_modules_next_dist_1e8vcs8._.js:776
[  286943ms] [LOG] [Fast Refresh] done in 20ms @ http://localhost:3000/_next/static/chunks/node_modules_next_dist_1e8vcs8._.js:776
[  286984ms] [LOG] [Fast Refresh] done in 20ms @ http://localhost:3000/_next/static/chunks/node_modules_next_dist_1e8vcs8._.js:776
[  287030ms] [LOG] [Fast Refresh] done in 20ms @ http://localhost:3000/_next/static/chunks/node_modules_next_dist_1e8vcs8._.js:776
[  287077ms] [LOG] [Fast Refresh] done in 20ms @ http://localhost:3000/_next/static/chunks/node_modules_next_dist_1e8vcs8._.js:776
[  287122ms] [LOG] [Fast Refresh] done in 20ms @ http://localhost:3000/_next/static/chunks/node_modules_next_dist_1e8vcs8._.js:776
[  287164ms] [LOG] [Fast Refresh] done in 20ms @ http://localhost:3000/_next/static/chunks/node_modules_next_dist_1e8vcs8._.js:776
[  287211ms] [LOG] [Fast Refresh] done in 20ms @ http://localhost:3000/_next/static/chunks/node_modules_next_dist_1e8vcs8._.js:776
[  287254ms] [LOG] [Fast Refresh] done in 20ms @ http://localhost:3000/_next/static/chunks/node_modules_next_dist_1e8vcs8._.js:776
[  287296ms] [LOG] [Fast Refresh] done in 20ms @ http://localhost:3000/_next/static/chunks/node_modules_next_dist_1e8vcs8._.js:776
[  287351ms] [LOG] [Fast Refresh] done in 20ms @ http://localhost:3000/_next/static/chunks/node_modules_next_dist_1e8vcs8._.js:776
[  287397ms] [LOG] [Fast Refresh] done in 20ms @ http://localhost:3000/_next/static/chunks/node_modules_next_dist_1e8vcs8._.js:776
[  287444ms] [LOG] [Fast Refresh] done in 20ms @ http://localhost:3000/_next/static/chunks/node_modules_next_dist_1e8vcs8._.js:776
[  287489ms] [LOG] [Fast Refresh] done in 20ms @ http://localhost:3000/_next/static/chunks/node_modules_next_dist_1e8vcs8._.js:776
[  287537ms] [LOG] [Fast Refresh] done in 20ms @ http://localhost:3000/_next/static/chunks/node_modules_next_dist_1e8vcs8._.js:776
[  287588ms] [LOG] [Fast Refresh] done in 20ms @ http://localhost:3000/_next/static/chunks/node_modules_next_dist_1e8vcs8._.js:776
[  287637ms] [LOG] [Fast Refresh] done in 20ms @ http://localhost:3000/_next/static/chunks/node_modules_next_dist_1e8vcs8._.js:776
[  287694ms] [LOG] [Fast Refresh] done in 20ms @ http://localhost:3000/_next/static/chunks/node_modules_next_dist_1e8vcs8._.js:776
[  287741ms] [LOG] [Fast Refresh] done in 20ms @ http://localhost:3000/_next/static/chunks/node_modules_next_dist_1e8vcs8._.js:776
[  287788ms] [LOG] [Fast Refresh] done in 20ms @ http://localhost:3000/_next/static/chunks/node_modules_next_dist_1e8vcs8._.js:776
[  287843ms] [LOG] [Fast Refresh] done in 20ms @ http://localhost:3000/_next/static/chunks/node_modules_next_dist_1e8vcs8._.js:776
[  287887ms] [LOG] [Fast Refresh] done in 20ms @ http://localhost:3000/_next/static/chunks/node_modules_next_dist_1e8vcs8._.js:776
[  287942ms] [LOG] [Fast Refresh] done in 20ms @ http://localhost:3000/_next/static/chunks/node_modules_next_dist_1e8vcs8._.js:776
[  287987ms] [LOG] [Fast Refresh] done in 20ms @ http://localhost:3000/_next/static/chunks/node_modules_next_dist_1e8vcs8._.js:776
[  288044ms] [LOG] [Fast Refresh] done in 20ms @ http://localhost:3000/_next/static/chunks/node_modules_next_dist_1e8vcs8._.js:776
[  288094ms] [LOG] [Fast Refresh] done in 20ms @ http://localhost:3000/_next/static/chunks/node_modules_next_dist_1e8vcs8._.js:776
[  288141ms] [LOG] [Fast Refresh] done in 20ms @ http://localhost:3000/_next/static/chunks/node_modules_next_dist_1e8vcs8._.js:776
[  288187ms] [LOG] [Fast Refresh] done in 20ms @ http://localhost:3000/_next/static/chunks/node_modules_next_dist_1e8vcs8._.js:776
[  288241ms] [LOG] [Fast Refresh] done in 20ms @ http://localhost:3000/_next/static/chunks/node_modules_next_dist_1e8vcs8._.js:776
[  288283ms] [LOG] [Fast Refresh] done in 20ms @ http://localhost:3000/_next/static/chunks/node_modules_next_dist_1e8vcs8._.js:776
[  288325ms] [LOG] [Fast Refresh] done in 20ms @ http://localhost:3000/_next/static/chunks/node_modules_next_dist_1e8vcs8._.js:776
[  288363ms] [LOG] [Fast Refresh] done in 20ms @ http://localhost:3000/_next/static/chunks/node_modules_next_dist_1e8vcs8._.js:776
[  288406ms] [LOG] [Fast Refresh] done in 20ms @ http://localhost:3000/_next/static/chunks/node_modules_next_dist_1e8vcs8._.js:776
[  288448ms] [LOG] [Fast Refresh] done in 20ms @ http://localhost:3000/_next/static/chunks/node_modules_next_dist_1e8vcs8._.js:776
[  288489ms] [LOG] [Fast Refresh] done in 20ms @ http://localhost:3000/_next/static/chunks/node_modules_next_dist_1e8vcs8._.js:776
[  288530ms] [LOG] [Fast Refresh] done in 20ms @ http://localhost:3000/_next/static/chunks/node_modules_next_dist_1e8vcs8._.js:776
[  288572ms] [LOG] [Fast Refresh] done in 20ms @ http://localhost:3000/_next/static/chunks/node_modules_next_dist_1e8vcs8._.js:776
[  288614ms] [LOG] [Fast Refresh] done in 20ms @ http://localhost:3000/_next/static/chunks/node_modules_next_dist_1e8vcs8._.js:776
[  288655ms] [LOG] [Fast Refresh] done in 20ms @ http://localhost:3000/_next/static/chunks/node_modules_next_dist_1e8vcs8._.js:776
[  288705ms] [LOG] [Fast Refresh] done in 20ms @ http://localhost:3000/_next/static/chunks/node_modules_next_dist_1e8vcs8._.js:776
[  288754ms] [LOG] [Fast Refresh] done in 20ms @ http://localhost:3000/_next/static/chunks/node_modules_next_dist_1e8vcs8._.js:776
[  288807ms] [LOG] [Fast Refresh] done in 20ms @ http://localhost:3000/_next/static/chunks/node_modules_next_dist_1e8vcs8._.js:776
[  288860ms] [LOG] [Fast Refresh] done in 20ms @ http://localhost:3000/_next/static/chunks/node_modules_next_dist_1e8vcs8._.js:776
[  288905ms] [LOG] [Fast Refresh] done in 20ms @ http://localhost:3000/_next/static/chunks/node_modules_next_dist_1e8vcs8._.js:776
[  288947ms] [LOG] [Fast Refresh] done in 20ms @ http://localhost:3000/_next/static/chunks/node_modules_next_dist_1e8vcs8._.js:776
[  288989ms] [LOG] [Fast Refresh] done in 20ms @ http://localhost:3000/_next/static/chunks/node_modules_next_dist_1e8vcs8._.js:776
[  289030ms] [LOG] [Fast Refresh] done in 20ms @ http://localhost:3000/_next/static/chunks/node_modules_next_dist_1e8vcs8._.js:776
[  289082ms] [LOG] [Fast Refresh] done in 20ms @ http://localhost:3000/_next/static/chunks/node_modules_next_dist_1e8vcs8._.js:776
[  289129ms] [LOG] [Fast Refresh] done in 20ms @ http://localhost:3000/_next/static/chunks/node_modules_next_dist_1e8vcs8._.js:776
[  289172ms] [LOG] [Fast Refresh] done in 20ms @ http://localhost:3000/_next/static/chunks/node_modules_next_dist_1e8vcs8._.js:776
[  289225ms] [LOG] [Fast Refresh] done in 20ms @ http://localhost:3000/_next/static/chunks/node_modules_next_dist_1e8vcs8._.js:776
[  289276ms] [LOG] [Fast Refresh] done in 20ms @ http://localhost:3000/_next/static/chunks/node_modules_next_dist_1e8vcs8._.js:776
[  289327ms] [LOG] [Fast Refresh] done in 20ms @ http://localhost:3000/_next/static/chunks/node_modules_next_dist_1e8vcs8._.js:776
[  289378ms] [LOG] [Fast Refresh] done in 20ms @ http://localhost:3000/_next/static/chunks/node_modules_next_dist_1e8vcs8._.js:776
[  289430ms] [LOG] [Fast Refresh] done in 20ms @ http://localhost:3000/_next/static/chunks/node_modules_next_dist_1e8vcs8._.js:776
[  289481ms] [LOG] [Fast Refresh] done in 20ms @ http://localhost:3000/_next/static/chunks/node_modules_next_dist_1e8vcs8._.js:776
[  289532ms] [LOG] [Fast Refresh] done in 20ms @ http://localhost:3000/_next/static/chunks/node_modules_next_dist_1e8vcs8._.js:776
[  289584ms] [LOG] [Fast Refresh] done in 20ms @ http://localhost:3000/_next/static/chunks/node_modules_next_dist_1e8vcs8._.js:776
[  289635ms] [LOG] [Fast Refresh] done in 20ms @ http://localhost:3000/_next/static/chunks/node_modules_next_dist_1e8vcs8._.js:776
[  289686ms] [LOG] [Fast Refresh] done in 20ms @ http://localhost:3000/_next/static/chunks/node_modules_next_dist_1e8vcs8._.js:776
[  289736ms] [LOG] [Fast Refresh] done in 20ms @ http://localhost:3000/_next/static/chunks/node_modules_next_dist_1e8vcs8._.js:776
[  289787ms] [LOG] [Fast Refresh] done in 20ms @ http://localhost:3000/_next/static/chunks/node_modules_next_dist_1e8vcs8._.js:776
[  289839ms] [LOG] [Fast Refresh] done in 20ms @ http://localhost:3000/_next/static/chunks/node_modules_next_dist_1e8vcs8._.js:776
[  289891ms] [LOG] [Fast Refresh] done in 20ms @ http://localhost:3000/_next/static/chunks/node_modules_next_dist_1e8vcs8._.js:776
[  289941ms] [LOG] [Fast Refresh] done in 20ms @ http://localhost:3000/_next/static/chunks/node_modules_next_dist_1e8vcs8._.js:776
[  289992ms] [LOG] [Fast Refresh] done in 20ms @ http://localhost:3000/_next/static/chunks/node_modules_next_dist_1e8vcs8._.js:776
[  290042ms] [LOG] [Fast Refresh] done in 20ms @ http://localhost:3000/_next/static/chunks/node_modules_next_dist_1e8vcs8._.js:776
[  290092ms] [LOG] [Fast Refresh] done in 20ms @ http://localhost:3000/_next/static/chunks/node_modules_next_dist_1e8vcs8._.js:776
[  290143ms] [LOG] [Fast Refresh] done in 20ms @ http://localhost:3000/_next/static/chunks/node_modules_next_dist_1e8vcs8._.js:776
[  290194ms] [LOG] [Fast Refresh] done in 20ms @ http://localhost:3000/_next/static/chunks/node_modules_next_dist_1e8vcs8._.js:776
[  290236ms] [LOG] [Fast Refresh] done in 20ms @ http://localhost:3000/_next/static/chunks/node_modules_next_dist_1e8vcs8._.js:776
[  290288ms] [LOG] [Fast Refresh] done in 20ms @ http://localhost:3000/_next/static/chunks/node_modules_next_dist_1e8vcs8._.js:776
[  290341ms] [LOG] [Fast Refresh] done in 20ms @ http://localhost:3000/_next/static/chunks/node_modules_next_dist_1e8vcs8._.js:776
[  290387ms] [LOG] [Fast Refresh] done in 20ms @ http://localhost:3000/_next/static/chunks/node_modules_next_dist_1e8vcs8._.js:776
[  290436ms] [LOG] [Fast Refresh] done in 20ms @ http://localhost:3000/_next/static/chunks/node_modules_next_dist_1e8vcs8._.js:776
[  290477ms] [LOG] [Fast Refresh] done in 20ms @ http://localhost:3000/_next/static/chunks/node_modules_next_dist_1e8vcs8._.js:776
[  290521ms] [LOG] [Fast Refresh] done in 20ms @ http://localhost:3000/_next/static/chunks/node_modules_next_dist_1e8vcs8._.js:776
[  290571ms] [LOG] [Fast Refresh] done in 20ms @ http://localhost:3000/_next/static/chunks/node_modules_next_dist_1e8vcs8._.js:776
[  290610ms] [LOG] [Fast Refresh] done in 20ms @ http://localhost:3000/_next/static/chunks/node_modules_next_dist_1e8vcs8._.js:776
[  290655ms] [LOG] [Fast Refresh] done in 20ms @ http://localhost:3000/_next/static/chunks/node_modules_next_dist_1e8vcs8._.js:776
[  290704ms] [LOG] [Fast Refresh] done in 20ms @ http://localhost:3000/_next/static/chunks/node_modules_next_dist_1e8vcs8._.js:776
[  290746ms] [LOG] [Fast Refresh] done in 20ms @ http://localhost:3000/_next/static/chunks/node_modules_next_dist_1e8vcs8._.js:776
[  290788ms] [LOG] [Fast Refresh] done in 20ms @ http://localhost:3000/_next/static/chunks/node_modules_next_dist_1e8vcs8._.js:776
[  290839ms] [LOG] [Fast Refresh] done in 20ms @ http://localhost:3000/_next/static/chunks/node_modules_next_dist_1e8vcs8._.js:776
[  290887ms] [LOG] [Fast Refresh] done in 20ms @ http://localhost:3000/_next/static/chunks/node_modules_next_dist_1e8vcs8._.js:776
[  290928ms] [LOG] [Fast Refresh] done in 20ms @ http://localhost:3000/_next/static/chunks/node_modules_next_dist_1e8vcs8._.js:776
[  290977ms] [LOG] [Fast Refresh] done in 20ms @ http://localhost:3000/_next/static/chunks/node_modules_next_dist_1e8vcs8._.js:776
[  291026ms] [LOG] [Fast Refresh] done in 20ms @ http://localhost:3000/_next/static/chunks/node_modules_next_dist_1e8vcs8._.js:776
[  291069ms] [LOG] [Fast Refresh] done in 20ms @ http://localhost:3000/_next/static/chunks/node_modules_next_dist_1e8vcs8._.js:776
[  291120ms] [LOG] [Fast Refresh] done in 20ms @ http://localhost:3000/_next/static/chunks/node_modules_next_dist_1e8vcs8._.js:776
[  291172ms] [LOG] [Fast Refresh] done in 20ms @ http://localhost:3000/_next/static/chunks/node_modules_next_dist_1e8vcs8._.js:776
[  291228ms] [LOG] [Fast Refresh] done in 20ms @ http://localhost:3000/_next/static/chunks/node_modules_next_dist_1e8vcs8._.js:776
[  291271ms] [LOG] [Fast Refresh] done in 20ms @ http://localhost:3000/_next/static/chunks/node_modules_next_dist_1e8vcs8._.js:776
[  291320ms] [LOG] [Fast Refresh] done in 20ms @ http://localhost:3000/_next/static/chunks/node_modules_next_dist_1e8vcs8._.js:776
[  291370ms] [LOG] [Fast Refresh] done in 20ms @ http://localhost:3000/_next/static/chunks/node_modules_next_dist_1e8vcs8._.js:776
[  291422ms] [LOG] [Fast Refresh] done in 20ms @ http://localhost:3000/_next/static/chunks/node_modules_next_dist_1e8vcs8._.js:776
[  291470ms] [LOG] [Fast Refresh] done in 20ms @ http://localhost:3000/_next/static/chunks/node_modules_next_dist_1e8vcs8._.js:776
[  291520ms] [LOG] [Fast Refresh] done in 20ms @ http://localhost:3000/_next/static/chunks/node_modules_next_dist_1e8vcs8._.js:776
[  291562ms] [LOG] [Fast Refresh] done in 20ms @ http://localhost:3000/_next/static/chunks/node_modules_next_dist_1e8vcs8._.js:776
[  291603ms] [LOG] [Fast Refresh] done in 20ms @ http://localhost:3000/_next/static/chunks/node_modules_next_dist_1e8vcs8._.js:776
[  291653ms] [LOG] [Fast Refresh] done in 20ms @ http://localhost:3000/_next/static/chunks/node_modules_next_dist_1e8vcs8._.js:776
[  291703ms] [LOG] [Fast Refresh] done in 20ms @ http://localhost:3000/_next/static/chunks/node_modules_next_dist_1e8vcs8._.js:776
[  291743ms] [LOG] [Fast Refresh] done in 20ms @ http://localhost:3000/_next/static/chunks/node_modules_next_dist_1e8vcs8._.js:776
[  291793ms] [LOG] [Fast Refresh] done in 20ms @ http://localhost:3000/_next/static/chunks/node_modules_next_dist_1e8vcs8._.js:776
[  291837ms] [LOG] [Fast Refresh] done in 20ms @ http://localhost:3000/_next/static/chunks/node_modules_next_dist_1e8vcs8._.js:776
[  291888ms] [LOG] [Fast Refresh] done in 20ms @ http://localhost:3000/_next/static/chunks/node_modules_next_dist_1e8vcs8._.js:776
[  291927ms] [LOG] [Fast Refresh] done in 20ms @ http://localhost:3000/_next/static/chunks/node_modules_next_dist_1e8vcs8._.js:776
[  291970ms] [LOG] [Fast Refresh] done in 20ms @ http://localhost:3000/_next/static/chunks/node_modules_next_dist_1e8vcs8._.js:776
[  292010ms] [LOG] [Fast Refresh] done in 20ms @ http://localhost:3000/_next/static/chunks/node_modules_next_dist_1e8vcs8._.js:776
[  292053ms] [LOG] [Fast Refresh] done in 20ms @ http://localhost:3000/_next/static/chunks/node_modules_next_dist_1e8vcs8._.js:776
[  292104ms] [LOG] [Fast Refresh] done in 20ms @ http://localhost:3000/_next/static/chunks/node_modules_next_dist_1e8vcs8._.js:776
[  292153ms] [LOG] [Fast Refresh] done in 20ms @ http://localhost:3000/_next/static/chunks/node_modules_next_dist_1e8vcs8._.js:776
[  292193ms] [LOG] [Fast Refresh] done in 20ms @ http://localhost:3000/_next/static/chunks/node_modules_next_dist_1e8vcs8._.js:776
[  292237ms] [LOG] [Fast Refresh] done in 20ms @ http://localhost:3000/_next/static/chunks/node_modules_next_dist_1e8vcs8._.js:776
[  292287ms] [LOG] [Fast Refresh] done in 20ms @ http://localhost:3000/_next/static/chunks/node_modules_next_dist_1e8vcs8._.js:776
[  292329ms] [LOG] [Fast Refresh] done in 20ms @ http://localhost:3000/_next/static/chunks/node_modules_next_dist_1e8vcs8._.js:776
[  292387ms] [LOG] [Fast Refresh] done in 20ms @ http://localhost:3000/_next/static/chunks/node_modules_next_dist_1e8vcs8._.js:776
[  292427ms] [LOG] [Fast Refresh] done in 20ms @ http://localhost:3000/_next/static/chunks/node_modules_next_dist_1e8vcs8._.js:776
[  292470ms] [LOG] [Fast Refresh] done in 20ms @ http://localhost:3000/_next/static/chunks/node_modules_next_dist_1e8vcs8._.js:776
[  292520ms] [LOG] [Fast Refresh] done in 20ms @ http://localhost:3000/_next/static/chunks/node_modules_next_dist_1e8vcs8._.js:776
[  292561ms] [LOG] [Fast Refresh] done in 20ms @ http://localhost:3000/_next/static/chunks/node_modules_next_dist_1e8vcs8._.js:776
[  292604ms] [LOG] [Fast Refresh] done in 20ms @ http://localhost:3000/_next/static/chunks/node_modules_next_dist_1e8vcs8._.js:776
[  292653ms] [LOG] [Fast Refresh] done in 20ms @ http://localhost:3000/_next/static/chunks/node_modules_next_dist_1e8vcs8._.js:776
[  292695ms] [LOG] [Fast Refresh] done in 20ms @ http://localhost:3000/_next/static/chunks/node_modules_next_dist_1e8vcs8._.js:776
[  292737ms] [LOG] [Fast Refresh] done in 20ms @ http://localhost:3000/_next/static/chunks/node_modules_next_dist_1e8vcs8._.js:776
[  292779ms] [LOG] [Fast Refresh] done in 20ms @ http://localhost:3000/_next/static/chunks/node_modules_next_dist_1e8vcs8._.js:776
[  292820ms] [LOG] [Fast Refresh] done in 20ms @ http://localhost:3000/_next/static/chunks/node_modules_next_dist_1e8vcs8._.js:776
[  292870ms] [LOG] [Fast Refresh] done in 20ms @ http://localhost:3000/_next/static/chunks/node_modules_next_dist_1e8vcs8._.js:776
[  292921ms] [LOG] [Fast Refresh] done in 20ms @ http://localhost:3000/_next/static/chunks/node_modules_next_dist_1e8vcs8._.js:776
[  292970ms] [LOG] [Fast Refresh] done in 20ms @ http://localhost:3000/_next/static/chunks/node_modules_next_dist_1e8vcs8._.js:776
[  293010ms] [LOG] [Fast Refresh] done in 20ms @ http://localhost:3000/_next/static/chunks/node_modules_next_dist_1e8vcs8._.js:776
[  293053ms] [LOG] [Fast Refresh] done in 20ms @ http://localhost:3000/_next/static/chunks/node_modules_next_dist_1e8vcs8._.js:776
[  293104ms] [LOG] [Fast Refresh] done in 20ms @ http://localhost:3000/_next/static/chunks/node_modules_next_dist_1e8vcs8._.js:776
[  293152ms] [LOG] [Fast Refresh] done in 20ms @ http://localhost:3000/_next/static/chunks/node_modules_next_dist_1e8vcs8._.js:776
[  293195ms] [LOG] [Fast Refresh] done in 20ms @ http://localhost:3000/_next/static/chunks/node_modules_next_dist_1e8vcs8._.js:776
[  293237ms] [LOG] [Fast Refresh] done in 20ms @ http://localhost:3000/_next/static/chunks/node_modules_next_dist_1e8vcs8._.js:776
[  293289ms] [LOG] [Fast Refresh] done in 20ms @ http://localhost:3000/_next/static/chunks/node_modules_next_dist_1e8vcs8._.js:776
[  293337ms] [LOG] [Fast Refresh] done in 20ms @ http://localhost:3000/_next/static/chunks/node_modules_next_dist_1e8vcs8._.js:776
[  293388ms] [LOG] [Fast Refresh] done in 20ms @ http://localhost:3000/_next/static/chunks/node_modules_next_dist_1e8vcs8._.js:776
[  293427ms] [LOG] [Fast Refresh] done in 20ms @ http://localhost:3000/_next/static/chunks/node_modules_next_dist_1e8vcs8._.js:776
[  293470ms] [LOG] [Fast Refresh] done in 20ms @ http://localhost:3000/_next/static/chunks/node_modules_next_dist_1e8vcs8._.js:776
[  293516ms] [LOG] [Fast Refresh] done in 20ms @ http://localhost:3000/_next/static/chunks/node_modules_next_dist_1e8vcs8._.js:776
[  293562ms] [LOG] [Fast Refresh] done in 20ms @ http://localhost:3000/_next/static/chunks/node_modules_next_dist_1e8vcs8._.js:776
[  293604ms] [LOG] [Fast Refresh] done in 20ms @ http://localhost:3000/_next/static/chunks/node_modules_next_dist_1e8vcs8._.js:776
[  293654ms] [LOG] [Fast Refresh] done in 20ms @ http://localhost:3000/_next/static/chunks/node_modules_next_dist_1e8vcs8._.js:776
[  293707ms] [LOG] [Fast Refresh] done in 20ms @ http://localhost:3000/_next/static/chunks/node_modules_next_dist_1e8vcs8._.js:776
[  293749ms] [LOG] [Fast Refresh] done in 20ms @ http://localhost:3000/_next/static/chunks/node_modules_next_dist_1e8vcs8._.js:776
[  293789ms] [LOG] [Fast Refresh] done in 20ms @ http://localhost:3000/_next/static/chunks/node_modules_next_dist_1e8vcs8._.js:776
[  293842ms] [LOG] [Fast Refresh] done in 20ms @ http://localhost:3000/_next/static/chunks/node_modules_next_dist_1e8vcs8._.js:776
[  293894ms] [LOG] [Fast Refresh] done in 20ms @ http://localhost:3000/_next/static/chunks/node_modules_next_dist_1e8vcs8._.js:776
[  293936ms] [LOG] [Fast Refresh] done in 20ms @ http://localhost:3000/_next/static/chunks/node_modules_next_dist_1e8vcs8._.js:776
[  293987ms] [LOG] [Fast Refresh] done in 20ms @ http://localhost:3000/_next/static/chunks/node_modules_next_dist_1e8vcs8._.js:776
[  294038ms] [LOG] [Fast Refresh] done in 20ms @ http://localhost:3000/_next/static/chunks/node_modules_next_dist_1e8vcs8._.js:776
[  294081ms] [LOG] [Fast Refresh] done in 20ms @ http://localhost:3000/_next/static/chunks/node_modules_next_dist_1e8vcs8._.js:776
[  294127ms] [LOG] [Fast Refresh] done in 20ms @ http://localhost:3000/_next/static/chunks/node_modules_next_dist_1e8vcs8._.js:776
[  294177ms] [LOG] [Fast Refresh] done in 20ms @ http://localhost:3000/_next/static/chunks/node_modules_next_dist_1e8vcs8._.js:776
[  294221ms] [LOG] [Fast Refresh] done in 20ms @ http://localhost:3000/_next/static/chunks/node_modules_next_dist_1e8vcs8._.js:776
[  294264ms] [LOG] [Fast Refresh] done in 20ms @ http://localhost:3000/_next/static/chunks/node_modules_next_dist_1e8vcs8._.js:776
[  294310ms] [LOG] [Fast Refresh] done in 20ms @ http://localhost:3000/_next/static/chunks/node_modules_next_dist_1e8vcs8._.js:776
[  294354ms] [LOG] [Fast Refresh] done in 20ms @ http://localhost:3000/_next/static/chunks/node_modules_next_dist_1e8vcs8._.js:776
[  294393ms] [LOG] [Fast Refresh] done in 20ms @ http://localhost:3000/_next/static/chunks/node_modules_next_dist_1e8vcs8._.js:776
[  294437ms] [LOG] [Fast Refresh] done in 20ms @ http://localhost:3000/_next/static/chunks/node_modules_next_dist_1e8vcs8._.js:776
[  294487ms] [LOG] [Fast Refresh] done in 20ms @ http://localhost:3000/_next/static/chunks/node_modules_next_dist_1e8vcs8._.js:776
[  294537ms] [LOG] [Fast Refresh] done in 20ms @ http://localhost:3000/_next/static/chunks/node_modules_next_dist_1e8vcs8._.js:776
[  294582ms] [LOG] [Fast Refresh] done in 20ms @ http://localhost:3000/_next/static/chunks/node_modules_next_dist_1e8vcs8._.js:776
[  294627ms] [LOG] [Fast Refresh] done in 20ms @ http://localhost:3000/_next/static/chunks/node_modules_next_dist_1e8vcs8._.js:776
[  294677ms] [LOG] [Fast Refresh] done in 20ms @ http://localhost:3000/_next/static/chunks/node_modules_next_dist_1e8vcs8._.js:776
[  294727ms] [LOG] [Fast Refresh] done in 20ms @ http://localhost:3000/_next/static/chunks/node_modules_next_dist_1e8vcs8._.js:776
[  294770ms] [LOG] [Fast Refresh] done in 20ms @ http://localhost:3000/_next/static/chunks/node_modules_next_dist_1e8vcs8._.js:776
[  294814ms] [LOG] [Fast Refresh] done in 20ms @ http://localhost:3000/_next/static/chunks/node_modules_next_dist_1e8vcs8._.js:776
[  294859ms] [LOG] [Fast Refresh] done in 20ms @ http://localhost:3000/_next/static/chunks/node_modules_next_dist_1e8vcs8._.js:776
[  294903ms] [LOG] [Fast Refresh] done in 20ms @ http://localhost:3000/_next/static/chunks/node_modules_next_dist_1e8vcs8._.js:776
[  294943ms] [LOG] [Fast Refresh] done in 20ms @ http://localhost:3000/_next/static/chunks/node_modules_next_dist_1e8vcs8._.js:776
[  294986ms] [LOG] [Fast Refresh] done in 20ms @ http://localhost:3000/_next/static/chunks/node_modules_next_dist_1e8vcs8._.js:776
[  295031ms] [LOG] [Fast Refresh] done in 20ms @ http://localhost:3000/_next/static/chunks/node_modules_next_dist_1e8vcs8._.js:776
[  295077ms] [LOG] [Fast Refresh] done in 20ms @ http://localhost:3000/_next/static/chunks/node_modules_next_dist_1e8vcs8._.js:776
[  295119ms] [LOG] [Fast Refresh] done in 20ms @ http://localhost:3000/_next/static/chunks/node_modules_next_dist_1e8vcs8._.js:776
[  295170ms] [LOG] [Fast Refresh] done in 20ms @ http://localhost:3000/_next/static/chunks/node_modules_next_dist_1e8vcs8._.js:776
[  295220ms] [LOG] [Fast Refresh] done in 20ms @ http://localhost:3000/_next/static/chunks/node_modules_next_dist_1e8vcs8._.js:776
[  295270ms] [LOG] [Fast Refresh] done in 20ms @ http://localhost:3000/_next/static/chunks/node_modules_next_dist_1e8vcs8._.js:776
[  295315ms] [LOG] [Fast Refresh] done in 20ms @ http://localhost:3000/_next/static/chunks/node_modules_next_dist_1e8vcs8._.js:776
[  295361ms] [LOG] [Fast Refresh] done in 20ms @ http://localhost:3000/_next/static/chunks/node_modules_next_dist_1e8vcs8._.js:776
[  295404ms] [LOG] [Fast Refresh] done in 20ms @ http://localhost:3000/_next/static/chunks/node_modules_next_dist_1e8vcs8._.js:776
[  295452ms] [LOG] [Fast Refresh] done in 20ms @ http://localhost:3000/_next/static/chunks/node_modules_next_dist_1e8vcs8._.js:776
[  295495ms] [LOG] [Fast Refresh] done in 20ms @ http://localhost:3000/_next/static/chunks/node_modules_next_dist_1e8vcs8._.js:776
[  295537ms] [LOG] [Fast Refresh] done in 20ms @ http://localhost:3000/_next/static/chunks/node_modules_next_dist_1e8vcs8._.js:776
[  295587ms] [LOG] [Fast Refresh] done in 20ms @ http://localhost:3000/_next/static/chunks/node_modules_next_dist_1e8vcs8._.js:776
[  295628ms] [LOG] [Fast Refresh] done in 20ms @ http://localhost:3000/_next/static/chunks/node_modules_next_dist_1e8vcs8._.js:776
[  295674ms] [LOG] [Fast Refresh] done in 20ms @ http://localhost:3000/_next/static/chunks/node_modules_next_dist_1e8vcs8._.js:776
[  295727ms] [LOG] [Fast Refresh] done in 20ms @ http://localhost:3000/_next/static/chunks/node_modules_next_dist_1e8vcs8._.js:776
[  295770ms] [LOG] [Fast Refresh] done in 20ms @ http://localhost:3000/_next/static/chunks/node_modules_next_dist_1e8vcs8._.js:776
[  295811ms] [LOG] [Fast Refresh] done in 20ms @ http://localhost:3000/_next/static/chunks/node_modules_next_dist_1e8vcs8._.js:776
[  295854ms] [LOG] [Fast Refresh] done in 20ms @ http://localhost:3000/_next/static/chunks/node_modules_next_dist_1e8vcs8._.js:776
[  295903ms] [LOG] [Fast Refresh] done in 20ms @ http://localhost:3000/_next/static/chunks/node_modules_next_dist_1e8vcs8._.js:776
[  295944ms] [LOG] [Fast Refresh] done in 20ms @ http://localhost:3000/_next/static/chunks/node_modules_next_dist_1e8vcs8._.js:776
[  295987ms] [LOG] [Fast Refresh] done in 20ms @ http://localhost:3000/_next/static/chunks/node_modules_next_dist_1e8vcs8._.js:776
[  296027ms] [LOG] [Fast Refresh] done in 20ms @ http://localhost:3000/_next/static/chunks/node_modules_next_dist_1e8vcs8._.js:776
[  296070ms] [LOG] [Fast Refresh] done in 20ms @ http://localhost:3000/_next/static/chunks/node_modules_next_dist_1e8vcs8._.js:776
[  296112ms] [LOG] [Fast Refresh] done in 20ms @ http://localhost:3000/_next/static/chunks/node_modules_next_dist_1e8vcs8._.js:776
[  296154ms] [LOG] [Fast Refresh] done in 20ms @ http://localhost:3000/_next/static/chunks/node_modules_next_dist_1e8vcs8._.js:776
[  296204ms] [LOG] [Fast Refresh] done in 20ms @ http://localhost:3000/_next/static/chunks/node_modules_next_dist_1e8vcs8._.js:776
[  296245ms] [LOG] [Fast Refresh] done in 20ms @ http://localhost:3000/_next/static/chunks/node_modules_next_dist_1e8vcs8._.js:776
[  296295ms] [LOG] [Fast Refresh] done in 20ms @ http://localhost:3000/_next/static/chunks/node_modules_next_dist_1e8vcs8._.js:776
[  296337ms] [LOG] [Fast Refresh] done in 20ms @ http://localhost:3000/_next/static/chunks/node_modules_next_dist_1e8vcs8._.js:776
[  296380ms] [LOG] [Fast Refresh] done in 20ms @ http://localhost:3000/_next/static/chunks/node_modules_next_dist_1e8vcs8._.js:776
[  296420ms] [LOG] [Fast Refresh] done in 20ms @ http://localhost:3000/_next/static/chunks/node_modules_next_dist_1e8vcs8._.js:776
[  296460ms] [LOG] [Fast Refresh] done in 20ms @ http://localhost:3000/_next/static/chunks/node_modules_next_dist_1e8vcs8._.js:776
[  296504ms] [LOG] [Fast Refresh] done in 20ms @ http://localhost:3000/_next/static/chunks/node_modules_next_dist_1e8vcs8._.js:776
[  296543ms] [LOG] [Fast Refresh] done in 20ms @ http://localhost:3000/_next/static/chunks/node_modules_next_dist_1e8vcs8._.js:776
[  296589ms] [LOG] [Fast Refresh] done in 20ms @ http://localhost:3000/_next/static/chunks/node_modules_next_dist_1e8vcs8._.js:776
[  296637ms] [LOG] [Fast Refresh] done in 20ms @ http://localhost:3000/_next/static/chunks/node_modules_next_dist_1e8vcs8._.js:776
[  296678ms] [LOG] [Fast Refresh] done in 20ms @ http://localhost:3000/_next/static/chunks/node_modules_next_dist_1e8vcs8._.js:776
[  296720ms] [LOG] [Fast Refresh] done in 20ms @ http://localhost:3000/_next/static/chunks/node_modules_next_dist_1e8vcs8._.js:776
[  296777ms] [LOG] [Fast Refresh] done in 20ms @ http://localhost:3000/_next/static/chunks/node_modules_next_dist_1e8vcs8._.js:776
[  296819ms] [LOG] [Fast Refresh] done in 20ms @ http://localhost:3000/_next/static/chunks/node_modules_next_dist_1e8vcs8._.js:776
[  296861ms] [LOG] [Fast Refresh] done in 20ms @ http://localhost:3000/_next/static/chunks/node_modules_next_dist_1e8vcs8._.js:776
[  296903ms] [LOG] [Fast Refresh] done in 20ms @ http://localhost:3000/_next/static/chunks/node_modules_next_dist_1e8vcs8._.js:776
[  296943ms] [LOG] [Fast Refresh] done in 20ms @ http://localhost:3000/_next/static/chunks/node_modules_next_dist_1e8vcs8._.js:776
[  296986ms] [LOG] [Fast Refresh] done in 20ms @ http://localhost:3000/_next/static/chunks/node_modules_next_dist_1e8vcs8._.js:776
[  297037ms] [LOG] [Fast Refresh] done in 20ms @ http://localhost:3000/_next/static/chunks/node_modules_next_dist_1e8vcs8._.js:776
[  297087ms] [LOG] [Fast Refresh] done in 20ms @ http://localhost:3000/_next/static/chunks/node_modules_next_dist_1e8vcs8._.js:776
[  297137ms] [LOG] [Fast Refresh] done in 20ms @ http://localhost:3000/_next/static/chunks/node_modules_next_dist_1e8vcs8._.js:776
[  297180ms] [LOG] [Fast Refresh] done in 20ms @ http://localhost:3000/_next/static/chunks/node_modules_next_dist_1e8vcs8._.js:776
[  297243ms] [LOG] [Fast Refresh] done in 20ms @ http://localhost:3000/_next/static/chunks/node_modules_next_dist_1e8vcs8._.js:776
[  297293ms] [LOG] [Fast Refresh] done in 20ms @ http://localhost:3000/_next/static/chunks/node_modules_next_dist_1e8vcs8._.js:776
[  297338ms] [LOG] [Fast Refresh] done in 20ms @ http://localhost:3000/_next/static/chunks/node_modules_next_dist_1e8vcs8._.js:776
[  297387ms] [LOG] [Fast Refresh] done in 20ms @ http://localhost:3000/_next/static/chunks/node_modules_next_dist_1e8vcs8._.js:776
[  297437ms] [LOG] [Fast Refresh] done in 20ms @ http://localhost:3000/_next/static/chunks/node_modules_next_dist_1e8vcs8._.js:776
[  297477ms] [LOG] [Fast Refresh] done in 20ms @ http://localhost:3000/_next/static/chunks/node_modules_next_dist_1e8vcs8._.js:776
[  297520ms] [LOG] [Fast Refresh] done in 20ms @ http://localhost:3000/_next/static/chunks/node_modules_next_dist_1e8vcs8._.js:776
[  297570ms] [LOG] [Fast Refresh] done in 20ms @ http://localhost:3000/_next/static/chunks/node_modules_next_dist_1e8vcs8._.js:776
[  297612ms] [LOG] [Fast Refresh] done in 20ms @ http://localhost:3000/_next/static/chunks/node_modules_next_dist_1e8vcs8._.js:776
[  297654ms] [LOG] [Fast Refresh] done in 20ms @ http://localhost:3000/_next/static/chunks/node_modules_next_dist_1e8vcs8._.js:776
[  297700ms] [LOG] [Fast Refresh] done in 20ms @ http://localhost:3000/_next/static/chunks/node_modules_next_dist_1e8vcs8._.js:776
[  297744ms] [LOG] [Fast Refresh] done in 20ms @ http://localhost:3000/_next/static/chunks/node_modules_next_dist_1e8vcs8._.js:776
[  297791ms] [LOG] [Fast Refresh] done in 20ms @ http://localhost:3000/_next/static/chunks/node_modules_next_dist_1e8vcs8._.js:776
[  297854ms] [LOG] [Fast Refresh] done in 20ms @ http://localhost:3000/_next/static/chunks/node_modules_next_dist_1e8vcs8._.js:776
[  297901ms] [LOG] [Fast Refresh] done in 20ms @ http://localhost:3000/_next/static/chunks/node_modules_next_dist_1e8vcs8._.js:776
[  297943ms] [LOG] [Fast Refresh] done in 20ms @ http://localhost:3000/_next/static/chunks/node_modules_next_dist_1e8vcs8._.js:776
[  297987ms] [LOG] [Fast Refresh] done in 20ms @ http://localhost:3000/_next/static/chunks/node_modules_next_dist_1e8vcs8._.js:776
[  298027ms] [LOG] [Fast Refresh] done in 20ms @ http://localhost:3000/_next/static/chunks/node_modules_next_dist_1e8vcs8._.js:776
[  298077ms] [LOG] [Fast Refresh] done in 20ms @ http://localhost:3000/_next/static/chunks/node_modules_next_dist_1e8vcs8._.js:776
[  298131ms] [LOG] [Fast Refresh] done in 20ms @ http://localhost:3000/_next/static/chunks/node_modules_next_dist_1e8vcs8._.js:776
[  298182ms] [LOG] [Fast Refresh] done in 20ms @ http://localhost:3000/_next/static/chunks/node_modules_next_dist_1e8vcs8._.js:776
[  298231ms] [LOG] [Fast Refresh] done in 20ms @ http://localhost:3000/_next/static/chunks/node_modules_next_dist_1e8vcs8._.js:776
[  298271ms] [LOG] [Fast Refresh] done in 20ms @ http://localhost:3000/_next/static/chunks/node_modules_next_dist_1e8vcs8._.js:776
[  298320ms] [LOG] [Fast Refresh] done in 20ms @ http://localhost:3000/_next/static/chunks/node_modules_next_dist_1e8vcs8._.js:776
[  298372ms] [LOG] [Fast Refresh] done in 20ms @ http://localhost:3000/_next/static/chunks/node_modules_next_dist_1e8vcs8._.js:776
[  298420ms] [LOG] [Fast Refresh] done in 20ms @ http://localhost:3000/_next/static/chunks/node_modules_next_dist_1e8vcs8._.js:776
[  298467ms] [LOG] [Fast Refresh] done in 20ms @ http://localhost:3000/_next/static/chunks/node_modules_next_dist_1e8vcs8._.js:776
[  298510ms] [LOG] [Fast Refresh] done in 20ms @ http://localhost:3000/_next/static/chunks/node_modules_next_dist_1e8vcs8._.js:776
[  298560ms] [LOG] [Fast Refresh] done in 20ms @ http://localhost:3000/_next/static/chunks/node_modules_next_dist_1e8vcs8._.js:776
[  298610ms] [LOG] [Fast Refresh] done in 20ms @ http://localhost:3000/_next/static/chunks/node_modules_next_dist_1e8vcs8._.js:776
[  298661ms] [LOG] [Fast Refresh] done in 20ms @ http://localhost:3000/_next/static/chunks/node_modules_next_dist_1e8vcs8._.js:776
[  298703ms] [LOG] [Fast Refresh] done in 20ms @ http://localhost:3000/_next/static/chunks/node_modules_next_dist_1e8vcs8._.js:776
[  298746ms] [LOG] [Fast Refresh] done in 20ms @ http://localhost:3000/_next/static/chunks/node_modules_next_dist_1e8vcs8._.js:776
[  298787ms] [LOG] [Fast Refresh] done in 20ms @ http://localhost:3000/_next/static/chunks/node_modules_next_dist_1e8vcs8._.js:776
[  298840ms] [LOG] [Fast Refresh] done in 20ms @ http://localhost:3000/_next/static/chunks/node_modules_next_dist_1e8vcs8._.js:776
[  298887ms] [LOG] [Fast Refresh] done in 20ms @ http://localhost:3000/_next/static/chunks/node_modules_next_dist_1e8vcs8._.js:776
[  298937ms] [LOG] [Fast Refresh] done in 20ms @ http://localhost:3000/_next/static/chunks/node_modules_next_dist_1e8vcs8._.js:776
[  298986ms] [LOG] [Fast Refresh] done in 20ms @ http://localhost:3000/_next/static/chunks/node_modules_next_dist_1e8vcs8._.js:776
[  299037ms] [LOG] [Fast Refresh] done in 20ms @ http://localhost:3000/_next/static/chunks/node_modules_next_dist_1e8vcs8._.js:776
[  299077ms] [LOG] [Fast Refresh] done in 20ms @ http://localhost:3000/_next/static/chunks/node_modules_next_dist_1e8vcs8._.js:776
[  299127ms] [LOG] [Fast Refresh] done in 20ms @ http://localhost:3000/_next/static/chunks/node_modules_next_dist_1e8vcs8._.js:776
[  299177ms] [LOG] [Fast Refresh] done in 20ms @ http://localhost:3000/_next/static/chunks/node_modules_next_dist_1e8vcs8._.js:776
[  299220ms] [LOG] [Fast Refresh] done in 20ms @ http://localhost:3000/_next/static/chunks/node_modules_next_dist_1e8vcs8._.js:776
[  299262ms] [LOG] [Fast Refresh] done in 20ms @ http://localhost:3000/_next/static/chunks/node_modules_next_dist_1e8vcs8._.js:776
[  299305ms] [LOG] [Fast Refresh] done in 20ms @ http://localhost:3000/_next/static/chunks/node_modules_next_dist_1e8vcs8._.js:776
[  299345ms] [LOG] [Fast Refresh] done in 20ms @ http://localhost:3000/_next/static/chunks/node_modules_next_dist_1e8vcs8._.js:776
[  299388ms] [LOG] [Fast Refresh] done in 20ms @ http://localhost:3000/_next/static/chunks/node_modules_next_dist_1e8vcs8._.js:776
[  299437ms] [LOG] [Fast Refresh] done in 20ms @ http://localhost:3000/_next/static/chunks/node_modules_next_dist_1e8vcs8._.js:776
[  299478ms] [LOG] [Fast Refresh] done in 20ms @ http://localhost:3000/_next/static/chunks/node_modules_next_dist_1e8vcs8._.js:776
[  299519ms] [LOG] [Fast Refresh] done in 20ms @ http://localhost:3000/_next/static/chunks/node_modules_next_dist_1e8vcs8._.js:776
[  299566ms] [LOG] [Fast Refresh] done in 20ms @ http://localhost:3000/_next/static/chunks/node_modules_next_dist_1e8vcs8._.js:776
[  299610ms] [LOG] [Fast Refresh] done in 20ms @ http://localhost:3000/_next/static/chunks/node_modules_next_dist_1e8vcs8._.js:776
[  299653ms] [LOG] [Fast Refresh] done in 20ms @ http://localhost:3000/_next/static/chunks/node_modules_next_dist_1e8vcs8._.js:776
[  299695ms] [LOG] [Fast Refresh] done in 20ms @ http://localhost:3000/_next/static/chunks/node_modules_next_dist_1e8vcs8._.js:776
[  299737ms] [LOG] [Fast Refresh] done in 20ms @ http://localhost:3000/_next/static/chunks/node_modules_next_dist_1e8vcs8._.js:776
[  299787ms] [LOG] [Fast Refresh] done in 20ms @ http://localhost:3000/_next/static/chunks/node_modules_next_dist_1e8vcs8._.js:776
[  299836ms] [LOG] [Fast Refresh] done in 20ms @ http://localhost:3000/_next/static/chunks/node_modules_next_dist_1e8vcs8._.js:776
[  299877ms] [LOG] [Fast Refresh] done in 20ms @ http://localhost:3000/_next/static/chunks/node_modules_next_dist_1e8vcs8._.js:776
[  299920ms] [LOG] [Fast Refresh] done in 20ms @ http://localhost:3000/_next/static/chunks/node_modules_next_dist_1e8vcs8._.js:776
[  299961ms] [LOG] [Fast Refresh] done in 20ms @ http://localhost:3000/_next/static/chunks/node_modules_next_dist_1e8vcs8._.js:776
[  300005ms] [LOG] [Fast Refresh] done in 20ms @ http://localhost:3000/_next/static/chunks/node_modules_next_dist_1e8vcs8._.js:776
[  300050ms] [LOG] [Fast Refresh] done in 20ms @ http://localhost:3000/_next/static/chunks/node_modules_next_dist_1e8vcs8._.js:776
[  300106ms] [LOG] [Fast Refresh] done in 20ms @ http://localhost:3000/_next/static/chunks/node_modules_next_dist_1e8vcs8._.js:776
[  300159ms] [LOG] [Fast Refresh] done in 20ms @ http://localhost:3000/_next/static/chunks/node_modules_next_dist_1e8vcs8._.js:776
[  300203ms] [LOG] [Fast Refresh] done in 20ms @ http://localhost:3000/_next/static/chunks/node_modules_next_dist_1e8vcs8._.js:776
[  300250ms] [LOG] [Fast Refresh] done in 20ms @ http://localhost:3000/_next/static/chunks/node_modules_next_dist_1e8vcs8._.js:776
[  300311ms] [LOG] [Fast Refresh] done in 20ms @ http://localhost:3000/_next/static/chunks/node_modules_next_dist_1e8vcs8._.js:776
[  300356ms] [LOG] [Fast Refresh] done in 20ms @ http://localhost:3000/_next/static/chunks/node_modules_next_dist_1e8vcs8._.js:776
[  300403ms] [LOG] [Fast Refresh] done in 20ms @ http://localhost:3000/_next/static/chunks/node_modules_next_dist_1e8vcs8._.js:776
[  300453ms] [LOG] [Fast Refresh] done in 20ms @ http://localhost:3000/_next/static/chunks/node_modules_next_dist_1e8vcs8._.js:776
[  300496ms] [LOG] [Fast Refresh] done in 20ms @ http://localhost:3000/_next/static/chunks/node_modules_next_dist_1e8vcs8._.js:776
[  300547ms] [LOG] [Fast Refresh] done in 20ms @ http://localhost:3000/_next/static/chunks/node_modules_next_dist_1e8vcs8._.js:776
[  300600ms] [LOG] [Fast Refresh] done in 20ms @ http://localhost:3000/_next/static/chunks/node_modules_next_dist_1e8vcs8._.js:776
[  300662ms] [LOG] [Fast Refresh] done in 20ms @ http://localhost:3000/_next/static/chunks/node_modules_next_dist_1e8vcs8._.js:776
[  300724ms] [LOG] [Fast Refresh] done in 20ms @ http://localhost:3000/_next/static/chunks/node_modules_next_dist_1e8vcs8._.js:776
[  300776ms] [LOG] [Fast Refresh] done in 20ms @ http://localhost:3000/_next/static/chunks/node_modules_next_dist_1e8vcs8._.js:776
[  300819ms] [LOG] [Fast Refresh] done in 20ms @ http://localhost:3000/_next/static/chunks/node_modules_next_dist_1e8vcs8._.js:776
[  300860ms] [LOG] [Fast Refresh] done in 20ms @ http://localhost:3000/_next/static/chunks/node_modules_next_dist_1e8vcs8._.js:776
[  300916ms] [LOG] [Fast Refresh] done in 20ms @ http://localhost:3000/_next/static/chunks/node_modules_next_dist_1e8vcs8._.js:776
[  300961ms] [LOG] [Fast Refresh] done in 20ms @ http://localhost:3000/_next/static/chunks/node_modules_next_dist_1e8vcs8._.js:776
[  301011ms] [LOG] [Fast Refresh] done in 20ms @ http://localhost:3000/_next/static/chunks/node_modules_next_dist_1e8vcs8._.js:776
[  301054ms] [LOG] [Fast Refresh] done in 20ms @ http://localhost:3000/_next/static/chunks/node_modules_next_dist_1e8vcs8._.js:776
[  301094ms] [LOG] [Fast Refresh] done in 20ms @ http://localhost:3000/_next/static/chunks/node_modules_next_dist_1e8vcs8._.js:776
[  301137ms] [LOG] [Fast Refresh] done in 20ms @ http://localhost:3000/_next/static/chunks/node_modules_next_dist_1e8vcs8._.js:776
[  301187ms] [LOG] [Fast Refresh] done in 20ms @ http://localhost:3000/_next/static/chunks/node_modules_next_dist_1e8vcs8._.js:776
[  301237ms] [LOG] [Fast Refresh] done in 20ms @ http://localhost:3000/_next/static/chunks/node_modules_next_dist_1e8vcs8._.js:776
[  301277ms] [LOG] [Fast Refresh] done in 20ms @ http://localhost:3000/_next/static/chunks/node_modules_next_dist_1e8vcs8._.js:776
[  301320ms] [LOG] [Fast Refresh] done in 20ms @ http://localhost:3000/_next/static/chunks/node_modules_next_dist_1e8vcs8._.js:776
[  301370ms] [LOG] [Fast Refresh] done in 20ms @ http://localhost:3000/_next/static/chunks/node_modules_next_dist_1e8vcs8._.js:776
[  301420ms] [LOG] [Fast Refresh] done in 20ms @ http://localhost:3000/_next/static/chunks/node_modules_next_dist_1e8vcs8._.js:776
[  301461ms] [LOG] [Fast Refresh] done in 20ms @ http://localhost:3000/_next/static/chunks/node_modules_next_dist_1e8vcs8._.js:776
[  301504ms] [LOG] [Fast Refresh] done in 20ms @ http://localhost:3000/_next/static/chunks/node_modules_next_dist_1e8vcs8._.js:776
[  301544ms] [LOG] [Fast Refresh] done in 20ms @ http://localhost:3000/_next/static/chunks/node_modules_next_dist_1e8vcs8._.js:776
[  301587ms] [LOG] [Fast Refresh] done in 20ms @ http://localhost:3000/_next/static/chunks/node_modules_next_dist_1e8vcs8._.js:776
[  301637ms] [LOG] [Fast Refresh] done in 20ms @ http://localhost:3000/_next/static/chunks/node_modules_next_dist_1e8vcs8._.js:776
[  301677ms] [LOG] [Fast Refresh] done in 20ms @ http://localhost:3000/_next/static/chunks/node_modules_next_dist_1e8vcs8._.js:776
[  301720ms] [LOG] [Fast Refresh] done in 20ms @ http://localhost:3000/_next/static/chunks/node_modules_next_dist_1e8vcs8._.js:776
[  301770ms] [LOG] [Fast Refresh] done in 20ms @ http://localhost:3000/_next/static/chunks/node_modules_next_dist_1e8vcs8._.js:776
[  301811ms] [LOG] [Fast Refresh] done in 20ms @ http://localhost:3000/_next/static/chunks/node_modules_next_dist_1e8vcs8._.js:776
[  301855ms] [LOG] [Fast Refresh] done in 20ms @ http://localhost:3000/_next/static/chunks/node_modules_next_dist_1e8vcs8._.js:776
[  301894ms] [LOG] [Fast Refresh] done in 20ms @ http://localhost:3000/_next/static/chunks/node_modules_next_dist_1e8vcs8._.js:776
[  301938ms] [LOG] [Fast Refresh] done in 20ms @ http://localhost:3000/_next/static/chunks/node_modules_next_dist_1e8vcs8._.js:776
[  301978ms] [LOG] [Fast Refresh] done in 20ms @ http://localhost:3000/_next/static/chunks/node_modules_next_dist_1e8vcs8._.js:776
[  302028ms] [LOG] [Fast Refresh] done in 20ms @ http://localhost:3000/_next/static/chunks/node_modules_next_dist_1e8vcs8._.js:776
[  302071ms] [LOG] [Fast Refresh] done in 20ms @ http://localhost:3000/_next/static/chunks/node_modules_next_dist_1e8vcs8._.js:776
[  302111ms] [LOG] [Fast Refresh] done in 20ms @ http://localhost:3000/_next/static/chunks/node_modules_next_dist_1e8vcs8._.js:776
[  302153ms] [LOG] [Fast Refresh] done in 20ms @ http://localhost:3000/_next/static/chunks/node_modules_next_dist_1e8vcs8._.js:776
[  302194ms] [LOG] [Fast Refresh] done in 20ms @ http://localhost:3000/_next/static/chunks/node_modules_next_dist_1e8vcs8._.js:776
[  302237ms] [LOG] [Fast Refresh] done in 20ms @ http://localhost:3000/_next/static/chunks/node_modules_next_dist_1e8vcs8._.js:776
[  302277ms] [LOG] [Fast Refresh] done in 20ms @ http://localhost:3000/_next/static/chunks/node_modules_next_dist_1e8vcs8._.js:776
[  302320ms] [LOG] [Fast Refresh] done in 20ms @ http://localhost:3000/_next/static/chunks/node_modules_next_dist_1e8vcs8._.js:776
[  302374ms] [LOG] [Fast Refresh] done in 20ms @ http://localhost:3000/_next/static/chunks/node_modules_next_dist_1e8vcs8._.js:776
[  302420ms] [LOG] [Fast Refresh] done in 20ms @ http://localhost:3000/_next/static/chunks/node_modules_next_dist_1e8vcs8._.js:776
[  302471ms] [LOG] [Fast Refresh] done in 20ms @ http://localhost:3000/_next/static/chunks/node_modules_next_dist_1e8vcs8._.js:776
[  302511ms] [LOG] [Fast Refresh] done in 20ms @ http://localhost:3000/_next/static/chunks/node_modules_next_dist_1e8vcs8._.js:776
[  302554ms] [LOG] [Fast Refresh] done in 20ms @ http://localhost:3000/_next/static/chunks/node_modules_next_dist_1e8vcs8._.js:776
[  302603ms] [LOG] [Fast Refresh] done in 20ms @ http://localhost:3000/_next/static/chunks/node_modules_next_dist_1e8vcs8._.js:776
[  302651ms] [LOG] [Fast Refresh] done in 20ms @ http://localhost:3000/_next/static/chunks/node_modules_next_dist_1e8vcs8._.js:776
[  302701ms] [LOG] [Fast Refresh] done in 20ms @ http://localhost:3000/_next/static/chunks/node_modules_next_dist_1e8vcs8._.js:776
[  302754ms] [LOG] [Fast Refresh] done in 20ms @ http://localhost:3000/_next/static/chunks/node_modules_next_dist_1e8vcs8._.js:776
[  302794ms] [LOG] [Fast Refresh] done in 20ms @ http://localhost:3000/_next/static/chunks/node_modules_next_dist_1e8vcs8._.js:776
[  302837ms] [LOG] [Fast Refresh] done in 20ms @ http://localhost:3000/_next/static/chunks/node_modules_next_dist_1e8vcs8._.js:776
[  302886ms] [LOG] [Fast Refresh] done in 20ms @ http://localhost:3000/_next/static/chunks/node_modules_next_dist_1e8vcs8._.js:776
[  302927ms] [LOG] [Fast Refresh] done in 20ms @ http://localhost:3000/_next/static/chunks/node_modules_next_dist_1e8vcs8._.js:776
[  302970ms] [LOG] [Fast Refresh] done in 20ms @ http://localhost:3000/_next/static/chunks/node_modules_next_dist_1e8vcs8._.js:776
[  303011ms] [LOG] [Fast Refresh] done in 20ms @ http://localhost:3000/_next/static/chunks/node_modules_next_dist_1e8vcs8._.js:776
[  303054ms] [LOG] [Fast Refresh] done in 20ms @ http://localhost:3000/_next/static/chunks/node_modules_next_dist_1e8vcs8._.js:776
[  303094ms] [LOG] [Fast Refresh] done in 20ms @ http://localhost:3000/_next/static/chunks/node_modules_next_dist_1e8vcs8._.js:776
[  303137ms] [LOG] [Fast Refresh] done in 20ms @ http://localhost:3000/_next/static/chunks/node_modules_next_dist_1e8vcs8._.js:776
[  303177ms] [LOG] [Fast Refresh] done in 20ms @ http://localhost:3000/_next/static/chunks/node_modules_next_dist_1e8vcs8._.js:776
[  303222ms] [LOG] [Fast Refresh] done in 20ms @ http://localhost:3000/_next/static/chunks/node_modules_next_dist_1e8vcs8._.js:776
[  303269ms] [LOG] [Fast Refresh] done in 20ms @ http://localhost:3000/_next/static/chunks/node_modules_next_dist_1e8vcs8._.js:776
[  303310ms] [LOG] [Fast Refresh] done in 20ms @ http://localhost:3000/_next/static/chunks/node_modules_next_dist_1e8vcs8._.js:776
[  303354ms] [LOG] [Fast Refresh] done in 20ms @ http://localhost:3000/_next/static/chunks/node_modules_next_dist_1e8vcs8._.js:776
[  303404ms] [LOG] [Fast Refresh] done in 20ms @ http://localhost:3000/_next/static/chunks/node_modules_next_dist_1e8vcs8._.js:776
[  303444ms] [LOG] [Fast Refresh] done in 20ms @ http://localhost:3000/_next/static/chunks/node_modules_next_dist_1e8vcs8._.js:776
[  303487ms] [LOG] [Fast Refresh] done in 20ms @ http://localhost:3000/_next/static/chunks/node_modules_next_dist_1e8vcs8._.js:776
[  303527ms] [LOG] [Fast Refresh] done in 20ms @ http://localhost:3000/_next/static/chunks/node_modules_next_dist_1e8vcs8._.js:776
[  303570ms] [LOG] [Fast Refresh] done in 20ms @ http://localhost:3000/_next/static/chunks/node_modules_next_dist_1e8vcs8._.js:776
[  303621ms] [LOG] [Fast Refresh] done in 20ms @ http://localhost:3000/_next/static/chunks/node_modules_next_dist_1e8vcs8._.js:776
[  303661ms] [LOG] [Fast Refresh] done in 20ms @ http://localhost:3000/_next/static/chunks/node_modules_next_dist_1e8vcs8._.js:776
[  303703ms] [LOG] [Fast Refresh] done in 20ms @ http://localhost:3000/_next/static/chunks/node_modules_next_dist_1e8vcs8._.js:776
[  303754ms] [LOG] [Fast Refresh] done in 20ms @ http://localhost:3000/_next/static/chunks/node_modules_next_dist_1e8vcs8._.js:776
[  303794ms] [LOG] [Fast Refresh] done in 20ms @ http://localhost:3000/_next/static/chunks/node_modules_next_dist_1e8vcs8._.js:776
[  303837ms] [LOG] [Fast Refresh] done in 20ms @ http://localhost:3000/_next/static/chunks/node_modules_next_dist_1e8vcs8._.js:776
[  303886ms] [LOG] [Fast Refresh] done in 20ms @ http://localhost:3000/_next/static/chunks/node_modules_next_dist_1e8vcs8._.js:776
[  303927ms] [LOG] [Fast Refresh] done in 20ms @ http://localhost:3000/_next/static/chunks/node_modules_next_dist_1e8vcs8._.js:776
[  303971ms] [LOG] [Fast Refresh] done in 20ms @ http://localhost:3000/_next/static/chunks/node_modules_next_dist_1e8vcs8._.js:776
[  304021ms] [LOG] [Fast Refresh] done in 20ms @ http://localhost:3000/_next/static/chunks/node_modules_next_dist_1e8vcs8._.js:776
[  304061ms] [LOG] [Fast Refresh] done in 20ms @ http://localhost:3000/_next/static/chunks/node_modules_next_dist_1e8vcs8._.js:776
[  304104ms] [LOG] [Fast Refresh] done in 20ms @ http://localhost:3000/_next/static/chunks/node_modules_next_dist_1e8vcs8._.js:776
[  304144ms] [LOG] [Fast Refresh] done in 20ms @ http://localhost:3000/_next/static/chunks/node_modules_next_dist_1e8vcs8._.js:776
[  304188ms] [LOG] [Fast Refresh] done in 20ms @ http://localhost:3000/_next/static/chunks/node_modules_next_dist_1e8vcs8._.js:776
[  304228ms] [LOG] [Fast Refresh] done in 20ms @ http://localhost:3000/_next/static/chunks/node_modules_next_dist_1e8vcs8._.js:776
[  304271ms] [LOG] [Fast Refresh] done in 20ms @ http://localhost:3000/_next/static/chunks/node_modules_next_dist_1e8vcs8._.js:776
[  304311ms] [LOG] [Fast Refresh] done in 20ms @ http://localhost:3000/_next/static/chunks/node_modules_next_dist_1e8vcs8._.js:776
[  304354ms] [LOG] [Fast Refresh] done in 20ms @ http://localhost:3000/_next/static/chunks/node_modules_next_dist_1e8vcs8._.js:776
[  304395ms] [LOG] [Fast Refresh] done in 20ms @ http://localhost:3000/_next/static/chunks/node_modules_next_dist_1e8vcs8._.js:776
[  304437ms] [LOG] [Fast Refresh] done in 20ms @ http://localhost:3000/_next/static/chunks/node_modules_next_dist_1e8vcs8._.js:776
[  304487ms] [LOG] [Fast Refresh] done in 20ms @ http://localhost:3000/_next/static/chunks/node_modules_next_dist_1e8vcs8._.js:776
[  304537ms] [LOG] [Fast Refresh] done in 20ms @ http://localhost:3000/_next/static/chunks/node_modules_next_dist_1e8vcs8._.js:776
[  304578ms] [LOG] [Fast Refresh] done in 20ms @ http://localhost:3000/_next/static/chunks/node_modules_next_dist_1e8vcs8._.js:776
[  304620ms] [LOG] [Fast Refresh] done in 20ms @ http://localhost:3000/_next/static/chunks/node_modules_next_dist_1e8vcs8._.js:776
[  304661ms] [LOG] [Fast Refresh] done in 20ms @ http://localhost:3000/_next/static/chunks/node_modules_next_dist_1e8vcs8._.js:776
[  304704ms] [LOG] [Fast Refresh] done in 20ms @ http://localhost:3000/_next/static/chunks/node_modules_next_dist_1e8vcs8._.js:776
[  304754ms] [LOG] [Fast Refresh] done in 20ms @ http://localhost:3000/_next/static/chunks/node_modules_next_dist_1e8vcs8._.js:776
[  304804ms] [LOG] [Fast Refresh] done in 20ms @ http://localhost:3000/_next/static/chunks/node_modules_next_dist_1e8vcs8._.js:776
[  304844ms] [LOG] [Fast Refresh] done in 20ms @ http://localhost:3000/_next/static/chunks/node_modules_next_dist_1e8vcs8._.js:776
[  304888ms] [LOG] [Fast Refresh] done in 20ms @ http://localhost:3000/_next/static/chunks/node_modules_next_dist_1e8vcs8._.js:776
[  304936ms] [LOG] [Fast Refresh] done in 20ms @ http://localhost:3000/_next/static/chunks/node_modules_next_dist_1e8vcs8._.js:776
[  304978ms] [LOG] [Fast Refresh] done in 20ms @ http://localhost:3000/_next/static/chunks/node_modules_next_dist_1e8vcs8._.js:776
[  305020ms] [LOG] [Fast Refresh] done in 20ms @ http://localhost:3000/_next/static/chunks/node_modules_next_dist_1e8vcs8._.js:776
[  305070ms] [LOG] [Fast Refresh] done in 20ms @ http://localhost:3000/_next/static/chunks/node_modules_next_dist_1e8vcs8._.js:776
[  305112ms] [LOG] [Fast Refresh] done in 20ms @ http://localhost:3000/_next/static/chunks/node_modules_next_dist_1e8vcs8._.js:776
[  305154ms] [LOG] [Fast Refresh] done in 20ms @ http://localhost:3000/_next/static/chunks/node_modules_next_dist_1e8vcs8._.js:776
[  305194ms] [LOG] [Fast Refresh] done in 20ms @ http://localhost:3000/_next/static/chunks/node_modules_next_dist_1e8vcs8._.js:776
[  305237ms] [LOG] [Fast Refresh] done in 20ms @ http://localhost:3000/_next/static/chunks/node_modules_next_dist_1e8vcs8._.js:776
[  305277ms] [LOG] [Fast Refresh] done in 20ms @ http://localhost:3000/_next/static/chunks/node_modules_next_dist_1e8vcs8._.js:776
[  305320ms] [LOG] [Fast Refresh] done in 20ms @ http://localhost:3000/_next/static/chunks/node_modules_next_dist_1e8vcs8._.js:776
[  305370ms] [LOG] [Fast Refresh] done in 20ms @ http://localhost:3000/_next/static/chunks/node_modules_next_dist_1e8vcs8._.js:776
[  305411ms] [LOG] [Fast Refresh] done in 20ms @ http://localhost:3000/_next/static/chunks/node_modules_next_dist_1e8vcs8._.js:776
[  305453ms] [LOG] [Fast Refresh] done in 20ms @ http://localhost:3000/_next/static/chunks/node_modules_next_dist_1e8vcs8._.js:776
[  305494ms] [LOG] [Fast Refresh] done in 20ms @ http://localhost:3000/_next/static/chunks/node_modules_next_dist_1e8vcs8._.js:776
[  305537ms] [LOG] [Fast Refresh] done in 20ms @ http://localhost:3000/_next/static/chunks/node_modules_next_dist_1e8vcs8._.js:776
[  305587ms] [LOG] [Fast Refresh] done in 20ms @ http://localhost:3000/_next/static/chunks/node_modules_next_dist_1e8vcs8._.js:776
[  305626ms] [LOG] [Fast Refresh] done in 20ms @ http://localhost:3000/_next/static/chunks/node_modules_next_dist_1e8vcs8._.js:776
[  305670ms] [LOG] [Fast Refresh] done in 20ms @ http://localhost:3000/_next/static/chunks/node_modules_next_dist_1e8vcs8._.js:776
[  305711ms] [LOG] [Fast Refresh] done in 20ms @ http://localhost:3000/_next/static/chunks/node_modules_next_dist_1e8vcs8._.js:776
[  305753ms] [LOG] [Fast Refresh] done in 20ms @ http://localhost:3000/_next/static/chunks/node_modules_next_dist_1e8vcs8._.js:776
[  305794ms] [LOG] [Fast Refresh] done in 20ms @ http://localhost:3000/_next/static/chunks/node_modules_next_dist_1e8vcs8._.js:776
[  305837ms] [LOG] [Fast Refresh] done in 20ms @ http://localhost:3000/_next/static/chunks/node_modules_next_dist_1e8vcs8._.js:776
[  305878ms] [LOG] [Fast Refresh] done in 20ms @ http://localhost:3000/_next/static/chunks/node_modules_next_dist_1e8vcs8._.js:776
[  305922ms] [LOG] [Fast Refresh] done in 20ms @ http://localhost:3000/_next/static/chunks/node_modules_next_dist_1e8vcs8._.js:776
[  305970ms] [LOG] [Fast Refresh] done in 20ms @ http://localhost:3000/_next/static/chunks/node_modules_next_dist_1e8vcs8._.js:776
[  306010ms] [LOG] [Fast Refresh] done in 20ms @ http://localhost:3000/_next/static/chunks/node_modules_next_dist_1e8vcs8._.js:776
[  306054ms] [LOG] [Fast Refresh] done in 20ms @ http://localhost:3000/_next/static/chunks/node_modules_next_dist_1e8vcs8._.js:776
[  306111ms] [LOG] [Fast Refresh] done in 20ms @ http://localhost:3000/_next/static/chunks/node_modules_next_dist_1e8vcs8._.js:776
[  306156ms] [LOG] [Fast Refresh] done in 20ms @ http://localhost:3000/_next/static/chunks/node_modules_next_dist_1e8vcs8._.js:776
[  306204ms] [LOG] [Fast Refresh] done in 20ms @ http://localhost:3000/_next/static/chunks/node_modules_next_dist_1e8vcs8._.js:776
[  306244ms] [LOG] [Fast Refresh] done in 20ms @ http://localhost:3000/_next/static/chunks/node_modules_next_dist_1e8vcs8._.js:776
[  306287ms] [LOG] [Fast Refresh] done in 20ms @ http://localhost:3000/_next/static/chunks/node_modules_next_dist_1e8vcs8._.js:776
[  306329ms] [LOG] [Fast Refresh] done in 20ms @ http://localhost:3000/_next/static/chunks/node_modules_next_dist_1e8vcs8._.js:776
[  306370ms] [LOG] [Fast Refresh] done in 20ms @ http://localhost:3000/_next/static/chunks/node_modules_next_dist_1e8vcs8._.js:776
[  306413ms] [LOG] [Fast Refresh] done in 20ms @ http://localhost:3000/_next/static/chunks/node_modules_next_dist_1e8vcs8._.js:776
[  306453ms] [LOG] [Fast Refresh] done in 20ms @ http://localhost:3000/_next/static/chunks/node_modules_next_dist_1e8vcs8._.js:776
[  306494ms] [LOG] [Fast Refresh] done in 20ms @ http://localhost:3000/_next/static/chunks/node_modules_next_dist_1e8vcs8._.js:776
[  306538ms] [LOG] [Fast Refresh] done in 20ms @ http://localhost:3000/_next/static/chunks/node_modules_next_dist_1e8vcs8._.js:776
[  306587ms] [LOG] [Fast Refresh] done in 20ms @ http://localhost:3000/_next/static/chunks/node_modules_next_dist_1e8vcs8._.js:776
[  306633ms] [LOG] [Fast Refresh] done in 20ms @ http://localhost:3000/_next/static/chunks/node_modules_next_dist_1e8vcs8._.js:776
[  306678ms] [LOG] [Fast Refresh] done in 20ms @ http://localhost:3000/_next/static/chunks/node_modules_next_dist_1e8vcs8._.js:776
[  306721ms] [LOG] [Fast Refresh] done in 20ms @ http://localhost:3000/_next/static/chunks/node_modules_next_dist_1e8vcs8._.js:776
[  306760ms] [LOG] [Fast Refresh] done in 20ms @ http://localhost:3000/_next/static/chunks/node_modules_next_dist_1e8vcs8._.js:776
[  306804ms] [LOG] [Fast Refresh] done in 20ms @ http://localhost:3000/_next/static/chunks/node_modules_next_dist_1e8vcs8._.js:776
[  306860ms] [LOG] [Fast Refresh] done in 20ms @ http://localhost:3000/_next/static/chunks/node_modules_next_dist_1e8vcs8._.js:776
[  306905ms] [LOG] [Fast Refresh] done in 20ms @ http://localhost:3000/_next/static/chunks/node_modules_next_dist_1e8vcs8._.js:776
[  306953ms] [LOG] [Fast Refresh] done in 20ms @ http://localhost:3000/_next/static/chunks/node_modules_next_dist_1e8vcs8._.js:776
[  306994ms] [LOG] [Fast Refresh] done in 20ms @ http://localhost:3000/_next/static/chunks/node_modules_next_dist_1e8vcs8._.js:776
[  307041ms] [LOG] [Fast Refresh] done in 20ms @ http://localhost:3000/_next/static/chunks/node_modules_next_dist_1e8vcs8._.js:776
[  307087ms] [LOG] [Fast Refresh] done in 20ms @ http://localhost:3000/_next/static/chunks/node_modules_next_dist_1e8vcs8._.js:776
[  307128ms] [LOG] [Fast Refresh] done in 20ms @ http://localhost:3000/_next/static/chunks/node_modules_next_dist_1e8vcs8._.js:776
[  307170ms] [LOG] [Fast Refresh] done in 20ms @ http://localhost:3000/_next/static/chunks/node_modules_next_dist_1e8vcs8._.js:776
[  307219ms] [LOG] [Fast Refresh] done in 20ms @ http://localhost:3000/_next/static/chunks/node_modules_next_dist_1e8vcs8._.js:776
[  307261ms] [LOG] [Fast Refresh] done in 20ms @ http://localhost:3000/_next/static/chunks/node_modules_next_dist_1e8vcs8._.js:776
[  307304ms] [LOG] [Fast Refresh] done in 20ms @ http://localhost:3000/_next/static/chunks/node_modules_next_dist_1e8vcs8._.js:776
[  307349ms] [LOG] [Fast Refresh] done in 20ms @ http://localhost:3000/_next/static/chunks/node_modules_next_dist_1e8vcs8._.js:776
[  307394ms] [LOG] [Fast Refresh] done in 20ms @ http://localhost:3000/_next/static/chunks/node_modules_next_dist_1e8vcs8._.js:776
[  307437ms] [LOG] [Fast Refresh] done in 20ms @ http://localhost:3000/_next/static/chunks/node_modules_next_dist_1e8vcs8._.js:776
[  307477ms] [LOG] [Fast Refresh] done in 20ms @ http://localhost:3000/_next/static/chunks/node_modules_next_dist_1e8vcs8._.js:776
[  307521ms] [LOG] [Fast Refresh] done in 20ms @ http://localhost:3000/_next/static/chunks/node_modules_next_dist_1e8vcs8._.js:776
[  307575ms] [LOG] [Fast Refresh] done in 20ms @ http://localhost:3000/_next/static/chunks/node_modules_next_dist_1e8vcs8._.js:776
[  307621ms] [LOG] [Fast Refresh] done in 20ms @ http://localhost:3000/_next/static/chunks/node_modules_next_dist_1e8vcs8._.js:776
[  307671ms] [LOG] [Fast Refresh] done in 20ms @ http://localhost:3000/_next/static/chunks/node_modules_next_dist_1e8vcs8._.js:776
[  307713ms] [LOG] [Fast Refresh] done in 20ms @ http://localhost:3000/_next/static/chunks/node_modules_next_dist_1e8vcs8._.js:776
[  307754ms] [LOG] [Fast Refresh] done in 20ms @ http://localhost:3000/_next/static/chunks/node_modules_next_dist_1e8vcs8._.js:776
[  307794ms] [LOG] [Fast Refresh] done in 20ms @ http://localhost:3000/_next/static/chunks/node_modules_next_dist_1e8vcs8._.js:776
[  307837ms] [LOG] [Fast Refresh] done in 20ms @ http://localhost:3000/_next/static/chunks/node_modules_next_dist_1e8vcs8._.js:776
[  307878ms] [LOG] [Fast Refresh] done in 20ms @ http://localhost:3000/_next/static/chunks/node_modules_next_dist_1e8vcs8._.js:776
[  307921ms] [LOG] [Fast Refresh] done in 20ms @ http://localhost:3000/_next/static/chunks/node_modules_next_dist_1e8vcs8._.js:776
[  307961ms] [LOG] [Fast Refresh] done in 20ms @ http://localhost:3000/_next/static/chunks/node_modules_next_dist_1e8vcs8._.js:776
[  308004ms] [LOG] [Fast Refresh] done in 20ms @ http://localhost:3000/_next/static/chunks/node_modules_next_dist_1e8vcs8._.js:776
[  308044ms] [LOG] [Fast Refresh] done in 20ms @ http://localhost:3000/_next/static/chunks/node_modules_next_dist_1e8vcs8._.js:776
[  308087ms] [LOG] [Fast Refresh] done in 20ms @ http://localhost:3000/_next/static/chunks/node_modules_next_dist_1e8vcs8._.js:776
[  308128ms] [LOG] [Fast Refresh] done in 20ms @ http://localhost:3000/_next/static/chunks/node_modules_next_dist_1e8vcs8._.js:776
[  308171ms] [LOG] [Fast Refresh] done in 20ms @ http://localhost:3000/_next/static/chunks/node_modules_next_dist_1e8vcs8._.js:776
[  308211ms] [LOG] [Fast Refresh] done in 20ms @ http://localhost:3000/_next/static/chunks/node_modules_next_dist_1e8vcs8._.js:776
[  308254ms] [LOG] [Fast Refresh] done in 20ms @ http://localhost:3000/_next/static/chunks/node_modules_next_dist_1e8vcs8._.js:776
[  308304ms] [LOG] [Fast Refresh] done in 20ms @ http://localhost:3000/_next/static/chunks/node_modules_next_dist_1e8vcs8._.js:776
[  308345ms] [LOG] [Fast Refresh] done in 20ms @ http://localhost:3000/_next/static/chunks/node_modules_next_dist_1e8vcs8._.js:776
[  308387ms] [LOG] [Fast Refresh] done in 20ms @ http://localhost:3000/_next/static/chunks/node_modules_next_dist_1e8vcs8._.js:776
[  308437ms] [LOG] [Fast Refresh] done in 20ms @ http://localhost:3000/_next/static/chunks/node_modules_next_dist_1e8vcs8._.js:776
[  308487ms] [LOG] [Fast Refresh] done in 20ms @ http://localhost:3000/_next/static/chunks/node_modules_next_dist_1e8vcs8._.js:776
[  308527ms] [LOG] [Fast Refresh] done in 20ms @ http://localhost:3000/_next/static/chunks/node_modules_next_dist_1e8vcs8._.js:776
[  308572ms] [LOG] [Fast Refresh] done in 20ms @ http://localhost:3000/_next/static/chunks/node_modules_next_dist_1e8vcs8._.js:776
[  308620ms] [LOG] [Fast Refresh] done in 20ms @ http://localhost:3000/_next/static/chunks/node_modules_next_dist_1e8vcs8._.js:776
[  308661ms] [LOG] [Fast Refresh] done in 20ms @ http://localhost:3000/_next/static/chunks/node_modules_next_dist_1e8vcs8._.js:776
[  308704ms] [LOG] [Fast Refresh] done in 20ms @ http://localhost:3000/_next/static/chunks/node_modules_next_dist_1e8vcs8._.js:776
[  308745ms] [LOG] [Fast Refresh] done in 20ms @ http://localhost:3000/_next/static/chunks/node_modules_next_dist_1e8vcs8._.js:776
[  308788ms] [LOG] [Fast Refresh] done in 20ms @ http://localhost:3000/_next/static/chunks/node_modules_next_dist_1e8vcs8._.js:776
[  308828ms] [LOG] [Fast Refresh] done in 20ms @ http://localhost:3000/_next/static/chunks/node_modules_next_dist_1e8vcs8._.js:776
[  308870ms] [LOG] [Fast Refresh] done in 20ms @ http://localhost:3000/_next/static/chunks/node_modules_next_dist_1e8vcs8._.js:776
[  308911ms] [LOG] [Fast Refresh] done in 20ms @ http://localhost:3000/_next/static/chunks/node_modules_next_dist_1e8vcs8._.js:776
[  308954ms] [LOG] [Fast Refresh] done in 20ms @ http://localhost:3000/_next/static/chunks/node_modules_next_dist_1e8vcs8._.js:776
[  308994ms] [LOG] [Fast Refresh] done in 20ms @ http://localhost:3000/_next/static/chunks/node_modules_next_dist_1e8vcs8._.js:776
[  309037ms] [LOG] [Fast Refresh] done in 20ms @ http://localhost:3000/_next/static/chunks/node_modules_next_dist_1e8vcs8._.js:776
[  309078ms] [LOG] [Fast Refresh] done in 20ms @ http://localhost:3000/_next/static/chunks/node_modules_next_dist_1e8vcs8._.js:776
[  309120ms] [LOG] [Fast Refresh] done in 20ms @ http://localhost:3000/_next/static/chunks/node_modules_next_dist_1e8vcs8._.js:776
[  309161ms] [LOG] [Fast Refresh] done in 20ms @ http://localhost:3000/_next/static/chunks/node_modules_next_dist_1e8vcs8._.js:776
[  309204ms] [LOG] [Fast Refresh] done in 20ms @ http://localhost:3000/_next/static/chunks/node_modules_next_dist_1e8vcs8._.js:776
[  309244ms] [LOG] [Fast Refresh] done in 20ms @ http://localhost:3000/_next/static/chunks/node_modules_next_dist_1e8vcs8._.js:776
[  309287ms] [LOG] [Fast Refresh] done in 20ms @ http://localhost:3000/_next/static/chunks/node_modules_next_dist_1e8vcs8._.js:776
[  309332ms] [LOG] [Fast Refresh] done in 20ms @ http://localhost:3000/_next/static/chunks/node_modules_next_dist_1e8vcs8._.js:776
[  309378ms] [LOG] [Fast Refresh] done in 20ms @ http://localhost:3000/_next/static/chunks/node_modules_next_dist_1e8vcs8._.js:776
[  309419ms] [LOG] [Fast Refresh] done in 20ms @ http://localhost:3000/_next/static/chunks/node_modules_next_dist_1e8vcs8._.js:776
[  309461ms] [LOG] [Fast Refresh] done in 20ms @ http://localhost:3000/_next/static/chunks/node_modules_next_dist_1e8vcs8._.js:776
[  309504ms] [LOG] [Fast Refresh] done in 20ms @ http://localhost:3000/_next/static/chunks/node_modules_next_dist_1e8vcs8._.js:776
[  309544ms] [LOG] [Fast Refresh] done in 20ms @ http://localhost:3000/_next/static/chunks/node_modules_next_dist_1e8vcs8._.js:776
[  309587ms] [LOG] [Fast Refresh] done in 20ms @ http://localhost:3000/_next/static/chunks/node_modules_next_dist_1e8vcs8._.js:776
[  309628ms] [LOG] [Fast Refresh] done in 20ms @ http://localhost:3000/_next/static/chunks/node_modules_next_dist_1e8vcs8._.js:776
[  309671ms] [LOG] [Fast Refresh] done in 20ms @ http://localhost:3000/_next/static/chunks/node_modules_next_dist_1e8vcs8._.js:776
[  309711ms] [LOG] [Fast Refresh] done in 20ms @ http://localhost:3000/_next/static/chunks/node_modules_next_dist_1e8vcs8._.js:776
[  309754ms] [LOG] [Fast Refresh] done in 20ms @ http://localhost:3000/_next/static/chunks/node_modules_next_dist_1e8vcs8._.js:776
[  309794ms] [LOG] [Fast Refresh] done in 20ms @ http://localhost:3000/_next/static/chunks/node_modules_next_dist_1e8vcs8._.js:776
[  309838ms] [LOG] [Fast Refresh] done in 20ms @ http://localhost:3000/_next/static/chunks/node_modules_next_dist_1e8vcs8._.js:776
[  309878ms] [LOG] [Fast Refresh] done in 20ms @ http://localhost:3000/_next/static/chunks/node_modules_next_dist_1e8vcs8._.js:776
[  309921ms] [LOG] [Fast Refresh] done in 20ms @ http://localhost:3000/_next/static/chunks/node_modules_next_dist_1e8vcs8._.js:776
[  309961ms] [LOG] [Fast Refresh] done in 20ms @ http://localhost:3000/_next/static/chunks/node_modules_next_dist_1e8vcs8._.js:776
[  310009ms] [LOG] [Fast Refresh] done in 20ms @ http://localhost:3000/_next/static/chunks/node_modules_next_dist_1e8vcs8._.js:776
[  310054ms] [LOG] [Fast Refresh] done in 20ms @ http://localhost:3000/_next/static/chunks/node_modules_next_dist_1e8vcs8._.js:776
[  310095ms] [LOG] [Fast Refresh] done in 20ms @ http://localhost:3000/_next/static/chunks/node_modules_next_dist_1e8vcs8._.js:776
[  310137ms] [LOG] [Fast Refresh] done in 20ms @ http://localhost:3000/_next/static/chunks/node_modules_next_dist_1e8vcs8._.js:776
[  310180ms] [LOG] [Fast Refresh] done in 20ms @ http://localhost:3000/_next/static/chunks/node_modules_next_dist_1e8vcs8._.js:776
[  310221ms] [LOG] [Fast Refresh] done in 20ms @ http://localhost:3000/_next/static/chunks/node_modules_next_dist_1e8vcs8._.js:776
[  310261ms] [LOG] [Fast Refresh] done in 20ms @ http://localhost:3000/_next/static/chunks/node_modules_next_dist_1e8vcs8._.js:776
[  310303ms] [LOG] [Fast Refresh] done in 20ms @ http://localhost:3000/_next/static/chunks/node_modules_next_dist_1e8vcs8._.js:776
[  310344ms] [LOG] [Fast Refresh] done in 20ms @ http://localhost:3000/_next/static/chunks/node_modules_next_dist_1e8vcs8._.js:776
[  310387ms] [LOG] [Fast Refresh] done in 20ms @ http://localhost:3000/_next/static/chunks/node_modules_next_dist_1e8vcs8._.js:776
[  310428ms] [LOG] [Fast Refresh] done in 20ms @ http://localhost:3000/_next/static/chunks/node_modules_next_dist_1e8vcs8._.js:776
[  310469ms] [LOG] [Fast Refresh] done in 20ms @ http://localhost:3000/_next/static/chunks/node_modules_next_dist_1e8vcs8._.js:776
[  310511ms] [LOG] [Fast Refresh] done in 20ms @ http://localhost:3000/_next/static/chunks/node_modules_next_dist_1e8vcs8._.js:776
[  310554ms] [LOG] [Fast Refresh] done in 20ms @ http://localhost:3000/_next/static/chunks/node_modules_next_dist_1e8vcs8._.js:776
[  310604ms] [LOG] [Fast Refresh] done in 20ms @ http://localhost:3000/_next/static/chunks/node_modules_next_dist_1e8vcs8._.js:776
[  310644ms] [LOG] [Fast Refresh] done in 20ms @ http://localhost:3000/_next/static/chunks/node_modules_next_dist_1e8vcs8._.js:776
[  310688ms] [LOG] [Fast Refresh] done in 20ms @ http://localhost:3000/_next/static/chunks/node_modules_next_dist_1e8vcs8._.js:776
[  310728ms] [LOG] [Fast Refresh] done in 20ms @ http://localhost:3000/_next/static/chunks/node_modules_next_dist_1e8vcs8._.js:776
[  310771ms] [LOG] [Fast Refresh] done in 20ms @ http://localhost:3000/_next/static/chunks/node_modules_next_dist_1e8vcs8._.js:776
[  310821ms] [LOG] [Fast Refresh] done in 20ms @ http://localhost:3000/_next/static/chunks/node_modules_next_dist_1e8vcs8._.js:776
[  310861ms] [LOG] [Fast Refresh] done in 20ms @ http://localhost:3000/_next/static/chunks/node_modules_next_dist_1e8vcs8._.js:776
[  310904ms] [LOG] [Fast Refresh] done in 20ms @ http://localhost:3000/_next/static/chunks/node_modules_next_dist_1e8vcs8._.js:776
[  310945ms] [LOG] [Fast Refresh] done in 20ms @ http://localhost:3000/_next/static/chunks/node_modules_next_dist_1e8vcs8._.js:776
[  310988ms] [LOG] [Fast Refresh] done in 20ms @ http://localhost:3000/_next/static/chunks/node_modules_next_dist_1e8vcs8._.js:776
[  311028ms] [LOG] [Fast Refresh] done in 20ms @ http://localhost:3000/_next/static/chunks/node_modules_next_dist_1e8vcs8._.js:776
[  311071ms] [LOG] [Fast Refresh] done in 20ms @ http://localhost:3000/_next/static/chunks/node_modules_next_dist_1e8vcs8._.js:776
[  311121ms] [LOG] [Fast Refresh] done in 20ms @ http://localhost:3000/_next/static/chunks/node_modules_next_dist_1e8vcs8._.js:776
[  311161ms] [LOG] [Fast Refresh] done in 20ms @ http://localhost:3000/_next/static/chunks/node_modules_next_dist_1e8vcs8._.js:776
[  311204ms] [LOG] [Fast Refresh] done in 20ms @ http://localhost:3000/_next/static/chunks/node_modules_next_dist_1e8vcs8._.js:776
[  311244ms] [LOG] [Fast Refresh] done in 20ms @ http://localhost:3000/_next/static/chunks/node_modules_next_dist_1e8vcs8._.js:776
[  311287ms] [LOG] [Fast Refresh] done in 20ms @ http://localhost:3000/_next/static/chunks/node_modules_next_dist_1e8vcs8._.js:776
[  311337ms] [LOG] [Fast Refresh] done in 20ms @ http://localhost:3000/_next/static/chunks/node_modules_next_dist_1e8vcs8._.js:776
[  311378ms] [LOG] [Fast Refresh] done in 20ms @ http://localhost:3000/_next/static/chunks/node_modules_next_dist_1e8vcs8._.js:776
[  311421ms] [LOG] [Fast Refresh] done in 20ms @ http://localhost:3000/_next/static/chunks/node_modules_next_dist_1e8vcs8._.js:776
[  311462ms] [LOG] [Fast Refresh] done in 20ms @ http://localhost:3000/_next/static/chunks/node_modules_next_dist_1e8vcs8._.js:776
[  311505ms] [LOG] [Fast Refresh] done in 20ms @ http://localhost:3000/_next/static/chunks/node_modules_next_dist_1e8vcs8._.js:776
[  311554ms] [LOG] [Fast Refresh] done in 20ms @ http://localhost:3000/_next/static/chunks/node_modules_next_dist_1e8vcs8._.js:776
[  311595ms] [LOG] [Fast Refresh] done in 20ms @ http://localhost:3000/_next/static/chunks/node_modules_next_dist_1e8vcs8._.js:776
[  311638ms] [LOG] [Fast Refresh] done in 20ms @ http://localhost:3000/_next/static/chunks/node_modules_next_dist_1e8vcs8._.js:776
[  311678ms] [LOG] [Fast Refresh] done in 20ms @ http://localhost:3000/_next/static/chunks/node_modules_next_dist_1e8vcs8._.js:776
[  311720ms] [LOG] [Fast Refresh] done in 20ms @ http://localhost:3000/_next/static/chunks/node_modules_next_dist_1e8vcs8._.js:776
[  311771ms] [LOG] [Fast Refresh] done in 20ms @ http://localhost:3000/_next/static/chunks/node_modules_next_dist_1e8vcs8._.js:776
[  311811ms] [LOG] [Fast Refresh] done in 20ms @ http://localhost:3000/_next/static/chunks/node_modules_next_dist_1e8vcs8._.js:776
[  311861ms] [LOG] [Fast Refresh] done in 20ms @ http://localhost:3000/_next/static/chunks/node_modules_next_dist_1e8vcs8._.js:776
[  311904ms] [LOG] [Fast Refresh] done in 20ms @ http://localhost:3000/_next/static/chunks/node_modules_next_dist_1e8vcs8._.js:776
[  311944ms] [LOG] [Fast Refresh] done in 20ms @ http://localhost:3000/_next/static/chunks/node_modules_next_dist_1e8vcs8._.js:776
[  311987ms] [LOG] [Fast Refresh] done in 20ms @ http://localhost:3000/_next/static/chunks/node_modules_next_dist_1e8vcs8._.js:776
[  312028ms] [LOG] [Fast Refresh] done in 20ms @ http://localhost:3000/_next/static/chunks/node_modules_next_dist_1e8vcs8._.js:776
[  312072ms] [LOG] [Fast Refresh] done in 20ms @ http://localhost:3000/_next/static/chunks/node_modules_next_dist_1e8vcs8._.js:776
[  312111ms] [LOG] [Fast Refresh] done in 20ms @ http://localhost:3000/_next/static/chunks/node_modules_next_dist_1e8vcs8._.js:776
[  312153ms] [LOG] [Fast Refresh] done in 20ms @ http://localhost:3000/_next/static/chunks/node_modules_next_dist_1e8vcs8._.js:776
[  312194ms] [LOG] [Fast Refresh] done in 20ms @ http://localhost:3000/_next/static/chunks/node_modules_next_dist_1e8vcs8._.js:776
[  312242ms] [LOG] [Fast Refresh] done in 20ms @ http://localhost:3000/_next/static/chunks/node_modules_next_dist_1e8vcs8._.js:776
[  312286ms] [LOG] [Fast Refresh] done in 20ms @ http://localhost:3000/_next/static/chunks/node_modules_next_dist_1e8vcs8._.js:776
[  312329ms] [LOG] [Fast Refresh] done in 20ms @ http://localhost:3000/_next/static/chunks/node_modules_next_dist_1e8vcs8._.js:776
[  312371ms] [LOG] [Fast Refresh] done in 20ms @ http://localhost:3000/_next/static/chunks/node_modules_next_dist_1e8vcs8._.js:776
[  312421ms] [LOG] [Fast Refresh] done in 20ms @ http://localhost:3000/_next/static/chunks/node_modules_next_dist_1e8vcs8._.js:776
[  312471ms] [LOG] [Fast Refresh] done in 20ms @ http://localhost:3000/_next/static/chunks/node_modules_next_dist_1e8vcs8._.js:776
[  312521ms] [LOG] [Fast Refresh] done in 20ms @ http://localhost:3000/_next/static/chunks/node_modules_next_dist_1e8vcs8._.js:776
[  312571ms] [LOG] [Fast Refresh] done in 20ms @ http://localhost:3000/_next/static/chunks/node_modules_next_dist_1e8vcs8._.js:776
[  312611ms] [LOG] [Fast Refresh] done in 20ms @ http://localhost:3000/_next/static/chunks/node_modules_next_dist_1e8vcs8._.js:776
[  312671ms] [LOG] [Fast Refresh] done in 20ms @ http://localhost:3000/_next/static/chunks/node_modules_next_dist_1e8vcs8._.js:776
[  312716ms] [LOG] [Fast Refresh] done in 20ms @ http://localhost:3000/_next/static/chunks/node_modules_next_dist_1e8vcs8._.js:776
[  312771ms] [LOG] [Fast Refresh] done in 20ms @ http://localhost:3000/_next/static/chunks/node_modules_next_dist_1e8vcs8._.js:776
[  312812ms] [LOG] [Fast Refresh] done in 20ms @ http://localhost:3000/_next/static/chunks/node_modules_next_dist_1e8vcs8._.js:776
[  312858ms] [LOG] [Fast Refresh] done in 20ms @ http://localhost:3000/_next/static/chunks/node_modules_next_dist_1e8vcs8._.js:776
[  312904ms] [LOG] [Fast Refresh] done in 20ms @ http://localhost:3000/_next/static/chunks/node_modules_next_dist_1e8vcs8._.js:776
[  312945ms] [LOG] [Fast Refresh] done in 20ms @ http://localhost:3000/_next/static/chunks/node_modules_next_dist_1e8vcs8._.js:776
[  312988ms] [LOG] [Fast Refresh] done in 20ms @ http://localhost:3000/_next/static/chunks/node_modules_next_dist_1e8vcs8._.js:776
[  313028ms] [LOG] [Fast Refresh] done in 20ms @ http://localhost:3000/_next/static/chunks/node_modules_next_dist_1e8vcs8._.js:776
[  313071ms] [LOG] [Fast Refresh] done in 20ms @ http://localhost:3000/_next/static/chunks/node_modules_next_dist_1e8vcs8._.js:776
[  313125ms] [LOG] [Fast Refresh] done in 20ms @ http://localhost:3000/_next/static/chunks/node_modules_next_dist_1e8vcs8._.js:776
[  313176ms] [LOG] [Fast Refresh] done in 20ms @ http://localhost:3000/_next/static/chunks/node_modules_next_dist_1e8vcs8._.js:776
[  313218ms] [LOG] [Fast Refresh] done in 20ms @ http://localhost:3000/_next/static/chunks/node_modules_next_dist_1e8vcs8._.js:776
[  313260ms] [LOG] [Fast Refresh] done in 20ms @ http://localhost:3000/_next/static/chunks/node_modules_next_dist_1e8vcs8._.js:776
[  313310ms] [LOG] [Fast Refresh] done in 20ms @ http://localhost:3000/_next/static/chunks/node_modules_next_dist_1e8vcs8._.js:776
[  313357ms] [LOG] [Fast Refresh] done in 20ms @ http://localhost:3000/_next/static/chunks/node_modules_next_dist_1e8vcs8._.js:776
[  313408ms] [LOG] [Fast Refresh] done in 20ms @ http://localhost:3000/_next/static/chunks/node_modules_next_dist_1e8vcs8._.js:776
[  313457ms] [LOG] [Fast Refresh] done in 20ms @ http://localhost:3000/_next/static/chunks/node_modules_next_dist_1e8vcs8._.js:776
[  313504ms] [LOG] [Fast Refresh] done in 20ms @ http://localhost:3000/_next/static/chunks/node_modules_next_dist_1e8vcs8._.js:776
[  313552ms] [LOG] [Fast Refresh] done in 20ms @ http://localhost:3000/_next/static/chunks/node_modules_next_dist_1e8vcs8._.js:776
[  313593ms] [LOG] [Fast Refresh] done in 20ms @ http://localhost:3000/_next/static/chunks/node_modules_next_dist_1e8vcs8._.js:776
[  313638ms] [LOG] [Fast Refresh] done in 20ms @ http://localhost:3000/_next/static/chunks/node_modules_next_dist_1e8vcs8._.js:776
[  313694ms] [LOG] [Fast Refresh] done in 20ms @ http://localhost:3000/_next/static/chunks/node_modules_next_dist_1e8vcs8._.js:776
[  313741ms] [LOG] [Fast Refresh] done in 20ms @ http://localhost:3000/_next/static/chunks/node_modules_next_dist_1e8vcs8._.js:776
[  313787ms] [LOG] [Fast Refresh] done in 20ms @ http://localhost:3000/_next/static/chunks/node_modules_next_dist_1e8vcs8._.js:776
[  313850ms] [LOG] [Fast Refresh] done in 20ms @ http://localhost:3000/_next/static/chunks/node_modules_next_dist_1e8vcs8._.js:776
[  313898ms] [LOG] [Fast Refresh] done in 20ms @ http://localhost:3000/_next/static/chunks/node_modules_next_dist_1e8vcs8._.js:776
[  313947ms] [LOG] [Fast Refresh] done in 20ms @ http://localhost:3000/_next/static/chunks/node_modules_next_dist_1e8vcs8._.js:776
[  313988ms] [LOG] [Fast Refresh] done in 20ms @ http://localhost:3000/_next/static/chunks/node_modules_next_dist_1e8vcs8._.js:776
[  314031ms] [LOG] [Fast Refresh] done in 20ms @ http://localhost:3000/_next/static/chunks/node_modules_next_dist_1e8vcs8._.js:776
[  314071ms] [LOG] [Fast Refresh] done in 20ms @ http://localhost:3000/_next/static/chunks/node_modules_next_dist_1e8vcs8._.js:776
[  314112ms] [LOG] [Fast Refresh] done in 20ms @ http://localhost:3000/_next/static/chunks/node_modules_next_dist_1e8vcs8._.js:776
[  314155ms] [LOG] [Fast Refresh] done in 20ms @ http://localhost:3000/_next/static/chunks/node_modules_next_dist_1e8vcs8._.js:776
[  314198ms] [LOG] [Fast Refresh] done in 20ms @ http://localhost:3000/_next/static/chunks/node_modules_next_dist_1e8vcs8._.js:776
[  314240ms] [LOG] [Fast Refresh] done in 20ms @ http://localhost:3000/_next/static/chunks/node_modules_next_dist_1e8vcs8._.js:776
[  314287ms] [LOG] [Fast Refresh] done in 20ms @ http://localhost:3000/_next/static/chunks/node_modules_next_dist_1e8vcs8._.js:776
[  314341ms] [LOG] [Fast Refresh] done in 20ms @ http://localhost:3000/_next/static/chunks/node_modules_next_dist_1e8vcs8._.js:776
[  314387ms] [LOG] [Fast Refresh] done in 20ms @ http://localhost:3000/_next/static/chunks/node_modules_next_dist_1e8vcs8._.js:776
[  314429ms] [LOG] [Fast Refresh] done in 20ms @ http://localhost:3000/_next/static/chunks/node_modules_next_dist_1e8vcs8._.js:776
[  314471ms] [LOG] [Fast Refresh] done in 20ms @ http://localhost:3000/_next/static/chunks/node_modules_next_dist_1e8vcs8._.js:776
[  314519ms] [LOG] [Fast Refresh] done in 20ms @ http://localhost:3000/_next/static/chunks/node_modules_next_dist_1e8vcs8._.js:776
[  314561ms] [LOG] [Fast Refresh] done in 20ms @ http://localhost:3000/_next/static/chunks/node_modules_next_dist_1e8vcs8._.js:776
[  314604ms] [LOG] [Fast Refresh] done in 20ms @ http://localhost:3000/_next/static/chunks/node_modules_next_dist_1e8vcs8._.js:776
[  314655ms] [LOG] [Fast Refresh] done in 20ms @ http://localhost:3000/_next/static/chunks/node_modules_next_dist_1e8vcs8._.js:776
[  314705ms] [LOG] [Fast Refresh] done in 20ms @ http://localhost:3000/_next/static/chunks/node_modules_next_dist_1e8vcs8._.js:776
[  314756ms] [LOG] [Fast Refresh] done in 20ms @ http://localhost:3000/_next/static/chunks/node_modules_next_dist_1e8vcs8._.js:776
[  314803ms] [LOG] [Fast Refresh] done in 20ms @ http://localhost:3000/_next/static/chunks/node_modules_next_dist_1e8vcs8._.js:776
[  314845ms] [LOG] [Fast Refresh] done in 20ms @ http://localhost:3000/_next/static/chunks/node_modules_next_dist_1e8vcs8._.js:776
[  314888ms] [LOG] [Fast Refresh] done in 20ms @ http://localhost:3000/_next/static/chunks/node_modules_next_dist_1e8vcs8._.js:776
[  314928ms] [LOG] [Fast Refresh] done in 20ms @ http://localhost:3000/_next/static/chunks/node_modules_next_dist_1e8vcs8._.js:776
[  314977ms] [LOG] [Fast Refresh] done in 20ms @ http://localhost:3000/_next/static/chunks/node_modules_next_dist_1e8vcs8._.js:776
[  315028ms] [LOG] [Fast Refresh] done in 20ms @ http://localhost:3000/_next/static/chunks/node_modules_next_dist_1e8vcs8._.js:776
[  315071ms] [LOG] [Fast Refresh] done in 20ms @ http://localhost:3000/_next/static/chunks/node_modules_next_dist_1e8vcs8._.js:776
[  315125ms] [LOG] [Fast Refresh] done in 20ms @ http://localhost:3000/_next/static/chunks/node_modules_next_dist_1e8vcs8._.js:776
[  315171ms] [LOG] [Fast Refresh] done in 20ms @ http://localhost:3000/_next/static/chunks/node_modules_next_dist_1e8vcs8._.js:776
[  315211ms] [LOG] [Fast Refresh] done in 20ms @ http://localhost:3000/_next/static/chunks/node_modules_next_dist_1e8vcs8._.js:776
[  315254ms] [LOG] [Fast Refresh] done in 20ms @ http://localhost:3000/_next/static/chunks/node_modules_next_dist_1e8vcs8._.js:776
[  315315ms] [LOG] [Fast Refresh] done in 20ms @ http://localhost:3000/_next/static/chunks/node_modules_next_dist_1e8vcs8._.js:776
[  315370ms] [LOG] [Fast Refresh] done in 20ms @ http://localhost:3000/_next/static/chunks/node_modules_next_dist_1e8vcs8._.js:776
[  315433ms] [LOG] [Fast Refresh] done in 20ms @ http://localhost:3000/_next/static/chunks/node_modules_next_dist_1e8vcs8._.js:776
[  315488ms] [LOG] [Fast Refresh] done in 20ms @ http://localhost:3000/_next/static/chunks/node_modules_next_dist_1e8vcs8._.js:776
[  315535ms] [LOG] [Fast Refresh] done in 20ms @ http://localhost:3000/_next/static/chunks/node_modules_next_dist_1e8vcs8._.js:776
[  315577ms] [LOG] [Fast Refresh] done in 20ms @ http://localhost:3000/_next/static/chunks/node_modules_next_dist_1e8vcs8._.js:776
[  315628ms] [LOG] [Fast Refresh] done in 20ms @ http://localhost:3000/_next/static/chunks/node_modules_next_dist_1e8vcs8._.js:776
[  315671ms] [LOG] [Fast Refresh] done in 20ms @ http://localhost:3000/_next/static/chunks/node_modules_next_dist_1e8vcs8._.js:776
[  315713ms] [LOG] [Fast Refresh] done in 20ms @ http://localhost:3000/_next/static/chunks/node_modules_next_dist_1e8vcs8._.js:776
[  315754ms] [LOG] [Fast Refresh] done in 20ms @ http://localhost:3000/_next/static/chunks/node_modules_next_dist_1e8vcs8._.js:776
[  315805ms] [LOG] [Fast Refresh] done in 20ms @ http://localhost:3000/_next/static/chunks/node_modules_next_dist_1e8vcs8._.js:776
[  315854ms] [LOG] [Fast Refresh] done in 20ms @ http://localhost:3000/_next/static/chunks/node_modules_next_dist_1e8vcs8._.js:776
[  315903ms] [LOG] [Fast Refresh] done in 20ms @ http://localhost:3000/_next/static/chunks/node_modules_next_dist_1e8vcs8._.js:776
[  315945ms] [LOG] [Fast Refresh] done in 20ms @ http://localhost:3000/_next/static/chunks/node_modules_next_dist_1e8vcs8._.js:776
[  315987ms] [LOG] [Fast Refresh] done in 20ms @ http://localhost:3000/_next/static/chunks/node_modules_next_dist_1e8vcs8._.js:776
[  316027ms] [LOG] [Fast Refresh] done in 20ms @ http://localhost:3000/_next/static/chunks/node_modules_next_dist_1e8vcs8._.js:776
[  316070ms] [LOG] [Fast Refresh] done in 20ms @ http://localhost:3000/_next/static/chunks/node_modules_next_dist_1e8vcs8._.js:776
[  316122ms] [LOG] [Fast Refresh] done in 20ms @ http://localhost:3000/_next/static/chunks/node_modules_next_dist_1e8vcs8._.js:776
[  316171ms] [LOG] [Fast Refresh] done in 20ms @ http://localhost:3000/_next/static/chunks/node_modules_next_dist_1e8vcs8._.js:776
[  316220ms] [LOG] [Fast Refresh] done in 20ms @ http://localhost:3000/_next/static/chunks/node_modules_next_dist_1e8vcs8._.js:776
[  316268ms] [LOG] [Fast Refresh] done in 20ms @ http://localhost:3000/_next/static/chunks/node_modules_next_dist_1e8vcs8._.js:776
[  316314ms] [LOG] [Fast Refresh] done in 20ms @ http://localhost:3000/_next/static/chunks/node_modules_next_dist_1e8vcs8._.js:776
[  316355ms] [LOG] [Fast Refresh] done in 20ms @ http://localhost:3000/_next/static/chunks/node_modules_next_dist_1e8vcs8._.js:776
[  316396ms] [LOG] [Fast Refresh] done in 20ms @ http://localhost:3000/_next/static/chunks/node_modules_next_dist_1e8vcs8._.js:776
[  316438ms] [LOG] [Fast Refresh] done in 20ms @ http://localhost:3000/_next/static/chunks/node_modules_next_dist_1e8vcs8._.js:776
[  316477ms] [LOG] [Fast Refresh] done in 20ms @ http://localhost:3000/_next/static/chunks/node_modules_next_dist_1e8vcs8._.js:776
[  316528ms] [LOG] [Fast Refresh] done in 20ms @ http://localhost:3000/_next/static/chunks/node_modules_next_dist_1e8vcs8._.js:776
[  316571ms] [LOG] [Fast Refresh] done in 20ms @ http://localhost:3000/_next/static/chunks/node_modules_next_dist_1e8vcs8._.js:776
[  316621ms] [LOG] [Fast Refresh] done in 20ms @ http://localhost:3000/_next/static/chunks/node_modules_next_dist_1e8vcs8._.js:776
[  316671ms] [LOG] [Fast Refresh] done in 20ms @ http://localhost:3000/_next/static/chunks/node_modules_next_dist_1e8vcs8._.js:776
[  316716ms] [LOG] [Fast Refresh] done in 20ms @ http://localhost:3000/_next/static/chunks/node_modules_next_dist_1e8vcs8._.js:776
[  316761ms] [LOG] [Fast Refresh] done in 20ms @ http://localhost:3000/_next/static/chunks/node_modules_next_dist_1e8vcs8._.js:776
[  316804ms] [LOG] [Fast Refresh] done in 20ms @ http://localhost:3000/_next/static/chunks/node_modules_next_dist_1e8vcs8._.js:776
[  316846ms] [LOG] [Fast Refresh] done in 20ms @ http://localhost:3000/_next/static/chunks/node_modules_next_dist_1e8vcs8._.js:776
[  316887ms] [LOG] [Fast Refresh] done in 20ms @ http://localhost:3000/_next/static/chunks/node_modules_next_dist_1e8vcs8._.js:776
[  316930ms] [LOG] [Fast Refresh] done in 20ms @ http://localhost:3000/_next/static/chunks/node_modules_next_dist_1e8vcs8._.js:776
[  316971ms] [LOG] [Fast Refresh] done in 20ms @ http://localhost:3000/_next/static/chunks/node_modules_next_dist_1e8vcs8._.js:776
[  317013ms] [LOG] [Fast Refresh] done in 20ms @ http://localhost:3000/_next/static/chunks/node_modules_next_dist_1e8vcs8._.js:776
[  317054ms] [LOG] [Fast Refresh] done in 20ms @ http://localhost:3000/_next/static/chunks/node_modules_next_dist_1e8vcs8._.js:776
[  317094ms] [LOG] [Fast Refresh] done in 20ms @ http://localhost:3000/_next/static/chunks/node_modules_next_dist_1e8vcs8._.js:776
[  317138ms] [LOG] [Fast Refresh] done in 20ms @ http://localhost:3000/_next/static/chunks/node_modules_next_dist_1e8vcs8._.js:776
[  317188ms] [LOG] [Fast Refresh] done in 20ms @ http://localhost:3000/_next/static/chunks/node_modules_next_dist_1e8vcs8._.js:776
[  317228ms] [LOG] [Fast Refresh] done in 20ms @ http://localhost:3000/_next/static/chunks/node_modules_next_dist_1e8vcs8._.js:776
[  317271ms] [LOG] [Fast Refresh] done in 20ms @ http://localhost:3000/_next/static/chunks/node_modules_next_dist_1e8vcs8._.js:776
[  317319ms] [LOG] [Fast Refresh] done in 20ms @ http://localhost:3000/_next/static/chunks/node_modules_next_dist_1e8vcs8._.js:776
[  317370ms] [LOG] [Fast Refresh] done in 20ms @ http://localhost:3000/_next/static/chunks/node_modules_next_dist_1e8vcs8._.js:776
[  317424ms] [LOG] [Fast Refresh] done in 20ms @ http://localhost:3000/_next/static/chunks/node_modules_next_dist_1e8vcs8._.js:776
[  317477ms] [LOG] [Fast Refresh] done in 20ms @ http://localhost:3000/_next/static/chunks/node_modules_next_dist_1e8vcs8._.js:776
[  317529ms] [LOG] [Fast Refresh] done in 20ms @ http://localhost:3000/_next/static/chunks/node_modules_next_dist_1e8vcs8._.js:776
[  317587ms] [LOG] [Fast Refresh] done in 20ms @ http://localhost:3000/_next/static/chunks/node_modules_next_dist_1e8vcs8._.js:776
[  317641ms] [LOG] [Fast Refresh] done in 20ms @ http://localhost:3000/_next/static/chunks/node_modules_next_dist_1e8vcs8._.js:776
[  317688ms] [LOG] [Fast Refresh] done in 20ms @ http://localhost:3000/_next/static/chunks/node_modules_next_dist_1e8vcs8._.js:776
[  317738ms] [LOG] [Fast Refresh] done in 20ms @ http://localhost:3000/_next/static/chunks/node_modules_next_dist_1e8vcs8._.js:776
[  317778ms] [LOG] [Fast Refresh] done in 20ms @ http://localhost:3000/_next/static/chunks/node_modules_next_dist_1e8vcs8._.js:776
[  317821ms] [LOG] [Fast Refresh] done in 20ms @ http://localhost:3000/_next/static/chunks/node_modules_next_dist_1e8vcs8._.js:776
[  317862ms] [LOG] [Fast Refresh] done in 20ms @ http://localhost:3000/_next/static/chunks/node_modules_next_dist_1e8vcs8._.js:776
[  317906ms] [LOG] [Fast Refresh] done in 20ms @ http://localhost:3000/_next/static/chunks/node_modules_next_dist_1e8vcs8._.js:776
[  317954ms] [LOG] [Fast Refresh] done in 20ms @ http://localhost:3000/_next/static/chunks/node_modules_next_dist_1e8vcs8._.js:776
[  317995ms] [LOG] [Fast Refresh] done in 20ms @ http://localhost:3000/_next/static/chunks/node_modules_next_dist_1e8vcs8._.js:776
[  318038ms] [LOG] [Fast Refresh] done in 20ms @ http://localhost:3000/_next/static/chunks/node_modules_next_dist_1e8vcs8._.js:776
[  318081ms] [LOG] [Fast Refresh] done in 20ms @ http://localhost:3000/_next/static/chunks/node_modules_next_dist_1e8vcs8._.js:776
[  318129ms] [LOG] [Fast Refresh] done in 20ms @ http://localhost:3000/_next/static/chunks/node_modules_next_dist_1e8vcs8._.js:776
[  318172ms] [LOG] [Fast Refresh] done in 20ms @ http://localhost:3000/_next/static/chunks/node_modules_next_dist_1e8vcs8._.js:776
[  318221ms] [LOG] [Fast Refresh] done in 20ms @ http://localhost:3000/_next/static/chunks/node_modules_next_dist_1e8vcs8._.js:776
[  318267ms] [LOG] [Fast Refresh] done in 20ms @ http://localhost:3000/_next/static/chunks/node_modules_next_dist_1e8vcs8._.js:776
[  318322ms] [LOG] [Fast Refresh] done in 20ms @ http://localhost:3000/_next/static/chunks/node_modules_next_dist_1e8vcs8._.js:776
[  318361ms] [LOG] [Fast Refresh] done in 20ms @ http://localhost:3000/_next/static/chunks/node_modules_next_dist_1e8vcs8._.js:776
[  318404ms] [LOG] [Fast Refresh] done in 20ms @ http://localhost:3000/_next/static/chunks/node_modules_next_dist_1e8vcs8._.js:776
[  318452ms] [LOG] [Fast Refresh] done in 20ms @ http://localhost:3000/_next/static/chunks/node_modules_next_dist_1e8vcs8._.js:776
[  318497ms] [LOG] [Fast Refresh] done in 20ms @ http://localhost:3000/_next/static/chunks/node_modules_next_dist_1e8vcs8._.js:776
[  318538ms] [LOG] [Fast Refresh] done in 20ms @ http://localhost:3000/_next/static/chunks/node_modules_next_dist_1e8vcs8._.js:776
[  318576ms] [LOG] [Fast Refresh] done in 20ms @ http://localhost:3000/_next/static/chunks/node_modules_next_dist_1e8vcs8._.js:776
[  318621ms] [LOG] [Fast Refresh] done in 20ms @ http://localhost:3000/_next/static/chunks/node_modules_next_dist_1e8vcs8._.js:776
[  318671ms] [LOG] [Fast Refresh] done in 20ms @ http://localhost:3000/_next/static/chunks/node_modules_next_dist_1e8vcs8._.js:776
[  318711ms] [LOG] [Fast Refresh] done in 20ms @ http://localhost:3000/_next/static/chunks/node_modules_next_dist_1e8vcs8._.js:776
[  318754ms] [LOG] [Fast Refresh] done in 20ms @ http://localhost:3000/_next/static/chunks/node_modules_next_dist_1e8vcs8._.js:776
[  318795ms] [LOG] [Fast Refresh] done in 20ms @ http://localhost:3000/_next/static/chunks/node_modules_next_dist_1e8vcs8._.js:776
[  318838ms] [LOG] [Fast Refresh] done in 20ms @ http://localhost:3000/_next/static/chunks/node_modules_next_dist_1e8vcs8._.js:776
[  318888ms] [LOG] [Fast Refresh] done in 20ms @ http://localhost:3000/_next/static/chunks/node_modules_next_dist_1e8vcs8._.js:776
[  318942ms] [LOG] [Fast Refresh] done in 20ms @ http://localhost:3000/_next/static/chunks/node_modules_next_dist_1e8vcs8._.js:776
[  318988ms] [LOG] [Fast Refresh] done in 20ms @ http://localhost:3000/_next/static/chunks/node_modules_next_dist_1e8vcs8._.js:776
[  319031ms] [LOG] [Fast Refresh] done in 20ms @ http://localhost:3000/_next/static/chunks/node_modules_next_dist_1e8vcs8._.js:776
[  319071ms] [LOG] [Fast Refresh] done in 20ms @ http://localhost:3000/_next/static/chunks/node_modules_next_dist_1e8vcs8._.js:776
[  319112ms] [LOG] [Fast Refresh] done in 20ms @ http://localhost:3000/_next/static/chunks/node_modules_next_dist_1e8vcs8._.js:776
[  319154ms] [LOG] [Fast Refresh] done in 20ms @ http://localhost:3000/_next/static/chunks/node_modules_next_dist_1e8vcs8._.js:776
[  319204ms] [LOG] [Fast Refresh] done in 20ms @ http://localhost:3000/_next/static/chunks/node_modules_next_dist_1e8vcs8._.js:776
[  319245ms] [LOG] [Fast Refresh] done in 20ms @ http://localhost:3000/_next/static/chunks/node_modules_next_dist_1e8vcs8._.js:776
[  319288ms] [LOG] [Fast Refresh] done in 20ms @ http://localhost:3000/_next/static/chunks/node_modules_next_dist_1e8vcs8._.js:776
[  319328ms] [LOG] [Fast Refresh] done in 20ms @ http://localhost:3000/_next/static/chunks/node_modules_next_dist_1e8vcs8._.js:776
[  319378ms] [LOG] [Fast Refresh] done in 20ms @ http://localhost:3000/_next/static/chunks/node_modules_next_dist_1e8vcs8._.js:776
[  319421ms] [LOG] [Fast Refresh] done in 20ms @ http://localhost:3000/_next/static/chunks/node_modules_next_dist_1e8vcs8._.js:776
[  319461ms] [LOG] [Fast Refresh] done in 20ms @ http://localhost:3000/_next/static/chunks/node_modules_next_dist_1e8vcs8._.js:776
[  319505ms] [LOG] [Fast Refresh] done in 20ms @ http://localhost:3000/_next/static/chunks/node_modules_next_dist_1e8vcs8._.js:776
[  319545ms] [LOG] [Fast Refresh] done in 20ms @ http://localhost:3000/_next/static/chunks/node_modules_next_dist_1e8vcs8._.js:776
[  319588ms] [LOG] [Fast Refresh] done in 20ms @ http://localhost:3000/_next/static/chunks/node_modules_next_dist_1e8vcs8._.js:776
[  319628ms] [LOG] [Fast Refresh] done in 20ms @ http://localhost:3000/_next/static/chunks/node_modules_next_dist_1e8vcs8._.js:776
[  319671ms] [LOG] [Fast Refresh] done in 20ms @ http://localhost:3000/_next/static/chunks/node_modules_next_dist_1e8vcs8._.js:776
[  319720ms] [LOG] [Fast Refresh] done in 20ms @ http://localhost:3000/_next/static/chunks/node_modules_next_dist_1e8vcs8._.js:776
[  319762ms] [LOG] [Fast Refresh] done in 20ms @ http://localhost:3000/_next/static/chunks/node_modules_next_dist_1e8vcs8._.js:776
[  319808ms] [LOG] [Fast Refresh] done in 20ms @ http://localhost:3000/_next/static/chunks/node_modules_next_dist_1e8vcs8._.js:776
[  319855ms] [LOG] [Fast Refresh] done in 20ms @ http://localhost:3000/_next/static/chunks/node_modules_next_dist_1e8vcs8._.js:776
[  319895ms] [LOG] [Fast Refresh] done in 20ms @ http://localhost:3000/_next/static/chunks/node_modules_next_dist_1e8vcs8._.js:776
[  319941ms] [LOG] [Fast Refresh] done in 20ms @ http://localhost:3000/_next/static/chunks/node_modules_next_dist_1e8vcs8._.js:776
[  319988ms] [LOG] [Fast Refresh] done in 20ms @ http://localhost:3000/_next/static/chunks/node_modules_next_dist_1e8vcs8._.js:776
[  320028ms] [LOG] [Fast Refresh] done in 20ms @ http://localhost:3000/_next/static/chunks/node_modules_next_dist_1e8vcs8._.js:776
[  320071ms] [LOG] [Fast Refresh] done in 20ms @ http://localhost:3000/_next/static/chunks/node_modules_next_dist_1e8vcs8._.js:776
[  320121ms] [LOG] [Fast Refresh] done in 20ms @ http://localhost:3000/_next/static/chunks/node_modules_next_dist_1e8vcs8._.js:776
[  320162ms] [LOG] [Fast Refresh] done in 20ms @ http://localhost:3000/_next/static/chunks/node_modules_next_dist_1e8vcs8._.js:776
[  320204ms] [LOG] [Fast Refresh] done in 20ms @ http://localhost:3000/_next/static/chunks/node_modules_next_dist_1e8vcs8._.js:776
[  320245ms] [LOG] [Fast Refresh] done in 20ms @ http://localhost:3000/_next/static/chunks/node_modules_next_dist_1e8vcs8._.js:776
[  320289ms] [LOG] [Fast Refresh] done in 20ms @ http://localhost:3000/_next/static/chunks/node_modules_next_dist_1e8vcs8._.js:776
[  320328ms] [LOG] [Fast Refresh] done in 20ms @ http://localhost:3000/_next/static/chunks/node_modules_next_dist_1e8vcs8._.js:776
[  320372ms] [LOG] [Fast Refresh] done in 20ms @ http://localhost:3000/_next/static/chunks/node_modules_next_dist_1e8vcs8._.js:776
[  320411ms] [LOG] [Fast Refresh] done in 20ms @ http://localhost:3000/_next/static/chunks/node_modules_next_dist_1e8vcs8._.js:776
[  320462ms] [LOG] [Fast Refresh] done in 20ms @ http://localhost:3000/_next/static/chunks/node_modules_next_dist_1e8vcs8._.js:776
[  320504ms] [LOG] [Fast Refresh] done in 20ms @ http://localhost:3000/_next/static/chunks/node_modules_next_dist_1e8vcs8._.js:776
[  320555ms] [LOG] [Fast Refresh] done in 20ms @ http://localhost:3000/_next/static/chunks/node_modules_next_dist_1e8vcs8._.js:776
[  320595ms] [LOG] [Fast Refresh] done in 20ms @ http://localhost:3000/_next/static/chunks/node_modules_next_dist_1e8vcs8._.js:776
[  320638ms] [LOG] [Fast Refresh] done in 20ms @ http://localhost:3000/_next/static/chunks/node_modules_next_dist_1e8vcs8._.js:776
[  320689ms] [LOG] [Fast Refresh] done in 20ms @ http://localhost:3000/_next/static/chunks/node_modules_next_dist_1e8vcs8._.js:776
[  320738ms] [LOG] [Fast Refresh] done in 20ms @ http://localhost:3000/_next/static/chunks/node_modules_next_dist_1e8vcs8._.js:776
