[     188ms] [INFO] %cDownload the React DevTools for a better development experience: https://react.dev/link/react-devtools font-weight:bold @ http://localhost:3000/_next/static/chunks/node_modules_next_dist_1e8vcs8._.js:776
[     259ms] [LOG] [HMR] connected @ http://localhost:3000/_next/static/chunks/node_modules_next_dist_1e8vcs8._.js:776
[  115698ms] [LOG] [Fast Refresh] rebuilding @ http://localhost:3000/_next/static/chunks/node_modules_next_dist_1e8vcs8._.js:776
[  115786ms] [LOG] [Fast Refresh] done in 15ms @ http://localhost:3000/_next/static/chunks/node_modules_next_dist_1e8vcs8._.js:776
[  115846ms] [LOG] [Fast Refresh] done in 15ms @ http://localhost:3000/_next/static/chunks/node_modules_next_dist_1e8vcs8._.js:776
[  115897ms] [LOG] [Fast Refresh] done in 15ms @ http://localhost:3000/_next/static/chunks/node_modules_next_dist_1e8vcs8._.js:776
[  115960ms] [LOG] [Fast Refresh] done in 15ms @ http://localhost:3000/_next/static/chunks/node_modules_next_dist_1e8vcs8._.js:776
[  116016ms] [LOG] [Fast Refresh] done in 15ms @ http://localhost:3000/_next/static/chunks/node_modules_next_dist_1e8vcs8._.js:776
[  116066ms] [LOG] [Fast Refresh] done in 15ms @ http://localhost:3000/_next/static/chunks/node_modules_next_dist_1e8vcs8._.js:776
[  116109ms] [LOG] [Fast Refresh] done in 15ms @ http://localhost:3000/_next/static/chunks/node_modules_next_dist_1e8vcs8._.js:776
[  116156ms] [LOG] [Fast Refresh] done in 15ms @ http://localhost:3000/_next/static/chunks/node_modules_next_dist_1e8vcs8._.js:776
[  116220ms] [LOG] [Fast Refresh] done in 15ms @ http://localhost:3000/_next/static/chunks/node_modules_next_dist_1e8vcs8._.js:776
[  116267ms] [LOG] [Fast Refresh] done in 15ms @ http://localhost:3000/_next/static/chunks/node_modules_next_dist_1e8vcs8._.js:776
[  116331ms] [LOG] [Fast Refresh] done in 15ms @ http://localhost:3000/_next/static/chunks/node_modules_next_dist_1e8vcs8._.js:776
[  116394ms] [LOG] [Fast Refresh] done in 15ms @ http://localhost:3000/_next/static/chunks/node_modules_next_dist_1e8vcs8._.js:776
[  116458ms] [LOG] [Fast Refresh] done in 15ms @ http://localhost:3000/_next/static/chunks/node_modules_next_dist_1e8vcs8._.js:776
[  116520ms] [LOG] [Fast Refresh] done in 15ms @ http://localhost:3000/_next/static/chunks/node_modules_next_dist_1e8vcs8._.js:776
[  116567ms] [LOG] [Fast Refresh] done in 15ms @ http://localhost:3000/_next/static/chunks/node_modules_next_dist_1e8vcs8._.js:776
[  116630ms] [LOG] [Fast Refresh] done in 15ms @ http://localhost:3000/_next/static/chunks/node_modules_next_dist_1e8vcs8._.js:776
[  116694ms] [LOG] [Fast Refresh] done in 15ms @ http://localhost:3000/_next/static/chunks/node_modules_next_dist_1e8vcs8._.js:776
[  116757ms] [LOG] [Fast Refresh] done in 15ms @ http://localhost:3000/_next/static/chunks/node_modules_next_dist_1e8vcs8._.js:776
[  116806ms] [LOG] [Fast Refresh] done in 15ms @ http://localhost:3000/_next/static/chunks/node_modules_next_dist_1e8vcs8._.js:776
[  116870ms] [LOG] [Fast Refresh] done in 15ms @ http://localhost:3000/_next/static/chunks/node_modules_next_dist_1e8vcs8._.js:776
[  116918ms] [LOG] [Fast Refresh] done in 15ms @ http://localhost:3000/_next/static/chunks/node_modules_next_dist_1e8vcs8._.js:776
[  116966ms] [LOG] [Fast Refresh] done in 15ms @ http://localhost:3000/_next/static/chunks/node_modules_next_dist_1e8vcs8._.js:776
[  117032ms] [LOG] [Fast Refresh] done in 15ms @ http://localhost:3000/_next/static/chunks/node_modules_next_dist_1e8vcs8._.js:776
[  117095ms] [LOG] [Fast Refresh] done in 15ms @ http://localhost:3000/_next/static/chunks/node_modules_next_dist_1e8vcs8._.js:776
[  117144ms] [LOG] [Fast Refresh] done in 15ms @ http://localhost:3000/_next/static/chunks/node_modules_next_dist_1e8vcs8._.js:776
[  117207ms] [LOG] [Fast Refresh] done in 15ms @ http://localhost:3000/_next/static/chunks/node_modules_next_dist_1e8vcs8._.js:776
[  117257ms] [LOG] [Fast Refresh] done in 15ms @ http://localhost:3000/_next/static/chunks/node_modules_next_dist_1e8vcs8._.js:776
[  117321ms] [LOG] [Fast Refresh] done in 15ms @ http://localhost:3000/_next/static/chunks/node_modules_next_dist_1e8vcs8._.js:776
[  117369ms] [LOG] [Fast Refresh] done in 15ms @ http://localhost:3000/_next/static/chunks/node_modules_next_dist_1e8vcs8._.js:776
[  117418ms] [LOG] [Fast Refresh] done in 15ms @ http://localhost:3000/_next/static/chunks/node_modules_next_dist_1e8vcs8._.js:776
[  117482ms] [LOG] [Fast Refresh] done in 15ms @ http://localhost:3000/_next/static/chunks/node_modules_next_dist_1e8vcs8._.js:776
[  117546ms] [LOG] [Fast Refresh] done in 15ms @ http://localhost:3000/_next/static/chunks/node_modules_next_dist_1e8vcs8._.js:776
[  117594ms] [LOG] [Fast Refresh] done in 15ms @ http://localhost:3000/_next/static/chunks/node_modules_next_dist_1e8vcs8._.js:776
[  117647ms] [LOG] [Fast Refresh] done in 15ms @ http://localhost:3000/_next/static/chunks/node_modules_next_dist_1e8vcs8._.js:776
[  117691ms] [LOG] [Fast Refresh] done in 15ms @ http://localhost:3000/_next/static/chunks/node_modules_next_dist_1e8vcs8._.js:776
[  117739ms] [LOG] [Fast Refresh] done in 15ms @ http://localhost:3000/_next/static/chunks/node_modules_next_dist_1e8vcs8._.js:776
[  117802ms] [LOG] [Fast Refresh] done in 15ms @ http://localhost:3000/_next/static/chunks/node_modules_next_dist_1e8vcs8._.js:776
[  117849ms] [LOG] [Fast Refresh] done in 15ms @ http://localhost:3000/_next/static/chunks/node_modules_next_dist_1e8vcs8._.js:776
[  117898ms] [LOG] [Fast Refresh] done in 15ms @ http://localhost:3000/_next/static/chunks/node_modules_next_dist_1e8vcs8._.js:776
[  117949ms] [LOG] [Fast Refresh] done in 15ms @ http://localhost:3000/_next/static/chunks/node_modules_next_dist_1e8vcs8._.js:776
[  117998ms] [LOG] [Fast Refresh] done in 15ms @ http://localhost:3000/_next/static/chunks/node_modules_next_dist_1e8vcs8._.js:776
[  118047ms] [LOG] [Fast Refresh] done in 15ms @ http://localhost:3000/_next/static/chunks/node_modules_next_dist_1e8vcs8._.js:776
[  118094ms] [LOG] [Fast Refresh] done in 15ms @ http://localhost:3000/_next/static/chunks/node_modules_next_dist_1e8vcs8._.js:776
[  118143ms] [LOG] [Fast Refresh] done in 15ms @ http://localhost:3000/_next/static/chunks/node_modules_next_dist_1e8vcs8._.js:776
[  118192ms] [LOG] [Fast Refresh] done in 15ms @ http://localhost:3000/_next/static/chunks/node_modules_next_dist_1e8vcs8._.js:776
[  118242ms] [LOG] [Fast Refresh] done in 15ms @ http://localhost:3000/_next/static/chunks/node_modules_next_dist_1e8vcs8._.js:776
[  118304ms] [LOG] [Fast Refresh] done in 15ms @ http://localhost:3000/_next/static/chunks/node_modules_next_dist_1e8vcs8._.js:776
[  118368ms] [LOG] [Fast Refresh] done in 15ms @ http://localhost:3000/_next/static/chunks/node_modules_next_dist_1e8vcs8._.js:776
[  118416ms] [LOG] [Fast Refresh] done in 15ms @ http://localhost:3000/_next/static/chunks/node_modules_next_dist_1e8vcs8._.js:776
[  118480ms] [LOG] [Fast Refresh] done in 15ms @ http://localhost:3000/_next/static/chunks/node_modules_next_dist_1e8vcs8._.js:776
[  118545ms] [LOG] [Fast Refresh] done in 15ms @ http://localhost:3000/_next/static/chunks/node_modules_next_dist_1e8vcs8._.js:776
[  118609ms] [LOG] [Fast Refresh] done in 15ms @ http://localhost:3000/_next/static/chunks/node_modules_next_dist_1e8vcs8._.js:776
[  118673ms] [LOG] [Fast Refresh] done in 15ms @ http://localhost:3000/_next/static/chunks/node_modules_next_dist_1e8vcs8._.js:776
[  118721ms] [LOG] [Fast Refresh] done in 15ms @ http://localhost:3000/_next/static/chunks/node_modules_next_dist_1e8vcs8._.js:776
[  118770ms] [LOG] [Fast Refresh] done in 15ms @ http://localhost:3000/_next/static/chunks/node_modules_next_dist_1e8vcs8._.js:776
[  118833ms] [LOG] [Fast Refresh] done in 15ms @ http://localhost:3000/_next/static/chunks/node_modules_next_dist_1e8vcs8._.js:776
[  118881ms] [LOG] [Fast Refresh] done in 15ms @ http://localhost:3000/_next/static/chunks/node_modules_next_dist_1e8vcs8._.js:776
[  118930ms] [LOG] [Fast Refresh] done in 15ms @ http://localhost:3000/_next/static/chunks/node_modules_next_dist_1e8vcs8._.js:776
[  118995ms] [LOG] [Fast Refresh] done in 15ms @ http://localhost:3000/_next/static/chunks/node_modules_next_dist_1e8vcs8._.js:776
[  119043ms] [LOG] [Fast Refresh] done in 15ms @ http://localhost:3000/_next/static/chunks/node_modules_next_dist_1e8vcs8._.js:776
[  119092ms] [LOG] [Fast Refresh] done in 15ms @ http://localhost:3000/_next/static/chunks/node_modules_next_dist_1e8vcs8._.js:776
[  119141ms] [LOG] [Fast Refresh] done in 15ms @ http://localhost:3000/_next/static/chunks/node_modules_next_dist_1e8vcs8._.js:776
[  119189ms] [LOG] [Fast Refresh] done in 15ms @ http://localhost:3000/_next/static/chunks/node_modules_next_dist_1e8vcs8._.js:776
[  119237ms] [LOG] [Fast Refresh] done in 15ms @ http://localhost:3000/_next/static/chunks/node_modules_next_dist_1e8vcs8._.js:776
[  119285ms] [LOG] [Fast Refresh] done in 15ms @ http://localhost:3000/_next/static/chunks/node_modules_next_dist_1e8vcs8._.js:776
[  119350ms] [LOG] [Fast Refresh] done in 15ms @ http://localhost:3000/_next/static/chunks/node_modules_next_dist_1e8vcs8._.js:776
[  119398ms] [LOG] [Fast Refresh] done in 15ms @ http://localhost:3000/_next/static/chunks/node_modules_next_dist_1e8vcs8._.js:776
[  119446ms] [LOG] [Fast Refresh] done in 15ms @ http://localhost:3000/_next/static/chunks/node_modules_next_dist_1e8vcs8._.js:776
[  119510ms] [LOG] [Fast Refresh] done in 15ms @ http://localhost:3000/_next/static/chunks/node_modules_next_dist_1e8vcs8._.js:776
[  119558ms] [LOG] [Fast Refresh] done in 15ms @ http://localhost:3000/_next/static/chunks/node_modules_next_dist_1e8vcs8._.js:776
[  119608ms] [LOG] [Fast Refresh] done in 15ms @ http://localhost:3000/_next/static/chunks/node_modules_next_dist_1e8vcs8._.js:776
[  119655ms] [LOG] [Fast Refresh] done in 15ms @ http://localhost:3000/_next/static/chunks/node_modules_next_dist_1e8vcs8._.js:776
[  119705ms] [LOG] [Fast Refresh] done in 15ms @ http://localhost:3000/_next/static/chunks/node_modules_next_dist_1e8vcs8._.js:776
[  119768ms] [LOG] [Fast Refresh] done in 15ms @ http://localhost:3000/_next/static/chunks/node_modules_next_dist_1e8vcs8._.js:776
[  119833ms] [LOG] [Fast Refresh] done in 15ms @ http://localhost:3000/_next/static/chunks/node_modules_next_dist_1e8vcs8._.js:776
[  119895ms] [LOG] [Fast Refresh] done in 15ms @ http://localhost:3000/_next/static/chunks/node_modules_next_dist_1e8vcs8._.js:776
[  119943ms] [LOG] [Fast Refresh] done in 15ms @ http://localhost:3000/_next/static/chunks/node_modules_next_dist_1e8vcs8._.js:776
[  119991ms] [LOG] [Fast Refresh] done in 15ms @ http://localhost:3000/_next/static/chunks/node_modules_next_dist_1e8vcs8._.js:776
[  120055ms] [LOG] [Fast Refresh] done in 15ms @ http://localhost:3000/_next/static/chunks/node_modules_next_dist_1e8vcs8._.js:776
[  120103ms] [LOG] [Fast Refresh] done in 15ms @ http://localhost:3000/_next/static/chunks/node_modules_next_dist_1e8vcs8._.js:776
[  120154ms] [LOG] [Fast Refresh] done in 15ms @ http://localhost:3000/_next/static/chunks/node_modules_next_dist_1e8vcs8._.js:776
[  120205ms] [LOG] [Fast Refresh] done in 15ms @ http://localhost:3000/_next/static/chunks/node_modules_next_dist_1e8vcs8._.js:776
[  120256ms] [LOG] [Fast Refresh] done in 15ms @ http://localhost:3000/_next/static/chunks/node_modules_next_dist_1e8vcs8._.js:776
[  120307ms] [LOG] [Fast Refresh] done in 15ms @ http://localhost:3000/_next/static/chunks/node_modules_next_dist_1e8vcs8._.js:776
[  120361ms] [LOG] [Fast Refresh] done in 15ms @ http://localhost:3000/_next/static/chunks/node_modules_next_dist_1e8vcs8._.js:776
[  120414ms] [LOG] [Fast Refresh] done in 15ms @ http://localhost:3000/_next/static/chunks/node_modules_next_dist_1e8vcs8._.js:776
[  120466ms] [LOG] [Fast Refresh] done in 15ms @ http://localhost:3000/_next/static/chunks/node_modules_next_dist_1e8vcs8._.js:776
[  120519ms] [LOG] [Fast Refresh] done in 15ms @ http://localhost:3000/_next/static/chunks/node_modules_next_dist_1e8vcs8._.js:776
[  120562ms] [LOG] [Fast Refresh] done in 15ms @ http://localhost:3000/_next/static/chunks/node_modules_next_dist_1e8vcs8._.js:776
[  120616ms] [LOG] [Fast Refresh] done in 15ms @ http://localhost:3000/_next/static/chunks/node_modules_next_dist_1e8vcs8._.js:776
[  120658ms] [LOG] [Fast Refresh] done in 15ms @ http://localhost:3000/_next/static/chunks/node_modules_next_dist_1e8vcs8._.js:776
[  120701ms] [LOG] [Fast Refresh] done in 15ms @ http://localhost:3000/_next/static/chunks/node_modules_next_dist_1e8vcs8._.js:776
[  120754ms] [LOG] [Fast Refresh] done in 15ms @ http://localhost:3000/_next/static/chunks/node_modules_next_dist_1e8vcs8._.js:776
[  120796ms] [LOG] [Fast Refresh] done in 15ms @ http://localhost:3000/_next/static/chunks/node_modules_next_dist_1e8vcs8._.js:776
[  120839ms] [LOG] [Fast Refresh] done in 15ms @ http://localhost:3000/_next/static/chunks/node_modules_next_dist_1e8vcs8._.js:776
[  120885ms] [LOG] [Fast Refresh] done in 15ms @ http://localhost:3000/_next/static/chunks/node_modules_next_dist_1e8vcs8._.js:776
[  120926ms] [LOG] [Fast Refresh] done in 15ms @ http://localhost:3000/_next/static/chunks/node_modules_next_dist_1e8vcs8._.js:776
[  120980ms] [LOG] [Fast Refresh] done in 15ms @ http://localhost:3000/_next/static/chunks/node_modules_next_dist_1e8vcs8._.js:776
[  121033ms] [LOG] [Fast Refresh] done in 15ms @ http://localhost:3000/_next/static/chunks/node_modules_next_dist_1e8vcs8._.js:776
[  121077ms] [LOG] [Fast Refresh] done in 15ms @ http://localhost:3000/_next/static/chunks/node_modules_next_dist_1e8vcs8._.js:776
[  121134ms] [LOG] [Fast Refresh] done in 15ms @ http://localhost:3000/_next/static/chunks/node_modules_next_dist_1e8vcs8._.js:776
[  121177ms] [LOG] [Fast Refresh] done in 15ms @ http://localhost:3000/_next/static/chunks/node_modules_next_dist_1e8vcs8._.js:776
[  121217ms] [LOG] [Fast Refresh] done in 15ms @ http://localhost:3000/_next/static/chunks/node_modules_next_dist_1e8vcs8._.js:776
[  121264ms] [LOG] [Fast Refresh] done in 15ms @ http://localhost:3000/_next/static/chunks/node_modules_next_dist_1e8vcs8._.js:776
[  121313ms] [LOG] [Fast Refresh] done in 15ms @ http://localhost:3000/_next/static/chunks/node_modules_next_dist_1e8vcs8._.js:776
[  121366ms] [LOG] [Fast Refresh] done in 15ms @ http://localhost:3000/_next/static/chunks/node_modules_next_dist_1e8vcs8._.js:776
[  121420ms] [LOG] [Fast Refresh] done in 15ms @ http://localhost:3000/_next/static/chunks/node_modules_next_dist_1e8vcs8._.js:776
[  121465ms] [LOG] [Fast Refresh] done in 15ms @ http://localhost:3000/_next/static/chunks/node_modules_next_dist_1e8vcs8._.js:776
[  121516ms] [LOG] [Fast Refresh] done in 15ms @ http://localhost:3000/_next/static/chunks/node_modules_next_dist_1e8vcs8._.js:776
[  121559ms] [LOG] [Fast Refresh] done in 15ms @ http://localhost:3000/_next/static/chunks/node_modules_next_dist_1e8vcs8._.js:776
[  121601ms] [LOG] [Fast Refresh] done in 15ms @ http://localhost:3000/_next/static/chunks/node_modules_next_dist_1e8vcs8._.js:776
[  121652ms] [LOG] [Fast Refresh] done in 15ms @ http://localhost:3000/_next/static/chunks/node_modules_next_dist_1e8vcs8._.js:776
[  121697ms] [LOG] [Fast Refresh] done in 15ms @ http://localhost:3000/_next/static/chunks/node_modules_next_dist_1e8vcs8._.js:776
[  121749ms] [LOG] [Fast Refresh] done in 15ms @ http://localhost:3000/_next/static/chunks/node_modules_next_dist_1e8vcs8._.js:776
[  121800ms] [LOG] [Fast Refresh] done in 15ms @ http://localhost:3000/_next/static/chunks/node_modules_next_dist_1e8vcs8._.js:776
[  121844ms] [LOG] [Fast Refresh] done in 15ms @ http://localhost:3000/_next/static/chunks/node_modules_next_dist_1e8vcs8._.js:776
[  121906ms] [LOG] [Fast Refresh] done in 15ms @ http://localhost:3000/_next/static/chunks/node_modules_next_dist_1e8vcs8._.js:776
[  121960ms] [LOG] [Fast Refresh] done in 15ms @ http://localhost:3000/_next/static/chunks/node_modules_next_dist_1e8vcs8._.js:776
[  122010ms] [LOG] [Fast Refresh] done in 15ms @ http://localhost:3000/_next/static/chunks/node_modules_next_dist_1e8vcs8._.js:776
[  122062ms] [LOG] [Fast Refresh] done in 15ms @ http://localhost:3000/_next/static/chunks/node_modules_next_dist_1e8vcs8._.js:776
[  122119ms] [LOG] [Fast Refresh] done in 15ms @ http://localhost:3000/_next/static/chunks/node_modules_next_dist_1e8vcs8._.js:776
[  122173ms] [LOG] [Fast Refresh] done in 15ms @ http://localhost:3000/_next/static/chunks/node_modules_next_dist_1e8vcs8._.js:776
[  122215ms] [LOG] [Fast Refresh] done in 15ms @ http://localhost:3000/_next/static/chunks/node_modules_next_dist_1e8vcs8._.js:776
[  122267ms] [LOG] [Fast Refresh] done in 15ms @ http://localhost:3000/_next/static/chunks/node_modules_next_dist_1e8vcs8._.js:776
[  122314ms] [LOG] [Fast Refresh] done in 15ms @ http://localhost:3000/_next/static/chunks/node_modules_next_dist_1e8vcs8._.js:776
[  122366ms] [LOG] [Fast Refresh] done in 15ms @ http://localhost:3000/_next/static/chunks/node_modules_next_dist_1e8vcs8._.js:776
[  122418ms] [LOG] [Fast Refresh] done in 15ms @ http://localhost:3000/_next/static/chunks/node_modules_next_dist_1e8vcs8._.js:776
[  122470ms] [LOG] [Fast Refresh] done in 15ms @ http://localhost:3000/_next/static/chunks/node_modules_next_dist_1e8vcs8._.js:776
[  122520ms] [LOG] [Fast Refresh] done in 15ms @ http://localhost:3000/_next/static/chunks/node_modules_next_dist_1e8vcs8._.js:776
[  122572ms] [LOG] [Fast Refresh] done in 15ms @ http://localhost:3000/_next/static/chunks/node_modules_next_dist_1e8vcs8._.js:776
[  122618ms] [LOG] [Fast Refresh] done in 15ms @ http://localhost:3000/_next/static/chunks/node_modules_next_dist_1e8vcs8._.js:776
[  122671ms] [LOG] [Fast Refresh] done in 15ms @ http://localhost:3000/_next/static/chunks/node_modules_next_dist_1e8vcs8._.js:776
[  122734ms] [LOG] [Fast Refresh] done in 15ms @ http://localhost:3000/_next/static/chunks/node_modules_next_dist_1e8vcs8._.js:776
[  122785ms] [LOG] [Fast Refresh] done in 15ms @ http://localhost:3000/_next/static/chunks/node_modules_next_dist_1e8vcs8._.js:776
[  122835ms] [LOG] [Fast Refresh] done in 15ms @ http://localhost:3000/_next/static/chunks/node_modules_next_dist_1e8vcs8._.js:776
[  122879ms] [LOG] [Fast Refresh] done in 15ms @ http://localhost:3000/_next/static/chunks/node_modules_next_dist_1e8vcs8._.js:776
[  122931ms] [LOG] [Fast Refresh] done in 15ms @ http://localhost:3000/_next/static/chunks/node_modules_next_dist_1e8vcs8._.js:776
[  122972ms] [LOG] [Fast Refresh] done in 15ms @ http://localhost:3000/_next/static/chunks/node_modules_next_dist_1e8vcs8._.js:776
[  123017ms] [LOG] [Fast Refresh] done in 15ms @ http://localhost:3000/_next/static/chunks/node_modules_next_dist_1e8vcs8._.js:776
[  123062ms] [LOG] [Fast Refresh] done in 15ms @ http://localhost:3000/_next/static/chunks/node_modules_next_dist_1e8vcs8._.js:776
[  123114ms] [LOG] [Fast Refresh] done in 15ms @ http://localhost:3000/_next/static/chunks/node_modules_next_dist_1e8vcs8._.js:776
[  123166ms] [LOG] [Fast Refresh] done in 15ms @ http://localhost:3000/_next/static/chunks/node_modules_next_dist_1e8vcs8._.js:776
[  123209ms] [LOG] [Fast Refresh] done in 15ms @ http://localhost:3000/_next/static/chunks/node_modules_next_dist_1e8vcs8._.js:776
[  123269ms] [LOG] [Fast Refresh] done in 15ms @ http://localhost:3000/_next/static/chunks/node_modules_next_dist_1e8vcs8._.js:776
[  123312ms] [LOG] [Fast Refresh] done in 15ms @ http://localhost:3000/_next/static/chunks/node_modules_next_dist_1e8vcs8._.js:776
[  123358ms] [LOG] [Fast Refresh] done in 15ms @ http://localhost:3000/_next/static/chunks/node_modules_next_dist_1e8vcs8._.js:776
[  123411ms] [LOG] [Fast Refresh] done in 15ms @ http://localhost:3000/_next/static/chunks/node_modules_next_dist_1e8vcs8._.js:776
[  123461ms] [LOG] [Fast Refresh] done in 15ms @ http://localhost:3000/_next/static/chunks/node_modules_next_dist_1e8vcs8._.js:776
[  123511ms] [LOG] [Fast Refresh] done in 15ms @ http://localhost:3000/_next/static/chunks/node_modules_next_dist_1e8vcs8._.js:776
[  123569ms] [LOG] [Fast Refresh] done in 15ms @ http://localhost:3000/_next/static/chunks/node_modules_next_dist_1e8vcs8._.js:776
[  123628ms] [LOG] [Fast Refresh] done in 15ms @ http://localhost:3000/_next/static/chunks/node_modules_next_dist_1e8vcs8._.js:776
[  123676ms] [LOG] [Fast Refresh] done in 15ms @ http://localhost:3000/_next/static/chunks/node_modules_next_dist_1e8vcs8._.js:776
[  123725ms] [LOG] [Fast Refresh] done in 15ms @ http://localhost:3000/_next/static/chunks/node_modules_next_dist_1e8vcs8._.js:776
[  123774ms] [LOG] [Fast Refresh] done in 15ms @ http://localhost:3000/_next/static/chunks/node_modules_next_dist_1e8vcs8._.js:776
[  123838ms] [LOG] [Fast Refresh] done in 15ms @ http://localhost:3000/_next/static/chunks/node_modules_next_dist_1e8vcs8._.js:776
[  123886ms] [LOG] [Fast Refresh] done in 15ms @ http://localhost:3000/_next/static/chunks/node_modules_next_dist_1e8vcs8._.js:776
[  123934ms] [LOG] [Fast Refresh] done in 15ms @ http://localhost:3000/_next/static/chunks/node_modules_next_dist_1e8vcs8._.js:776
[  123982ms] [LOG] [Fast Refresh] done in 15ms @ http://localhost:3000/_next/static/chunks/node_modules_next_dist_1e8vcs8._.js:776
[  124031ms] [LOG] [Fast Refresh] done in 15ms @ http://localhost:3000/_next/static/chunks/node_modules_next_dist_1e8vcs8._.js:776
[  124080ms] [LOG] [Fast Refresh] done in 15ms @ http://localhost:3000/_next/static/chunks/node_modules_next_dist_1e8vcs8._.js:776
[  124128ms] [LOG] [Fast Refresh] done in 15ms @ http://localhost:3000/_next/static/chunks/node_modules_next_dist_1e8vcs8._.js:776
[  124177ms] [LOG] [Fast Refresh] done in 15ms @ http://localhost:3000/_next/static/chunks/node_modules_next_dist_1e8vcs8._.js:776
[  124227ms] [LOG] [Fast Refresh] done in 15ms @ http://localhost:3000/_next/static/chunks/node_modules_next_dist_1e8vcs8._.js:776
[  124275ms] [LOG] [Fast Refresh] done in 15ms @ http://localhost:3000/_next/static/chunks/node_modules_next_dist_1e8vcs8._.js:776
[  124324ms] [LOG] [Fast Refresh] done in 15ms @ http://localhost:3000/_next/static/chunks/node_modules_next_dist_1e8vcs8._.js:776
[  124373ms] [LOG] [Fast Refresh] done in 15ms @ http://localhost:3000/_next/static/chunks/node_modules_next_dist_1e8vcs8._.js:776
[  124423ms] [LOG] [Fast Refresh] done in 15ms @ http://localhost:3000/_next/static/chunks/node_modules_next_dist_1e8vcs8._.js:776
[  124472ms] [LOG] [Fast Refresh] done in 15ms @ http://localhost:3000/_next/static/chunks/node_modules_next_dist_1e8vcs8._.js:776
[  124519ms] [LOG] [Fast Refresh] done in 15ms @ http://localhost:3000/_next/static/chunks/node_modules_next_dist_1e8vcs8._.js:776
[  124583ms] [LOG] [Fast Refresh] done in 15ms @ http://localhost:3000/_next/static/chunks/node_modules_next_dist_1e8vcs8._.js:776
[  124647ms] [LOG] [Fast Refresh] done in 15ms @ http://localhost:3000/_next/static/chunks/node_modules_next_dist_1e8vcs8._.js:776
[  124697ms] [LOG] [Fast Refresh] done in 15ms @ http://localhost:3000/_next/static/chunks/node_modules_next_dist_1e8vcs8._.js:776
[  124746ms] [LOG] [Fast Refresh] done in 15ms @ http://localhost:3000/_next/static/chunks/node_modules_next_dist_1e8vcs8._.js:776
[  124794ms] [LOG] [Fast Refresh] done in 15ms @ http://localhost:3000/_next/static/chunks/node_modules_next_dist_1e8vcs8._.js:776
[  124844ms] [LOG] [Fast Refresh] done in 15ms @ http://localhost:3000/_next/static/chunks/node_modules_next_dist_1e8vcs8._.js:776
[  124890ms] [LOG] [Fast Refresh] done in 15ms @ http://localhost:3000/_next/static/chunks/node_modules_next_dist_1e8vcs8._.js:776
[  124939ms] [LOG] [Fast Refresh] done in 15ms @ http://localhost:3000/_next/static/chunks/node_modules_next_dist_1e8vcs8._.js:776
[  124988ms] [LOG] [Fast Refresh] done in 15ms @ http://localhost:3000/_next/static/chunks/node_modules_next_dist_1e8vcs8._.js:776
[  125037ms] [LOG] [Fast Refresh] done in 15ms @ http://localhost:3000/_next/static/chunks/node_modules_next_dist_1e8vcs8._.js:776
[  125100ms] [LOG] [Fast Refresh] done in 15ms @ http://localhost:3000/_next/static/chunks/node_modules_next_dist_1e8vcs8._.js:776
[  125150ms] [LOG] [Fast Refresh] done in 15ms @ http://localhost:3000/_next/static/chunks/node_modules_next_dist_1e8vcs8._.js:776
[  125198ms] [LOG] [Fast Refresh] done in 15ms @ http://localhost:3000/_next/static/chunks/node_modules_next_dist_1e8vcs8._.js:776
[  125248ms] [LOG] [Fast Refresh] done in 15ms @ http://localhost:3000/_next/static/chunks/node_modules_next_dist_1e8vcs8._.js:776
[  125296ms] [LOG] [Fast Refresh] done in 15ms @ http://localhost:3000/_next/static/chunks/node_modules_next_dist_1e8vcs8._.js:776
[  125344ms] [LOG] [Fast Refresh] done in 15ms @ http://localhost:3000/_next/static/chunks/node_modules_next_dist_1e8vcs8._.js:776
[  125407ms] [LOG] [Fast Refresh] done in 15ms @ http://localhost:3000/_next/static/chunks/node_modules_next_dist_1e8vcs8._.js:776
[  125455ms] [LOG] [Fast Refresh] done in 15ms @ http://localhost:3000/_next/static/chunks/node_modules_next_dist_1e8vcs8._.js:776
[  125518ms] [LOG] [Fast Refresh] done in 15ms @ http://localhost:3000/_next/static/chunks/node_modules_next_dist_1e8vcs8._.js:776
[  125567ms] [LOG] [Fast Refresh] done in 15ms @ http://localhost:3000/_next/static/chunks/node_modules_next_dist_1e8vcs8._.js:776
[  125614ms] [LOG] [Fast Refresh] done in 15ms @ http://localhost:3000/_next/static/chunks/node_modules_next_dist_1e8vcs8._.js:776
[  125662ms] [LOG] [Fast Refresh] done in 15ms @ http://localhost:3000/_next/static/chunks/node_modules_next_dist_1e8vcs8._.js:776
[  125726ms] [LOG] [Fast Refresh] done in 15ms @ http://localhost:3000/_next/static/chunks/node_modules_next_dist_1e8vcs8._.js:776
[  125774ms] [LOG] [Fast Refresh] done in 15ms @ http://localhost:3000/_next/static/chunks/node_modules_next_dist_1e8vcs8._.js:776
[  125823ms] [LOG] [Fast Refresh] done in 15ms @ http://localhost:3000/_next/static/chunks/node_modules_next_dist_1e8vcs8._.js:776
[  125872ms] [LOG] [Fast Refresh] done in 15ms @ http://localhost:3000/_next/static/chunks/node_modules_next_dist_1e8vcs8._.js:776
[  125921ms] [LOG] [Fast Refresh] done in 15ms @ http://localhost:3000/_next/static/chunks/node_modules_next_dist_1e8vcs8._.js:776
[  125969ms] [LOG] [Fast Refresh] done in 15ms @ http://localhost:3000/_next/static/chunks/node_modules_next_dist_1e8vcs8._.js:776
[  126033ms] [LOG] [Fast Refresh] done in 15ms @ http://localhost:3000/_next/static/chunks/node_modules_next_dist_1e8vcs8._.js:776
[  126082ms] [LOG] [Fast Refresh] done in 15ms @ http://localhost:3000/_next/static/chunks/node_modules_next_dist_1e8vcs8._.js:776
[  126131ms] [LOG] [Fast Refresh] done in 15ms @ http://localhost:3000/_next/static/chunks/node_modules_next_dist_1e8vcs8._.js:776
[  126180ms] [LOG] [Fast Refresh] done in 15ms @ http://localhost:3000/_next/static/chunks/node_modules_next_dist_1e8vcs8._.js:776
[  126230ms] [LOG] [Fast Refresh] done in 15ms @ http://localhost:3000/_next/static/chunks/node_modules_next_dist_1e8vcs8._.js:776
[  126280ms] [LOG] [Fast Refresh] done in 15ms @ http://localhost:3000/_next/static/chunks/node_modules_next_dist_1e8vcs8._.js:776
[  126329ms] [LOG] [Fast Refresh] done in 15ms @ http://localhost:3000/_next/static/chunks/node_modules_next_dist_1e8vcs8._.js:776
[  126378ms] [LOG] [Fast Refresh] done in 15ms @ http://localhost:3000/_next/static/chunks/node_modules_next_dist_1e8vcs8._.js:776
[  126427ms] [LOG] [Fast Refresh] done in 15ms @ http://localhost:3000/_next/static/chunks/node_modules_next_dist_1e8vcs8._.js:776
[  126476ms] [LOG] [Fast Refresh] done in 15ms @ http://localhost:3000/_next/static/chunks/node_modules_next_dist_1e8vcs8._.js:776
[  126524ms] [LOG] [Fast Refresh] done in 15ms @ http://localhost:3000/_next/static/chunks/node_modules_next_dist_1e8vcs8._.js:776
[  126573ms] [LOG] [Fast Refresh] done in 15ms @ http://localhost:3000/_next/static/chunks/node_modules_next_dist_1e8vcs8._.js:776
[  126620ms] [LOG] [Fast Refresh] done in 15ms @ http://localhost:3000/_next/static/chunks/node_modules_next_dist_1e8vcs8._.js:776
[  126669ms] [LOG] [Fast Refresh] done in 15ms @ http://localhost:3000/_next/static/chunks/node_modules_next_dist_1e8vcs8._.js:776
[  126717ms] [LOG] [Fast Refresh] done in 15ms @ http://localhost:3000/_next/static/chunks/node_modules_next_dist_1e8vcs8._.js:776
[  126766ms] [LOG] [Fast Refresh] done in 15ms @ http://localhost:3000/_next/static/chunks/node_modules_next_dist_1e8vcs8._.js:776
[  126814ms] [LOG] [Fast Refresh] done in 15ms @ http://localhost:3000/_next/static/chunks/node_modules_next_dist_1e8vcs8._.js:776
[  126863ms] [LOG] [Fast Refresh] done in 15ms @ http://localhost:3000/_next/static/chunks/node_modules_next_dist_1e8vcs8._.js:776
[  126928ms] [LOG] [Fast Refresh] done in 15ms @ http://localhost:3000/_next/static/chunks/node_modules_next_dist_1e8vcs8._.js:776
[  126977ms] [LOG] [Fast Refresh] done in 15ms @ http://localhost:3000/_next/static/chunks/node_modules_next_dist_1e8vcs8._.js:776
[  127027ms] [LOG] [Fast Refresh] done in 15ms @ http://localhost:3000/_next/static/chunks/node_modules_next_dist_1e8vcs8._.js:776
[  127076ms] [LOG] [Fast Refresh] done in 15ms @ http://localhost:3000/_next/static/chunks/node_modules_next_dist_1e8vcs8._.js:776
[  127125ms] [LOG] [Fast Refresh] done in 15ms @ http://localhost:3000/_next/static/chunks/node_modules_next_dist_1e8vcs8._.js:776
[  127174ms] [LOG] [Fast Refresh] done in 15ms @ http://localhost:3000/_next/static/chunks/node_modules_next_dist_1e8vcs8._.js:776
[  127222ms] [LOG] [Fast Refresh] done in 15ms @ http://localhost:3000/_next/static/chunks/node_modules_next_dist_1e8vcs8._.js:776
[  127271ms] [LOG] [Fast Refresh] done in 15ms @ http://localhost:3000/_next/static/chunks/node_modules_next_dist_1e8vcs8._.js:776
[  127319ms] [LOG] [Fast Refresh] done in 15ms @ http://localhost:3000/_next/static/chunks/node_modules_next_dist_1e8vcs8._.js:776
[  127383ms] [LOG] [Fast Refresh] done in 15ms @ http://localhost:3000/_next/static/chunks/node_modules_next_dist_1e8vcs8._.js:776
[  127448ms] [LOG] [Fast Refresh] done in 15ms @ http://localhost:3000/_next/static/chunks/node_modules_next_dist_1e8vcs8._.js:776
[  127512ms] [LOG] [Fast Refresh] done in 15ms @ http://localhost:3000/_next/static/chunks/node_modules_next_dist_1e8vcs8._.js:776
[  127561ms] [LOG] [Fast Refresh] done in 15ms @ http://localhost:3000/_next/static/chunks/node_modules_next_dist_1e8vcs8._.js:776
[  127611ms] [LOG] [Fast Refresh] done in 15ms @ http://localhost:3000/_next/static/chunks/node_modules_next_dist_1e8vcs8._.js:776
[  127659ms] [LOG] [Fast Refresh] done in 15ms @ http://localhost:3000/_next/static/chunks/node_modules_next_dist_1e8vcs8._.js:776
[  127723ms] [LOG] [Fast Refresh] done in 15ms @ http://localhost:3000/_next/static/chunks/node_modules_next_dist_1e8vcs8._.js:776
[  127772ms] [LOG] [Fast Refresh] done in 15ms @ http://localhost:3000/_next/static/chunks/node_modules_next_dist_1e8vcs8._.js:776
[  127821ms] [LOG] [Fast Refresh] done in 15ms @ http://localhost:3000/_next/static/chunks/node_modules_next_dist_1e8vcs8._.js:776
[  127869ms] [LOG] [Fast Refresh] done in 15ms @ http://localhost:3000/_next/static/chunks/node_modules_next_dist_1e8vcs8._.js:776
[  127917ms] [LOG] [Fast Refresh] done in 15ms @ http://localhost:3000/_next/static/chunks/node_modules_next_dist_1e8vcs8._.js:776
[  127967ms] [LOG] [Fast Refresh] done in 15ms @ http://localhost:3000/_next/static/chunks/node_modules_next_dist_1e8vcs8._.js:776
[  128015ms] [LOG] [Fast Refresh] done in 15ms @ http://localhost:3000/_next/static/chunks/node_modules_next_dist_1e8vcs8._.js:776
[  128065ms] [LOG] [Fast Refresh] done in 15ms @ http://localhost:3000/_next/static/chunks/node_modules_next_dist_1e8vcs8._.js:776
[  128114ms] [LOG] [Fast Refresh] done in 15ms @ http://localhost:3000/_next/static/chunks/node_modules_next_dist_1e8vcs8._.js:776
[  128165ms] [LOG] [Fast Refresh] done in 15ms @ http://localhost:3000/_next/static/chunks/node_modules_next_dist_1e8vcs8._.js:776
[  128212ms] [LOG] [Fast Refresh] done in 15ms @ http://localhost:3000/_next/static/chunks/node_modules_next_dist_1e8vcs8._.js:776
[  128261ms] [LOG] [Fast Refresh] done in 15ms @ http://localhost:3000/_next/static/chunks/node_modules_next_dist_1e8vcs8._.js:776
[  128310ms] [LOG] [Fast Refresh] done in 15ms @ http://localhost:3000/_next/static/chunks/node_modules_next_dist_1e8vcs8._.js:776
[  128360ms] [LOG] [Fast Refresh] done in 15ms @ http://localhost:3000/_next/static/chunks/node_modules_next_dist_1e8vcs8._.js:776
[  128409ms] [LOG] [Fast Refresh] done in 15ms @ http://localhost:3000/_next/static/chunks/node_modules_next_dist_1e8vcs8._.js:776
[  128458ms] [LOG] [Fast Refresh] done in 15ms @ http://localhost:3000/_next/static/chunks/node_modules_next_dist_1e8vcs8._.js:776
[  128507ms] [LOG] [Fast Refresh] done in 15ms @ http://localhost:3000/_next/static/chunks/node_modules_next_dist_1e8vcs8._.js:776
[  128554ms] [LOG] [Fast Refresh] done in 15ms @ http://localhost:3000/_next/static/chunks/node_modules_next_dist_1e8vcs8._.js:776
[  128617ms] [LOG] [Fast Refresh] done in 15ms @ http://localhost:3000/_next/static/chunks/node_modules_next_dist_1e8vcs8._.js:776
[  128666ms] [LOG] [Fast Refresh] done in 15ms @ http://localhost:3000/_next/static/chunks/node_modules_next_dist_1e8vcs8._.js:776
[  128715ms] [LOG] [Fast Refresh] done in 15ms @ http://localhost:3000/_next/static/chunks/node_modules_next_dist_1e8vcs8._.js:776
[  128764ms] [LOG] [Fast Refresh] done in 15ms @ http://localhost:3000/_next/static/chunks/node_modules_next_dist_1e8vcs8._.js:776
[  128813ms] [LOG] [Fast Refresh] done in 15ms @ http://localhost:3000/_next/static/chunks/node_modules_next_dist_1e8vcs8._.js:776
[  128878ms] [LOG] [Fast Refresh] done in 15ms @ http://localhost:3000/_next/static/chunks/node_modules_next_dist_1e8vcs8._.js:776
[  128927ms] [LOG] [Fast Refresh] done in 15ms @ http://localhost:3000/_next/static/chunks/node_modules_next_dist_1e8vcs8._.js:776
[  128977ms] [LOG] [Fast Refresh] done in 15ms @ http://localhost:3000/_next/static/chunks/node_modules_next_dist_1e8vcs8._.js:776
[  129025ms] [LOG] [Fast Refresh] done in 15ms @ http://localhost:3000/_next/static/chunks/node_modules_next_dist_1e8vcs8._.js:776
[  129073ms] [LOG] [Fast Refresh] done in 15ms @ http://localhost:3000/_next/static/chunks/node_modules_next_dist_1e8vcs8._.js:776
[  129123ms] [LOG] [Fast Refresh] done in 15ms @ http://localhost:3000/_next/static/chunks/node_modules_next_dist_1e8vcs8._.js:776
[  129172ms] [LOG] [Fast Refresh] done in 15ms @ http://localhost:3000/_next/static/chunks/node_modules_next_dist_1e8vcs8._.js:776
[  129221ms] [LOG] [Fast Refresh] done in 15ms @ http://localhost:3000/_next/static/chunks/node_modules_next_dist_1e8vcs8._.js:776
[  129285ms] [LOG] [Fast Refresh] done in 15ms @ http://localhost:3000/_next/static/chunks/node_modules_next_dist_1e8vcs8._.js:776
[  129333ms] [LOG] [Fast Refresh] done in 15ms @ http://localhost:3000/_next/static/chunks/node_modules_next_dist_1e8vcs8._.js:776
[  129382ms] [LOG] [Fast Refresh] done in 15ms @ http://localhost:3000/_next/static/chunks/node_modules_next_dist_1e8vcs8._.js:776
[  129430ms] [LOG] [Fast Refresh] done in 15ms @ http://localhost:3000/_next/static/chunks/node_modules_next_dist_1e8vcs8._.js:776
[  129480ms] [LOG] [Fast Refresh] done in 15ms @ http://localhost:3000/_next/static/chunks/node_modules_next_dist_1e8vcs8._.js:776
[  129543ms] [LOG] [Fast Refresh] done in 15ms @ http://localhost:3000/_next/static/chunks/node_modules_next_dist_1e8vcs8._.js:776
[  129607ms] [LOG] [Fast Refresh] done in 15ms @ http://localhost:3000/_next/static/chunks/node_modules_next_dist_1e8vcs8._.js:776
[  129657ms] [LOG] [Fast Refresh] done in 15ms @ http://localhost:3000/_next/static/chunks/node_modules_next_dist_1e8vcs8._.js:776
[  129707ms] [LOG] [Fast Refresh] done in 15ms @ http://localhost:3000/_next/static/chunks/node_modules_next_dist_1e8vcs8._.js:776
[  129756ms] [LOG] [Fast Refresh] done in 15ms @ http://localhost:3000/_next/static/chunks/node_modules_next_dist_1e8vcs8._.js:776
[  129806ms] [LOG] [Fast Refresh] done in 15ms @ http://localhost:3000/_next/static/chunks/node_modules_next_dist_1e8vcs8._.js:776
[  129855ms] [LOG] [Fast Refresh] done in 15ms @ http://localhost:3000/_next/static/chunks/node_modules_next_dist_1e8vcs8._.js:776
[  129904ms] [LOG] [Fast Refresh] done in 15ms @ http://localhost:3000/_next/static/chunks/node_modules_next_dist_1e8vcs8._.js:776
[  129952ms] [LOG] [Fast Refresh] done in 15ms @ http://localhost:3000/_next/static/chunks/node_modules_next_dist_1e8vcs8._.js:776
[  130016ms] [LOG] [Fast Refresh] done in 15ms @ http://localhost:3000/_next/static/chunks/node_modules_next_dist_1e8vcs8._.js:776
[  130064ms] [LOG] [Fast Refresh] done in 15ms @ http://localhost:3000/_next/static/chunks/node_modules_next_dist_1e8vcs8._.js:776
[  130129ms] [LOG] [Fast Refresh] done in 15ms @ http://localhost:3000/_next/static/chunks/node_modules_next_dist_1e8vcs8._.js:776
[  130180ms] [LOG] [Fast Refresh] done in 15ms @ http://localhost:3000/_next/static/chunks/node_modules_next_dist_1e8vcs8._.js:776
[  130228ms] [LOG] [Fast Refresh] done in 15ms @ http://localhost:3000/_next/static/chunks/node_modules_next_dist_1e8vcs8._.js:776
[  130277ms] [LOG] [Fast Refresh] done in 15ms @ http://localhost:3000/_next/static/chunks/node_modules_next_dist_1e8vcs8._.js:776
[  130346ms] [LOG] [Fast Refresh] done in 15ms @ http://localhost:3000/_next/static/chunks/node_modules_next_dist_1e8vcs8._.js:776
[  130396ms] [LOG] [Fast Refresh] done in 15ms @ http://localhost:3000/_next/static/chunks/node_modules_next_dist_1e8vcs8._.js:776
[  130444ms] [LOG] [Fast Refresh] done in 15ms @ http://localhost:3000/_next/static/chunks/node_modules_next_dist_1e8vcs8._.js:776
[  130494ms] [LOG] [Fast Refresh] done in 15ms @ http://localhost:3000/_next/static/chunks/node_modules_next_dist_1e8vcs8._.js:776
[  130558ms] [LOG] [Fast Refresh] done in 15ms @ http://localhost:3000/_next/static/chunks/node_modules_next_dist_1e8vcs8._.js:776
[  130607ms] [LOG] [Fast Refresh] done in 15ms @ http://localhost:3000/_next/static/chunks/node_modules_next_dist_1e8vcs8._.js:776
[  130657ms] [LOG] [Fast Refresh] done in 15ms @ http://localhost:3000/_next/static/chunks/node_modules_next_dist_1e8vcs8._.js:776
[  130721ms] [LOG] [Fast Refresh] done in 15ms @ http://localhost:3000/_next/static/chunks/node_modules_next_dist_1e8vcs8._.js:776
[  130785ms] [LOG] [Fast Refresh] done in 15ms @ http://localhost:3000/_next/static/chunks/node_modules_next_dist_1e8vcs8._.js:776
[  130832ms] [LOG] [Fast Refresh] done in 15ms @ http://localhost:3000/_next/static/chunks/node_modules_next_dist_1e8vcs8._.js:776
[  130881ms] [LOG] [Fast Refresh] done in 15ms @ http://localhost:3000/_next/static/chunks/node_modules_next_dist_1e8vcs8._.js:776
[  130929ms] [LOG] [Fast Refresh] done in 15ms @ http://localhost:3000/_next/static/chunks/node_modules_next_dist_1e8vcs8._.js:776
[  130978ms] [LOG] [Fast Refresh] done in 15ms @ http://localhost:3000/_next/static/chunks/node_modules_next_dist_1e8vcs8._.js:776
[  131026ms] [LOG] [Fast Refresh] done in 15ms @ http://localhost:3000/_next/static/chunks/node_modules_next_dist_1e8vcs8._.js:776
[  131091ms] [LOG] [Fast Refresh] done in 15ms @ http://localhost:3000/_next/static/chunks/node_modules_next_dist_1e8vcs8._.js:776
[  131140ms] [LOG] [Fast Refresh] done in 15ms @ http://localhost:3000/_next/static/chunks/node_modules_next_dist_1e8vcs8._.js:776
[  131189ms] [LOG] [Fast Refresh] done in 15ms @ http://localhost:3000/_next/static/chunks/node_modules_next_dist_1e8vcs8._.js:776
[  131238ms] [LOG] [Fast Refresh] done in 15ms @ http://localhost:3000/_next/static/chunks/node_modules_next_dist_1e8vcs8._.js:776
[  131287ms] [LOG] [Fast Refresh] done in 15ms @ http://localhost:3000/_next/static/chunks/node_modules_next_dist_1e8vcs8._.js:776
[  131351ms] [LOG] [Fast Refresh] done in 15ms @ http://localhost:3000/_next/static/chunks/node_modules_next_dist_1e8vcs8._.js:776
[  131399ms] [LOG] [Fast Refresh] done in 15ms @ http://localhost:3000/_next/static/chunks/node_modules_next_dist_1e8vcs8._.js:776
[  131448ms] [LOG] [Fast Refresh] done in 15ms @ http://localhost:3000/_next/static/chunks/node_modules_next_dist_1e8vcs8._.js:776
[  131497ms] [LOG] [Fast Refresh] done in 15ms @ http://localhost:3000/_next/static/chunks/node_modules_next_dist_1e8vcs8._.js:776
[  131544ms] [LOG] [Fast Refresh] done in 15ms @ http://localhost:3000/_next/static/chunks/node_modules_next_dist_1e8vcs8._.js:776
[  131609ms] [LOG] [Fast Refresh] done in 15ms @ http://localhost:3000/_next/static/chunks/node_modules_next_dist_1e8vcs8._.js:776
[  131659ms] [LOG] [Fast Refresh] done in 15ms @ http://localhost:3000/_next/static/chunks/node_modules_next_dist_1e8vcs8._.js:776
[  131724ms] [LOG] [Fast Refresh] done in 15ms @ http://localhost:3000/_next/static/chunks/node_modules_next_dist_1e8vcs8._.js:776
[  131773ms] [LOG] [Fast Refresh] done in 15ms @ http://localhost:3000/_next/static/chunks/node_modules_next_dist_1e8vcs8._.js:776
[  131822ms] [LOG] [Fast Refresh] done in 15ms @ http://localhost:3000/_next/static/chunks/node_modules_next_dist_1e8vcs8._.js:776
[  131872ms] [LOG] [Fast Refresh] done in 15ms @ http://localhost:3000/_next/static/chunks/node_modules_next_dist_1e8vcs8._.js:776
[  131919ms] [LOG] [Fast Refresh] done in 15ms @ http://localhost:3000/_next/static/chunks/node_modules_next_dist_1e8vcs8._.js:776
[  131983ms] [LOG] [Fast Refresh] done in 15ms @ http://localhost:3000/_next/static/chunks/node_modules_next_dist_1e8vcs8._.js:776
[  132032ms] [LOG] [Fast Refresh] done in 15ms @ http://localhost:3000/_next/static/chunks/node_modules_next_dist_1e8vcs8._.js:776
[  132081ms] [LOG] [Fast Refresh] done in 15ms @ http://localhost:3000/_next/static/chunks/node_modules_next_dist_1e8vcs8._.js:776
[  132130ms] [LOG] [Fast Refresh] done in 15ms @ http://localhost:3000/_next/static/chunks/node_modules_next_dist_1e8vcs8._.js:776
[  132178ms] [LOG] [Fast Refresh] done in 15ms @ http://localhost:3000/_next/static/chunks/node_modules_next_dist_1e8vcs8._.js:776
[  132227ms] [LOG] [Fast Refresh] done in 15ms @ http://localhost:3000/_next/static/chunks/node_modules_next_dist_1e8vcs8._.js:776
[  132277ms] [LOG] [Fast Refresh] done in 15ms @ http://localhost:3000/_next/static/chunks/node_modules_next_dist_1e8vcs8._.js:776
[  132343ms] [LOG] [Fast Refresh] done in 15ms @ http://localhost:3000/_next/static/chunks/node_modules_next_dist_1e8vcs8._.js:776
[  132391ms] [LOG] [Fast Refresh] done in 15ms @ http://localhost:3000/_next/static/chunks/node_modules_next_dist_1e8vcs8._.js:776
[  132439ms] [LOG] [Fast Refresh] done in 15ms @ http://localhost:3000/_next/static/chunks/node_modules_next_dist_1e8vcs8._.js:776
[  132489ms] [LOG] [Fast Refresh] done in 15ms @ http://localhost:3000/_next/static/chunks/node_modules_next_dist_1e8vcs8._.js:776
[  132553ms] [LOG] [Fast Refresh] done in 15ms @ http://localhost:3000/_next/static/chunks/node_modules_next_dist_1e8vcs8._.js:776
[  132601ms] [LOG] [Fast Refresh] done in 15ms @ http://localhost:3000/_next/static/chunks/node_modules_next_dist_1e8vcs8._.js:776
[  132649ms] [LOG] [Fast Refresh] done in 15ms @ http://localhost:3000/_next/static/chunks/node_modules_next_dist_1e8vcs8._.js:776
[  132697ms] [LOG] [Fast Refresh] done in 15ms @ http://localhost:3000/_next/static/chunks/node_modules_next_dist_1e8vcs8._.js:776
[  132747ms] [LOG] [Fast Refresh] done in 15ms @ http://localhost:3000/_next/static/chunks/node_modules_next_dist_1e8vcs8._.js:776
[  132796ms] [LOG] [Fast Refresh] done in 15ms @ http://localhost:3000/_next/static/chunks/node_modules_next_dist_1e8vcs8._.js:776
[  132845ms] [LOG] [Fast Refresh] done in 15ms @ http://localhost:3000/_next/static/chunks/node_modules_next_dist_1e8vcs8._.js:776
[  132894ms] [LOG] [Fast Refresh] done in 15ms @ http://localhost:3000/_next/static/chunks/node_modules_next_dist_1e8vcs8._.js:776
[  132944ms] [LOG] [Fast Refresh] done in 15ms @ http://localhost:3000/_next/static/chunks/node_modules_next_dist_1e8vcs8._.js:776
[  132993ms] [LOG] [Fast Refresh] done in 15ms @ http://localhost:3000/_next/static/chunks/node_modules_next_dist_1e8vcs8._.js:776
[  133042ms] [LOG] [Fast Refresh] done in 15ms @ http://localhost:3000/_next/static/chunks/node_modules_next_dist_1e8vcs8._.js:776
[  133091ms] [LOG] [Fast Refresh] done in 15ms @ http://localhost:3000/_next/static/chunks/node_modules_next_dist_1e8vcs8._.js:776
[  133141ms] [LOG] [Fast Refresh] done in 15ms @ http://localhost:3000/_next/static/chunks/node_modules_next_dist_1e8vcs8._.js:776
[  133191ms] [LOG] [Fast Refresh] done in 15ms @ http://localhost:3000/_next/static/chunks/node_modules_next_dist_1e8vcs8._.js:776
[  133240ms] [LOG] [Fast Refresh] done in 15ms @ http://localhost:3000/_next/static/chunks/node_modules_next_dist_1e8vcs8._.js:776
[  133289ms] [LOG] [Fast Refresh] done in 15ms @ http://localhost:3000/_next/static/chunks/node_modules_next_dist_1e8vcs8._.js:776
[  133338ms] [LOG] [Fast Refresh] done in 15ms @ http://localhost:3000/_next/static/chunks/node_modules_next_dist_1e8vcs8._.js:776
[  133387ms] [LOG] [Fast Refresh] done in 15ms @ http://localhost:3000/_next/static/chunks/node_modules_next_dist_1e8vcs8._.js:776
[  133451ms] [LOG] [Fast Refresh] done in 15ms @ http://localhost:3000/_next/static/chunks/node_modules_next_dist_1e8vcs8._.js:776
[  133499ms] [LOG] [Fast Refresh] done in 15ms @ http://localhost:3000/_next/static/chunks/node_modules_next_dist_1e8vcs8._.js:776
[  133562ms] [LOG] [Fast Refresh] done in 15ms @ http://localhost:3000/_next/static/chunks/node_modules_next_dist_1e8vcs8._.js:776
[  133612ms] [LOG] [Fast Refresh] done in 15ms @ http://localhost:3000/_next/static/chunks/node_modules_next_dist_1e8vcs8._.js:776
[  133662ms] [LOG] [Fast Refresh] done in 15ms @ http://localhost:3000/_next/static/chunks/node_modules_next_dist_1e8vcs8._.js:776
[  133710ms] [LOG] [Fast Refresh] done in 15ms @ http://localhost:3000/_next/static/chunks/node_modules_next_dist_1e8vcs8._.js:776
[  133774ms] [LOG] [Fast Refresh] done in 15ms @ http://localhost:3000/_next/static/chunks/node_modules_next_dist_1e8vcs8._.js:776
[  133823ms] [LOG] [Fast Refresh] done in 15ms @ http://localhost:3000/_next/static/chunks/node_modules_next_dist_1e8vcs8._.js:776
[  133872ms] [LOG] [Fast Refresh] done in 15ms @ http://localhost:3000/_next/static/chunks/node_modules_next_dist_1e8vcs8._.js:776
[  133921ms] [LOG] [Fast Refresh] done in 15ms @ http://localhost:3000/_next/static/chunks/node_modules_next_dist_1e8vcs8._.js:776
[  133970ms] [LOG] [Fast Refresh] done in 15ms @ http://localhost:3000/_next/static/chunks/node_modules_next_dist_1e8vcs8._.js:776
[  134033ms] [LOG] [Fast Refresh] done in 15ms @ http://localhost:3000/_next/static/chunks/node_modules_next_dist_1e8vcs8._.js:776
[  134097ms] [LOG] [Fast Refresh] done in 15ms @ http://localhost:3000/_next/static/chunks/node_modules_next_dist_1e8vcs8._.js:776
[  134145ms] [LOG] [Fast Refresh] done in 15ms @ http://localhost:3000/_next/static/chunks/node_modules_next_dist_1e8vcs8._.js:776
[  134193ms] [LOG] [Fast Refresh] done in 15ms @ http://localhost:3000/_next/static/chunks/node_modules_next_dist_1e8vcs8._.js:776
[  134257ms] [LOG] [Fast Refresh] done in 15ms @ http://localhost:3000/_next/static/chunks/node_modules_next_dist_1e8vcs8._.js:776
[  134307ms] [LOG] [Fast Refresh] done in 15ms @ http://localhost:3000/_next/static/chunks/node_modules_next_dist_1e8vcs8._.js:776
[  134355ms] [LOG] [Fast Refresh] done in 15ms @ http://localhost:3000/_next/static/chunks/node_modules_next_dist_1e8vcs8._.js:776
[  134404ms] [LOG] [Fast Refresh] done in 15ms @ http://localhost:3000/_next/static/chunks/node_modules_next_dist_1e8vcs8._.js:776
[  134452ms] [LOG] [Fast Refresh] done in 15ms @ http://localhost:3000/_next/static/chunks/node_modules_next_dist_1e8vcs8._.js:776
[  134516ms] [LOG] [Fast Refresh] done in 15ms @ http://localhost:3000/_next/static/chunks/node_modules_next_dist_1e8vcs8._.js:776
[  134565ms] [LOG] [Fast Refresh] done in 15ms @ http://localhost:3000/_next/static/chunks/node_modules_next_dist_1e8vcs8._.js:776
[  134614ms] [LOG] [Fast Refresh] done in 15ms @ http://localhost:3000/_next/static/chunks/node_modules_next_dist_1e8vcs8._.js:776
[  134664ms] [LOG] [Fast Refresh] done in 15ms @ http://localhost:3000/_next/static/chunks/node_modules_next_dist_1e8vcs8._.js:776
[  134713ms] [LOG] [Fast Refresh] done in 15ms @ http://localhost:3000/_next/static/chunks/node_modules_next_dist_1e8vcs8._.js:776
[  134761ms] [LOG] [Fast Refresh] done in 15ms @ http://localhost:3000/_next/static/chunks/node_modules_next_dist_1e8vcs8._.js:776
[  134809ms] [LOG] [Fast Refresh] done in 15ms @ http://localhost:3000/_next/static/chunks/node_modules_next_dist_1e8vcs8._.js:776
[  134858ms] [LOG] [Fast Refresh] done in 15ms @ http://localhost:3000/_next/static/chunks/node_modules_next_dist_1e8vcs8._.js:776
[  134908ms] [LOG] [Fast Refresh] done in 15ms @ http://localhost:3000/_next/static/chunks/node_modules_next_dist_1e8vcs8._.js:776
[  134956ms] [LOG] [Fast Refresh] done in 15ms @ http://localhost:3000/_next/static/chunks/node_modules_next_dist_1e8vcs8._.js:776
[  135004ms] [LOG] [Fast Refresh] done in 15ms @ http://localhost:3000/_next/static/chunks/node_modules_next_dist_1e8vcs8._.js:776
[  135068ms] [LOG] [Fast Refresh] done in 15ms @ http://localhost:3000/_next/static/chunks/node_modules_next_dist_1e8vcs8._.js:776
[  135132ms] [LOG] [Fast Refresh] done in 15ms @ http://localhost:3000/_next/static/chunks/node_modules_next_dist_1e8vcs8._.js:776
[  135181ms] [LOG] [Fast Refresh] done in 15ms @ http://localhost:3000/_next/static/chunks/node_modules_next_dist_1e8vcs8._.js:776
[  135245ms] [LOG] [Fast Refresh] done in 15ms @ http://localhost:3000/_next/static/chunks/node_modules_next_dist_1e8vcs8._.js:776
[  135294ms] [LOG] [Fast Refresh] done in 15ms @ http://localhost:3000/_next/static/chunks/node_modules_next_dist_1e8vcs8._.js:776
[  135346ms] [LOG] [Fast Refresh] done in 15ms @ http://localhost:3000/_next/static/chunks/node_modules_next_dist_1e8vcs8._.js:776
[  135396ms] [LOG] [Fast Refresh] done in 15ms @ http://localhost:3000/_next/static/chunks/node_modules_next_dist_1e8vcs8._.js:776
[  135446ms] [LOG] [Fast Refresh] done in 15ms @ http://localhost:3000/_next/static/chunks/node_modules_next_dist_1e8vcs8._.js:776
[  135495ms] [LOG] [Fast Refresh] done in 15ms @ http://localhost:3000/_next/static/chunks/node_modules_next_dist_1e8vcs8._.js:776
[  135558ms] [LOG] [Fast Refresh] done in 15ms @ http://localhost:3000/_next/static/chunks/node_modules_next_dist_1e8vcs8._.js:776
[  135607ms] [LOG] [Fast Refresh] done in 15ms @ http://localhost:3000/_next/static/chunks/node_modules_next_dist_1e8vcs8._.js:776
[  135656ms] [LOG] [Fast Refresh] done in 15ms @ http://localhost:3000/_next/static/chunks/node_modules_next_dist_1e8vcs8._.js:776
[  135706ms] [LOG] [Fast Refresh] done in 15ms @ http://localhost:3000/_next/static/chunks/node_modules_next_dist_1e8vcs8._.js:776
[  135769ms] [LOG] [Fast Refresh] done in 15ms @ http://localhost:3000/_next/static/chunks/node_modules_next_dist_1e8vcs8._.js:776
[  135834ms] [LOG] [Fast Refresh] done in 15ms @ http://localhost:3000/_next/static/chunks/node_modules_next_dist_1e8vcs8._.js:776
[  135881ms] [LOG] [Fast Refresh] done in 15ms @ http://localhost:3000/_next/static/chunks/node_modules_next_dist_1e8vcs8._.js:776
[  135930ms] [LOG] [Fast Refresh] done in 15ms @ http://localhost:3000/_next/static/chunks/node_modules_next_dist_1e8vcs8._.js:776
[  135980ms] [LOG] [Fast Refresh] done in 15ms @ http://localhost:3000/_next/static/chunks/node_modules_next_dist_1e8vcs8._.js:776
[  136028ms] [LOG] [Fast Refresh] done in 15ms @ http://localhost:3000/_next/static/chunks/node_modules_next_dist_1e8vcs8._.js:776
[  136076ms] [LOG] [Fast Refresh] done in 15ms @ http://localhost:3000/_next/static/chunks/node_modules_next_dist_1e8vcs8._.js:776
[  136126ms] [LOG] [Fast Refresh] done in 15ms @ http://localhost:3000/_next/static/chunks/node_modules_next_dist_1e8vcs8._.js:776
[  136174ms] [LOG] [Fast Refresh] done in 15ms @ http://localhost:3000/_next/static/chunks/node_modules_next_dist_1e8vcs8._.js:776
[  136225ms] [LOG] [Fast Refresh] done in 15ms @ http://localhost:3000/_next/static/chunks/node_modules_next_dist_1e8vcs8._.js:776
[  136289ms] [LOG] [Fast Refresh] done in 15ms @ http://localhost:3000/_next/static/chunks/node_modules_next_dist_1e8vcs8._.js:776
[  136338ms] [LOG] [Fast Refresh] done in 15ms @ http://localhost:3000/_next/static/chunks/node_modules_next_dist_1e8vcs8._.js:776
[  136401ms] [LOG] [Fast Refresh] done in 15ms @ http://localhost:3000/_next/static/chunks/node_modules_next_dist_1e8vcs8._.js:776
[  136450ms] [LOG] [Fast Refresh] done in 15ms @ http://localhost:3000/_next/static/chunks/node_modules_next_dist_1e8vcs8._.js:776
[  136499ms] [LOG] [Fast Refresh] done in 15ms @ http://localhost:3000/_next/static/chunks/node_modules_next_dist_1e8vcs8._.js:776
[  136562ms] [LOG] [Fast Refresh] done in 15ms @ http://localhost:3000/_next/static/chunks/node_modules_next_dist_1e8vcs8._.js:776
[  136611ms] [LOG] [Fast Refresh] done in 15ms @ http://localhost:3000/_next/static/chunks/node_modules_next_dist_1e8vcs8._.js:776
[  136675ms] [LOG] [Fast Refresh] done in 15ms @ http://localhost:3000/_next/static/chunks/node_modules_next_dist_1e8vcs8._.js:776
[  136723ms] [LOG] [Fast Refresh] done in 15ms @ http://localhost:3000/_next/static/chunks/node_modules_next_dist_1e8vcs8._.js:776
[  136773ms] [LOG] [Fast Refresh] done in 15ms @ http://localhost:3000/_next/static/chunks/node_modules_next_dist_1e8vcs8._.js:776
[  136822ms] [LOG] [Fast Refresh] done in 15ms @ http://localhost:3000/_next/static/chunks/node_modules_next_dist_1e8vcs8._.js:776
[  136871ms] [LOG] [Fast Refresh] done in 15ms @ http://localhost:3000/_next/static/chunks/node_modules_next_dist_1e8vcs8._.js:776
[  136920ms] [LOG] [Fast Refresh] done in 15ms @ http://localhost:3000/_next/static/chunks/node_modules_next_dist_1e8vcs8._.js:776
[  136984ms] [LOG] [Fast Refresh] done in 15ms @ http://localhost:3000/_next/static/chunks/node_modules_next_dist_1e8vcs8._.js:776
[  137032ms] [LOG] [Fast Refresh] done in 15ms @ http://localhost:3000/_next/static/chunks/node_modules_next_dist_1e8vcs8._.js:776
[  137081ms] [LOG] [Fast Refresh] done in 15ms @ http://localhost:3000/_next/static/chunks/node_modules_next_dist_1e8vcs8._.js:776
[  137130ms] [LOG] [Fast Refresh] done in 15ms @ http://localhost:3000/_next/static/chunks/node_modules_next_dist_1e8vcs8._.js:776
[  137179ms] [LOG] [Fast Refresh] done in 15ms @ http://localhost:3000/_next/static/chunks/node_modules_next_dist_1e8vcs8._.js:776
[  137228ms] [LOG] [Fast Refresh] done in 15ms @ http://localhost:3000/_next/static/chunks/node_modules_next_dist_1e8vcs8._.js:776
[  137277ms] [LOG] [Fast Refresh] done in 15ms @ http://localhost:3000/_next/static/chunks/node_modules_next_dist_1e8vcs8._.js:776
[  137326ms] [LOG] [Fast Refresh] done in 15ms @ http://localhost:3000/_next/static/chunks/node_modules_next_dist_1e8vcs8._.js:776
[  137373ms] [LOG] [Fast Refresh] done in 15ms @ http://localhost:3000/_next/static/chunks/node_modules_next_dist_1e8vcs8._.js:776
[  137421ms] [LOG] [Fast Refresh] done in 15ms @ http://localhost:3000/_next/static/chunks/node_modules_next_dist_1e8vcs8._.js:776
[  137470ms] [LOG] [Fast Refresh] done in 15ms @ http://localhost:3000/_next/static/chunks/node_modules_next_dist_1e8vcs8._.js:776
[  137517ms] [LOG] [Fast Refresh] done in 15ms @ http://localhost:3000/_next/static/chunks/node_modules_next_dist_1e8vcs8._.js:776
[  137567ms] [LOG] [Fast Refresh] done in 15ms @ http://localhost:3000/_next/static/chunks/node_modules_next_dist_1e8vcs8._.js:776
[  137630ms] [LOG] [Fast Refresh] done in 15ms @ http://localhost:3000/_next/static/chunks/node_modules_next_dist_1e8vcs8._.js:776
[  137679ms] [LOG] [Fast Refresh] done in 15ms @ http://localhost:3000/_next/static/chunks/node_modules_next_dist_1e8vcs8._.js:776
[  137729ms] [LOG] [Fast Refresh] done in 15ms @ http://localhost:3000/_next/static/chunks/node_modules_next_dist_1e8vcs8._.js:776
[  137778ms] [LOG] [Fast Refresh] done in 15ms @ http://localhost:3000/_next/static/chunks/node_modules_next_dist_1e8vcs8._.js:776
[  137828ms] [LOG] [Fast Refresh] done in 15ms @ http://localhost:3000/_next/static/chunks/node_modules_next_dist_1e8vcs8._.js:776
[  137877ms] [LOG] [Fast Refresh] done in 15ms @ http://localhost:3000/_next/static/chunks/node_modules_next_dist_1e8vcs8._.js:776
[  137926ms] [LOG] [Fast Refresh] done in 15ms @ http://localhost:3000/_next/static/chunks/node_modules_next_dist_1e8vcs8._.js:776
[  137976ms] [LOG] [Fast Refresh] done in 15ms @ http://localhost:3000/_next/static/chunks/node_modules_next_dist_1e8vcs8._.js:776
[  138024ms] [LOG] [Fast Refresh] done in 15ms @ http://localhost:3000/_next/static/chunks/node_modules_next_dist_1e8vcs8._.js:776
[  138072ms] [LOG] [Fast Refresh] done in 15ms @ http://localhost:3000/_next/static/chunks/node_modules_next_dist_1e8vcs8._.js:776
[  138121ms] [LOG] [Fast Refresh] done in 15ms @ http://localhost:3000/_next/static/chunks/node_modules_next_dist_1e8vcs8._.js:776
[  138184ms] [LOG] [Fast Refresh] done in 15ms @ http://localhost:3000/_next/static/chunks/node_modules_next_dist_1e8vcs8._.js:776
[  138233ms] [LOG] [Fast Refresh] done in 15ms @ http://localhost:3000/_next/static/chunks/node_modules_next_dist_1e8vcs8._.js:776
[  138282ms] [LOG] [Fast Refresh] done in 15ms @ http://localhost:3000/_next/static/chunks/node_modules_next_dist_1e8vcs8._.js:776
[  138331ms] [LOG] [Fast Refresh] done in 15ms @ http://localhost:3000/_next/static/chunks/node_modules_next_dist_1e8vcs8._.js:776
[  138380ms] [LOG] [Fast Refresh] done in 15ms @ http://localhost:3000/_next/static/chunks/node_modules_next_dist_1e8vcs8._.js:776
[  138428ms] [LOG] [Fast Refresh] done in 15ms @ http://localhost:3000/_next/static/chunks/node_modules_next_dist_1e8vcs8._.js:776
[  138477ms] [LOG] [Fast Refresh] done in 15ms @ http://localhost:3000/_next/static/chunks/node_modules_next_dist_1e8vcs8._.js:776
[  138541ms] [LOG] [Fast Refresh] done in 15ms @ http://localhost:3000/_next/static/chunks/node_modules_next_dist_1e8vcs8._.js:776
[  138589ms] [LOG] [Fast Refresh] done in 15ms @ http://localhost:3000/_next/static/chunks/node_modules_next_dist_1e8vcs8._.js:776
[  138638ms] [LOG] [Fast Refresh] done in 15ms @ http://localhost:3000/_next/static/chunks/node_modules_next_dist_1e8vcs8._.js:776
[  138703ms] [LOG] [Fast Refresh] done in 15ms @ http://localhost:3000/_next/static/chunks/node_modules_next_dist_1e8vcs8._.js:776
[  138751ms] [LOG] [Fast Refresh] done in 15ms @ http://localhost:3000/_next/static/chunks/node_modules_next_dist_1e8vcs8._.js:776
[  138800ms] [LOG] [Fast Refresh] done in 15ms @ http://localhost:3000/_next/static/chunks/node_modules_next_dist_1e8vcs8._.js:776
[  138849ms] [LOG] [Fast Refresh] done in 15ms @ http://localhost:3000/_next/static/chunks/node_modules_next_dist_1e8vcs8._.js:776
[  138897ms] [LOG] [Fast Refresh] done in 15ms @ http://localhost:3000/_next/static/chunks/node_modules_next_dist_1e8vcs8._.js:776
[  138947ms] [LOG] [Fast Refresh] done in 15ms @ http://localhost:3000/_next/static/chunks/node_modules_next_dist_1e8vcs8._.js:776
[  138997ms] [LOG] [Fast Refresh] done in 15ms @ http://localhost:3000/_next/static/chunks/node_modules_next_dist_1e8vcs8._.js:776
[  139045ms] [LOG] [Fast Refresh] done in 15ms @ http://localhost:3000/_next/static/chunks/node_modules_next_dist_1e8vcs8._.js:776
[  139111ms] [LOG] [Fast Refresh] done in 15ms @ http://localhost:3000/_next/static/chunks/node_modules_next_dist_1e8vcs8._.js:776
[  139160ms] [LOG] [Fast Refresh] done in 15ms @ http://localhost:3000/_next/static/chunks/node_modules_next_dist_1e8vcs8._.js:776
[  139209ms] [LOG] [Fast Refresh] done in 15ms @ http://localhost:3000/_next/static/chunks/node_modules_next_dist_1e8vcs8._.js:776
[  139258ms] [LOG] [Fast Refresh] done in 15ms @ http://localhost:3000/_next/static/chunks/node_modules_next_dist_1e8vcs8._.js:776
[  139306ms] [LOG] [Fast Refresh] done in 15ms @ http://localhost:3000/_next/static/chunks/node_modules_next_dist_1e8vcs8._.js:776
[  139370ms] [LOG] [Fast Refresh] done in 15ms @ http://localhost:3000/_next/static/chunks/node_modules_next_dist_1e8vcs8._.js:776
[  139418ms] [LOG] [Fast Refresh] done in 15ms @ http://localhost:3000/_next/static/chunks/node_modules_next_dist_1e8vcs8._.js:776
[  139467ms] [LOG] [Fast Refresh] done in 15ms @ http://localhost:3000/_next/static/chunks/node_modules_next_dist_1e8vcs8._.js:776
[  139530ms] [LOG] [Fast Refresh] done in 15ms @ http://localhost:3000/_next/static/chunks/node_modules_next_dist_1e8vcs8._.js:776
[  139580ms] [LOG] [Fast Refresh] done in 15ms @ http://localhost:3000/_next/static/chunks/node_modules_next_dist_1e8vcs8._.js:776
[  139629ms] [LOG] [Fast Refresh] done in 15ms @ http://localhost:3000/_next/static/chunks/node_modules_next_dist_1e8vcs8._.js:776
[  139678ms] [LOG] [Fast Refresh] done in 15ms @ http://localhost:3000/_next/static/chunks/node_modules_next_dist_1e8vcs8._.js:776
[  139726ms] [LOG] [Fast Refresh] done in 15ms @ http://localhost:3000/_next/static/chunks/node_modules_next_dist_1e8vcs8._.js:776
[  139775ms] [LOG] [Fast Refresh] done in 15ms @ http://localhost:3000/_next/static/chunks/node_modules_next_dist_1e8vcs8._.js:776
[  139824ms] [LOG] [Fast Refresh] done in 15ms @ http://localhost:3000/_next/static/chunks/node_modules_next_dist_1e8vcs8._.js:776
[  139873ms] [LOG] [Fast Refresh] done in 15ms @ http://localhost:3000/_next/static/chunks/node_modules_next_dist_1e8vcs8._.js:776
[  139922ms] [LOG] [Fast Refresh] done in 15ms @ http://localhost:3000/_next/static/chunks/node_modules_next_dist_1e8vcs8._.js:776
[  139986ms] [LOG] [Fast Refresh] done in 15ms @ http://localhost:3000/_next/static/chunks/node_modules_next_dist_1e8vcs8._.js:776
[  140050ms] [LOG] [Fast Refresh] done in 15ms @ http://localhost:3000/_next/static/chunks/node_modules_next_dist_1e8vcs8._.js:776
[  140115ms] [LOG] [Fast Refresh] done in 15ms @ http://localhost:3000/_next/static/chunks/node_modules_next_dist_1e8vcs8._.js:776
[  140164ms] [LOG] [Fast Refresh] done in 15ms @ http://localhost:3000/_next/static/chunks/node_modules_next_dist_1e8vcs8._.js:776
[  140213ms] [LOG] [Fast Refresh] done in 15ms @ http://localhost:3000/_next/static/chunks/node_modules_next_dist_1e8vcs8._.js:776
[  140262ms] [LOG] [Fast Refresh] done in 15ms @ http://localhost:3000/_next/static/chunks/node_modules_next_dist_1e8vcs8._.js:776
[  140311ms] [LOG] [Fast Refresh] done in 15ms @ http://localhost:3000/_next/static/chunks/node_modules_next_dist_1e8vcs8._.js:776
[  140363ms] [LOG] [Fast Refresh] done in 15ms @ http://localhost:3000/_next/static/chunks/node_modules_next_dist_1e8vcs8._.js:776
[  140412ms] [LOG] [Fast Refresh] done in 15ms @ http://localhost:3000/_next/static/chunks/node_modules_next_dist_1e8vcs8._.js:776
[  140462ms] [LOG] [Fast Refresh] done in 15ms @ http://localhost:3000/_next/static/chunks/node_modules_next_dist_1e8vcs8._.js:776
[  140510ms] [LOG] [Fast Refresh] done in 15ms @ http://localhost:3000/_next/static/chunks/node_modules_next_dist_1e8vcs8._.js:776
[  140558ms] [LOG] [Fast Refresh] done in 15ms @ http://localhost:3000/_next/static/chunks/node_modules_next_dist_1e8vcs8._.js:776
[  140608ms] [LOG] [Fast Refresh] done in 15ms @ http://localhost:3000/_next/static/chunks/node_modules_next_dist_1e8vcs8._.js:776
[  140656ms] [LOG] [Fast Refresh] done in 15ms @ http://localhost:3000/_next/static/chunks/node_modules_next_dist_1e8vcs8._.js:776
[  140705ms] [LOG] [Fast Refresh] done in 15ms @ http://localhost:3000/_next/static/chunks/node_modules_next_dist_1e8vcs8._.js:776
[  140753ms] [LOG] [Fast Refresh] done in 15ms @ http://localhost:3000/_next/static/chunks/node_modules_next_dist_1e8vcs8._.js:776
[  140801ms] [LOG] [Fast Refresh] done in 15ms @ http://localhost:3000/_next/static/chunks/node_modules_next_dist_1e8vcs8._.js:776
[  140850ms] [LOG] [Fast Refresh] done in 15ms @ http://localhost:3000/_next/static/chunks/node_modules_next_dist_1e8vcs8._.js:776
[  140899ms] [LOG] [Fast Refresh] done in 15ms @ http://localhost:3000/_next/static/chunks/node_modules_next_dist_1e8vcs8._.js:776
[  140947ms] [LOG] [Fast Refresh] done in 15ms @ http://localhost:3000/_next/static/chunks/node_modules_next_dist_1e8vcs8._.js:776
[  141013ms] [LOG] [Fast Refresh] done in 15ms @ http://localhost:3000/_next/static/chunks/node_modules_next_dist_1e8vcs8._.js:776
[  141060ms] [LOG] [Fast Refresh] done in 15ms @ http://localhost:3000/_next/static/chunks/node_modules_next_dist_1e8vcs8._.js:776
[  141109ms] [LOG] [Fast Refresh] done in 15ms @ http://localhost:3000/_next/static/chunks/node_modules_next_dist_1e8vcs8._.js:776
[  141158ms] [LOG] [Fast Refresh] done in 15ms @ http://localhost:3000/_next/static/chunks/node_modules_next_dist_1e8vcs8._.js:776
[  141208ms] [LOG] [Fast Refresh] done in 15ms @ http://localhost:3000/_next/static/chunks/node_modules_next_dist_1e8vcs8._.js:776
[  141255ms] [LOG] [Fast Refresh] done in 15ms @ http://localhost:3000/_next/static/chunks/node_modules_next_dist_1e8vcs8._.js:776
[  141303ms] [LOG] [Fast Refresh] done in 15ms @ http://localhost:3000/_next/static/chunks/node_modules_next_dist_1e8vcs8._.js:776
[  141351ms] [LOG] [Fast Refresh] done in 15ms @ http://localhost:3000/_next/static/chunks/node_modules_next_dist_1e8vcs8._.js:776
[  141400ms] [LOG] [Fast Refresh] done in 15ms @ http://localhost:3000/_next/static/chunks/node_modules_next_dist_1e8vcs8._.js:776
[  141449ms] [LOG] [Fast Refresh] done in 15ms @ http://localhost:3000/_next/static/chunks/node_modules_next_dist_1e8vcs8._.js:776
[  141499ms] [LOG] [Fast Refresh] done in 15ms @ http://localhost:3000/_next/static/chunks/node_modules_next_dist_1e8vcs8._.js:776
[  141561ms] [LOG] [Fast Refresh] done in 15ms @ http://localhost:3000/_next/static/chunks/node_modules_next_dist_1e8vcs8._.js:776
[  141609ms] [LOG] [Fast Refresh] done in 15ms @ http://localhost:3000/_next/static/chunks/node_modules_next_dist_1e8vcs8._.js:776
[  141658ms] [LOG] [Fast Refresh] done in 15ms @ http://localhost:3000/_next/static/chunks/node_modules_next_dist_1e8vcs8._.js:776
[  141706ms] [LOG] [Fast Refresh] done in 15ms @ http://localhost:3000/_next/static/chunks/node_modules_next_dist_1e8vcs8._.js:776
[  141755ms] [LOG] [Fast Refresh] done in 15ms @ http://localhost:3000/_next/static/chunks/node_modules_next_dist_1e8vcs8._.js:776
[  141805ms] [LOG] [Fast Refresh] done in 15ms @ http://localhost:3000/_next/static/chunks/node_modules_next_dist_1e8vcs8._.js:776
[  141868ms] [LOG] [Fast Refresh] done in 15ms @ http://localhost:3000/_next/static/chunks/node_modules_next_dist_1e8vcs8._.js:776
[  141917ms] [LOG] [Fast Refresh] done in 15ms @ http://localhost:3000/_next/static/chunks/node_modules_next_dist_1e8vcs8._.js:776
[  141966ms] [LOG] [Fast Refresh] done in 15ms @ http://localhost:3000/_next/static/chunks/node_modules_next_dist_1e8vcs8._.js:776
[  142015ms] [LOG] [Fast Refresh] done in 15ms @ http://localhost:3000/_next/static/chunks/node_modules_next_dist_1e8vcs8._.js:776
[  142063ms] [LOG] [Fast Refresh] done in 15ms @ http://localhost:3000/_next/static/chunks/node_modules_next_dist_1e8vcs8._.js:776
[  142112ms] [LOG] [Fast Refresh] done in 15ms @ http://localhost:3000/_next/static/chunks/node_modules_next_dist_1e8vcs8._.js:776
[  142161ms] [LOG] [Fast Refresh] done in 15ms @ http://localhost:3000/_next/static/chunks/node_modules_next_dist_1e8vcs8._.js:776
[  142210ms] [LOG] [Fast Refresh] done in 15ms @ http://localhost:3000/_next/static/chunks/node_modules_next_dist_1e8vcs8._.js:776
[  142258ms] [LOG] [Fast Refresh] done in 15ms @ http://localhost:3000/_next/static/chunks/node_modules_next_dist_1e8vcs8._.js:776
[  142308ms] [LOG] [Fast Refresh] done in 15ms @ http://localhost:3000/_next/static/chunks/node_modules_next_dist_1e8vcs8._.js:776
[  142356ms] [LOG] [Fast Refresh] done in 15ms @ http://localhost:3000/_next/static/chunks/node_modules_next_dist_1e8vcs8._.js:776
[  142405ms] [LOG] [Fast Refresh] done in 15ms @ http://localhost:3000/_next/static/chunks/node_modules_next_dist_1e8vcs8._.js:776
[  142468ms] [LOG] [Fast Refresh] done in 15ms @ http://localhost:3000/_next/static/chunks/node_modules_next_dist_1e8vcs8._.js:776
[  142516ms] [LOG] [Fast Refresh] done in 15ms @ http://localhost:3000/_next/static/chunks/node_modules_next_dist_1e8vcs8._.js:776
[  142564ms] [LOG] [Fast Refresh] done in 15ms @ http://localhost:3000/_next/static/chunks/node_modules_next_dist_1e8vcs8._.js:776
[  142613ms] [LOG] [Fast Refresh] done in 15ms @ http://localhost:3000/_next/static/chunks/node_modules_next_dist_1e8vcs8._.js:776
[  142662ms] [LOG] [Fast Refresh] done in 15ms @ http://localhost:3000/_next/static/chunks/node_modules_next_dist_1e8vcs8._.js:776
[  142711ms] [LOG] [Fast Refresh] done in 15ms @ http://localhost:3000/_next/static/chunks/node_modules_next_dist_1e8vcs8._.js:776
[  142760ms] [LOG] [Fast Refresh] done in 15ms @ http://localhost:3000/_next/static/chunks/node_modules_next_dist_1e8vcs8._.js:776
[  142808ms] [LOG] [Fast Refresh] done in 15ms @ http://localhost:3000/_next/static/chunks/node_modules_next_dist_1e8vcs8._.js:776
[  142872ms] [LOG] [Fast Refresh] done in 15ms @ http://localhost:3000/_next/static/chunks/node_modules_next_dist_1e8vcs8._.js:776
[  142936ms] [LOG] [Fast Refresh] done in 15ms @ http://localhost:3000/_next/static/chunks/node_modules_next_dist_1e8vcs8._.js:776
[  143000ms] [LOG] [Fast Refresh] done in 15ms @ http://localhost:3000/_next/static/chunks/node_modules_next_dist_1e8vcs8._.js:776
[  143049ms] [LOG] [Fast Refresh] done in 15ms @ http://localhost:3000/_next/static/chunks/node_modules_next_dist_1e8vcs8._.js:776
[  143098ms] [LOG] [Fast Refresh] done in 15ms @ http://localhost:3000/_next/static/chunks/node_modules_next_dist_1e8vcs8._.js:776
[  143148ms] [LOG] [Fast Refresh] done in 15ms @ http://localhost:3000/_next/static/chunks/node_modules_next_dist_1e8vcs8._.js:776
[  143196ms] [LOG] [Fast Refresh] done in 15ms @ http://localhost:3000/_next/static/chunks/node_modules_next_dist_1e8vcs8._.js:776
[  143245ms] [LOG] [Fast Refresh] done in 15ms @ http://localhost:3000/_next/static/chunks/node_modules_next_dist_1e8vcs8._.js:776
[  143294ms] [LOG] [Fast Refresh] done in 15ms @ http://localhost:3000/_next/static/chunks/node_modules_next_dist_1e8vcs8._.js:776
[  143343ms] [LOG] [Fast Refresh] done in 15ms @ http://localhost:3000/_next/static/chunks/node_modules_next_dist_1e8vcs8._.js:776
[  143392ms] [LOG] [Fast Refresh] done in 15ms @ http://localhost:3000/_next/static/chunks/node_modules_next_dist_1e8vcs8._.js:776
[  143441ms] [LOG] [Fast Refresh] done in 15ms @ http://localhost:3000/_next/static/chunks/node_modules_next_dist_1e8vcs8._.js:776
[  143490ms] [LOG] [Fast Refresh] done in 15ms @ http://localhost:3000/_next/static/chunks/node_modules_next_dist_1e8vcs8._.js:776
[  143537ms] [LOG] [Fast Refresh] done in 15ms @ http://localhost:3000/_next/static/chunks/node_modules_next_dist_1e8vcs8._.js:776
[  143601ms] [LOG] [Fast Refresh] done in 15ms @ http://localhost:3000/_next/static/chunks/node_modules_next_dist_1e8vcs8._.js:776
[  143650ms] [LOG] [Fast Refresh] done in 15ms @ http://localhost:3000/_next/static/chunks/node_modules_next_dist_1e8vcs8._.js:776
[  143699ms] [LOG] [Fast Refresh] done in 15ms @ http://localhost:3000/_next/static/chunks/node_modules_next_dist_1e8vcs8._.js:776
[  143748ms] [LOG] [Fast Refresh] done in 15ms @ http://localhost:3000/_next/static/chunks/node_modules_next_dist_1e8vcs8._.js:776
[  143797ms] [LOG] [Fast Refresh] done in 15ms @ http://localhost:3000/_next/static/chunks/node_modules_next_dist_1e8vcs8._.js:776
[  143847ms] [LOG] [Fast Refresh] done in 15ms @ http://localhost:3000/_next/static/chunks/node_modules_next_dist_1e8vcs8._.js:776
[  143896ms] [LOG] [Fast Refresh] done in 15ms @ http://localhost:3000/_next/static/chunks/node_modules_next_dist_1e8vcs8._.js:776
[  143944ms] [LOG] [Fast Refresh] done in 15ms @ http://localhost:3000/_next/static/chunks/node_modules_next_dist_1e8vcs8._.js:776
[  143993ms] [LOG] [Fast Refresh] done in 15ms @ http://localhost:3000/_next/static/chunks/node_modules_next_dist_1e8vcs8._.js:776
[  144042ms] [LOG] [Fast Refresh] done in 15ms @ http://localhost:3000/_next/static/chunks/node_modules_next_dist_1e8vcs8._.js:776
[  144092ms] [LOG] [Fast Refresh] done in 15ms @ http://localhost:3000/_next/static/chunks/node_modules_next_dist_1e8vcs8._.js:776
[  144154ms] [LOG] [Fast Refresh] done in 15ms @ http://localhost:3000/_next/static/chunks/node_modules_next_dist_1e8vcs8._.js:776
[  144217ms] [LOG] [Fast Refresh] done in 15ms @ http://localhost:3000/_next/static/chunks/node_modules_next_dist_1e8vcs8._.js:776
[  144281ms] [LOG] [Fast Refresh] done in 15ms @ http://localhost:3000/_next/static/chunks/node_modules_next_dist_1e8vcs8._.js:776
[  144346ms] [LOG] [Fast Refresh] done in 15ms @ http://localhost:3000/_next/static/chunks/node_modules_next_dist_1e8vcs8._.js:776
[  144410ms] [LOG] [Fast Refresh] done in 15ms @ http://localhost:3000/_next/static/chunks/node_modules_next_dist_1e8vcs8._.js:776
[  144460ms] [LOG] [Fast Refresh] done in 15ms @ http://localhost:3000/_next/static/chunks/node_modules_next_dist_1e8vcs8._.js:776
[  144509ms] [LOG] [Fast Refresh] done in 15ms @ http://localhost:3000/_next/static/chunks/node_modules_next_dist_1e8vcs8._.js:776
[  144557ms] [LOG] [Fast Refresh] done in 15ms @ http://localhost:3000/_next/static/chunks/node_modules_next_dist_1e8vcs8._.js:776
[  144607ms] [LOG] [Fast Refresh] done in 15ms @ http://localhost:3000/_next/static/chunks/node_modules_next_dist_1e8vcs8._.js:776
[  144672ms] [LOG] [Fast Refresh] done in 15ms @ http://localhost:3000/_next/static/chunks/node_modules_next_dist_1e8vcs8._.js:776
[  144721ms] [LOG] [Fast Refresh] done in 15ms @ http://localhost:3000/_next/static/chunks/node_modules_next_dist_1e8vcs8._.js:776
[  144785ms] [LOG] [Fast Refresh] done in 15ms @ http://localhost:3000/_next/static/chunks/node_modules_next_dist_1e8vcs8._.js:776
[  144849ms] [LOG] [Fast Refresh] done in 15ms @ http://localhost:3000/_next/static/chunks/node_modules_next_dist_1e8vcs8._.js:776
[  144898ms] [LOG] [Fast Refresh] done in 15ms @ http://localhost:3000/_next/static/chunks/node_modules_next_dist_1e8vcs8._.js:776
[  144947ms] [LOG] [Fast Refresh] done in 15ms @ http://localhost:3000/_next/static/chunks/node_modules_next_dist_1e8vcs8._.js:776
[  145012ms] [LOG] [Fast Refresh] done in 15ms @ http://localhost:3000/_next/static/chunks/node_modules_next_dist_1e8vcs8._.js:776
[  145060ms] [LOG] [Fast Refresh] done in 15ms @ http://localhost:3000/_next/static/chunks/node_modules_next_dist_1e8vcs8._.js:776
[  145109ms] [LOG] [Fast Refresh] done in 15ms @ http://localhost:3000/_next/static/chunks/node_modules_next_dist_1e8vcs8._.js:776
[  145158ms] [LOG] [Fast Refresh] done in 15ms @ http://localhost:3000/_next/static/chunks/node_modules_next_dist_1e8vcs8._.js:776
[  145208ms] [LOG] [Fast Refresh] done in 15ms @ http://localhost:3000/_next/static/chunks/node_modules_next_dist_1e8vcs8._.js:776
[  145257ms] [LOG] [Fast Refresh] done in 15ms @ http://localhost:3000/_next/static/chunks/node_modules_next_dist_1e8vcs8._.js:776
[  145306ms] [LOG] [Fast Refresh] done in 15ms @ http://localhost:3000/_next/static/chunks/node_modules_next_dist_1e8vcs8._.js:776
[  145365ms] [LOG] [Fast Refresh] done in 15ms @ http://localhost:3000/_next/static/chunks/node_modules_next_dist_1e8vcs8._.js:776
[  145414ms] [LOG] [Fast Refresh] done in 15ms @ http://localhost:3000/_next/static/chunks/node_modules_next_dist_1e8vcs8._.js:776
[  145463ms] [LOG] [Fast Refresh] done in 15ms @ http://localhost:3000/_next/static/chunks/node_modules_next_dist_1e8vcs8._.js:776
[  145512ms] [LOG] [Fast Refresh] done in 15ms @ http://localhost:3000/_next/static/chunks/node_modules_next_dist_1e8vcs8._.js:776
[  145577ms] [LOG] [Fast Refresh] done in 15ms @ http://localhost:3000/_next/static/chunks/node_modules_next_dist_1e8vcs8._.js:776
[  145626ms] [LOG] [Fast Refresh] done in 15ms @ http://localhost:3000/_next/static/chunks/node_modules_next_dist_1e8vcs8._.js:776
[  145675ms] [LOG] [Fast Refresh] done in 15ms @ http://localhost:3000/_next/static/chunks/node_modules_next_dist_1e8vcs8._.js:776
[  145723ms] [LOG] [Fast Refresh] done in 15ms @ http://localhost:3000/_next/static/chunks/node_modules_next_dist_1e8vcs8._.js:776
[  145773ms] [LOG] [Fast Refresh] done in 15ms @ http://localhost:3000/_next/static/chunks/node_modules_next_dist_1e8vcs8._.js:776
[  145821ms] [LOG] [Fast Refresh] done in 15ms @ http://localhost:3000/_next/static/chunks/node_modules_next_dist_1e8vcs8._.js:776
[  145868ms] [LOG] [Fast Refresh] done in 15ms @ http://localhost:3000/_next/static/chunks/node_modules_next_dist_1e8vcs8._.js:776
[  145933ms] [LOG] [Fast Refresh] done in 15ms @ http://localhost:3000/_next/static/chunks/node_modules_next_dist_1e8vcs8._.js:776
[  145999ms] [LOG] [Fast Refresh] done in 15ms @ http://localhost:3000/_next/static/chunks/node_modules_next_dist_1e8vcs8._.js:776
[  146049ms] [LOG] [Fast Refresh] done in 15ms @ http://localhost:3000/_next/static/chunks/node_modules_next_dist_1e8vcs8._.js:776
[  146096ms] [LOG] [Fast Refresh] done in 15ms @ http://localhost:3000/_next/static/chunks/node_modules_next_dist_1e8vcs8._.js:776
[  146145ms] [LOG] [Fast Refresh] done in 15ms @ http://localhost:3000/_next/static/chunks/node_modules_next_dist_1e8vcs8._.js:776
[  146194ms] [LOG] [Fast Refresh] done in 15ms @ http://localhost:3000/_next/static/chunks/node_modules_next_dist_1e8vcs8._.js:776
[  146243ms] [LOG] [Fast Refresh] done in 15ms @ http://localhost:3000/_next/static/chunks/node_modules_next_dist_1e8vcs8._.js:776
[  146291ms] [LOG] [Fast Refresh] done in 15ms @ http://localhost:3000/_next/static/chunks/node_modules_next_dist_1e8vcs8._.js:776
[  146341ms] [LOG] [Fast Refresh] done in 15ms @ http://localhost:3000/_next/static/chunks/node_modules_next_dist_1e8vcs8._.js:776
[  146388ms] [LOG] [Fast Refresh] done in 15ms @ http://localhost:3000/_next/static/chunks/node_modules_next_dist_1e8vcs8._.js:776
[  146437ms] [LOG] [Fast Refresh] done in 15ms @ http://localhost:3000/_next/static/chunks/node_modules_next_dist_1e8vcs8._.js:776
[  146485ms] [LOG] [Fast Refresh] done in 15ms @ http://localhost:3000/_next/static/chunks/node_modules_next_dist_1e8vcs8._.js:776
[  146533ms] [LOG] [Fast Refresh] done in 15ms @ http://localhost:3000/_next/static/chunks/node_modules_next_dist_1e8vcs8._.js:776
[  146582ms] [LOG] [Fast Refresh] done in 15ms @ http://localhost:3000/_next/static/chunks/node_modules_next_dist_1e8vcs8._.js:776
[  146631ms] [LOG] [Fast Refresh] done in 15ms @ http://localhost:3000/_next/static/chunks/node_modules_next_dist_1e8vcs8._.js:776
[  146680ms] [LOG] [Fast Refresh] done in 15ms @ http://localhost:3000/_next/static/chunks/node_modules_next_dist_1e8vcs8._.js:776
[  146729ms] [LOG] [Fast Refresh] done in 15ms @ http://localhost:3000/_next/static/chunks/node_modules_next_dist_1e8vcs8._.js:776
[  146778ms] [LOG] [Fast Refresh] done in 15ms @ http://localhost:3000/_next/static/chunks/node_modules_next_dist_1e8vcs8._.js:776
[  146826ms] [LOG] [Fast Refresh] done in 15ms @ http://localhost:3000/_next/static/chunks/node_modules_next_dist_1e8vcs8._.js:776
[  146875ms] [LOG] [Fast Refresh] done in 15ms @ http://localhost:3000/_next/static/chunks/node_modules_next_dist_1e8vcs8._.js:776
[  146925ms] [LOG] [Fast Refresh] done in 15ms @ http://localhost:3000/_next/static/chunks/node_modules_next_dist_1e8vcs8._.js:776
[  146974ms] [LOG] [Fast Refresh] done in 15ms @ http://localhost:3000/_next/static/chunks/node_modules_next_dist_1e8vcs8._.js:776
[  147027ms] [LOG] [Fast Refresh] done in 15ms @ http://localhost:3000/_next/static/chunks/node_modules_next_dist_1e8vcs8._.js:776
[  147076ms] [LOG] [Fast Refresh] done in 15ms @ http://localhost:3000/_next/static/chunks/node_modules_next_dist_1e8vcs8._.js:776
[  147123ms] [LOG] [Fast Refresh] done in 15ms @ http://localhost:3000/_next/static/chunks/node_modules_next_dist_1e8vcs8._.js:776
[  147172ms] [LOG] [Fast Refresh] done in 15ms @ http://localhost:3000/_next/static/chunks/node_modules_next_dist_1e8vcs8._.js:776
[  147235ms] [LOG] [Fast Refresh] done in 15ms @ http://localhost:3000/_next/static/chunks/node_modules_next_dist_1e8vcs8._.js:776
[  147284ms] [LOG] [Fast Refresh] done in 15ms @ http://localhost:3000/_next/static/chunks/node_modules_next_dist_1e8vcs8._.js:776
[  147333ms] [LOG] [Fast Refresh] done in 15ms @ http://localhost:3000/_next/static/chunks/node_modules_next_dist_1e8vcs8._.js:776
[  147382ms] [LOG] [Fast Refresh] done in 15ms @ http://localhost:3000/_next/static/chunks/node_modules_next_dist_1e8vcs8._.js:776
[  147431ms] [LOG] [Fast Refresh] done in 15ms @ http://localhost:3000/_next/static/chunks/node_modules_next_dist_1e8vcs8._.js:776
[  147480ms] [LOG] [Fast Refresh] done in 15ms @ http://localhost:3000/_next/static/chunks/node_modules_next_dist_1e8vcs8._.js:776
[  147529ms] [LOG] [Fast Refresh] done in 15ms @ http://localhost:3000/_next/static/chunks/node_modules_next_dist_1e8vcs8._.js:776
[  147578ms] [LOG] [Fast Refresh] done in 15ms @ http://localhost:3000/_next/static/chunks/node_modules_next_dist_1e8vcs8._.js:776
[  147626ms] [LOG] [Fast Refresh] done in 15ms @ http://localhost:3000/_next/static/chunks/node_modules_next_dist_1e8vcs8._.js:776
[  147675ms] [LOG] [Fast Refresh] done in 15ms @ http://localhost:3000/_next/static/chunks/node_modules_next_dist_1e8vcs8._.js:776
[  147725ms] [LOG] [Fast Refresh] done in 15ms @ http://localhost:3000/_next/static/chunks/node_modules_next_dist_1e8vcs8._.js:776
[  147774ms] [LOG] [Fast Refresh] done in 15ms @ http://localhost:3000/_next/static/chunks/node_modules_next_dist_1e8vcs8._.js:776
[  147822ms] [LOG] [Fast Refresh] done in 15ms @ http://localhost:3000/_next/static/chunks/node_modules_next_dist_1e8vcs8._.js:776
[  147871ms] [LOG] [Fast Refresh] done in 15ms @ http://localhost:3000/_next/static/chunks/node_modules_next_dist_1e8vcs8._.js:776
[  147920ms] [LOG] [Fast Refresh] done in 15ms @ http://localhost:3000/_next/static/chunks/node_modules_next_dist_1e8vcs8._.js:776
[  147984ms] [LOG] [Fast Refresh] done in 15ms @ http://localhost:3000/_next/static/chunks/node_modules_next_dist_1e8vcs8._.js:776
[  148033ms] [LOG] [Fast Refresh] done in 15ms @ http://localhost:3000/_next/static/chunks/node_modules_next_dist_1e8vcs8._.js:776
[  148082ms] [LOG] [Fast Refresh] done in 15ms @ http://localhost:3000/_next/static/chunks/node_modules_next_dist_1e8vcs8._.js:776
[  148130ms] [LOG] [Fast Refresh] done in 15ms @ http://localhost:3000/_next/static/chunks/node_modules_next_dist_1e8vcs8._.js:776
[  148179ms] [LOG] [Fast Refresh] done in 15ms @ http://localhost:3000/_next/static/chunks/node_modules_next_dist_1e8vcs8._.js:776
[  148228ms] [LOG] [Fast Refresh] done in 15ms @ http://localhost:3000/_next/static/chunks/node_modules_next_dist_1e8vcs8._.js:776
[  148277ms] [LOG] [Fast Refresh] done in 15ms @ http://localhost:3000/_next/static/chunks/node_modules_next_dist_1e8vcs8._.js:776
[  148327ms] [LOG] [Fast Refresh] done in 15ms @ http://localhost:3000/_next/static/chunks/node_modules_next_dist_1e8vcs8._.js:776
[  148376ms] [LOG] [Fast Refresh] done in 15ms @ http://localhost:3000/_next/static/chunks/node_modules_next_dist_1e8vcs8._.js:776
[  148425ms] [LOG] [Fast Refresh] done in 15ms @ http://localhost:3000/_next/static/chunks/node_modules_next_dist_1e8vcs8._.js:776
[  148474ms] [LOG] [Fast Refresh] done in 15ms @ http://localhost:3000/_next/static/chunks/node_modules_next_dist_1e8vcs8._.js:776
[  148538ms] [LOG] [Fast Refresh] done in 15ms @ http://localhost:3000/_next/static/chunks/node_modules_next_dist_1e8vcs8._.js:776
[  148602ms] [LOG] [Fast Refresh] done in 15ms @ http://localhost:3000/_next/static/chunks/node_modules_next_dist_1e8vcs8._.js:776
[  148651ms] [LOG] [Fast Refresh] done in 15ms @ http://localhost:3000/_next/static/chunks/node_modules_next_dist_1e8vcs8._.js:776
[  148715ms] [LOG] [Fast Refresh] done in 15ms @ http://localhost:3000/_next/static/chunks/node_modules_next_dist_1e8vcs8._.js:776
[  148764ms] [LOG] [Fast Refresh] done in 15ms @ http://localhost:3000/_next/static/chunks/node_modules_next_dist_1e8vcs8._.js:776
[  148813ms] [LOG] [Fast Refresh] done in 15ms @ http://localhost:3000/_next/static/chunks/node_modules_next_dist_1e8vcs8._.js:776
[  148862ms] [LOG] [Fast Refresh] done in 15ms @ http://localhost:3000/_next/static/chunks/node_modules_next_dist_1e8vcs8._.js:776
[  148910ms] [LOG] [Fast Refresh] done in 15ms @ http://localhost:3000/_next/static/chunks/node_modules_next_dist_1e8vcs8._.js:776
[  148959ms] [LOG] [Fast Refresh] done in 15ms @ http://localhost:3000/_next/static/chunks/node_modules_next_dist_1e8vcs8._.js:776
[  149007ms] [LOG] [Fast Refresh] done in 15ms @ http://localhost:3000/_next/static/chunks/node_modules_next_dist_1e8vcs8._.js:776
[  149055ms] [LOG] [Fast Refresh] done in 15ms @ http://localhost:3000/_next/static/chunks/node_modules_next_dist_1e8vcs8._.js:776
[  149104ms] [LOG] [Fast Refresh] done in 15ms @ http://localhost:3000/_next/static/chunks/node_modules_next_dist_1e8vcs8._.js:776
[  149168ms] [LOG] [Fast Refresh] done in 15ms @ http://localhost:3000/_next/static/chunks/node_modules_next_dist_1e8vcs8._.js:776
[  149217ms] [LOG] [Fast Refresh] done in 15ms @ http://localhost:3000/_next/static/chunks/node_modules_next_dist_1e8vcs8._.js:776
[  149266ms] [LOG] [Fast Refresh] done in 15ms @ http://localhost:3000/_next/static/chunks/node_modules_next_dist_1e8vcs8._.js:776
[  149315ms] [LOG] [Fast Refresh] done in 15ms @ http://localhost:3000/_next/static/chunks/node_modules_next_dist_1e8vcs8._.js:776
[  149364ms] [LOG] [Fast Refresh] done in 15ms @ http://localhost:3000/_next/static/chunks/node_modules_next_dist_1e8vcs8._.js:776
[  149428ms] [LOG] [Fast Refresh] done in 15ms @ http://localhost:3000/_next/static/chunks/node_modules_next_dist_1e8vcs8._.js:776
[  149477ms] [LOG] [Fast Refresh] done in 15ms @ http://localhost:3000/_next/static/chunks/node_modules_next_dist_1e8vcs8._.js:776
[  149526ms] [LOG] [Fast Refresh] done in 15ms @ http://localhost:3000/_next/static/chunks/node_modules_next_dist_1e8vcs8._.js:776
[  149590ms] [LOG] [Fast Refresh] done in 15ms @ http://localhost:3000/_next/static/chunks/node_modules_next_dist_1e8vcs8._.js:776
[  149653ms] [LOG] [Fast Refresh] done in 15ms @ http://localhost:3000/_next/static/chunks/node_modules_next_dist_1e8vcs8._.js:776
[  149701ms] [LOG] [Fast Refresh] done in 15ms @ http://localhost:3000/_next/static/chunks/node_modules_next_dist_1e8vcs8._.js:776
[  149750ms] [LOG] [Fast Refresh] done in 15ms @ http://localhost:3000/_next/static/chunks/node_modules_next_dist_1e8vcs8._.js:776
[  149800ms] [LOG] [Fast Refresh] done in 15ms @ http://localhost:3000/_next/static/chunks/node_modules_next_dist_1e8vcs8._.js:776
[  149849ms] [LOG] [Fast Refresh] done in 15ms @ http://localhost:3000/_next/static/chunks/node_modules_next_dist_1e8vcs8._.js:776
[  149897ms] [LOG] [Fast Refresh] done in 15ms @ http://localhost:3000/_next/static/chunks/node_modules_next_dist_1e8vcs8._.js:776
[  149946ms] [LOG] [Fast Refresh] done in 15ms @ http://localhost:3000/_next/static/chunks/node_modules_next_dist_1e8vcs8._.js:776
[  149995ms] [LOG] [Fast Refresh] done in 15ms @ http://localhost:3000/_next/static/chunks/node_modules_next_dist_1e8vcs8._.js:776
[  150045ms] [LOG] [Fast Refresh] done in 15ms @ http://localhost:3000/_next/static/chunks/node_modules_next_dist_1e8vcs8._.js:776
[  150093ms] [LOG] [Fast Refresh] done in 15ms @ http://localhost:3000/_next/static/chunks/node_modules_next_dist_1e8vcs8._.js:776
[  150143ms] [LOG] [Fast Refresh] done in 15ms @ http://localhost:3000/_next/static/chunks/node_modules_next_dist_1e8vcs8._.js:776
[  150192ms] [LOG] [Fast Refresh] done in 15ms @ http://localhost:3000/_next/static/chunks/node_modules_next_dist_1e8vcs8._.js:776
[  150242ms] [LOG] [Fast Refresh] done in 15ms @ http://localhost:3000/_next/static/chunks/node_modules_next_dist_1e8vcs8._.js:776
[  150292ms] [LOG] [Fast Refresh] done in 15ms @ http://localhost:3000/_next/static/chunks/node_modules_next_dist_1e8vcs8._.js:776
[  150350ms] [LOG] [Fast Refresh] done in 15ms @ http://localhost:3000/_next/static/chunks/node_modules_next_dist_1e8vcs8._.js:776
[  150399ms] [LOG] [Fast Refresh] done in 15ms @ http://localhost:3000/_next/static/chunks/node_modules_next_dist_1e8vcs8._.js:776
[  150462ms] [LOG] [Fast Refresh] done in 15ms @ http://localhost:3000/_next/static/chunks/node_modules_next_dist_1e8vcs8._.js:776
[  150511ms] [LOG] [Fast Refresh] done in 15ms @ http://localhost:3000/_next/static/chunks/node_modules_next_dist_1e8vcs8._.js:776
[  150558ms] [LOG] [Fast Refresh] done in 15ms @ http://localhost:3000/_next/static/chunks/node_modules_next_dist_1e8vcs8._.js:776
[  150608ms] [LOG] [Fast Refresh] done in 15ms @ http://localhost:3000/_next/static/chunks/node_modules_next_dist_1e8vcs8._.js:776
[  150670ms] [LOG] [Fast Refresh] done in 15ms @ http://localhost:3000/_next/static/chunks/node_modules_next_dist_1e8vcs8._.js:776
[  150734ms] [LOG] [Fast Refresh] done in 15ms @ http://localhost:3000/_next/static/chunks/node_modules_next_dist_1e8vcs8._.js:776
[  150800ms] [LOG] [Fast Refresh] done in 15ms @ http://localhost:3000/_next/static/chunks/node_modules_next_dist_1e8vcs8._.js:776
[  150849ms] [LOG] [Fast Refresh] done in 15ms @ http://localhost:3000/_next/static/chunks/node_modules_next_dist_1e8vcs8._.js:776
[  150898ms] [LOG] [Fast Refresh] done in 15ms @ http://localhost:3000/_next/static/chunks/node_modules_next_dist_1e8vcs8._.js:776
[  150946ms] [LOG] [Fast Refresh] done in 15ms @ http://localhost:3000/_next/static/chunks/node_modules_next_dist_1e8vcs8._.js:776
[  150995ms] [LOG] [Fast Refresh] done in 15ms @ http://localhost:3000/_next/static/chunks/node_modules_next_dist_1e8vcs8._.js:776
[  151045ms] [LOG] [Fast Refresh] done in 15ms @ http://localhost:3000/_next/static/chunks/node_modules_next_dist_1e8vcs8._.js:776
[  151094ms] [LOG] [Fast Refresh] done in 15ms @ http://localhost:3000/_next/static/chunks/node_modules_next_dist_1e8vcs8._.js:776
[  151142ms] [LOG] [Fast Refresh] done in 15ms @ http://localhost:3000/_next/static/chunks/node_modules_next_dist_1e8vcs8._.js:776
[  151191ms] [LOG] [Fast Refresh] done in 15ms @ http://localhost:3000/_next/static/chunks/node_modules_next_dist_1e8vcs8._.js:776
[  151240ms] [LOG] [Fast Refresh] done in 15ms @ http://localhost:3000/_next/static/chunks/node_modules_next_dist_1e8vcs8._.js:776
[  151290ms] [LOG] [Fast Refresh] done in 15ms @ http://localhost:3000/_next/static/chunks/node_modules_next_dist_1e8vcs8._.js:776
[  151354ms] [LOG] [Fast Refresh] done in 15ms @ http://localhost:3000/_next/static/chunks/node_modules_next_dist_1e8vcs8._.js:776
[  151402ms] [LOG] [Fast Refresh] done in 15ms @ http://localhost:3000/_next/static/chunks/node_modules_next_dist_1e8vcs8._.js:776
[  151451ms] [LOG] [Fast Refresh] done in 15ms @ http://localhost:3000/_next/static/chunks/node_modules_next_dist_1e8vcs8._.js:776
[  151500ms] [LOG] [Fast Refresh] done in 15ms @ http://localhost:3000/_next/static/chunks/node_modules_next_dist_1e8vcs8._.js:776
[  151549ms] [LOG] [Fast Refresh] done in 15ms @ http://localhost:3000/_next/static/chunks/node_modules_next_dist_1e8vcs8._.js:776
[  151597ms] [LOG] [Fast Refresh] done in 15ms @ http://localhost:3000/_next/static/chunks/node_modules_next_dist_1e8vcs8._.js:776
[  151646ms] [LOG] [Fast Refresh] done in 15ms @ http://localhost:3000/_next/static/chunks/node_modules_next_dist_1e8vcs8._.js:776
[  151695ms] [LOG] [Fast Refresh] done in 15ms @ http://localhost:3000/_next/static/chunks/node_modules_next_dist_1e8vcs8._.js:776
[  151744ms] [LOG] [Fast Refresh] done in 15ms @ http://localhost:3000/_next/static/chunks/node_modules_next_dist_1e8vcs8._.js:776
[  151793ms] [LOG] [Fast Refresh] done in 15ms @ http://localhost:3000/_next/static/chunks/node_modules_next_dist_1e8vcs8._.js:776
[  151858ms] [LOG] [Fast Refresh] done in 15ms @ http://localhost:3000/_next/static/chunks/node_modules_next_dist_1e8vcs8._.js:776
[  151922ms] [LOG] [Fast Refresh] done in 15ms @ http://localhost:3000/_next/static/chunks/node_modules_next_dist_1e8vcs8._.js:776
[  151971ms] [LOG] [Fast Refresh] done in 15ms @ http://localhost:3000/_next/static/chunks/node_modules_next_dist_1e8vcs8._.js:776
[  152019ms] [LOG] [Fast Refresh] done in 15ms @ http://localhost:3000/_next/static/chunks/node_modules_next_dist_1e8vcs8._.js:776
[  152068ms] [LOG] [Fast Refresh] done in 15ms @ http://localhost:3000/_next/static/chunks/node_modules_next_dist_1e8vcs8._.js:776
[  152117ms] [LOG] [Fast Refresh] done in 15ms @ http://localhost:3000/_next/static/chunks/node_modules_next_dist_1e8vcs8._.js:776
[  152165ms] [LOG] [Fast Refresh] done in 15ms @ http://localhost:3000/_next/static/chunks/node_modules_next_dist_1e8vcs8._.js:776
[  152230ms] [LOG] [Fast Refresh] done in 15ms @ http://localhost:3000/_next/static/chunks/node_modules_next_dist_1e8vcs8._.js:776
[  152279ms] [LOG] [Fast Refresh] done in 15ms @ http://localhost:3000/_next/static/chunks/node_modules_next_dist_1e8vcs8._.js:776
[  152328ms] [LOG] [Fast Refresh] done in 15ms @ http://localhost:3000/_next/static/chunks/node_modules_next_dist_1e8vcs8._.js:776
[  152377ms] [LOG] [Fast Refresh] done in 15ms @ http://localhost:3000/_next/static/chunks/node_modules_next_dist_1e8vcs8._.js:776
[  152440ms] [LOG] [Fast Refresh] done in 15ms @ http://localhost:3000/_next/static/chunks/node_modules_next_dist_1e8vcs8._.js:776
[  152505ms] [LOG] [Fast Refresh] done in 15ms @ http://localhost:3000/_next/static/chunks/node_modules_next_dist_1e8vcs8._.js:776
[  152569ms] [LOG] [Fast Refresh] done in 15ms @ http://localhost:3000/_next/static/chunks/node_modules_next_dist_1e8vcs8._.js:776
[  152633ms] [LOG] [Fast Refresh] done in 15ms @ http://localhost:3000/_next/static/chunks/node_modules_next_dist_1e8vcs8._.js:776
[  152682ms] [LOG] [Fast Refresh] done in 15ms @ http://localhost:3000/_next/static/chunks/node_modules_next_dist_1e8vcs8._.js:776
[  152731ms] [LOG] [Fast Refresh] done in 15ms @ http://localhost:3000/_next/static/chunks/node_modules_next_dist_1e8vcs8._.js:776
[  152780ms] [LOG] [Fast Refresh] done in 15ms @ http://localhost:3000/_next/static/chunks/node_modules_next_dist_1e8vcs8._.js:776
[  152828ms] [LOG] [Fast Refresh] done in 15ms @ http://localhost:3000/_next/static/chunks/node_modules_next_dist_1e8vcs8._.js:776
[  152877ms] [LOG] [Fast Refresh] done in 15ms @ http://localhost:3000/_next/static/chunks/node_modules_next_dist_1e8vcs8._.js:776
[  152926ms] [LOG] [Fast Refresh] done in 15ms @ http://localhost:3000/_next/static/chunks/node_modules_next_dist_1e8vcs8._.js:776
[  152975ms] [LOG] [Fast Refresh] done in 15ms @ http://localhost:3000/_next/static/chunks/node_modules_next_dist_1e8vcs8._.js:776
[  153025ms] [LOG] [Fast Refresh] done in 15ms @ http://localhost:3000/_next/static/chunks/node_modules_next_dist_1e8vcs8._.js:776
[  153074ms] [LOG] [Fast Refresh] done in 15ms @ http://localhost:3000/_next/static/chunks/node_modules_next_dist_1e8vcs8._.js:776
[  153124ms] [LOG] [Fast Refresh] done in 15ms @ http://localhost:3000/_next/static/chunks/node_modules_next_dist_1e8vcs8._.js:776
[  153173ms] [LOG] [Fast Refresh] done in 15ms @ http://localhost:3000/_next/static/chunks/node_modules_next_dist_1e8vcs8._.js:776
[  153221ms] [LOG] [Fast Refresh] done in 15ms @ http://localhost:3000/_next/static/chunks/node_modules_next_dist_1e8vcs8._.js:776
[  153269ms] [LOG] [Fast Refresh] done in 15ms @ http://localhost:3000/_next/static/chunks/node_modules_next_dist_1e8vcs8._.js:776
[  153318ms] [LOG] [Fast Refresh] done in 15ms @ http://localhost:3000/_next/static/chunks/node_modules_next_dist_1e8vcs8._.js:776
[  153367ms] [LOG] [Fast Refresh] done in 15ms @ http://localhost:3000/_next/static/chunks/node_modules_next_dist_1e8vcs8._.js:776
[  153416ms] [LOG] [Fast Refresh] done in 15ms @ http://localhost:3000/_next/static/chunks/node_modules_next_dist_1e8vcs8._.js:776
[  153465ms] [LOG] [Fast Refresh] done in 15ms @ http://localhost:3000/_next/static/chunks/node_modules_next_dist_1e8vcs8._.js:776
[  153515ms] [LOG] [Fast Refresh] done in 15ms @ http://localhost:3000/_next/static/chunks/node_modules_next_dist_1e8vcs8._.js:776
[  153562ms] [LOG] [Fast Refresh] done in 15ms @ http://localhost:3000/_next/static/chunks/node_modules_next_dist_1e8vcs8._.js:776
[  153611ms] [LOG] [Fast Refresh] done in 15ms @ http://localhost:3000/_next/static/chunks/node_modules_next_dist_1e8vcs8._.js:776
[  153661ms] [LOG] [Fast Refresh] done in 15ms @ http://localhost:3000/_next/static/chunks/node_modules_next_dist_1e8vcs8._.js:776
[  153710ms] [LOG] [Fast Refresh] done in 15ms @ http://localhost:3000/_next/static/chunks/node_modules_next_dist_1e8vcs8._.js:776
[  153758ms] [LOG] [Fast Refresh] done in 15ms @ http://localhost:3000/_next/static/chunks/node_modules_next_dist_1e8vcs8._.js:776
[  153807ms] [LOG] [Fast Refresh] done in 15ms @ http://localhost:3000/_next/static/chunks/node_modules_next_dist_1e8vcs8._.js:776
[  153857ms] [LOG] [Fast Refresh] done in 15ms @ http://localhost:3000/_next/static/chunks/node_modules_next_dist_1e8vcs8._.js:776
[  153906ms] [LOG] [Fast Refresh] done in 15ms @ http://localhost:3000/_next/static/chunks/node_modules_next_dist_1e8vcs8._.js:776
[  153955ms] [LOG] [Fast Refresh] done in 15ms @ http://localhost:3000/_next/static/chunks/node_modules_next_dist_1e8vcs8._.js:776
[  154004ms] [LOG] [Fast Refresh] done in 15ms @ http://localhost:3000/_next/static/chunks/node_modules_next_dist_1e8vcs8._.js:776
[  154068ms] [LOG] [Fast Refresh] done in 15ms @ http://localhost:3000/_next/static/chunks/node_modules_next_dist_1e8vcs8._.js:776
[  154117ms] [LOG] [Fast Refresh] done in 15ms @ http://localhost:3000/_next/static/chunks/node_modules_next_dist_1e8vcs8._.js:776
[  154167ms] [LOG] [Fast Refresh] done in 15ms @ http://localhost:3000/_next/static/chunks/node_modules_next_dist_1e8vcs8._.js:776
[  154217ms] [LOG] [Fast Refresh] done in 15ms @ http://localhost:3000/_next/static/chunks/node_modules_next_dist_1e8vcs8._.js:776
[  154264ms] [LOG] [Fast Refresh] done in 15ms @ http://localhost:3000/_next/static/chunks/node_modules_next_dist_1e8vcs8._.js:776
[  154331ms] [LOG] [Fast Refresh] done in 15ms @ http://localhost:3000/_next/static/chunks/node_modules_next_dist_1e8vcs8._.js:776
[  154391ms] [LOG] [Fast Refresh] done in 15ms @ http://localhost:3000/_next/static/chunks/node_modules_next_dist_1e8vcs8._.js:776
[  154455ms] [LOG] [Fast Refresh] done in 15ms @ http://localhost:3000/_next/static/chunks/node_modules_next_dist_1e8vcs8._.js:776
[  154519ms] [LOG] [Fast Refresh] done in 15ms @ http://localhost:3000/_next/static/chunks/node_modules_next_dist_1e8vcs8._.js:776
[  154583ms] [LOG] [Fast Refresh] done in 15ms @ http://localhost:3000/_next/static/chunks/node_modules_next_dist_1e8vcs8._.js:776
[  154631ms] [LOG] [Fast Refresh] done in 15ms @ http://localhost:3000/_next/static/chunks/node_modules_next_dist_1e8vcs8._.js:776
[  154679ms] [LOG] [Fast Refresh] done in 15ms @ http://localhost:3000/_next/static/chunks/node_modules_next_dist_1e8vcs8._.js:776
[  154729ms] [LOG] [Fast Refresh] done in 15ms @ http://localhost:3000/_next/static/chunks/node_modules_next_dist_1e8vcs8._.js:776
[  154778ms] [LOG] [Fast Refresh] done in 15ms @ http://localhost:3000/_next/static/chunks/node_modules_next_dist_1e8vcs8._.js:776
[  154827ms] [LOG] [Fast Refresh] done in 15ms @ http://localhost:3000/_next/static/chunks/node_modules_next_dist_1e8vcs8._.js:776
[  154876ms] [LOG] [Fast Refresh] done in 15ms @ http://localhost:3000/_next/static/chunks/node_modules_next_dist_1e8vcs8._.js:776
[  154925ms] [LOG] [Fast Refresh] done in 15ms @ http://localhost:3000/_next/static/chunks/node_modules_next_dist_1e8vcs8._.js:776
[  154975ms] [LOG] [Fast Refresh] done in 15ms @ http://localhost:3000/_next/static/chunks/node_modules_next_dist_1e8vcs8._.js:776
[  155023ms] [LOG] [Fast Refresh] done in 15ms @ http://localhost:3000/_next/static/chunks/node_modules_next_dist_1e8vcs8._.js:776
[  155071ms] [LOG] [Fast Refresh] done in 15ms @ http://localhost:3000/_next/static/chunks/node_modules_next_dist_1e8vcs8._.js:776
[  155119ms] [LOG] [Fast Refresh] done in 15ms @ http://localhost:3000/_next/static/chunks/node_modules_next_dist_1e8vcs8._.js:776
[  155167ms] [LOG] [Fast Refresh] done in 15ms @ http://localhost:3000/_next/static/chunks/node_modules_next_dist_1e8vcs8._.js:776
[  155216ms] [LOG] [Fast Refresh] done in 15ms @ http://localhost:3000/_next/static/chunks/node_modules_next_dist_1e8vcs8._.js:776
[  155280ms] [LOG] [Fast Refresh] done in 15ms @ http://localhost:3000/_next/static/chunks/node_modules_next_dist_1e8vcs8._.js:776
[  155329ms] [LOG] [Fast Refresh] done in 15ms @ http://localhost:3000/_next/static/chunks/node_modules_next_dist_1e8vcs8._.js:776
[  155384ms] [LOG] [Fast Refresh] done in 15ms @ http://localhost:3000/_next/static/chunks/node_modules_next_dist_1e8vcs8._.js:776
[  155433ms] [LOG] [Fast Refresh] done in 15ms @ http://localhost:3000/_next/static/chunks/node_modules_next_dist_1e8vcs8._.js:776
[  155482ms] [LOG] [Fast Refresh] done in 15ms @ http://localhost:3000/_next/static/chunks/node_modules_next_dist_1e8vcs8._.js:776
[  155546ms] [LOG] [Fast Refresh] done in 15ms @ http://localhost:3000/_next/static/chunks/node_modules_next_dist_1e8vcs8._.js:776
[  155612ms] [LOG] [Fast Refresh] done in 15ms @ http://localhost:3000/_next/static/chunks/node_modules_next_dist_1e8vcs8._.js:776
[  155661ms] [LOG] [Fast Refresh] done in 15ms @ http://localhost:3000/_next/static/chunks/node_modules_next_dist_1e8vcs8._.js:776
[  155710ms] [LOG] [Fast Refresh] done in 15ms @ http://localhost:3000/_next/static/chunks/node_modules_next_dist_1e8vcs8._.js:776
[  155758ms] [LOG] [Fast Refresh] done in 15ms @ http://localhost:3000/_next/static/chunks/node_modules_next_dist_1e8vcs8._.js:776
[  155808ms] [LOG] [Fast Refresh] done in 15ms @ http://localhost:3000/_next/static/chunks/node_modules_next_dist_1e8vcs8._.js:776
[  155855ms] [LOG] [Fast Refresh] done in 15ms @ http://localhost:3000/_next/static/chunks/node_modules_next_dist_1e8vcs8._.js:776
[  155920ms] [LOG] [Fast Refresh] done in 15ms @ http://localhost:3000/_next/static/chunks/node_modules_next_dist_1e8vcs8._.js:776
[  155983ms] [LOG] [Fast Refresh] done in 15ms @ http://localhost:3000/_next/static/chunks/node_modules_next_dist_1e8vcs8._.js:776
[  156033ms] [LOG] [Fast Refresh] done in 15ms @ http://localhost:3000/_next/static/chunks/node_modules_next_dist_1e8vcs8._.js:776
[  156082ms] [LOG] [Fast Refresh] done in 15ms @ http://localhost:3000/_next/static/chunks/node_modules_next_dist_1e8vcs8._.js:776
[  156131ms] [LOG] [Fast Refresh] done in 15ms @ http://localhost:3000/_next/static/chunks/node_modules_next_dist_1e8vcs8._.js:776
[  156180ms] [LOG] [Fast Refresh] done in 15ms @ http://localhost:3000/_next/static/chunks/node_modules_next_dist_1e8vcs8._.js:776
[  156229ms] [LOG] [Fast Refresh] done in 15ms @ http://localhost:3000/_next/static/chunks/node_modules_next_dist_1e8vcs8._.js:776
[  156277ms] [LOG] [Fast Refresh] done in 15ms @ http://localhost:3000/_next/static/chunks/node_modules_next_dist_1e8vcs8._.js:776
[  156326ms] [LOG] [Fast Refresh] done in 15ms @ http://localhost:3000/_next/static/chunks/node_modules_next_dist_1e8vcs8._.js:776
[  156391ms] [LOG] [Fast Refresh] done in 15ms @ http://localhost:3000/_next/static/chunks/node_modules_next_dist_1e8vcs8._.js:776
[  156440ms] [LOG] [Fast Refresh] done in 15ms @ http://localhost:3000/_next/static/chunks/node_modules_next_dist_1e8vcs8._.js:776
[  156489ms] [LOG] [Fast Refresh] done in 15ms @ http://localhost:3000/_next/static/chunks/node_modules_next_dist_1e8vcs8._.js:776
[  156551ms] [LOG] [Fast Refresh] done in 15ms @ http://localhost:3000/_next/static/chunks/node_modules_next_dist_1e8vcs8._.js:776
[  156600ms] [LOG] [Fast Refresh] done in 15ms @ http://localhost:3000/_next/static/chunks/node_modules_next_dist_1e8vcs8._.js:776
[  156647ms] [LOG] [Fast Refresh] done in 15ms @ http://localhost:3000/_next/static/chunks/node_modules_next_dist_1e8vcs8._.js:776
[  156696ms] [LOG] [Fast Refresh] done in 15ms @ http://localhost:3000/_next/static/chunks/node_modules_next_dist_1e8vcs8._.js:776
[  156745ms] [LOG] [Fast Refresh] done in 15ms @ http://localhost:3000/_next/static/chunks/node_modules_next_dist_1e8vcs8._.js:776
[  156795ms] [LOG] [Fast Refresh] done in 15ms @ http://localhost:3000/_next/static/chunks/node_modules_next_dist_1e8vcs8._.js:776
[  156844ms] [LOG] [Fast Refresh] done in 15ms @ http://localhost:3000/_next/static/chunks/node_modules_next_dist_1e8vcs8._.js:776
[  156893ms] [LOG] [Fast Refresh] done in 15ms @ http://localhost:3000/_next/static/chunks/node_modules_next_dist_1e8vcs8._.js:776
[  156941ms] [LOG] [Fast Refresh] done in 15ms @ http://localhost:3000/_next/static/chunks/node_modules_next_dist_1e8vcs8._.js:776
[  156990ms] [LOG] [Fast Refresh] done in 15ms @ http://localhost:3000/_next/static/chunks/node_modules_next_dist_1e8vcs8._.js:776
[  157038ms] [LOG] [Fast Refresh] done in 15ms @ http://localhost:3000/_next/static/chunks/node_modules_next_dist_1e8vcs8._.js:776
[  157102ms] [LOG] [Fast Refresh] done in 15ms @ http://localhost:3000/_next/static/chunks/node_modules_next_dist_1e8vcs8._.js:776
[  157151ms] [LOG] [Fast Refresh] done in 15ms @ http://localhost:3000/_next/static/chunks/node_modules_next_dist_1e8vcs8._.js:776
[  157200ms] [LOG] [Fast Refresh] done in 15ms @ http://localhost:3000/_next/static/chunks/node_modules_next_dist_1e8vcs8._.js:776
[  157249ms] [LOG] [Fast Refresh] done in 15ms @ http://localhost:3000/_next/static/chunks/node_modules_next_dist_1e8vcs8._.js:776
[  157299ms] [LOG] [Fast Refresh] done in 15ms @ http://localhost:3000/_next/static/chunks/node_modules_next_dist_1e8vcs8._.js:776
[  157347ms] [LOG] [Fast Refresh] done in 15ms @ http://localhost:3000/_next/static/chunks/node_modules_next_dist_1e8vcs8._.js:776
[  157397ms] [LOG] [Fast Refresh] done in 15ms @ http://localhost:3000/_next/static/chunks/node_modules_next_dist_1e8vcs8._.js:776
[  157446ms] [LOG] [Fast Refresh] done in 15ms @ http://localhost:3000/_next/static/chunks/node_modules_next_dist_1e8vcs8._.js:776
[  157496ms] [LOG] [Fast Refresh] done in 15ms @ http://localhost:3000/_next/static/chunks/node_modules_next_dist_1e8vcs8._.js:776
[  157545ms] [LOG] [Fast Refresh] done in 15ms @ http://localhost:3000/_next/static/chunks/node_modules_next_dist_1e8vcs8._.js:776
[  157594ms] [LOG] [Fast Refresh] done in 15ms @ http://localhost:3000/_next/static/chunks/node_modules_next_dist_1e8vcs8._.js:776
[  157658ms] [LOG] [Fast Refresh] done in 15ms @ http://localhost:3000/_next/static/chunks/node_modules_next_dist_1e8vcs8._.js:776
[  157708ms] [LOG] [Fast Refresh] done in 15ms @ http://localhost:3000/_next/static/chunks/node_modules_next_dist_1e8vcs8._.js:776
[  157757ms] [LOG] [Fast Refresh] done in 15ms @ http://localhost:3000/_next/static/chunks/node_modules_next_dist_1e8vcs8._.js:776
[  157806ms] [LOG] [Fast Refresh] done in 15ms @ http://localhost:3000/_next/static/chunks/node_modules_next_dist_1e8vcs8._.js:776
[  157855ms] [LOG] [Fast Refresh] done in 15ms @ http://localhost:3000/_next/static/chunks/node_modules_next_dist_1e8vcs8._.js:776
[  157918ms] [LOG] [Fast Refresh] done in 15ms @ http://localhost:3000/_next/static/chunks/node_modules_next_dist_1e8vcs8._.js:776
[  157967ms] [LOG] [Fast Refresh] done in 15ms @ http://localhost:3000/_next/static/chunks/node_modules_next_dist_1e8vcs8._.js:776
[  158032ms] [LOG] [Fast Refresh] done in 15ms @ http://localhost:3000/_next/static/chunks/node_modules_next_dist_1e8vcs8._.js:776
[  158081ms] [LOG] [Fast Refresh] done in 15ms @ http://localhost:3000/_next/static/chunks/node_modules_next_dist_1e8vcs8._.js:776
[  158130ms] [LOG] [Fast Refresh] done in 15ms @ http://localhost:3000/_next/static/chunks/node_modules_next_dist_1e8vcs8._.js:776
[  158179ms] [LOG] [Fast Refresh] done in 15ms @ http://localhost:3000/_next/static/chunks/node_modules_next_dist_1e8vcs8._.js:776
[  158227ms] [LOG] [Fast Refresh] done in 15ms @ http://localhost:3000/_next/static/chunks/node_modules_next_dist_1e8vcs8._.js:776
[  158277ms] [LOG] [Fast Refresh] done in 15ms @ http://localhost:3000/_next/static/chunks/node_modules_next_dist_1e8vcs8._.js:776
[  158325ms] [LOG] [Fast Refresh] done in 15ms @ http://localhost:3000/_next/static/chunks/node_modules_next_dist_1e8vcs8._.js:776
[  158375ms] [LOG] [Fast Refresh] done in 15ms @ http://localhost:3000/_next/static/chunks/node_modules_next_dist_1e8vcs8._.js:776
[  158423ms] [LOG] [Fast Refresh] done in 15ms @ http://localhost:3000/_next/static/chunks/node_modules_next_dist_1e8vcs8._.js:776
[  158472ms] [LOG] [Fast Refresh] done in 15ms @ http://localhost:3000/_next/static/chunks/node_modules_next_dist_1e8vcs8._.js:776
[  158535ms] [LOG] [Fast Refresh] done in 15ms @ http://localhost:3000/_next/static/chunks/node_modules_next_dist_1e8vcs8._.js:776
[  158600ms] [LOG] [Fast Refresh] done in 15ms @ http://localhost:3000/_next/static/chunks/node_modules_next_dist_1e8vcs8._.js:776
[  158649ms] [LOG] [Fast Refresh] done in 15ms @ http://localhost:3000/_next/static/chunks/node_modules_next_dist_1e8vcs8._.js:776
[  158698ms] [LOG] [Fast Refresh] done in 15ms @ http://localhost:3000/_next/static/chunks/node_modules_next_dist_1e8vcs8._.js:776
[  158747ms] [LOG] [Fast Refresh] done in 15ms @ http://localhost:3000/_next/static/chunks/node_modules_next_dist_1e8vcs8._.js:776
[  158795ms] [LOG] [Fast Refresh] done in 15ms @ http://localhost:3000/_next/static/chunks/node_modules_next_dist_1e8vcs8._.js:776
[  158845ms] [LOG] [Fast Refresh] done in 15ms @ http://localhost:3000/_next/static/chunks/node_modules_next_dist_1e8vcs8._.js:776
[  158894ms] [LOG] [Fast Refresh] done in 15ms @ http://localhost:3000/_next/static/chunks/node_modules_next_dist_1e8vcs8._.js:776
[  158942ms] [LOG] [Fast Refresh] done in 15ms @ http://localhost:3000/_next/static/chunks/node_modules_next_dist_1e8vcs8._.js:776
[  158992ms] [LOG] [Fast Refresh] done in 15ms @ http://localhost:3000/_next/static/chunks/node_modules_next_dist_1e8vcs8._.js:776
[  159041ms] [LOG] [Fast Refresh] done in 15ms @ http://localhost:3000/_next/static/chunks/node_modules_next_dist_1e8vcs8._.js:776
[  159090ms] [LOG] [Fast Refresh] done in 15ms @ http://localhost:3000/_next/static/chunks/node_modules_next_dist_1e8vcs8._.js:776
[  159138ms] [LOG] [Fast Refresh] done in 15ms @ http://localhost:3000/_next/static/chunks/node_modules_next_dist_1e8vcs8._.js:776
[  159186ms] [LOG] [Fast Refresh] done in 15ms @ http://localhost:3000/_next/static/chunks/node_modules_next_dist_1e8vcs8._.js:776
[  159251ms] [LOG] [Fast Refresh] done in 15ms @ http://localhost:3000/_next/static/chunks/node_modules_next_dist_1e8vcs8._.js:776
[  159299ms] [LOG] [Fast Refresh] done in 15ms @ http://localhost:3000/_next/static/chunks/node_modules_next_dist_1e8vcs8._.js:776
[  159348ms] [LOG] [Fast Refresh] done in 15ms @ http://localhost:3000/_next/static/chunks/node_modules_next_dist_1e8vcs8._.js:776
[  159398ms] [LOG] [Fast Refresh] done in 15ms @ http://localhost:3000/_next/static/chunks/node_modules_next_dist_1e8vcs8._.js:776
[  159446ms] [LOG] [Fast Refresh] done in 15ms @ http://localhost:3000/_next/static/chunks/node_modules_next_dist_1e8vcs8._.js:776
[  159496ms] [LOG] [Fast Refresh] done in 15ms @ http://localhost:3000/_next/static/chunks/node_modules_next_dist_1e8vcs8._.js:776
[  159543ms] [LOG] [Fast Refresh] done in 15ms @ http://localhost:3000/_next/static/chunks/node_modules_next_dist_1e8vcs8._.js:776
[  159594ms] [LOG] [Fast Refresh] done in 15ms @ http://localhost:3000/_next/static/chunks/node_modules_next_dist_1e8vcs8._.js:776
[  159643ms] [LOG] [Fast Refresh] done in 15ms @ http://localhost:3000/_next/static/chunks/node_modules_next_dist_1e8vcs8._.js:776
[  159692ms] [LOG] [Fast Refresh] done in 15ms @ http://localhost:3000/_next/static/chunks/node_modules_next_dist_1e8vcs8._.js:776
[  159741ms] [LOG] [Fast Refresh] done in 15ms @ http://localhost:3000/_next/static/chunks/node_modules_next_dist_1e8vcs8._.js:776
[  159789ms] [LOG] [Fast Refresh] done in 15ms @ http://localhost:3000/_next/static/chunks/node_modules_next_dist_1e8vcs8._.js:776
[  159839ms] [LOG] [Fast Refresh] done in 15ms @ http://localhost:3000/_next/static/chunks/node_modules_next_dist_1e8vcs8._.js:776
[  159886ms] [LOG] [Fast Refresh] done in 15ms @ http://localhost:3000/_next/static/chunks/node_modules_next_dist_1e8vcs8._.js:776
[  159951ms] [LOG] [Fast Refresh] done in 15ms @ http://localhost:3000/_next/static/chunks/node_modules_next_dist_1e8vcs8._.js:776
[  160000ms] [LOG] [Fast Refresh] done in 15ms @ http://localhost:3000/_next/static/chunks/node_modules_next_dist_1e8vcs8._.js:776
[  160049ms] [LOG] [Fast Refresh] done in 15ms @ http://localhost:3000/_next/static/chunks/node_modules_next_dist_1e8vcs8._.js:776
[  160097ms] [LOG] [Fast Refresh] done in 15ms @ http://localhost:3000/_next/static/chunks/node_modules_next_dist_1e8vcs8._.js:776
[  160147ms] [LOG] [Fast Refresh] done in 15ms @ http://localhost:3000/_next/static/chunks/node_modules_next_dist_1e8vcs8._.js:776
[  160196ms] [LOG] [Fast Refresh] done in 15ms @ http://localhost:3000/_next/static/chunks/node_modules_next_dist_1e8vcs8._.js:776
[  160246ms] [LOG] [Fast Refresh] done in 15ms @ http://localhost:3000/_next/static/chunks/node_modules_next_dist_1e8vcs8._.js:776
[  160295ms] [LOG] [Fast Refresh] done in 15ms @ http://localhost:3000/_next/static/chunks/node_modules_next_dist_1e8vcs8._.js:776
[  160352ms] [LOG] [Fast Refresh] done in 15ms @ http://localhost:3000/_next/static/chunks/node_modules_next_dist_1e8vcs8._.js:776
[  160400ms] [LOG] [Fast Refresh] done in 15ms @ http://localhost:3000/_next/static/chunks/node_modules_next_dist_1e8vcs8._.js:776
[  160449ms] [LOG] [Fast Refresh] done in 15ms @ http://localhost:3000/_next/static/chunks/node_modules_next_dist_1e8vcs8._.js:776
[  160499ms] [LOG] [Fast Refresh] done in 15ms @ http://localhost:3000/_next/static/chunks/node_modules_next_dist_1e8vcs8._.js:776
[  160563ms] [LOG] [Fast Refresh] done in 15ms @ http://localhost:3000/_next/static/chunks/node_modules_next_dist_1e8vcs8._.js:776
[  160613ms] [LOG] [Fast Refresh] done in 15ms @ http://localhost:3000/_next/static/chunks/node_modules_next_dist_1e8vcs8._.js:776
[  160661ms] [LOG] [Fast Refresh] done in 15ms @ http://localhost:3000/_next/static/chunks/node_modules_next_dist_1e8vcs8._.js:776
[  160710ms] [LOG] [Fast Refresh] done in 15ms @ http://localhost:3000/_next/static/chunks/node_modules_next_dist_1e8vcs8._.js:776
[  160774ms] [LOG] [Fast Refresh] done in 15ms @ http://localhost:3000/_next/static/chunks/node_modules_next_dist_1e8vcs8._.js:776
[  160823ms] [LOG] [Fast Refresh] done in 15ms @ http://localhost:3000/_next/static/chunks/node_modules_next_dist_1e8vcs8._.js:776
[  160872ms] [LOG] [Fast Refresh] done in 15ms @ http://localhost:3000/_next/static/chunks/node_modules_next_dist_1e8vcs8._.js:776
[  160935ms] [LOG] [Fast Refresh] done in 15ms @ http://localhost:3000/_next/static/chunks/node_modules_next_dist_1e8vcs8._.js:776
[  160985ms] [LOG] [Fast Refresh] done in 15ms @ http://localhost:3000/_next/static/chunks/node_modules_next_dist_1e8vcs8._.js:776
[  161034ms] [LOG] [Fast Refresh] done in 15ms @ http://localhost:3000/_next/static/chunks/node_modules_next_dist_1e8vcs8._.js:776
[  161098ms] [LOG] [Fast Refresh] done in 15ms @ http://localhost:3000/_next/static/chunks/node_modules_next_dist_1e8vcs8._.js:776
[  161146ms] [LOG] [Fast Refresh] done in 15ms @ http://localhost:3000/_next/static/chunks/node_modules_next_dist_1e8vcs8._.js:776
[  161196ms] [LOG] [Fast Refresh] done in 15ms @ http://localhost:3000/_next/static/chunks/node_modules_next_dist_1e8vcs8._.js:776
[  161245ms] [LOG] [Fast Refresh] done in 15ms @ http://localhost:3000/_next/static/chunks/node_modules_next_dist_1e8vcs8._.js:776
[  161294ms] [LOG] [Fast Refresh] done in 15ms @ http://localhost:3000/_next/static/chunks/node_modules_next_dist_1e8vcs8._.js:776
[  161343ms] [LOG] [Fast Refresh] done in 15ms @ http://localhost:3000/_next/static/chunks/node_modules_next_dist_1e8vcs8._.js:776
[  161393ms] [LOG] [Fast Refresh] done in 15ms @ http://localhost:3000/_next/static/chunks/node_modules_next_dist_1e8vcs8._.js:776
[  161442ms] [LOG] [Fast Refresh] done in 15ms @ http://localhost:3000/_next/static/chunks/node_modules_next_dist_1e8vcs8._.js:776
[  161490ms] [LOG] [Fast Refresh] done in 15ms @ http://localhost:3000/_next/static/chunks/node_modules_next_dist_1e8vcs8._.js:776
[  161554ms] [LOG] [Fast Refresh] done in 15ms @ http://localhost:3000/_next/static/chunks/node_modules_next_dist_1e8vcs8._.js:776
[  161602ms] [LOG] [Fast Refresh] done in 15ms @ http://localhost:3000/_next/static/chunks/node_modules_next_dist_1e8vcs8._.js:776
[  161649ms] [LOG] [Fast Refresh] done in 15ms @ http://localhost:3000/_next/static/chunks/node_modules_next_dist_1e8vcs8._.js:776
[  161713ms] [LOG] [Fast Refresh] done in 15ms @ http://localhost:3000/_next/static/chunks/node_modules_next_dist_1e8vcs8._.js:776
[  161761ms] [LOG] [Fast Refresh] done in 15ms @ http://localhost:3000/_next/static/chunks/node_modules_next_dist_1e8vcs8._.js:776
[  161811ms] [LOG] [Fast Refresh] done in 15ms @ http://localhost:3000/_next/static/chunks/node_modules_next_dist_1e8vcs8._.js:776
[  161860ms] [LOG] [Fast Refresh] done in 15ms @ http://localhost:3000/_next/static/chunks/node_modules_next_dist_1e8vcs8._.js:776
[  161909ms] [LOG] [Fast Refresh] done in 15ms @ http://localhost:3000/_next/static/chunks/node_modules_next_dist_1e8vcs8._.js:776
[  161959ms] [LOG] [Fast Refresh] done in 15ms @ http://localhost:3000/_next/static/chunks/node_modules_next_dist_1e8vcs8._.js:776
[  162007ms] [LOG] [Fast Refresh] done in 15ms @ http://localhost:3000/_next/static/chunks/node_modules_next_dist_1e8vcs8._.js:776
[  162057ms] [LOG] [Fast Refresh] done in 15ms @ http://localhost:3000/_next/static/chunks/node_modules_next_dist_1e8vcs8._.js:776
[  162105ms] [LOG] [Fast Refresh] done in 15ms @ http://localhost:3000/_next/static/chunks/node_modules_next_dist_1e8vcs8._.js:776
[  162153ms] [LOG] [Fast Refresh] done in 15ms @ http://localhost:3000/_next/static/chunks/node_modules_next_dist_1e8vcs8._.js:776
[  162217ms] [LOG] [Fast Refresh] done in 15ms @ http://localhost:3000/_next/static/chunks/node_modules_next_dist_1e8vcs8._.js:776
[  162266ms] [LOG] [Fast Refresh] done in 15ms @ http://localhost:3000/_next/static/chunks/node_modules_next_dist_1e8vcs8._.js:776
[  162315ms] [LOG] [Fast Refresh] done in 15ms @ http://localhost:3000/_next/static/chunks/node_modules_next_dist_1e8vcs8._.js:776
[  162363ms] [LOG] [Fast Refresh] done in 15ms @ http://localhost:3000/_next/static/chunks/node_modules_next_dist_1e8vcs8._.js:776
[  162428ms] [LOG] [Fast Refresh] done in 15ms @ http://localhost:3000/_next/static/chunks/node_modules_next_dist_1e8vcs8._.js:776
[  162477ms] [LOG] [Fast Refresh] done in 15ms @ http://localhost:3000/_next/static/chunks/node_modules_next_dist_1e8vcs8._.js:776
[  162525ms] [LOG] [Fast Refresh] done in 15ms @ http://localhost:3000/_next/static/chunks/node_modules_next_dist_1e8vcs8._.js:776
[  162575ms] [LOG] [Fast Refresh] done in 15ms @ http://localhost:3000/_next/static/chunks/node_modules_next_dist_1e8vcs8._.js:776
[  162623ms] [LOG] [Fast Refresh] done in 15ms @ http://localhost:3000/_next/static/chunks/node_modules_next_dist_1e8vcs8._.js:776
[  162671ms] [LOG] [Fast Refresh] done in 15ms @ http://localhost:3000/_next/static/chunks/node_modules_next_dist_1e8vcs8._.js:776
[  162736ms] [LOG] [Fast Refresh] done in 15ms @ http://localhost:3000/_next/static/chunks/node_modules_next_dist_1e8vcs8._.js:776
[  162785ms] [LOG] [Fast Refresh] done in 15ms @ http://localhost:3000/_next/static/chunks/node_modules_next_dist_1e8vcs8._.js:776
[  162833ms] [LOG] [Fast Refresh] done in 15ms @ http://localhost:3000/_next/static/chunks/node_modules_next_dist_1e8vcs8._.js:776
[  162882ms] [LOG] [Fast Refresh] done in 15ms @ http://localhost:3000/_next/static/chunks/node_modules_next_dist_1e8vcs8._.js:776
[  162932ms] [LOG] [Fast Refresh] done in 15ms @ http://localhost:3000/_next/static/chunks/node_modules_next_dist_1e8vcs8._.js:776
[  162982ms] [LOG] [Fast Refresh] done in 15ms @ http://localhost:3000/_next/static/chunks/node_modules_next_dist_1e8vcs8._.js:776
[  163031ms] [LOG] [Fast Refresh] done in 15ms @ http://localhost:3000/_next/static/chunks/node_modules_next_dist_1e8vcs8._.js:776
[  163080ms] [LOG] [Fast Refresh] done in 15ms @ http://localhost:3000/_next/static/chunks/node_modules_next_dist_1e8vcs8._.js:776
[  163128ms] [LOG] [Fast Refresh] done in 15ms @ http://localhost:3000/_next/static/chunks/node_modules_next_dist_1e8vcs8._.js:776
[  163177ms] [LOG] [Fast Refresh] done in 15ms @ http://localhost:3000/_next/static/chunks/node_modules_next_dist_1e8vcs8._.js:776
[  163227ms] [LOG] [Fast Refresh] done in 15ms @ http://localhost:3000/_next/static/chunks/node_modules_next_dist_1e8vcs8._.js:776
[  163276ms] [LOG] [Fast Refresh] done in 15ms @ http://localhost:3000/_next/static/chunks/node_modules_next_dist_1e8vcs8._.js:776
[  163325ms] [LOG] [Fast Refresh] done in 15ms @ http://localhost:3000/_next/static/chunks/node_modules_next_dist_1e8vcs8._.js:776
[  163374ms] [LOG] [Fast Refresh] done in 15ms @ http://localhost:3000/_next/static/chunks/node_modules_next_dist_1e8vcs8._.js:776
[  163423ms] [LOG] [Fast Refresh] done in 15ms @ http://localhost:3000/_next/static/chunks/node_modules_next_dist_1e8vcs8._.js:776
[  163471ms] [LOG] [Fast Refresh] done in 15ms @ http://localhost:3000/_next/static/chunks/node_modules_next_dist_1e8vcs8._.js:776
[  163534ms] [LOG] [Fast Refresh] done in 15ms @ http://localhost:3000/_next/static/chunks/node_modules_next_dist_1e8vcs8._.js:776
[  163583ms] [LOG] [Fast Refresh] done in 15ms @ http://localhost:3000/_next/static/chunks/node_modules_next_dist_1e8vcs8._.js:776
[  163631ms] [LOG] [Fast Refresh] done in 15ms @ http://localhost:3000/_next/static/chunks/node_modules_next_dist_1e8vcs8._.js:776
[  163681ms] [LOG] [Fast Refresh] done in 15ms @ http://localhost:3000/_next/static/chunks/node_modules_next_dist_1e8vcs8._.js:776
[  163730ms] [LOG] [Fast Refresh] done in 15ms @ http://localhost:3000/_next/static/chunks/node_modules_next_dist_1e8vcs8._.js:776
[  163779ms] [LOG] [Fast Refresh] done in 15ms @ http://localhost:3000/_next/static/chunks/node_modules_next_dist_1e8vcs8._.js:776
[  163828ms] [LOG] [Fast Refresh] done in 15ms @ http://localhost:3000/_next/static/chunks/node_modules_next_dist_1e8vcs8._.js:776
[  163877ms] [LOG] [Fast Refresh] done in 15ms @ http://localhost:3000/_next/static/chunks/node_modules_next_dist_1e8vcs8._.js:776
[  163926ms] [LOG] [Fast Refresh] done in 15ms @ http://localhost:3000/_next/static/chunks/node_modules_next_dist_1e8vcs8._.js:776
[  163992ms] [LOG] [Fast Refresh] done in 15ms @ http://localhost:3000/_next/static/chunks/node_modules_next_dist_1e8vcs8._.js:776
[  164056ms] [LOG] [Fast Refresh] done in 15ms @ http://localhost:3000/_next/static/chunks/node_modules_next_dist_1e8vcs8._.js:776
[  164119ms] [LOG] [Fast Refresh] done in 15ms @ http://localhost:3000/_next/static/chunks/node_modules_next_dist_1e8vcs8._.js:776
[  164168ms] [LOG] [Fast Refresh] done in 15ms @ http://localhost:3000/_next/static/chunks/node_modules_next_dist_1e8vcs8._.js:776
[  164218ms] [LOG] [Fast Refresh] done in 15ms @ http://localhost:3000/_next/static/chunks/node_modules_next_dist_1e8vcs8._.js:776
[  164267ms] [LOG] [Fast Refresh] done in 15ms @ http://localhost:3000/_next/static/chunks/node_modules_next_dist_1e8vcs8._.js:776
[  164316ms] [LOG] [Fast Refresh] done in 15ms @ http://localhost:3000/_next/static/chunks/node_modules_next_dist_1e8vcs8._.js:776
[  164365ms] [LOG] [Fast Refresh] done in 15ms @ http://localhost:3000/_next/static/chunks/node_modules_next_dist_1e8vcs8._.js:776
[  164429ms] [LOG] [Fast Refresh] done in 15ms @ http://localhost:3000/_next/static/chunks/node_modules_next_dist_1e8vcs8._.js:776
[  164493ms] [LOG] [Fast Refresh] done in 15ms @ http://localhost:3000/_next/static/chunks/node_modules_next_dist_1e8vcs8._.js:776
[  164557ms] [LOG] [Fast Refresh] done in 15ms @ http://localhost:3000/_next/static/chunks/node_modules_next_dist_1e8vcs8._.js:776
[  164621ms] [LOG] [Fast Refresh] done in 15ms @ http://localhost:3000/_next/static/chunks/node_modules_next_dist_1e8vcs8._.js:776
[  164669ms] [LOG] [Fast Refresh] done in 15ms @ http://localhost:3000/_next/static/chunks/node_modules_next_dist_1e8vcs8._.js:776
[  164718ms] [LOG] [Fast Refresh] done in 15ms @ http://localhost:3000/_next/static/chunks/node_modules_next_dist_1e8vcs8._.js:776
[  164767ms] [LOG] [Fast Refresh] done in 15ms @ http://localhost:3000/_next/static/chunks/node_modules_next_dist_1e8vcs8._.js:776
[  164816ms] [LOG] [Fast Refresh] done in 15ms @ http://localhost:3000/_next/static/chunks/node_modules_next_dist_1e8vcs8._.js:776
[  164865ms] [LOG] [Fast Refresh] done in 15ms @ http://localhost:3000/_next/static/chunks/node_modules_next_dist_1e8vcs8._.js:776
[  164914ms] [LOG] [Fast Refresh] done in 15ms @ http://localhost:3000/_next/static/chunks/node_modules_next_dist_1e8vcs8._.js:776
[  164963ms] [LOG] [Fast Refresh] done in 15ms @ http://localhost:3000/_next/static/chunks/node_modules_next_dist_1e8vcs8._.js:776
[  165012ms] [LOG] [Fast Refresh] done in 15ms @ http://localhost:3000/_next/static/chunks/node_modules_next_dist_1e8vcs8._.js:776
[  165061ms] [LOG] [Fast Refresh] done in 15ms @ http://localhost:3000/_next/static/chunks/node_modules_next_dist_1e8vcs8._.js:776
[  165111ms] [LOG] [Fast Refresh] done in 15ms @ http://localhost:3000/_next/static/chunks/node_modules_next_dist_1e8vcs8._.js:776
[  165175ms] [LOG] [Fast Refresh] done in 15ms @ http://localhost:3000/_next/static/chunks/node_modules_next_dist_1e8vcs8._.js:776
[  165225ms] [LOG] [Fast Refresh] done in 15ms @ http://localhost:3000/_next/static/chunks/node_modules_next_dist_1e8vcs8._.js:776
[  165275ms] [LOG] [Fast Refresh] done in 15ms @ http://localhost:3000/_next/static/chunks/node_modules_next_dist_1e8vcs8._.js:776
[  165327ms] [LOG] [Fast Refresh] done in 15ms @ http://localhost:3000/_next/static/chunks/node_modules_next_dist_1e8vcs8._.js:776
[  165385ms] [LOG] [Fast Refresh] done in 15ms @ http://localhost:3000/_next/static/chunks/node_modules_next_dist_1e8vcs8._.js:776
[  165434ms] [LOG] [Fast Refresh] done in 15ms @ http://localhost:3000/_next/static/chunks/node_modules_next_dist_1e8vcs8._.js:776
[  165483ms] [LOG] [Fast Refresh] done in 15ms @ http://localhost:3000/_next/static/chunks/node_modules_next_dist_1e8vcs8._.js:776
[  165531ms] [LOG] [Fast Refresh] done in 15ms @ http://localhost:3000/_next/static/chunks/node_modules_next_dist_1e8vcs8._.js:776
[  165579ms] [LOG] [Fast Refresh] done in 15ms @ http://localhost:3000/_next/static/chunks/node_modules_next_dist_1e8vcs8._.js:776
[  165627ms] [LOG] [Fast Refresh] done in 15ms @ http://localhost:3000/_next/static/chunks/node_modules_next_dist_1e8vcs8._.js:776
[  165676ms] [LOG] [Fast Refresh] done in 15ms @ http://localhost:3000/_next/static/chunks/node_modules_next_dist_1e8vcs8._.js:776
[  165740ms] [LOG] [Fast Refresh] done in 15ms @ http://localhost:3000/_next/static/chunks/node_modules_next_dist_1e8vcs8._.js:776
[  165789ms] [LOG] [Fast Refresh] done in 15ms @ http://localhost:3000/_next/static/chunks/node_modules_next_dist_1e8vcs8._.js:776
[  165853ms] [LOG] [Fast Refresh] done in 15ms @ http://localhost:3000/_next/static/chunks/node_modules_next_dist_1e8vcs8._.js:776
[  165901ms] [LOG] [Fast Refresh] done in 15ms @ http://localhost:3000/_next/static/chunks/node_modules_next_dist_1e8vcs8._.js:776
[  165949ms] [LOG] [Fast Refresh] done in 15ms @ http://localhost:3000/_next/static/chunks/node_modules_next_dist_1e8vcs8._.js:776
[  165998ms] [LOG] [Fast Refresh] done in 15ms @ http://localhost:3000/_next/static/chunks/node_modules_next_dist_1e8vcs8._.js:776
[  166048ms] [LOG] [Fast Refresh] done in 15ms @ http://localhost:3000/_next/static/chunks/node_modules_next_dist_1e8vcs8._.js:776
[  166096ms] [LOG] [Fast Refresh] done in 15ms @ http://localhost:3000/_next/static/chunks/node_modules_next_dist_1e8vcs8._.js:776
[  166145ms] [LOG] [Fast Refresh] done in 15ms @ http://localhost:3000/_next/static/chunks/node_modules_next_dist_1e8vcs8._.js:776
[  166194ms] [LOG] [Fast Refresh] done in 15ms @ http://localhost:3000/_next/static/chunks/node_modules_next_dist_1e8vcs8._.js:776
[  166243ms] [LOG] [Fast Refresh] done in 15ms @ http://localhost:3000/_next/static/chunks/node_modules_next_dist_1e8vcs8._.js:776
[  166291ms] [LOG] [Fast Refresh] done in 15ms @ http://localhost:3000/_next/static/chunks/node_modules_next_dist_1e8vcs8._.js:776
[  166339ms] [LOG] [Fast Refresh] done in 15ms @ http://localhost:3000/_next/static/chunks/node_modules_next_dist_1e8vcs8._.js:776
[  166391ms] [LOG] [Fast Refresh] done in 15ms @ http://localhost:3000/_next/static/chunks/node_modules_next_dist_1e8vcs8._.js:776
[  166435ms] [LOG] [Fast Refresh] done in 15ms @ http://localhost:3000/_next/static/chunks/node_modules_next_dist_1e8vcs8._.js:776
[  166484ms] [LOG] [Fast Refresh] done in 15ms @ http://localhost:3000/_next/static/chunks/node_modules_next_dist_1e8vcs8._.js:776
[  166533ms] [LOG] [Fast Refresh] done in 15ms @ http://localhost:3000/_next/static/chunks/node_modules_next_dist_1e8vcs8._.js:776
[  166581ms] [LOG] [Fast Refresh] done in 15ms @ http://localhost:3000/_next/static/chunks/node_modules_next_dist_1e8vcs8._.js:776
[  166630ms] [LOG] [Fast Refresh] done in 15ms @ http://localhost:3000/_next/static/chunks/node_modules_next_dist_1e8vcs8._.js:776
[  166679ms] [LOG] [Fast Refresh] done in 15ms @ http://localhost:3000/_next/static/chunks/node_modules_next_dist_1e8vcs8._.js:776
[  166727ms] [LOG] [Fast Refresh] done in 15ms @ http://localhost:3000/_next/static/chunks/node_modules_next_dist_1e8vcs8._.js:776
[  166777ms] [LOG] [Fast Refresh] done in 15ms @ http://localhost:3000/_next/static/chunks/node_modules_next_dist_1e8vcs8._.js:776
[  166825ms] [LOG] [Fast Refresh] done in 15ms @ http://localhost:3000/_next/static/chunks/node_modules_next_dist_1e8vcs8._.js:776
[  166875ms] [LOG] [Fast Refresh] done in 15ms @ http://localhost:3000/_next/static/chunks/node_modules_next_dist_1e8vcs8._.js:776
[  166924ms] [LOG] [Fast Refresh] done in 15ms @ http://localhost:3000/_next/static/chunks/node_modules_next_dist_1e8vcs8._.js:776
[  166973ms] [LOG] [Fast Refresh] done in 15ms @ http://localhost:3000/_next/static/chunks/node_modules_next_dist_1e8vcs8._.js:776
[  167021ms] [LOG] [Fast Refresh] done in 15ms @ http://localhost:3000/_next/static/chunks/node_modules_next_dist_1e8vcs8._.js:776
[  167085ms] [LOG] [Fast Refresh] done in 15ms @ http://localhost:3000/_next/static/chunks/node_modules_next_dist_1e8vcs8._.js:776
[  167133ms] [LOG] [Fast Refresh] done in 15ms @ http://localhost:3000/_next/static/chunks/node_modules_next_dist_1e8vcs8._.js:776
[  167182ms] [LOG] [Fast Refresh] done in 15ms @ http://localhost:3000/_next/static/chunks/node_modules_next_dist_1e8vcs8._.js:776
[  167232ms] [LOG] [Fast Refresh] done in 15ms @ http://localhost:3000/_next/static/chunks/node_modules_next_dist_1e8vcs8._.js:776
[  167280ms] [LOG] [Fast Refresh] done in 15ms @ http://localhost:3000/_next/static/chunks/node_modules_next_dist_1e8vcs8._.js:776
[  167329ms] [LOG] [Fast Refresh] done in 15ms @ http://localhost:3000/_next/static/chunks/node_modules_next_dist_1e8vcs8._.js:776
[  167378ms] [LOG] [Fast Refresh] done in 15ms @ http://localhost:3000/_next/static/chunks/node_modules_next_dist_1e8vcs8._.js:776
[  167427ms] [LOG] [Fast Refresh] done in 15ms @ http://localhost:3000/_next/static/chunks/node_modules_next_dist_1e8vcs8._.js:776
[  167477ms] [LOG] [Fast Refresh] done in 15ms @ http://localhost:3000/_next/static/chunks/node_modules_next_dist_1e8vcs8._.js:776
[  167526ms] [LOG] [Fast Refresh] done in 15ms @ http://localhost:3000/_next/static/chunks/node_modules_next_dist_1e8vcs8._.js:776
[  167574ms] [LOG] [Fast Refresh] done in 15ms @ http://localhost:3000/_next/static/chunks/node_modules_next_dist_1e8vcs8._.js:776
[  167622ms] [LOG] [Fast Refresh] done in 15ms @ http://localhost:3000/_next/static/chunks/node_modules_next_dist_1e8vcs8._.js:776
[  167671ms] [LOG] [Fast Refresh] done in 15ms @ http://localhost:3000/_next/static/chunks/node_modules_next_dist_1e8vcs8._.js:776
[  167718ms] [LOG] [Fast Refresh] done in 15ms @ http://localhost:3000/_next/static/chunks/node_modules_next_dist_1e8vcs8._.js:776
[  167767ms] [LOG] [Fast Refresh] done in 15ms @ http://localhost:3000/_next/static/chunks/node_modules_next_dist_1e8vcs8._.js:776
[  167816ms] [LOG] [Fast Refresh] done in 15ms @ http://localhost:3000/_next/static/chunks/node_modules_next_dist_1e8vcs8._.js:776
[  167865ms] [LOG] [Fast Refresh] done in 15ms @ http://localhost:3000/_next/static/chunks/node_modules_next_dist_1e8vcs8._.js:776
[  167914ms] [LOG] [Fast Refresh] done in 15ms @ http://localhost:3000/_next/static/chunks/node_modules_next_dist_1e8vcs8._.js:776
[  167964ms] [LOG] [Fast Refresh] done in 15ms @ http://localhost:3000/_next/static/chunks/node_modules_next_dist_1e8vcs8._.js:776
[  168013ms] [LOG] [Fast Refresh] done in 15ms @ http://localhost:3000/_next/static/chunks/node_modules_next_dist_1e8vcs8._.js:776
[  168062ms] [LOG] [Fast Refresh] done in 15ms @ http://localhost:3000/_next/static/chunks/node_modules_next_dist_1e8vcs8._.js:776
[  168111ms] [LOG] [Fast Refresh] done in 15ms @ http://localhost:3000/_next/static/chunks/node_modules_next_dist_1e8vcs8._.js:776
[  168161ms] [LOG] [Fast Refresh] done in 15ms @ http://localhost:3000/_next/static/chunks/node_modules_next_dist_1e8vcs8._.js:776
[  168210ms] [LOG] [Fast Refresh] done in 15ms @ http://localhost:3000/_next/static/chunks/node_modules_next_dist_1e8vcs8._.js:776
[  168259ms] [LOG] [Fast Refresh] done in 15ms @ http://localhost:3000/_next/static/chunks/node_modules_next_dist_1e8vcs8._.js:776
[  168308ms] [LOG] [Fast Refresh] done in 15ms @ http://localhost:3000/_next/static/chunks/node_modules_next_dist_1e8vcs8._.js:776
[  168355ms] [LOG] [Fast Refresh] done in 15ms @ http://localhost:3000/_next/static/chunks/node_modules_next_dist_1e8vcs8._.js:776
[  168404ms] [LOG] [Fast Refresh] done in 15ms @ http://localhost:3000/_next/static/chunks/node_modules_next_dist_1e8vcs8._.js:776
[  168452ms] [LOG] [Fast Refresh] done in 15ms @ http://localhost:3000/_next/static/chunks/node_modules_next_dist_1e8vcs8._.js:776
[  168500ms] [LOG] [Fast Refresh] done in 15ms @ http://localhost:3000/_next/static/chunks/node_modules_next_dist_1e8vcs8._.js:776
[  168549ms] [LOG] [Fast Refresh] done in 15ms @ http://localhost:3000/_next/static/chunks/node_modules_next_dist_1e8vcs8._.js:776
[  168598ms] [LOG] [Fast Refresh] done in 15ms @ http://localhost:3000/_next/static/chunks/node_modules_next_dist_1e8vcs8._.js:776
[  168662ms] [LOG] [Fast Refresh] done in 15ms @ http://localhost:3000/_next/static/chunks/node_modules_next_dist_1e8vcs8._.js:776
[  168712ms] [LOG] [Fast Refresh] done in 15ms @ http://localhost:3000/_next/static/chunks/node_modules_next_dist_1e8vcs8._.js:776
[  168761ms] [LOG] [Fast Refresh] done in 15ms @ http://localhost:3000/_next/static/chunks/node_modules_next_dist_1e8vcs8._.js:776
[  168810ms] [LOG] [Fast Refresh] done in 15ms @ http://localhost:3000/_next/static/chunks/node_modules_next_dist_1e8vcs8._.js:776
[  168859ms] [LOG] [Fast Refresh] done in 15ms @ http://localhost:3000/_next/static/chunks/node_modules_next_dist_1e8vcs8._.js:776
[  168909ms] [LOG] [Fast Refresh] done in 15ms @ http://localhost:3000/_next/static/chunks/node_modules_next_dist_1e8vcs8._.js:776
[  168957ms] [LOG] [Fast Refresh] done in 15ms @ http://localhost:3000/_next/static/chunks/node_modules_next_dist_1e8vcs8._.js:776
[  169007ms] [LOG] [Fast Refresh] done in 15ms @ http://localhost:3000/_next/static/chunks/node_modules_next_dist_1e8vcs8._.js:776
[  169056ms] [LOG] [Fast Refresh] done in 15ms @ http://localhost:3000/_next/static/chunks/node_modules_next_dist_1e8vcs8._.js:776
[  169119ms] [LOG] [Fast Refresh] done in 15ms @ http://localhost:3000/_next/static/chunks/node_modules_next_dist_1e8vcs8._.js:776
[  169168ms] [LOG] [Fast Refresh] done in 15ms @ http://localhost:3000/_next/static/chunks/node_modules_next_dist_1e8vcs8._.js:776
[  169218ms] [LOG] [Fast Refresh] done in 15ms @ http://localhost:3000/_next/static/chunks/node_modules_next_dist_1e8vcs8._.js:776
[  169267ms] [LOG] [Fast Refresh] done in 15ms @ http://localhost:3000/_next/static/chunks/node_modules_next_dist_1e8vcs8._.js:776
[  169332ms] [LOG] [Fast Refresh] done in 15ms @ http://localhost:3000/_next/static/chunks/node_modules_next_dist_1e8vcs8._.js:776
[  169380ms] [LOG] [Fast Refresh] done in 15ms @ http://localhost:3000/_next/static/chunks/node_modules_next_dist_1e8vcs8._.js:776
[  169429ms] [LOG] [Fast Refresh] done in 15ms @ http://localhost:3000/_next/static/chunks/node_modules_next_dist_1e8vcs8._.js:776
[  169494ms] [LOG] [Fast Refresh] done in 15ms @ http://localhost:3000/_next/static/chunks/node_modules_next_dist_1e8vcs8._.js:776
[  169559ms] [LOG] [Fast Refresh] done in 15ms @ http://localhost:3000/_next/static/chunks/node_modules_next_dist_1e8vcs8._.js:776
[  169609ms] [LOG] [Fast Refresh] done in 15ms @ http://localhost:3000/_next/static/chunks/node_modules_next_dist_1e8vcs8._.js:776
[  169657ms] [LOG] [Fast Refresh] done in 15ms @ http://localhost:3000/_next/static/chunks/node_modules_next_dist_1e8vcs8._.js:776
[  169706ms] [LOG] [Fast Refresh] done in 15ms @ http://localhost:3000/_next/static/chunks/node_modules_next_dist_1e8vcs8._.js:776
[  169754ms] [LOG] [Fast Refresh] done in 15ms @ http://localhost:3000/_next/static/chunks/node_modules_next_dist_1e8vcs8._.js:776
[  169818ms] [LOG] [Fast Refresh] done in 15ms @ http://localhost:3000/_next/static/chunks/node_modules_next_dist_1e8vcs8._.js:776
[  169867ms] [LOG] [Fast Refresh] done in 15ms @ http://localhost:3000/_next/static/chunks/node_modules_next_dist_1e8vcs8._.js:776
[  169916ms] [LOG] [Fast Refresh] done in 15ms @ http://localhost:3000/_next/static/chunks/node_modules_next_dist_1e8vcs8._.js:776
[  169965ms] [LOG] [Fast Refresh] done in 15ms @ http://localhost:3000/_next/static/chunks/node_modules_next_dist_1e8vcs8._.js:776
[  170013ms] [LOG] [Fast Refresh] done in 15ms @ http://localhost:3000/_next/static/chunks/node_modules_next_dist_1e8vcs8._.js:776
[  170063ms] [LOG] [Fast Refresh] done in 15ms @ http://localhost:3000/_next/static/chunks/node_modules_next_dist_1e8vcs8._.js:776
[  170111ms] [LOG] [Fast Refresh] done in 15ms @ http://localhost:3000/_next/static/chunks/node_modules_next_dist_1e8vcs8._.js:776
[  170160ms] [LOG] [Fast Refresh] done in 15ms @ http://localhost:3000/_next/static/chunks/node_modules_next_dist_1e8vcs8._.js:776
[  170209ms] [LOG] [Fast Refresh] done in 15ms @ http://localhost:3000/_next/static/chunks/node_modules_next_dist_1e8vcs8._.js:776
[  170259ms] [LOG] [Fast Refresh] done in 15ms @ http://localhost:3000/_next/static/chunks/node_modules_next_dist_1e8vcs8._.js:776
[  170322ms] [LOG] [Fast Refresh] done in 15ms @ http://localhost:3000/_next/static/chunks/node_modules_next_dist_1e8vcs8._.js:776
[  170386ms] [LOG] [Fast Refresh] done in 15ms @ http://localhost:3000/_next/static/chunks/node_modules_next_dist_1e8vcs8._.js:776
[  170450ms] [LOG] [Fast Refresh] done in 15ms @ http://localhost:3000/_next/static/chunks/node_modules_next_dist_1e8vcs8._.js:776
[  170499ms] [LOG] [Fast Refresh] done in 15ms @ http://localhost:3000/_next/static/chunks/node_modules_next_dist_1e8vcs8._.js:776
[  170563ms] [LOG] [Fast Refresh] done in 15ms @ http://localhost:3000/_next/static/chunks/node_modules_next_dist_1e8vcs8._.js:776
[  170611ms] [LOG] [Fast Refresh] done in 15ms @ http://localhost:3000/_next/static/chunks/node_modules_next_dist_1e8vcs8._.js:776
[  170659ms] [LOG] [Fast Refresh] done in 15ms @ http://localhost:3000/_next/static/chunks/node_modules_next_dist_1e8vcs8._.js:776
[  170709ms] [LOG] [Fast Refresh] done in 15ms @ http://localhost:3000/_next/static/chunks/node_modules_next_dist_1e8vcs8._.js:776
[  170759ms] [LOG] [Fast Refresh] done in 15ms @ http://localhost:3000/_next/static/chunks/node_modules_next_dist_1e8vcs8._.js:776
[  170808ms] [LOG] [Fast Refresh] done in 15ms @ http://localhost:3000/_next/static/chunks/node_modules_next_dist_1e8vcs8._.js:776
[  170857ms] [LOG] [Fast Refresh] done in 15ms @ http://localhost:3000/_next/static/chunks/node_modules_next_dist_1e8vcs8._.js:776
[  170906ms] [LOG] [Fast Refresh] done in 15ms @ http://localhost:3000/_next/static/chunks/node_modules_next_dist_1e8vcs8._.js:776
[  170969ms] [LOG] [Fast Refresh] done in 15ms @ http://localhost:3000/_next/static/chunks/node_modules_next_dist_1e8vcs8._.js:776
[  171018ms] [LOG] [Fast Refresh] done in 15ms @ http://localhost:3000/_next/static/chunks/node_modules_next_dist_1e8vcs8._.js:776
[  171067ms] [LOG] [Fast Refresh] done in 15ms @ http://localhost:3000/_next/static/chunks/node_modules_next_dist_1e8vcs8._.js:776
[  171116ms] [LOG] [Fast Refresh] done in 15ms @ http://localhost:3000/_next/static/chunks/node_modules_next_dist_1e8vcs8._.js:776
[  171165ms] [LOG] [Fast Refresh] done in 15ms @ http://localhost:3000/_next/static/chunks/node_modules_next_dist_1e8vcs8._.js:776
[  171214ms] [LOG] [Fast Refresh] done in 15ms @ http://localhost:3000/_next/static/chunks/node_modules_next_dist_1e8vcs8._.js:776
[  171278ms] [LOG] [Fast Refresh] done in 15ms @ http://localhost:3000/_next/static/chunks/node_modules_next_dist_1e8vcs8._.js:776
[  171327ms] [LOG] [Fast Refresh] done in 15ms @ http://localhost:3000/_next/static/chunks/node_modules_next_dist_1e8vcs8._.js:776
[  171376ms] [LOG] [Fast Refresh] done in 15ms @ http://localhost:3000/_next/static/chunks/node_modules_next_dist_1e8vcs8._.js:776
[  171424ms] [LOG] [Fast Refresh] done in 15ms @ http://localhost:3000/_next/static/chunks/node_modules_next_dist_1e8vcs8._.js:776
[  171473ms] [LOG] [Fast Refresh] done in 15ms @ http://localhost:3000/_next/static/chunks/node_modules_next_dist_1e8vcs8._.js:776
[  171536ms] [LOG] [Fast Refresh] done in 15ms @ http://localhost:3000/_next/static/chunks/node_modules_next_dist_1e8vcs8._.js:776
[  171584ms] [LOG] [Fast Refresh] done in 15ms @ http://localhost:3000/_next/static/chunks/node_modules_next_dist_1e8vcs8._.js:776
[  171634ms] [LOG] [Fast Refresh] done in 15ms @ http://localhost:3000/_next/static/chunks/node_modules_next_dist_1e8vcs8._.js:776
[  171683ms] [LOG] [Fast Refresh] done in 15ms @ http://localhost:3000/_next/static/chunks/node_modules_next_dist_1e8vcs8._.js:776
[  171730ms] [LOG] [Fast Refresh] done in 15ms @ http://localhost:3000/_next/static/chunks/node_modules_next_dist_1e8vcs8._.js:776
[  171779ms] [LOG] [Fast Refresh] done in 15ms @ http://localhost:3000/_next/static/chunks/node_modules_next_dist_1e8vcs8._.js:776
[  171828ms] [LOG] [Fast Refresh] done in 15ms @ http://localhost:3000/_next/static/chunks/node_modules_next_dist_1e8vcs8._.js:776
[  171878ms] [LOG] [Fast Refresh] done in 15ms @ http://localhost:3000/_next/static/chunks/node_modules_next_dist_1e8vcs8._.js:776
[  171943ms] [LOG] [Fast Refresh] done in 15ms @ http://localhost:3000/_next/static/chunks/node_modules_next_dist_1e8vcs8._.js:776
[  171991ms] [LOG] [Fast Refresh] done in 15ms @ http://localhost:3000/_next/static/chunks/node_modules_next_dist_1e8vcs8._.js:776
[  172041ms] [LOG] [Fast Refresh] done in 15ms @ http://localhost:3000/_next/static/chunks/node_modules_next_dist_1e8vcs8._.js:776
[  172090ms] [LOG] [Fast Refresh] done in 15ms @ http://localhost:3000/_next/static/chunks/node_modules_next_dist_1e8vcs8._.js:776
[  172139ms] [LOG] [Fast Refresh] done in 15ms @ http://localhost:3000/_next/static/chunks/node_modules_next_dist_1e8vcs8._.js:776
[  172202ms] [LOG] [Fast Refresh] done in 15ms @ http://localhost:3000/_next/static/chunks/node_modules_next_dist_1e8vcs8._.js:776
[  172250ms] [LOG] [Fast Refresh] done in 15ms @ http://localhost:3000/_next/static/chunks/node_modules_next_dist_1e8vcs8._.js:776
[  172300ms] [LOG] [Fast Refresh] done in 15ms @ http://localhost:3000/_next/static/chunks/node_modules_next_dist_1e8vcs8._.js:776
[  172364ms] [LOG] [Fast Refresh] done in 15ms @ http://localhost:3000/_next/static/chunks/node_modules_next_dist_1e8vcs8._.js:776
[  172413ms] [LOG] [Fast Refresh] done in 15ms @ http://localhost:3000/_next/static/chunks/node_modules_next_dist_1e8vcs8._.js:776
[  172478ms] [LOG] [Fast Refresh] done in 15ms @ http://localhost:3000/_next/static/chunks/node_modules_next_dist_1e8vcs8._.js:776
[  172527ms] [LOG] [Fast Refresh] done in 15ms @ http://localhost:3000/_next/static/chunks/node_modules_next_dist_1e8vcs8._.js:776
[  172575ms] [LOG] [Fast Refresh] done in 15ms @ http://localhost:3000/_next/static/chunks/node_modules_next_dist_1e8vcs8._.js:776
[  172624ms] [LOG] [Fast Refresh] done in 15ms @ http://localhost:3000/_next/static/chunks/node_modules_next_dist_1e8vcs8._.js:776
[  172688ms] [LOG] [Fast Refresh] done in 15ms @ http://localhost:3000/_next/static/chunks/node_modules_next_dist_1e8vcs8._.js:776
[  172735ms] [LOG] [Fast Refresh] done in 15ms @ http://localhost:3000/_next/static/chunks/node_modules_next_dist_1e8vcs8._.js:776
[  172784ms] [LOG] [Fast Refresh] done in 15ms @ http://localhost:3000/_next/static/chunks/node_modules_next_dist_1e8vcs8._.js:776
[  172833ms] [LOG] [Fast Refresh] done in 15ms @ http://localhost:3000/_next/static/chunks/node_modules_next_dist_1e8vcs8._.js:776
[  172882ms] [LOG] [Fast Refresh] done in 15ms @ http://localhost:3000/_next/static/chunks/node_modules_next_dist_1e8vcs8._.js:776
[  172931ms] [LOG] [Fast Refresh] done in 15ms @ http://localhost:3000/_next/static/chunks/node_modules_next_dist_1e8vcs8._.js:776
[  172980ms] [LOG] [Fast Refresh] done in 15ms @ http://localhost:3000/_next/static/chunks/node_modules_next_dist_1e8vcs8._.js:776
[  173029ms] [LOG] [Fast Refresh] done in 15ms @ http://localhost:3000/_next/static/chunks/node_modules_next_dist_1e8vcs8._.js:776
[  173078ms] [LOG] [Fast Refresh] done in 15ms @ http://localhost:3000/_next/static/chunks/node_modules_next_dist_1e8vcs8._.js:776
[  173127ms] [LOG] [Fast Refresh] done in 15ms @ http://localhost:3000/_next/static/chunks/node_modules_next_dist_1e8vcs8._.js:776
[  173191ms] [LOG] [Fast Refresh] done in 15ms @ http://localhost:3000/_next/static/chunks/node_modules_next_dist_1e8vcs8._.js:776
[  173240ms] [LOG] [Fast Refresh] done in 15ms @ http://localhost:3000/_next/static/chunks/node_modules_next_dist_1e8vcs8._.js:776
[  173304ms] [LOG] [Fast Refresh] done in 15ms @ http://localhost:3000/_next/static/chunks/node_modules_next_dist_1e8vcs8._.js:776
[  173352ms] [LOG] [Fast Refresh] done in 15ms @ http://localhost:3000/_next/static/chunks/node_modules_next_dist_1e8vcs8._.js:776
[  173401ms] [LOG] [Fast Refresh] done in 15ms @ http://localhost:3000/_next/static/chunks/node_modules_next_dist_1e8vcs8._.js:776
[  173449ms] [LOG] [Fast Refresh] done in 15ms @ http://localhost:3000/_next/static/chunks/node_modules_next_dist_1e8vcs8._.js:776
[  173515ms] [LOG] [Fast Refresh] done in 15ms @ http://localhost:3000/_next/static/chunks/node_modules_next_dist_1e8vcs8._.js:776
[  173579ms] [LOG] [Fast Refresh] done in 15ms @ http://localhost:3000/_next/static/chunks/node_modules_next_dist_1e8vcs8._.js:776
[  173628ms] [LOG] [Fast Refresh] done in 15ms @ http://localhost:3000/_next/static/chunks/node_modules_next_dist_1e8vcs8._.js:776
[  173677ms] [LOG] [Fast Refresh] done in 15ms @ http://localhost:3000/_next/static/chunks/node_modules_next_dist_1e8vcs8._.js:776
[  173726ms] [LOG] [Fast Refresh] done in 15ms @ http://localhost:3000/_next/static/chunks/node_modules_next_dist_1e8vcs8._.js:776
[  173776ms] [LOG] [Fast Refresh] done in 15ms @ http://localhost:3000/_next/static/chunks/node_modules_next_dist_1e8vcs8._.js:776
[  173825ms] [LOG] [Fast Refresh] done in 15ms @ http://localhost:3000/_next/static/chunks/node_modules_next_dist_1e8vcs8._.js:776
[  173874ms] [LOG] [Fast Refresh] done in 15ms @ http://localhost:3000/_next/static/chunks/node_modules_next_dist_1e8vcs8._.js:776
[  173923ms] [LOG] [Fast Refresh] done in 15ms @ http://localhost:3000/_next/static/chunks/node_modules_next_dist_1e8vcs8._.js:776
[  173970ms] [LOG] [Fast Refresh] done in 15ms @ http://localhost:3000/_next/static/chunks/node_modules_next_dist_1e8vcs8._.js:776
[  174019ms] [LOG] [Fast Refresh] done in 15ms @ http://localhost:3000/_next/static/chunks/node_modules_next_dist_1e8vcs8._.js:776
[  174068ms] [LOG] [Fast Refresh] done in 15ms @ http://localhost:3000/_next/static/chunks/node_modules_next_dist_1e8vcs8._.js:776
[  174117ms] [LOG] [Fast Refresh] done in 15ms @ http://localhost:3000/_next/static/chunks/node_modules_next_dist_1e8vcs8._.js:776
[  174166ms] [LOG] [Fast Refresh] done in 15ms @ http://localhost:3000/_next/static/chunks/node_modules_next_dist_1e8vcs8._.js:776
[  174232ms] [LOG] [Fast Refresh] done in 15ms @ http://localhost:3000/_next/static/chunks/node_modules_next_dist_1e8vcs8._.js:776
[  174280ms] [LOG] [Fast Refresh] done in 15ms @ http://localhost:3000/_next/static/chunks/node_modules_next_dist_1e8vcs8._.js:776
[  174328ms] [LOG] [Fast Refresh] done in 15ms @ http://localhost:3000/_next/static/chunks/node_modules_next_dist_1e8vcs8._.js:776
[  174376ms] [LOG] [Fast Refresh] done in 15ms @ http://localhost:3000/_next/static/chunks/node_modules_next_dist_1e8vcs8._.js:776
[  174424ms] [LOG] [Fast Refresh] done in 15ms @ http://localhost:3000/_next/static/chunks/node_modules_next_dist_1e8vcs8._.js:776
[  174493ms] [LOG] [Fast Refresh] done in 15ms @ http://localhost:3000/_next/static/chunks/node_modules_next_dist_1e8vcs8._.js:776
[  174538ms] [LOG] [Fast Refresh] done in 15ms @ http://localhost:3000/_next/static/chunks/node_modules_next_dist_1e8vcs8._.js:776
[  174585ms] [LOG] [Fast Refresh] done in 15ms @ http://localhost:3000/_next/static/chunks/node_modules_next_dist_1e8vcs8._.js:776
[  174633ms] [LOG] [Fast Refresh] done in 15ms @ http://localhost:3000/_next/static/chunks/node_modules_next_dist_1e8vcs8._.js:776
[  174682ms] [LOG] [Fast Refresh] done in 15ms @ http://localhost:3000/_next/static/chunks/node_modules_next_dist_1e8vcs8._.js:776
[  174744ms] [LOG] [Fast Refresh] done in 15ms @ http://localhost:3000/_next/static/chunks/node_modules_next_dist_1e8vcs8._.js:776
[  174793ms] [LOG] [Fast Refresh] done in 15ms @ http://localhost:3000/_next/static/chunks/node_modules_next_dist_1e8vcs8._.js:776
[  174842ms] [LOG] [Fast Refresh] done in 15ms @ http://localhost:3000/_next/static/chunks/node_modules_next_dist_1e8vcs8._.js:776
[  174891ms] [LOG] [Fast Refresh] done in 15ms @ http://localhost:3000/_next/static/chunks/node_modules_next_dist_1e8vcs8._.js:776
[  174939ms] [LOG] [Fast Refresh] done in 15ms @ http://localhost:3000/_next/static/chunks/node_modules_next_dist_1e8vcs8._.js:776
[  175002ms] [LOG] [Fast Refresh] done in 15ms @ http://localhost:3000/_next/static/chunks/node_modules_next_dist_1e8vcs8._.js:776
[  175052ms] [LOG] [Fast Refresh] done in 15ms @ http://localhost:3000/_next/static/chunks/node_modules_next_dist_1e8vcs8._.js:776
[  175101ms] [LOG] [Fast Refresh] done in 15ms @ http://localhost:3000/_next/static/chunks/node_modules_next_dist_1e8vcs8._.js:776
[  175149ms] [LOG] [Fast Refresh] done in 15ms @ http://localhost:3000/_next/static/chunks/node_modules_next_dist_1e8vcs8._.js:776
[  175198ms] [LOG] [Fast Refresh] done in 15ms @ http://localhost:3000/_next/static/chunks/node_modules_next_dist_1e8vcs8._.js:776
[  175248ms] [LOG] [Fast Refresh] done in 15ms @ http://localhost:3000/_next/static/chunks/node_modules_next_dist_1e8vcs8._.js:776
[  175296ms] [LOG] [Fast Refresh] done in 15ms @ http://localhost:3000/_next/static/chunks/node_modules_next_dist_1e8vcs8._.js:776
[  175345ms] [LOG] [Fast Refresh] done in 15ms @ http://localhost:3000/_next/static/chunks/node_modules_next_dist_1e8vcs8._.js:776
[  175394ms] [LOG] [Fast Refresh] done in 15ms @ http://localhost:3000/_next/static/chunks/node_modules_next_dist_1e8vcs8._.js:776
[  175443ms] [LOG] [Fast Refresh] done in 15ms @ http://localhost:3000/_next/static/chunks/node_modules_next_dist_1e8vcs8._.js:776
[  175492ms] [LOG] [Fast Refresh] done in 15ms @ http://localhost:3000/_next/static/chunks/node_modules_next_dist_1e8vcs8._.js:776
[  175555ms] [LOG] [Fast Refresh] done in 15ms @ http://localhost:3000/_next/static/chunks/node_modules_next_dist_1e8vcs8._.js:776
[  175603ms] [LOG] [Fast Refresh] done in 15ms @ http://localhost:3000/_next/static/chunks/node_modules_next_dist_1e8vcs8._.js:776
[  175651ms] [LOG] [Fast Refresh] done in 15ms @ http://localhost:3000/_next/static/chunks/node_modules_next_dist_1e8vcs8._.js:776
[  175700ms] [LOG] [Fast Refresh] done in 15ms @ http://localhost:3000/_next/static/chunks/node_modules_next_dist_1e8vcs8._.js:776
[  175748ms] [LOG] [Fast Refresh] done in 15ms @ http://localhost:3000/_next/static/chunks/node_modules_next_dist_1e8vcs8._.js:776
[  175797ms] [LOG] [Fast Refresh] done in 15ms @ http://localhost:3000/_next/static/chunks/node_modules_next_dist_1e8vcs8._.js:776
[  175846ms] [LOG] [Fast Refresh] done in 15ms @ http://localhost:3000/_next/static/chunks/node_modules_next_dist_1e8vcs8._.js:776
[  175896ms] [LOG] [Fast Refresh] done in 15ms @ http://localhost:3000/_next/static/chunks/node_modules_next_dist_1e8vcs8._.js:776
[  175945ms] [LOG] [Fast Refresh] done in 15ms @ http://localhost:3000/_next/static/chunks/node_modules_next_dist_1e8vcs8._.js:776
[  175993ms] [LOG] [Fast Refresh] done in 15ms @ http://localhost:3000/_next/static/chunks/node_modules_next_dist_1e8vcs8._.js:776
[  176042ms] [LOG] [Fast Refresh] done in 15ms @ http://localhost:3000/_next/static/chunks/node_modules_next_dist_1e8vcs8._.js:776
[  176091ms] [LOG] [Fast Refresh] done in 15ms @ http://localhost:3000/_next/static/chunks/node_modules_next_dist_1e8vcs8._.js:776
[  176155ms] [LOG] [Fast Refresh] done in 15ms @ http://localhost:3000/_next/static/chunks/node_modules_next_dist_1e8vcs8._.js:776
[  176219ms] [LOG] [Fast Refresh] done in 15ms @ http://localhost:3000/_next/static/chunks/node_modules_next_dist_1e8vcs8._.js:776
[  176267ms] [LOG] [Fast Refresh] done in 15ms @ http://localhost:3000/_next/static/chunks/node_modules_next_dist_1e8vcs8._.js:776
[  176316ms] [LOG] [Fast Refresh] done in 15ms @ http://localhost:3000/_next/static/chunks/node_modules_next_dist_1e8vcs8._.js:776
[  176364ms] [LOG] [Fast Refresh] done in 15ms @ http://localhost:3000/_next/static/chunks/node_modules_next_dist_1e8vcs8._.js:776
[  176413ms] [LOG] [Fast Refresh] done in 15ms @ http://localhost:3000/_next/static/chunks/node_modules_next_dist_1e8vcs8._.js:776
[  176461ms] [LOG] [Fast Refresh] done in 15ms @ http://localhost:3000/_next/static/chunks/node_modules_next_dist_1e8vcs8._.js:776
[  176510ms] [LOG] [Fast Refresh] done in 15ms @ http://localhost:3000/_next/static/chunks/node_modules_next_dist_1e8vcs8._.js:776
[  176573ms] [LOG] [Fast Refresh] done in 15ms @ http://localhost:3000/_next/static/chunks/node_modules_next_dist_1e8vcs8._.js:776
[  176623ms] [LOG] [Fast Refresh] done in 15ms @ http://localhost:3000/_next/static/chunks/node_modules_next_dist_1e8vcs8._.js:776
[  176671ms] [LOG] [Fast Refresh] done in 15ms @ http://localhost:3000/_next/static/chunks/node_modules_next_dist_1e8vcs8._.js:776
[  176718ms] [LOG] [Fast Refresh] done in 15ms @ http://localhost:3000/_next/static/chunks/node_modules_next_dist_1e8vcs8._.js:776
[  176783ms] [LOG] [Fast Refresh] done in 15ms @ http://localhost:3000/_next/static/chunks/node_modules_next_dist_1e8vcs8._.js:776
[  176832ms] [LOG] [Fast Refresh] done in 15ms @ http://localhost:3000/_next/static/chunks/node_modules_next_dist_1e8vcs8._.js:776
[  176897ms] [LOG] [Fast Refresh] done in 15ms @ http://localhost:3000/_next/static/chunks/node_modules_next_dist_1e8vcs8._.js:776
[  176947ms] [LOG] [Fast Refresh] done in 15ms @ http://localhost:3000/_next/static/chunks/node_modules_next_dist_1e8vcs8._.js:776
[  176994ms] [LOG] [Fast Refresh] done in 15ms @ http://localhost:3000/_next/static/chunks/node_modules_next_dist_1e8vcs8._.js:776
[  177043ms] [LOG] [Fast Refresh] done in 15ms @ http://localhost:3000/_next/static/chunks/node_modules_next_dist_1e8vcs8._.js:776
[  177092ms] [LOG] [Fast Refresh] done in 15ms @ http://localhost:3000/_next/static/chunks/node_modules_next_dist_1e8vcs8._.js:776
[  177140ms] [LOG] [Fast Refresh] done in 15ms @ http://localhost:3000/_next/static/chunks/node_modules_next_dist_1e8vcs8._.js:776
[  177189ms] [LOG] [Fast Refresh] done in 15ms @ http://localhost:3000/_next/static/chunks/node_modules_next_dist_1e8vcs8._.js:776
[  177237ms] [LOG] [Fast Refresh] done in 15ms @ http://localhost:3000/_next/static/chunks/node_modules_next_dist_1e8vcs8._.js:776
[  177285ms] [LOG] [Fast Refresh] done in 15ms @ http://localhost:3000/_next/static/chunks/node_modules_next_dist_1e8vcs8._.js:776
[  177333ms] [LOG] [Fast Refresh] done in 15ms @ http://localhost:3000/_next/static/chunks/node_modules_next_dist_1e8vcs8._.js:776
[  177382ms] [LOG] [Fast Refresh] done in 15ms @ http://localhost:3000/_next/static/chunks/node_modules_next_dist_1e8vcs8._.js:776
[  177430ms] [LOG] [Fast Refresh] done in 15ms @ http://localhost:3000/_next/static/chunks/node_modules_next_dist_1e8vcs8._.js:776
[  177479ms] [LOG] [Fast Refresh] done in 15ms @ http://localhost:3000/_next/static/chunks/node_modules_next_dist_1e8vcs8._.js:776
[  177527ms] [LOG] [Fast Refresh] done in 15ms @ http://localhost:3000/_next/static/chunks/node_modules_next_dist_1e8vcs8._.js:776
[  177590ms] [LOG] [Fast Refresh] done in 15ms @ http://localhost:3000/_next/static/chunks/node_modules_next_dist_1e8vcs8._.js:776
[  177638ms] [LOG] [Fast Refresh] done in 15ms @ http://localhost:3000/_next/static/chunks/node_modules_next_dist_1e8vcs8._.js:776
[  177702ms] [LOG] [Fast Refresh] done in 15ms @ http://localhost:3000/_next/static/chunks/node_modules_next_dist_1e8vcs8._.js:776
[  177751ms] [LOG] [Fast Refresh] done in 15ms @ http://localhost:3000/_next/static/chunks/node_modules_next_dist_1e8vcs8._.js:776
[  177800ms] [LOG] [Fast Refresh] done in 15ms @ http://localhost:3000/_next/static/chunks/node_modules_next_dist_1e8vcs8._.js:776
[  177849ms] [LOG] [Fast Refresh] done in 15ms @ http://localhost:3000/_next/static/chunks/node_modules_next_dist_1e8vcs8._.js:776
[  177898ms] [LOG] [Fast Refresh] done in 15ms @ http://localhost:3000/_next/static/chunks/node_modules_next_dist_1e8vcs8._.js:776
[  177947ms] [LOG] [Fast Refresh] done in 15ms @ http://localhost:3000/_next/static/chunks/node_modules_next_dist_1e8vcs8._.js:776
[  177995ms] [LOG] [Fast Refresh] done in 15ms @ http://localhost:3000/_next/static/chunks/node_modules_next_dist_1e8vcs8._.js:776
[  178044ms] [LOG] [Fast Refresh] done in 15ms @ http://localhost:3000/_next/static/chunks/node_modules_next_dist_1e8vcs8._.js:776
[  178091ms] [LOG] [Fast Refresh] done in 15ms @ http://localhost:3000/_next/static/chunks/node_modules_next_dist_1e8vcs8._.js:776
[  178141ms] [LOG] [Fast Refresh] done in 15ms @ http://localhost:3000/_next/static/chunks/node_modules_next_dist_1e8vcs8._.js:776
[  178189ms] [LOG] [Fast Refresh] done in 15ms @ http://localhost:3000/_next/static/chunks/node_modules_next_dist_1e8vcs8._.js:776
[  178254ms] [LOG] [Fast Refresh] done in 15ms @ http://localhost:3000/_next/static/chunks/node_modules_next_dist_1e8vcs8._.js:776
[  178302ms] [LOG] [Fast Refresh] done in 15ms @ http://localhost:3000/_next/static/chunks/node_modules_next_dist_1e8vcs8._.js:776
[  178368ms] [LOG] [Fast Refresh] done in 15ms @ http://localhost:3000/_next/static/chunks/node_modules_next_dist_1e8vcs8._.js:776
[  178417ms] [LOG] [Fast Refresh] done in 15ms @ http://localhost:3000/_next/static/chunks/node_modules_next_dist_1e8vcs8._.js:776
[  178466ms] [LOG] [Fast Refresh] done in 15ms @ http://localhost:3000/_next/static/chunks/node_modules_next_dist_1e8vcs8._.js:776
[  178515ms] [LOG] [Fast Refresh] done in 15ms @ http://localhost:3000/_next/static/chunks/node_modules_next_dist_1e8vcs8._.js:776
[  178579ms] [LOG] [Fast Refresh] done in 15ms @ http://localhost:3000/_next/static/chunks/node_modules_next_dist_1e8vcs8._.js:776
[  178632ms] [LOG] [Fast Refresh] done in 15ms @ http://localhost:3000/_next/static/chunks/node_modules_next_dist_1e8vcs8._.js:776
[  178682ms] [LOG] [Fast Refresh] done in 15ms @ http://localhost:3000/_next/static/chunks/node_modules_next_dist_1e8vcs8._.js:776
[  178731ms] [LOG] [Fast Refresh] done in 15ms @ http://localhost:3000/_next/static/chunks/node_modules_next_dist_1e8vcs8._.js:776
[  178782ms] [LOG] [Fast Refresh] done in 15ms @ http://localhost:3000/_next/static/chunks/node_modules_next_dist_1e8vcs8._.js:776
[  178830ms] [LOG] [Fast Refresh] done in 15ms @ http://localhost:3000/_next/static/chunks/node_modules_next_dist_1e8vcs8._.js:776
[  178879ms] [LOG] [Fast Refresh] done in 15ms @ http://localhost:3000/_next/static/chunks/node_modules_next_dist_1e8vcs8._.js:776
[  178927ms] [LOG] [Fast Refresh] done in 15ms @ http://localhost:3000/_next/static/chunks/node_modules_next_dist_1e8vcs8._.js:776
[  178977ms] [LOG] [Fast Refresh] done in 15ms @ http://localhost:3000/_next/static/chunks/node_modules_next_dist_1e8vcs8._.js:776
[  179026ms] [LOG] [Fast Refresh] done in 15ms @ http://localhost:3000/_next/static/chunks/node_modules_next_dist_1e8vcs8._.js:776
[  179074ms] [LOG] [Fast Refresh] done in 15ms @ http://localhost:3000/_next/static/chunks/node_modules_next_dist_1e8vcs8._.js:776
[  179122ms] [LOG] [Fast Refresh] done in 15ms @ http://localhost:3000/_next/static/chunks/node_modules_next_dist_1e8vcs8._.js:776
[  179187ms] [LOG] [Fast Refresh] done in 15ms @ http://localhost:3000/_next/static/chunks/node_modules_next_dist_1e8vcs8._.js:776
[  179235ms] [LOG] [Fast Refresh] done in 15ms @ http://localhost:3000/_next/static/chunks/node_modules_next_dist_1e8vcs8._.js:776
[  179285ms] [LOG] [Fast Refresh] done in 15ms @ http://localhost:3000/_next/static/chunks/node_modules_next_dist_1e8vcs8._.js:776
[  179350ms] [LOG] [Fast Refresh] done in 15ms @ http://localhost:3000/_next/static/chunks/node_modules_next_dist_1e8vcs8._.js:776
[  179400ms] [LOG] [Fast Refresh] done in 15ms @ http://localhost:3000/_next/static/chunks/node_modules_next_dist_1e8vcs8._.js:776
[  179449ms] [LOG] [Fast Refresh] done in 15ms @ http://localhost:3000/_next/static/chunks/node_modules_next_dist_1e8vcs8._.js:776
[  179498ms] [LOG] [Fast Refresh] done in 15ms @ http://localhost:3000/_next/static/chunks/node_modules_next_dist_1e8vcs8._.js:776
[  179562ms] [LOG] [Fast Refresh] done in 15ms @ http://localhost:3000/_next/static/chunks/node_modules_next_dist_1e8vcs8._.js:776
[  179610ms] [LOG] [Fast Refresh] done in 15ms @ http://localhost:3000/_next/static/chunks/node_modules_next_dist_1e8vcs8._.js:776
[  179659ms] [LOG] [Fast Refresh] done in 15ms @ http://localhost:3000/_next/static/chunks/node_modules_next_dist_1e8vcs8._.js:776
[  179708ms] [LOG] [Fast Refresh] done in 15ms @ http://localhost:3000/_next/static/chunks/node_modules_next_dist_1e8vcs8._.js:776
[  179758ms] [LOG] [Fast Refresh] done in 15ms @ http://localhost:3000/_next/static/chunks/node_modules_next_dist_1e8vcs8._.js:776
[  179807ms] [LOG] [Fast Refresh] done in 15ms @ http://localhost:3000/_next/static/chunks/node_modules_next_dist_1e8vcs8._.js:776
[  179854ms] [LOG] [Fast Refresh] done in 15ms @ http://localhost:3000/_next/static/chunks/node_modules_next_dist_1e8vcs8._.js:776
[  179903ms] [LOG] [Fast Refresh] done in 15ms @ http://localhost:3000/_next/static/chunks/node_modules_next_dist_1e8vcs8._.js:776
[  179951ms] [LOG] [Fast Refresh] done in 15ms @ http://localhost:3000/_next/static/chunks/node_modules_next_dist_1e8vcs8._.js:776
[  180000ms] [LOG] [Fast Refresh] done in 15ms @ http://localhost:3000/_next/static/chunks/node_modules_next_dist_1e8vcs8._.js:776
[  180048ms] [LOG] [Fast Refresh] done in 15ms @ http://localhost:3000/_next/static/chunks/node_modules_next_dist_1e8vcs8._.js:776
[  180097ms] [LOG] [Fast Refresh] done in 15ms @ http://localhost:3000/_next/static/chunks/node_modules_next_dist_1e8vcs8._.js:776
[  180162ms] [LOG] [Fast Refresh] done in 15ms @ http://localhost:3000/_next/static/chunks/node_modules_next_dist_1e8vcs8._.js:776
[  180211ms] [LOG] [Fast Refresh] done in 15ms @ http://localhost:3000/_next/static/chunks/node_modules_next_dist_1e8vcs8._.js:776
[  180261ms] [LOG] [Fast Refresh] done in 15ms @ http://localhost:3000/_next/static/chunks/node_modules_next_dist_1e8vcs8._.js:776
[  180310ms] [LOG] [Fast Refresh] done in 15ms @ http://localhost:3000/_next/static/chunks/node_modules_next_dist_1e8vcs8._.js:776
[  180358ms] [LOG] [Fast Refresh] done in 15ms @ http://localhost:3000/_next/static/chunks/node_modules_next_dist_1e8vcs8._.js:776
[  180408ms] [LOG] [Fast Refresh] done in 15ms @ http://localhost:3000/_next/static/chunks/node_modules_next_dist_1e8vcs8._.js:776
[  180467ms] [LOG] [Fast Refresh] done in 15ms @ http://localhost:3000/_next/static/chunks/node_modules_next_dist_1e8vcs8._.js:776
[  180516ms] [LOG] [Fast Refresh] done in 15ms @ http://localhost:3000/_next/static/chunks/node_modules_next_dist_1e8vcs8._.js:776
[  180579ms] [LOG] [Fast Refresh] done in 15ms @ http://localhost:3000/_next/static/chunks/node_modules_next_dist_1e8vcs8._.js:776
[  180628ms] [LOG] [Fast Refresh] done in 15ms @ http://localhost:3000/_next/static/chunks/node_modules_next_dist_1e8vcs8._.js:776
[  180678ms] [LOG] [Fast Refresh] done in 15ms @ http://localhost:3000/_next/static/chunks/node_modules_next_dist_1e8vcs8._.js:776
[  180727ms] [LOG] [Fast Refresh] done in 15ms @ http://localhost:3000/_next/static/chunks/node_modules_next_dist_1e8vcs8._.js:776
[  180785ms] [LOG] [Fast Refresh] done in 15ms @ http://localhost:3000/_next/static/chunks/node_modules_next_dist_1e8vcs8._.js:776
[  180849ms] [LOG] [Fast Refresh] done in 15ms @ http://localhost:3000/_next/static/chunks/node_modules_next_dist_1e8vcs8._.js:776
[  180898ms] [LOG] [Fast Refresh] done in 15ms @ http://localhost:3000/_next/static/chunks/node_modules_next_dist_1e8vcs8._.js:776
[  180948ms] [LOG] [Fast Refresh] done in 15ms @ http://localhost:3000/_next/static/chunks/node_modules_next_dist_1e8vcs8._.js:776
[  180996ms] [LOG] [Fast Refresh] done in 15ms @ http://localhost:3000/_next/static/chunks/node_modules_next_dist_1e8vcs8._.js:776
[  181046ms] [LOG] [Fast Refresh] done in 15ms @ http://localhost:3000/_next/static/chunks/node_modules_next_dist_1e8vcs8._.js:776
[  181093ms] [LOG] [Fast Refresh] done in 15ms @ http://localhost:3000/_next/static/chunks/node_modules_next_dist_1e8vcs8._.js:776
[  181142ms] [LOG] [Fast Refresh] done in 15ms @ http://localhost:3000/_next/static/chunks/node_modules_next_dist_1e8vcs8._.js:776
[  181191ms] [LOG] [Fast Refresh] done in 15ms @ http://localhost:3000/_next/static/chunks/node_modules_next_dist_1e8vcs8._.js:776
[  181240ms] [LOG] [Fast Refresh] done in 15ms @ http://localhost:3000/_next/static/chunks/node_modules_next_dist_1e8vcs8._.js:776
[  181304ms] [LOG] [Fast Refresh] done in 15ms @ http://localhost:3000/_next/static/chunks/node_modules_next_dist_1e8vcs8._.js:776
[  181352ms] [LOG] [Fast Refresh] done in 15ms @ http://localhost:3000/_next/static/chunks/node_modules_next_dist_1e8vcs8._.js:776
[  181402ms] [LOG] [Fast Refresh] done in 15ms @ http://localhost:3000/_next/static/chunks/node_modules_next_dist_1e8vcs8._.js:776
[  181451ms] [LOG] [Fast Refresh] done in 15ms @ http://localhost:3000/_next/static/chunks/node_modules_next_dist_1e8vcs8._.js:776
[  181495ms] [LOG] [Fast Refresh] done in 15ms @ http://localhost:3000/_next/static/chunks/node_modules_next_dist_1e8vcs8._.js:776
[  181535ms] [LOG] [Fast Refresh] done in 15ms @ http://localhost:3000/_next/static/chunks/node_modules_next_dist_1e8vcs8._.js:776
[  181583ms] [LOG] [Fast Refresh] done in 15ms @ http://localhost:3000/_next/static/chunks/node_modules_next_dist_1e8vcs8._.js:776
[  181633ms] [LOG] [Fast Refresh] done in 15ms @ http://localhost:3000/_next/static/chunks/node_modules_next_dist_1e8vcs8._.js:776
[  181685ms] [LOG] [Fast Refresh] done in 15ms @ http://localhost:3000/_next/static/chunks/node_modules_next_dist_1e8vcs8._.js:776
[  181725ms] [LOG] [Fast Refresh] done in 15ms @ http://localhost:3000/_next/static/chunks/node_modules_next_dist_1e8vcs8._.js:776
[  181768ms] [LOG] [Fast Refresh] done in 15ms @ http://localhost:3000/_next/static/chunks/node_modules_next_dist_1e8vcs8._.js:776
[  181818ms] [LOG] [Fast Refresh] done in 15ms @ http://localhost:3000/_next/static/chunks/node_modules_next_dist_1e8vcs8._.js:776
[  181855ms] [LOG] [Fast Refresh] done in 15ms @ http://localhost:3000/_next/static/chunks/node_modules_next_dist_1e8vcs8._.js:776
[  181891ms] [LOG] [Fast Refresh] done in 15ms @ http://localhost:3000/_next/static/chunks/node_modules_next_dist_1e8vcs8._.js:776
[  181930ms] [LOG] [Fast Refresh] done in 15ms @ http://localhost:3000/_next/static/chunks/node_modules_next_dist_1e8vcs8._.js:776
[  181969ms] [LOG] [Fast Refresh] done in 15ms @ http://localhost:3000/_next/static/chunks/node_modules_next_dist_1e8vcs8._.js:776
[  182018ms] [LOG] [Fast Refresh] done in 15ms @ http://localhost:3000/_next/static/chunks/node_modules_next_dist_1e8vcs8._.js:776
[  182068ms] [LOG] [Fast Refresh] done in 15ms @ http://localhost:3000/_next/static/chunks/node_modules_next_dist_1e8vcs8._.js:776
[  182116ms] [LOG] [Fast Refresh] done in 15ms @ http://localhost:3000/_next/static/chunks/node_modules_next_dist_1e8vcs8._.js:776
[  182164ms] [LOG] [Fast Refresh] done in 15ms @ http://localhost:3000/_next/static/chunks/node_modules_next_dist_1e8vcs8._.js:776
[  182212ms] [LOG] [Fast Refresh] done in 15ms @ http://localhost:3000/_next/static/chunks/node_modules_next_dist_1e8vcs8._.js:776
[  182259ms] [LOG] [Fast Refresh] done in 15ms @ http://localhost:3000/_next/static/chunks/node_modules_next_dist_1e8vcs8._.js:776
[  182307ms] [LOG] [Fast Refresh] done in 15ms @ http://localhost:3000/_next/static/chunks/node_modules_next_dist_1e8vcs8._.js:776
[  182355ms] [LOG] [Fast Refresh] done in 15ms @ http://localhost:3000/_next/static/chunks/node_modules_next_dist_1e8vcs8._.js:776
[  182419ms] [LOG] [Fast Refresh] done in 15ms @ http://localhost:3000/_next/static/chunks/node_modules_next_dist_1e8vcs8._.js:776
[  182468ms] [LOG] [Fast Refresh] done in 15ms @ http://localhost:3000/_next/static/chunks/node_modules_next_dist_1e8vcs8._.js:776
[  182530ms] [LOG] [Fast Refresh] done in 15ms @ http://localhost:3000/_next/static/chunks/node_modules_next_dist_1e8vcs8._.js:776
[  182593ms] [LOG] [Fast Refresh] done in 15ms @ http://localhost:3000/_next/static/chunks/node_modules_next_dist_1e8vcs8._.js:776
[  182641ms] [LOG] [Fast Refresh] done in 15ms @ http://localhost:3000/_next/static/chunks/node_modules_next_dist_1e8vcs8._.js:776
[  182704ms] [LOG] [Fast Refresh] done in 15ms @ http://localhost:3000/_next/static/chunks/node_modules_next_dist_1e8vcs8._.js:776
[  182758ms] [LOG] [Fast Refresh] done in 15ms @ http://localhost:3000/_next/static/chunks/node_modules_next_dist_1e8vcs8._.js:776
[  182801ms] [LOG] [Fast Refresh] done in 15ms @ http://localhost:3000/_next/static/chunks/node_modules_next_dist_1e8vcs8._.js:776
[  182864ms] [LOG] [Fast Refresh] done in 15ms @ http://localhost:3000/_next/static/chunks/node_modules_next_dist_1e8vcs8._.js:776
[  182912ms] [LOG] [Fast Refresh] done in 15ms @ http://localhost:3000/_next/static/chunks/node_modules_next_dist_1e8vcs8._.js:776
[  182975ms] [LOG] [Fast Refresh] done in 15ms @ http://localhost:3000/_next/static/chunks/node_modules_next_dist_1e8vcs8._.js:776
[  183038ms] [LOG] [Fast Refresh] done in 15ms @ http://localhost:3000/_next/static/chunks/node_modules_next_dist_1e8vcs8._.js:776
[  183086ms] [LOG] [Fast Refresh] done in 15ms @ http://localhost:3000/_next/static/chunks/node_modules_next_dist_1e8vcs8._.js:776
[  183133ms] [LOG] [Fast Refresh] done in 15ms @ http://localhost:3000/_next/static/chunks/node_modules_next_dist_1e8vcs8._.js:776
[  183198ms] [LOG] [Fast Refresh] done in 15ms @ http://localhost:3000/_next/static/chunks/node_modules_next_dist_1e8vcs8._.js:776
[  183247ms] [LOG] [Fast Refresh] done in 15ms @ http://localhost:3000/_next/static/chunks/node_modules_next_dist_1e8vcs8._.js:776
[  183296ms] [LOG] [Fast Refresh] done in 15ms @ http://localhost:3000/_next/static/chunks/node_modules_next_dist_1e8vcs8._.js:776
[  183344ms] [LOG] [Fast Refresh] done in 15ms @ http://localhost:3000/_next/static/chunks/node_modules_next_dist_1e8vcs8._.js:776
[  183392ms] [LOG] [Fast Refresh] done in 15ms @ http://localhost:3000/_next/static/chunks/node_modules_next_dist_1e8vcs8._.js:776
[  183439ms] [LOG] [Fast Refresh] done in 15ms @ http://localhost:3000/_next/static/chunks/node_modules_next_dist_1e8vcs8._.js:776
[  183502ms] [LOG] [Fast Refresh] done in 15ms @ http://localhost:3000/_next/static/chunks/node_modules_next_dist_1e8vcs8._.js:776
[  183550ms] [LOG] [Fast Refresh] done in 15ms @ http://localhost:3000/_next/static/chunks/node_modules_next_dist_1e8vcs8._.js:776
[  183598ms] [LOG] [Fast Refresh] done in 15ms @ http://localhost:3000/_next/static/chunks/node_modules_next_dist_1e8vcs8._.js:776
[  183646ms] [LOG] [Fast Refresh] done in 15ms @ http://localhost:3000/_next/static/chunks/node_modules_next_dist_1e8vcs8._.js:776
[  183711ms] [LOG] [Fast Refresh] done in 15ms @ http://localhost:3000/_next/static/chunks/node_modules_next_dist_1e8vcs8._.js:776
[  183759ms] [LOG] [Fast Refresh] done in 15ms @ http://localhost:3000/_next/static/chunks/node_modules_next_dist_1e8vcs8._.js:776
[  183807ms] [LOG] [Fast Refresh] done in 15ms @ http://localhost:3000/_next/static/chunks/node_modules_next_dist_1e8vcs8._.js:776
[  183856ms] [LOG] [Fast Refresh] done in 15ms @ http://localhost:3000/_next/static/chunks/node_modules_next_dist_1e8vcs8._.js:776
[  183920ms] [LOG] [Fast Refresh] done in 15ms @ http://localhost:3000/_next/static/chunks/node_modules_next_dist_1e8vcs8._.js:776
[  183968ms] [LOG] [Fast Refresh] done in 15ms @ http://localhost:3000/_next/static/chunks/node_modules_next_dist_1e8vcs8._.js:776
[  184017ms] [LOG] [Fast Refresh] done in 15ms @ http://localhost:3000/_next/static/chunks/node_modules_next_dist_1e8vcs8._.js:776
[  184082ms] [LOG] [Fast Refresh] done in 15ms @ http://localhost:3000/_next/static/chunks/node_modules_next_dist_1e8vcs8._.js:776
[  184132ms] [LOG] [Fast Refresh] done in 15ms @ http://localhost:3000/_next/static/chunks/node_modules_next_dist_1e8vcs8._.js:776
[  184182ms] [LOG] [Fast Refresh] done in 15ms @ http://localhost:3000/_next/static/chunks/node_modules_next_dist_1e8vcs8._.js:776
[  184231ms] [LOG] [Fast Refresh] done in 15ms @ http://localhost:3000/_next/static/chunks/node_modules_next_dist_1e8vcs8._.js:776
[  184278ms] [LOG] [Fast Refresh] done in 15ms @ http://localhost:3000/_next/static/chunks/node_modules_next_dist_1e8vcs8._.js:776
[  184327ms] [LOG] [Fast Refresh] done in 15ms @ http://localhost:3000/_next/static/chunks/node_modules_next_dist_1e8vcs8._.js:776
[  184376ms] [LOG] [Fast Refresh] done in 15ms @ http://localhost:3000/_next/static/chunks/node_modules_next_dist_1e8vcs8._.js:776
[  184440ms] [LOG] [Fast Refresh] done in 15ms @ http://localhost:3000/_next/static/chunks/node_modules_next_dist_1e8vcs8._.js:776
[  184489ms] [LOG] [Fast Refresh] done in 15ms @ http://localhost:3000/_next/static/chunks/node_modules_next_dist_1e8vcs8._.js:776
[  184537ms] [LOG] [Fast Refresh] done in 15ms @ http://localhost:3000/_next/static/chunks/node_modules_next_dist_1e8vcs8._.js:776
[  184586ms] [LOG] [Fast Refresh] done in 15ms @ http://localhost:3000/_next/static/chunks/node_modules_next_dist_1e8vcs8._.js:776
[  184635ms] [LOG] [Fast Refresh] done in 15ms @ http://localhost:3000/_next/static/chunks/node_modules_next_dist_1e8vcs8._.js:776
[  184683ms] [LOG] [Fast Refresh] done in 15ms @ http://localhost:3000/_next/static/chunks/node_modules_next_dist_1e8vcs8._.js:776
[  184732ms] [LOG] [Fast Refresh] done in 15ms @ http://localhost:3000/_next/static/chunks/node_modules_next_dist_1e8vcs8._.js:776
[  184795ms] [LOG] [Fast Refresh] done in 15ms @ http://localhost:3000/_next/static/chunks/node_modules_next_dist_1e8vcs8._.js:776
[  184843ms] [LOG] [Fast Refresh] done in 15ms @ http://localhost:3000/_next/static/chunks/node_modules_next_dist_1e8vcs8._.js:776
[  184891ms] [LOG] [Fast Refresh] done in 15ms @ http://localhost:3000/_next/static/chunks/node_modules_next_dist_1e8vcs8._.js:776
[  184939ms] [LOG] [Fast Refresh] done in 15ms @ http://localhost:3000/_next/static/chunks/node_modules_next_dist_1e8vcs8._.js:776
[  184986ms] [LOG] [Fast Refresh] done in 15ms @ http://localhost:3000/_next/static/chunks/node_modules_next_dist_1e8vcs8._.js:776
[  185050ms] [LOG] [Fast Refresh] done in 15ms @ http://localhost:3000/_next/static/chunks/node_modules_next_dist_1e8vcs8._.js:776
[  185099ms] [LOG] [Fast Refresh] done in 15ms @ http://localhost:3000/_next/static/chunks/node_modules_next_dist_1e8vcs8._.js:776
[  185148ms] [LOG] [Fast Refresh] done in 15ms @ http://localhost:3000/_next/static/chunks/node_modules_next_dist_1e8vcs8._.js:776
[  185196ms] [LOG] [Fast Refresh] done in 15ms @ http://localhost:3000/_next/static/chunks/node_modules_next_dist_1e8vcs8._.js:776
[  185245ms] [LOG] [Fast Refresh] done in 15ms @ http://localhost:3000/_next/static/chunks/node_modules_next_dist_1e8vcs8._.js:776
[  185295ms] [LOG] [Fast Refresh] done in 15ms @ http://localhost:3000/_next/static/chunks/node_modules_next_dist_1e8vcs8._.js:776
[  185344ms] [LOG] [Fast Refresh] done in 15ms @ http://localhost:3000/_next/static/chunks/node_modules_next_dist_1e8vcs8._.js:776
[  185393ms] [LOG] [Fast Refresh] done in 15ms @ http://localhost:3000/_next/static/chunks/node_modules_next_dist_1e8vcs8._.js:776
[  185442ms] [LOG] [Fast Refresh] done in 15ms @ http://localhost:3000/_next/static/chunks/node_modules_next_dist_1e8vcs8._.js:776
[  185490ms] [LOG] [Fast Refresh] done in 15ms @ http://localhost:3000/_next/static/chunks/node_modules_next_dist_1e8vcs8._.js:776
[  185554ms] [LOG] [Fast Refresh] done in 15ms @ http://localhost:3000/_next/static/chunks/node_modules_next_dist_1e8vcs8._.js:776
[  185619ms] [LOG] [Fast Refresh] done in 15ms @ http://localhost:3000/_next/static/chunks/node_modules_next_dist_1e8vcs8._.js:776
[  185684ms] [LOG] [Fast Refresh] done in 15ms @ http://localhost:3000/_next/static/chunks/node_modules_next_dist_1e8vcs8._.js:776
[  185733ms] [LOG] [Fast Refresh] done in 15ms @ http://localhost:3000/_next/static/chunks/node_modules_next_dist_1e8vcs8._.js:776
[  185783ms] [LOG] [Fast Refresh] done in 15ms @ http://localhost:3000/_next/static/chunks/node_modules_next_dist_1e8vcs8._.js:776
[  185833ms] [LOG] [Fast Refresh] done in 15ms @ http://localhost:3000/_next/static/chunks/node_modules_next_dist_1e8vcs8._.js:776
[  185882ms] [LOG] [Fast Refresh] done in 15ms @ http://localhost:3000/_next/static/chunks/node_modules_next_dist_1e8vcs8._.js:776
[  185947ms] [LOG] [Fast Refresh] done in 15ms @ http://localhost:3000/_next/static/chunks/node_modules_next_dist_1e8vcs8._.js:776
[  186012ms] [LOG] [Fast Refresh] done in 15ms @ http://localhost:3000/_next/static/chunks/node_modules_next_dist_1e8vcs8._.js:776
[  186061ms] [LOG] [Fast Refresh] done in 15ms @ http://localhost:3000/_next/static/chunks/node_modules_next_dist_1e8vcs8._.js:776
[  186109ms] [LOG] [Fast Refresh] done in 15ms @ http://localhost:3000/_next/static/chunks/node_modules_next_dist_1e8vcs8._.js:776
[  186158ms] [LOG] [Fast Refresh] done in 15ms @ http://localhost:3000/_next/static/chunks/node_modules_next_dist_1e8vcs8._.js:776
[  186206ms] [LOG] [Fast Refresh] done in 15ms @ http://localhost:3000/_next/static/chunks/node_modules_next_dist_1e8vcs8._.js:776
[  186270ms] [LOG] [Fast Refresh] done in 15ms @ http://localhost:3000/_next/static/chunks/node_modules_next_dist_1e8vcs8._.js:776
[  186319ms] [LOG] [Fast Refresh] done in 15ms @ http://localhost:3000/_next/static/chunks/node_modules_next_dist_1e8vcs8._.js:776
[  186368ms] [LOG] [Fast Refresh] done in 15ms @ http://localhost:3000/_next/static/chunks/node_modules_next_dist_1e8vcs8._.js:776
[  186417ms] [LOG] [Fast Refresh] done in 15ms @ http://localhost:3000/_next/static/chunks/node_modules_next_dist_1e8vcs8._.js:776
[  186466ms] [LOG] [Fast Refresh] done in 15ms @ http://localhost:3000/_next/static/chunks/node_modules_next_dist_1e8vcs8._.js:776
[  186532ms] [LOG] [Fast Refresh] done in 15ms @ http://localhost:3000/_next/static/chunks/node_modules_next_dist_1e8vcs8._.js:776
[  186580ms] [LOG] [Fast Refresh] done in 15ms @ http://localhost:3000/_next/static/chunks/node_modules_next_dist_1e8vcs8._.js:776
[  186628ms] [LOG] [Fast Refresh] done in 15ms @ http://localhost:3000/_next/static/chunks/node_modules_next_dist_1e8vcs8._.js:776
[  186677ms] [LOG] [Fast Refresh] done in 15ms @ http://localhost:3000/_next/static/chunks/node_modules_next_dist_1e8vcs8._.js:776
[  186725ms] [LOG] [Fast Refresh] done in 15ms @ http://localhost:3000/_next/static/chunks/node_modules_next_dist_1e8vcs8._.js:776
[  186774ms] [LOG] [Fast Refresh] done in 15ms @ http://localhost:3000/_next/static/chunks/node_modules_next_dist_1e8vcs8._.js:776
[  186823ms] [LOG] [Fast Refresh] done in 15ms @ http://localhost:3000/_next/static/chunks/node_modules_next_dist_1e8vcs8._.js:776
[  186872ms] [LOG] [Fast Refresh] done in 15ms @ http://localhost:3000/_next/static/chunks/node_modules_next_dist_1e8vcs8._.js:776
[  186920ms] [LOG] [Fast Refresh] done in 15ms @ http://localhost:3000/_next/static/chunks/node_modules_next_dist_1e8vcs8._.js:776
[  186969ms] [LOG] [Fast Refresh] done in 15ms @ http://localhost:3000/_next/static/chunks/node_modules_next_dist_1e8vcs8._.js:776
[  187018ms] [LOG] [Fast Refresh] done in 15ms @ http://localhost:3000/_next/static/chunks/node_modules_next_dist_1e8vcs8._.js:776
[  187067ms] [LOG] [Fast Refresh] done in 15ms @ http://localhost:3000/_next/static/chunks/node_modules_next_dist_1e8vcs8._.js:776
[  187116ms] [LOG] [Fast Refresh] done in 15ms @ http://localhost:3000/_next/static/chunks/node_modules_next_dist_1e8vcs8._.js:776
[  187164ms] [LOG] [Fast Refresh] done in 15ms @ http://localhost:3000/_next/static/chunks/node_modules_next_dist_1e8vcs8._.js:776
[  187213ms] [LOG] [Fast Refresh] done in 15ms @ http://localhost:3000/_next/static/chunks/node_modules_next_dist_1e8vcs8._.js:776
[  187261ms] [LOG] [Fast Refresh] done in 15ms @ http://localhost:3000/_next/static/chunks/node_modules_next_dist_1e8vcs8._.js:776
[  187311ms] [LOG] [Fast Refresh] done in 15ms @ http://localhost:3000/_next/static/chunks/node_modules_next_dist_1e8vcs8._.js:776
[  187360ms] [LOG] [Fast Refresh] done in 15ms @ http://localhost:3000/_next/static/chunks/node_modules_next_dist_1e8vcs8._.js:776
[  187408ms] [LOG] [Fast Refresh] done in 15ms @ http://localhost:3000/_next/static/chunks/node_modules_next_dist_1e8vcs8._.js:776
[  187457ms] [LOG] [Fast Refresh] done in 15ms @ http://localhost:3000/_next/static/chunks/node_modules_next_dist_1e8vcs8._.js:776
[  187505ms] [LOG] [Fast Refresh] done in 15ms @ http://localhost:3000/_next/static/chunks/node_modules_next_dist_1e8vcs8._.js:776
[  187569ms] [LOG] [Fast Refresh] done in 15ms @ http://localhost:3000/_next/static/chunks/node_modules_next_dist_1e8vcs8._.js:776
[  187617ms] [LOG] [Fast Refresh] done in 15ms @ http://localhost:3000/_next/static/chunks/node_modules_next_dist_1e8vcs8._.js:776
[  187666ms] [LOG] [Fast Refresh] done in 15ms @ http://localhost:3000/_next/static/chunks/node_modules_next_dist_1e8vcs8._.js:776
[  187715ms] [LOG] [Fast Refresh] done in 15ms @ http://localhost:3000/_next/static/chunks/node_modules_next_dist_1e8vcs8._.js:776
[  187765ms] [LOG] [Fast Refresh] done in 15ms @ http://localhost:3000/_next/static/chunks/node_modules_next_dist_1e8vcs8._.js:776
[  187813ms] [LOG] [Fast Refresh] done in 15ms @ http://localhost:3000/_next/static/chunks/node_modules_next_dist_1e8vcs8._.js:776
[  187863ms] [LOG] [Fast Refresh] done in 15ms @ http://localhost:3000/_next/static/chunks/node_modules_next_dist_1e8vcs8._.js:776
[  187912ms] [LOG] [Fast Refresh] done in 15ms @ http://localhost:3000/_next/static/chunks/node_modules_next_dist_1e8vcs8._.js:776
[  187961ms] [LOG] [Fast Refresh] done in 15ms @ http://localhost:3000/_next/static/chunks/node_modules_next_dist_1e8vcs8._.js:776
[  188010ms] [LOG] [Fast Refresh] done in 15ms @ http://localhost:3000/_next/static/chunks/node_modules_next_dist_1e8vcs8._.js:776
[  188057ms] [LOG] [Fast Refresh] done in 15ms @ http://localhost:3000/_next/static/chunks/node_modules_next_dist_1e8vcs8._.js:776
[  188106ms] [LOG] [Fast Refresh] done in 15ms @ http://localhost:3000/_next/static/chunks/node_modules_next_dist_1e8vcs8._.js:776
[  188170ms] [LOG] [Fast Refresh] done in 15ms @ http://localhost:3000/_next/static/chunks/node_modules_next_dist_1e8vcs8._.js:776
[  188219ms] [LOG] [Fast Refresh] done in 15ms @ http://localhost:3000/_next/static/chunks/node_modules_next_dist_1e8vcs8._.js:776
[  188268ms] [LOG] [Fast Refresh] done in 15ms @ http://localhost:3000/_next/static/chunks/node_modules_next_dist_1e8vcs8._.js:776
[  188317ms] [LOG] [Fast Refresh] done in 15ms @ http://localhost:3000/_next/static/chunks/node_modules_next_dist_1e8vcs8._.js:776
[  188366ms] [LOG] [Fast Refresh] done in 15ms @ http://localhost:3000/_next/static/chunks/node_modules_next_dist_1e8vcs8._.js:776
[  188414ms] [LOG] [Fast Refresh] done in 15ms @ http://localhost:3000/_next/static/chunks/node_modules_next_dist_1e8vcs8._.js:776
[  188464ms] [LOG] [Fast Refresh] done in 15ms @ http://localhost:3000/_next/static/chunks/node_modules_next_dist_1e8vcs8._.js:776
[  188513ms] [LOG] [Fast Refresh] done in 15ms @ http://localhost:3000/_next/static/chunks/node_modules_next_dist_1e8vcs8._.js:776
[  188575ms] [LOG] [Fast Refresh] done in 15ms @ http://localhost:3000/_next/static/chunks/node_modules_next_dist_1e8vcs8._.js:776
[  188624ms] [LOG] [Fast Refresh] done in 15ms @ http://localhost:3000/_next/static/chunks/node_modules_next_dist_1e8vcs8._.js:776
[  188688ms] [LOG] [Fast Refresh] done in 15ms @ http://localhost:3000/_next/static/chunks/node_modules_next_dist_1e8vcs8._.js:776
[  188736ms] [LOG] [Fast Refresh] done in 15ms @ http://localhost:3000/_next/static/chunks/node_modules_next_dist_1e8vcs8._.js:776
[  188785ms] [LOG] [Fast Refresh] done in 15ms @ http://localhost:3000/_next/static/chunks/node_modules_next_dist_1e8vcs8._.js:776
[  188834ms] [LOG] [Fast Refresh] done in 15ms @ http://localhost:3000/_next/static/chunks/node_modules_next_dist_1e8vcs8._.js:776
[  188882ms] [LOG] [Fast Refresh] done in 15ms @ http://localhost:3000/_next/static/chunks/node_modules_next_dist_1e8vcs8._.js:776
[  188931ms] [LOG] [Fast Refresh] done in 15ms @ http://localhost:3000/_next/static/chunks/node_modules_next_dist_1e8vcs8._.js:776
[  188980ms] [LOG] [Fast Refresh] done in 15ms @ http://localhost:3000/_next/static/chunks/node_modules_next_dist_1e8vcs8._.js:776
[  189029ms] [LOG] [Fast Refresh] done in 15ms @ http://localhost:3000/_next/static/chunks/node_modules_next_dist_1e8vcs8._.js:776
[  189077ms] [LOG] [Fast Refresh] done in 15ms @ http://localhost:3000/_next/static/chunks/node_modules_next_dist_1e8vcs8._.js:776
[  189126ms] [LOG] [Fast Refresh] done in 15ms @ http://localhost:3000/_next/static/chunks/node_modules_next_dist_1e8vcs8._.js:776
[  189175ms] [LOG] [Fast Refresh] done in 15ms @ http://localhost:3000/_next/static/chunks/node_modules_next_dist_1e8vcs8._.js:776
[  189225ms] [LOG] [Fast Refresh] done in 15ms @ http://localhost:3000/_next/static/chunks/node_modules_next_dist_1e8vcs8._.js:776
[  189272ms] [LOG] [Fast Refresh] done in 15ms @ http://localhost:3000/_next/static/chunks/node_modules_next_dist_1e8vcs8._.js:776
[  189336ms] [LOG] [Fast Refresh] done in 15ms @ http://localhost:3000/_next/static/chunks/node_modules_next_dist_1e8vcs8._.js:776
[  189385ms] [LOG] [Fast Refresh] done in 15ms @ http://localhost:3000/_next/static/chunks/node_modules_next_dist_1e8vcs8._.js:776
[  189434ms] [LOG] [Fast Refresh] done in 15ms @ http://localhost:3000/_next/static/chunks/node_modules_next_dist_1e8vcs8._.js:776
[  189483ms] [LOG] [Fast Refresh] done in 15ms @ http://localhost:3000/_next/static/chunks/node_modules_next_dist_1e8vcs8._.js:776
[  189531ms] [LOG] [Fast Refresh] done in 15ms @ http://localhost:3000/_next/static/chunks/node_modules_next_dist_1e8vcs8._.js:776
[  189594ms] [LOG] [Fast Refresh] done in 15ms @ http://localhost:3000/_next/static/chunks/node_modules_next_dist_1e8vcs8._.js:776
[  189643ms] [LOG] [Fast Refresh] done in 15ms @ http://localhost:3000/_next/static/chunks/node_modules_next_dist_1e8vcs8._.js:776
[  189691ms] [LOG] [Fast Refresh] done in 15ms @ http://localhost:3000/_next/static/chunks/node_modules_next_dist_1e8vcs8._.js:776
[  189739ms] [LOG] [Fast Refresh] done in 15ms @ http://localhost:3000/_next/static/chunks/node_modules_next_dist_1e8vcs8._.js:776
[  189787ms] [LOG] [Fast Refresh] done in 15ms @ http://localhost:3000/_next/static/chunks/node_modules_next_dist_1e8vcs8._.js:776
[  189836ms] [LOG] [Fast Refresh] done in 15ms @ http://localhost:3000/_next/static/chunks/node_modules_next_dist_1e8vcs8._.js:776
[  189885ms] [LOG] [Fast Refresh] done in 15ms @ http://localhost:3000/_next/static/chunks/node_modules_next_dist_1e8vcs8._.js:776
[  189933ms] [LOG] [Fast Refresh] done in 15ms @ http://localhost:3000/_next/static/chunks/node_modules_next_dist_1e8vcs8._.js:776
[  189982ms] [LOG] [Fast Refresh] done in 15ms @ http://localhost:3000/_next/static/chunks/node_modules_next_dist_1e8vcs8._.js:776
[  190046ms] [LOG] [Fast Refresh] done in 15ms @ http://localhost:3000/_next/static/chunks/node_modules_next_dist_1e8vcs8._.js:776
[  190095ms] [LOG] [Fast Refresh] done in 15ms @ http://localhost:3000/_next/static/chunks/node_modules_next_dist_1e8vcs8._.js:776
[  190144ms] [LOG] [Fast Refresh] done in 15ms @ http://localhost:3000/_next/static/chunks/node_modules_next_dist_1e8vcs8._.js:776
[  190192ms] [LOG] [Fast Refresh] done in 15ms @ http://localhost:3000/_next/static/chunks/node_modules_next_dist_1e8vcs8._.js:776
[  190256ms] [LOG] [Fast Refresh] done in 15ms @ http://localhost:3000/_next/static/chunks/node_modules_next_dist_1e8vcs8._.js:776
[  190320ms] [LOG] [Fast Refresh] done in 15ms @ http://localhost:3000/_next/static/chunks/node_modules_next_dist_1e8vcs8._.js:776
[  190369ms] [LOG] [Fast Refresh] done in 15ms @ http://localhost:3000/_next/static/chunks/node_modules_next_dist_1e8vcs8._.js:776
[  190417ms] [LOG] [Fast Refresh] done in 15ms @ http://localhost:3000/_next/static/chunks/node_modules_next_dist_1e8vcs8._.js:776
[  190467ms] [LOG] [Fast Refresh] done in 15ms @ http://localhost:3000/_next/static/chunks/node_modules_next_dist_1e8vcs8._.js:776
[  190516ms] [LOG] [Fast Refresh] done in 15ms @ http://localhost:3000/_next/static/chunks/node_modules_next_dist_1e8vcs8._.js:776
[  190580ms] [LOG] [Fast Refresh] done in 15ms @ http://localhost:3000/_next/static/chunks/node_modules_next_dist_1e8vcs8._.js:776
[  190643ms] [LOG] [Fast Refresh] done in 15ms @ http://localhost:3000/_next/static/chunks/node_modules_next_dist_1e8vcs8._.js:776
[  190691ms] [LOG] [Fast Refresh] done in 15ms @ http://localhost:3000/_next/static/chunks/node_modules_next_dist_1e8vcs8._.js:776
[  190741ms] [LOG] [Fast Refresh] done in 15ms @ http://localhost:3000/_next/static/chunks/node_modules_next_dist_1e8vcs8._.js:776
[  190804ms] [LOG] [Fast Refresh] done in 15ms @ http://localhost:3000/_next/static/chunks/node_modules_next_dist_1e8vcs8._.js:776
[  190853ms] [LOG] [Fast Refresh] done in 15ms @ http://localhost:3000/_next/static/chunks/node_modules_next_dist_1e8vcs8._.js:776
[  190903ms] [LOG] [Fast Refresh] done in 15ms @ http://localhost:3000/_next/static/chunks/node_modules_next_dist_1e8vcs8._.js:776
[  190951ms] [LOG] [Fast Refresh] done in 15ms @ http://localhost:3000/_next/static/chunks/node_modules_next_dist_1e8vcs8._.js:776
[  191000ms] [LOG] [Fast Refresh] done in 15ms @ http://localhost:3000/_next/static/chunks/node_modules_next_dist_1e8vcs8._.js:776
[  191049ms] [LOG] [Fast Refresh] done in 15ms @ http://localhost:3000/_next/static/chunks/node_modules_next_dist_1e8vcs8._.js:776
[  191099ms] [LOG] [Fast Refresh] done in 15ms @ http://localhost:3000/_next/static/chunks/node_modules_next_dist_1e8vcs8._.js:776
[  191148ms] [LOG] [Fast Refresh] done in 15ms @ http://localhost:3000/_next/static/chunks/node_modules_next_dist_1e8vcs8._.js:776
[  191196ms] [LOG] [Fast Refresh] done in 15ms @ http://localhost:3000/_next/static/chunks/node_modules_next_dist_1e8vcs8._.js:776
[  191246ms] [LOG] [Fast Refresh] done in 15ms @ http://localhost:3000/_next/static/chunks/node_modules_next_dist_1e8vcs8._.js:776
[  191296ms] [LOG] [Fast Refresh] done in 15ms @ http://localhost:3000/_next/static/chunks/node_modules_next_dist_1e8vcs8._.js:776
[  191345ms] [LOG] [Fast Refresh] done in 15ms @ http://localhost:3000/_next/static/chunks/node_modules_next_dist_1e8vcs8._.js:776
[  191393ms] [LOG] [Fast Refresh] done in 15ms @ http://localhost:3000/_next/static/chunks/node_modules_next_dist_1e8vcs8._.js:776
[  191443ms] [LOG] [Fast Refresh] done in 15ms @ http://localhost:3000/_next/static/chunks/node_modules_next_dist_1e8vcs8._.js:776
[  191492ms] [LOG] [Fast Refresh] done in 15ms @ http://localhost:3000/_next/static/chunks/node_modules_next_dist_1e8vcs8._.js:776
[  191540ms] [LOG] [Fast Refresh] done in 15ms @ http://localhost:3000/_next/static/chunks/node_modules_next_dist_1e8vcs8._.js:776
[  191588ms] [LOG] [Fast Refresh] done in 15ms @ http://localhost:3000/_next/static/chunks/node_modules_next_dist_1e8vcs8._.js:776
[  191636ms] [LOG] [Fast Refresh] done in 15ms @ http://localhost:3000/_next/static/chunks/node_modules_next_dist_1e8vcs8._.js:776
[  191684ms] [LOG] [Fast Refresh] done in 15ms @ http://localhost:3000/_next/static/chunks/node_modules_next_dist_1e8vcs8._.js:776
[  191732ms] [LOG] [Fast Refresh] done in 15ms @ http://localhost:3000/_next/static/chunks/node_modules_next_dist_1e8vcs8._.js:776
[  191781ms] [LOG] [Fast Refresh] done in 15ms @ http://localhost:3000/_next/static/chunks/node_modules_next_dist_1e8vcs8._.js:776
[  191830ms] [LOG] [Fast Refresh] done in 15ms @ http://localhost:3000/_next/static/chunks/node_modules_next_dist_1e8vcs8._.js:776
[  191879ms] [LOG] [Fast Refresh] done in 15ms @ http://localhost:3000/_next/static/chunks/node_modules_next_dist_1e8vcs8._.js:776
[  191928ms] [LOG] [Fast Refresh] done in 15ms @ http://localhost:3000/_next/static/chunks/node_modules_next_dist_1e8vcs8._.js:776
[  191977ms] [LOG] [Fast Refresh] done in 15ms @ http://localhost:3000/_next/static/chunks/node_modules_next_dist_1e8vcs8._.js:776
[  192026ms] [LOG] [Fast Refresh] done in 15ms @ http://localhost:3000/_next/static/chunks/node_modules_next_dist_1e8vcs8._.js:776
[  192089ms] [LOG] [Fast Refresh] done in 15ms @ http://localhost:3000/_next/static/chunks/node_modules_next_dist_1e8vcs8._.js:776
[  192137ms] [LOG] [Fast Refresh] done in 15ms @ http://localhost:3000/_next/static/chunks/node_modules_next_dist_1e8vcs8._.js:776
[  192185ms] [LOG] [Fast Refresh] done in 15ms @ http://localhost:3000/_next/static/chunks/node_modules_next_dist_1e8vcs8._.js:776
[  192234ms] [LOG] [Fast Refresh] done in 15ms @ http://localhost:3000/_next/static/chunks/node_modules_next_dist_1e8vcs8._.js:776
[  192283ms] [LOG] [Fast Refresh] done in 15ms @ http://localhost:3000/_next/static/chunks/node_modules_next_dist_1e8vcs8._.js:776
[  192332ms] [LOG] [Fast Refresh] done in 15ms @ http://localhost:3000/_next/static/chunks/node_modules_next_dist_1e8vcs8._.js:776
[  192381ms] [LOG] [Fast Refresh] done in 15ms @ http://localhost:3000/_next/static/chunks/node_modules_next_dist_1e8vcs8._.js:776
[  192444ms] [LOG] [Fast Refresh] done in 15ms @ http://localhost:3000/_next/static/chunks/node_modules_next_dist_1e8vcs8._.js:776
[  192493ms] [LOG] [Fast Refresh] done in 15ms @ http://localhost:3000/_next/static/chunks/node_modules_next_dist_1e8vcs8._.js:776
[  192543ms] [LOG] [Fast Refresh] done in 15ms @ http://localhost:3000/_next/static/chunks/node_modules_next_dist_1e8vcs8._.js:776
[  192606ms] [LOG] [Fast Refresh] done in 15ms @ http://localhost:3000/_next/static/chunks/node_modules_next_dist_1e8vcs8._.js:776
[  192653ms] [LOG] [Fast Refresh] done in 15ms @ http://localhost:3000/_next/static/chunks/node_modules_next_dist_1e8vcs8._.js:776
[  192702ms] [LOG] [Fast Refresh] done in 15ms @ http://localhost:3000/_next/static/chunks/node_modules_next_dist_1e8vcs8._.js:776
[  192751ms] [LOG] [Fast Refresh] done in 15ms @ http://localhost:3000/_next/static/chunks/node_modules_next_dist_1e8vcs8._.js:776
[  192798ms] [LOG] [Fast Refresh] done in 15ms @ http://localhost:3000/_next/static/chunks/node_modules_next_dist_1e8vcs8._.js:776
[  192847ms] [LOG] [Fast Refresh] done in 15ms @ http://localhost:3000/_next/static/chunks/node_modules_next_dist_1e8vcs8._.js:776
[  192897ms] [LOG] [Fast Refresh] done in 15ms @ http://localhost:3000/_next/static/chunks/node_modules_next_dist_1e8vcs8._.js:776
[  192946ms] [LOG] [Fast Refresh] done in 15ms @ http://localhost:3000/_next/static/chunks/node_modules_next_dist_1e8vcs8._.js:776
[  192995ms] [LOG] [Fast Refresh] done in 15ms @ http://localhost:3000/_next/static/chunks/node_modules_next_dist_1e8vcs8._.js:776
[  193044ms] [LOG] [Fast Refresh] done in 15ms @ http://localhost:3000/_next/static/chunks/node_modules_next_dist_1e8vcs8._.js:776
[  193108ms] [LOG] [Fast Refresh] done in 15ms @ http://localhost:3000/_next/static/chunks/node_modules_next_dist_1e8vcs8._.js:776
[  193171ms] [LOG] [Fast Refresh] done in 15ms @ http://localhost:3000/_next/static/chunks/node_modules_next_dist_1e8vcs8._.js:776
[  193220ms] [LOG] [Fast Refresh] done in 15ms @ http://localhost:3000/_next/static/chunks/node_modules_next_dist_1e8vcs8._.js:776
[  193268ms] [LOG] [Fast Refresh] done in 15ms @ http://localhost:3000/_next/static/chunks/node_modules_next_dist_1e8vcs8._.js:776
[  193317ms] [LOG] [Fast Refresh] done in 15ms @ http://localhost:3000/_next/static/chunks/node_modules_next_dist_1e8vcs8._.js:776
[  193366ms] [LOG] [Fast Refresh] done in 15ms @ http://localhost:3000/_next/static/chunks/node_modules_next_dist_1e8vcs8._.js:776
[  193415ms] [LOG] [Fast Refresh] done in 15ms @ http://localhost:3000/_next/static/chunks/node_modules_next_dist_1e8vcs8._.js:776
[  193464ms] [LOG] [Fast Refresh] done in 15ms @ http://localhost:3000/_next/static/chunks/node_modules_next_dist_1e8vcs8._.js:776
[  193513ms] [LOG] [Fast Refresh] done in 15ms @ http://localhost:3000/_next/static/chunks/node_modules_next_dist_1e8vcs8._.js:776
[  193561ms] [LOG] [Fast Refresh] done in 15ms @ http://localhost:3000/_next/static/chunks/node_modules_next_dist_1e8vcs8._.js:776
[  193609ms] [LOG] [Fast Refresh] done in 15ms @ http://localhost:3000/_next/static/chunks/node_modules_next_dist_1e8vcs8._.js:776
[  193658ms] [LOG] [Fast Refresh] done in 15ms @ http://localhost:3000/_next/static/chunks/node_modules_next_dist_1e8vcs8._.js:776
[  193706ms] [LOG] [Fast Refresh] done in 15ms @ http://localhost:3000/_next/static/chunks/node_modules_next_dist_1e8vcs8._.js:776
[  193754ms] [LOG] [Fast Refresh] done in 15ms @ http://localhost:3000/_next/static/chunks/node_modules_next_dist_1e8vcs8._.js:776
[  193803ms] [LOG] [Fast Refresh] done in 15ms @ http://localhost:3000/_next/static/chunks/node_modules_next_dist_1e8vcs8._.js:776
[  193867ms] [LOG] [Fast Refresh] done in 15ms @ http://localhost:3000/_next/static/chunks/node_modules_next_dist_1e8vcs8._.js:776
[  193917ms] [LOG] [Fast Refresh] done in 15ms @ http://localhost:3000/_next/static/chunks/node_modules_next_dist_1e8vcs8._.js:776
[  193965ms] [LOG] [Fast Refresh] done in 15ms @ http://localhost:3000/_next/static/chunks/node_modules_next_dist_1e8vcs8._.js:776
[  194015ms] [LOG] [Fast Refresh] done in 15ms @ http://localhost:3000/_next/static/chunks/node_modules_next_dist_1e8vcs8._.js:776
[  194067ms] [LOG] [Fast Refresh] done in 15ms @ http://localhost:3000/_next/static/chunks/node_modules_next_dist_1e8vcs8._.js:776
[  194112ms] [LOG] [Fast Refresh] done in 15ms @ http://localhost:3000/_next/static/chunks/node_modules_next_dist_1e8vcs8._.js:776
[  194162ms] [LOG] [Fast Refresh] done in 15ms @ http://localhost:3000/_next/static/chunks/node_modules_next_dist_1e8vcs8._.js:776
[  194211ms] [LOG] [Fast Refresh] done in 15ms @ http://localhost:3000/_next/static/chunks/node_modules_next_dist_1e8vcs8._.js:776
[  194259ms] [LOG] [Fast Refresh] done in 15ms @ http://localhost:3000/_next/static/chunks/node_modules_next_dist_1e8vcs8._.js:776
[  194324ms] [LOG] [Fast Refresh] done in 15ms @ http://localhost:3000/_next/static/chunks/node_modules_next_dist_1e8vcs8._.js:776
[  194372ms] [LOG] [Fast Refresh] done in 15ms @ http://localhost:3000/_next/static/chunks/node_modules_next_dist_1e8vcs8._.js:776
[  194420ms] [LOG] [Fast Refresh] done in 15ms @ http://localhost:3000/_next/static/chunks/node_modules_next_dist_1e8vcs8._.js:776
[  194469ms] [LOG] [Fast Refresh] done in 15ms @ http://localhost:3000/_next/static/chunks/node_modules_next_dist_1e8vcs8._.js:776
[  194520ms] [LOG] [Fast Refresh] done in 15ms @ http://localhost:3000/_next/static/chunks/node_modules_next_dist_1e8vcs8._.js:776
[  194566ms] [LOG] [Fast Refresh] done in 15ms @ http://localhost:3000/_next/static/chunks/node_modules_next_dist_1e8vcs8._.js:776
[  194615ms] [LOG] [Fast Refresh] done in 15ms @ http://localhost:3000/_next/static/chunks/node_modules_next_dist_1e8vcs8._.js:776
[  194665ms] [LOG] [Fast Refresh] done in 15ms @ http://localhost:3000/_next/static/chunks/node_modules_next_dist_1e8vcs8._.js:776
[  194714ms] [LOG] [Fast Refresh] done in 15ms @ http://localhost:3000/_next/static/chunks/node_modules_next_dist_1e8vcs8._.js:776
[  194779ms] [LOG] [Fast Refresh] done in 15ms @ http://localhost:3000/_next/static/chunks/node_modules_next_dist_1e8vcs8._.js:776
[  194828ms] [LOG] [Fast Refresh] done in 15ms @ http://localhost:3000/_next/static/chunks/node_modules_next_dist_1e8vcs8._.js:776
[  194877ms] [LOG] [Fast Refresh] done in 15ms @ http://localhost:3000/_next/static/chunks/node_modules_next_dist_1e8vcs8._.js:776
[  194941ms] [LOG] [Fast Refresh] done in 15ms @ http://localhost:3000/_next/static/chunks/node_modules_next_dist_1e8vcs8._.js:776
[  194988ms] [LOG] [Fast Refresh] done in 15ms @ http://localhost:3000/_next/static/chunks/node_modules_next_dist_1e8vcs8._.js:776
[  195036ms] [LOG] [Fast Refresh] done in 15ms @ http://localhost:3000/_next/static/chunks/node_modules_next_dist_1e8vcs8._.js:776
[  195084ms] [LOG] [Fast Refresh] done in 15ms @ http://localhost:3000/_next/static/chunks/node_modules_next_dist_1e8vcs8._.js:776
[  195132ms] [LOG] [Fast Refresh] done in 15ms @ http://localhost:3000/_next/static/chunks/node_modules_next_dist_1e8vcs8._.js:776
[  195181ms] [LOG] [Fast Refresh] done in 15ms @ http://localhost:3000/_next/static/chunks/node_modules_next_dist_1e8vcs8._.js:776
[  195229ms] [LOG] [Fast Refresh] done in 15ms @ http://localhost:3000/_next/static/chunks/node_modules_next_dist_1e8vcs8._.js:776
[  195278ms] [LOG] [Fast Refresh] done in 15ms @ http://localhost:3000/_next/static/chunks/node_modules_next_dist_1e8vcs8._.js:776
[  195327ms] [LOG] [Fast Refresh] done in 15ms @ http://localhost:3000/_next/static/chunks/node_modules_next_dist_1e8vcs8._.js:776
[  195376ms] [LOG] [Fast Refresh] done in 15ms @ http://localhost:3000/_next/static/chunks/node_modules_next_dist_1e8vcs8._.js:776
[  195425ms] [LOG] [Fast Refresh] done in 15ms @ http://localhost:3000/_next/static/chunks/node_modules_next_dist_1e8vcs8._.js:776
[  195473ms] [LOG] [Fast Refresh] done in 15ms @ http://localhost:3000/_next/static/chunks/node_modules_next_dist_1e8vcs8._.js:776
[  195521ms] [LOG] [Fast Refresh] done in 15ms @ http://localhost:3000/_next/static/chunks/node_modules_next_dist_1e8vcs8._.js:776
[  195568ms] [LOG] [Fast Refresh] done in 15ms @ http://localhost:3000/_next/static/chunks/node_modules_next_dist_1e8vcs8._.js:776
[  195617ms] [LOG] [Fast Refresh] done in 15ms @ http://localhost:3000/_next/static/chunks/node_modules_next_dist_1e8vcs8._.js:776
[  195665ms] [LOG] [Fast Refresh] done in 15ms @ http://localhost:3000/_next/static/chunks/node_modules_next_dist_1e8vcs8._.js:776
[  195714ms] [LOG] [Fast Refresh] done in 15ms @ http://localhost:3000/_next/static/chunks/node_modules_next_dist_1e8vcs8._.js:776
[  195763ms] [LOG] [Fast Refresh] done in 15ms @ http://localhost:3000/_next/static/chunks/node_modules_next_dist_1e8vcs8._.js:776
[  195812ms] [LOG] [Fast Refresh] done in 15ms @ http://localhost:3000/_next/static/chunks/node_modules_next_dist_1e8vcs8._.js:776
[  195861ms] [LOG] [Fast Refresh] done in 15ms @ http://localhost:3000/_next/static/chunks/node_modules_next_dist_1e8vcs8._.js:776
[  195910ms] [LOG] [Fast Refresh] done in 15ms @ http://localhost:3000/_next/static/chunks/node_modules_next_dist_1e8vcs8._.js:776
[  195960ms] [LOG] [Fast Refresh] done in 15ms @ http://localhost:3000/_next/static/chunks/node_modules_next_dist_1e8vcs8._.js:776
[  196009ms] [LOG] [Fast Refresh] done in 15ms @ http://localhost:3000/_next/static/chunks/node_modules_next_dist_1e8vcs8._.js:776
[  196057ms] [LOG] [Fast Refresh] done in 15ms @ http://localhost:3000/_next/static/chunks/node_modules_next_dist_1e8vcs8._.js:776
[  196106ms] [LOG] [Fast Refresh] done in 15ms @ http://localhost:3000/_next/static/chunks/node_modules_next_dist_1e8vcs8._.js:776
[  196170ms] [LOG] [Fast Refresh] done in 15ms @ http://localhost:3000/_next/static/chunks/node_modules_next_dist_1e8vcs8._.js:776
[  196219ms] [LOG] [Fast Refresh] done in 15ms @ http://localhost:3000/_next/static/chunks/node_modules_next_dist_1e8vcs8._.js:776
[  196268ms] [LOG] [Fast Refresh] done in 15ms @ http://localhost:3000/_next/static/chunks/node_modules_next_dist_1e8vcs8._.js:776
[  196316ms] [LOG] [Fast Refresh] done in 15ms @ http://localhost:3000/_next/static/chunks/node_modules_next_dist_1e8vcs8._.js:776
[  196364ms] [LOG] [Fast Refresh] done in 15ms @ http://localhost:3000/_next/static/chunks/node_modules_next_dist_1e8vcs8._.js:776
[  196412ms] [LOG] [Fast Refresh] done in 15ms @ http://localhost:3000/_next/static/chunks/node_modules_next_dist_1e8vcs8._.js:776
[  196459ms] [LOG] [Fast Refresh] done in 15ms @ http://localhost:3000/_next/static/chunks/node_modules_next_dist_1e8vcs8._.js:776
[  196507ms] [LOG] [Fast Refresh] done in 15ms @ http://localhost:3000/_next/static/chunks/node_modules_next_dist_1e8vcs8._.js:776
[  196570ms] [LOG] [Fast Refresh] done in 15ms @ http://localhost:3000/_next/static/chunks/node_modules_next_dist_1e8vcs8._.js:776
[  196620ms] [LOG] [Fast Refresh] done in 15ms @ http://localhost:3000/_next/static/chunks/node_modules_next_dist_1e8vcs8._.js:776
[  196669ms] [LOG] [Fast Refresh] done in 15ms @ http://localhost:3000/_next/static/chunks/node_modules_next_dist_1e8vcs8._.js:776
[  196718ms] [LOG] [Fast Refresh] done in 15ms @ http://localhost:3000/_next/static/chunks/node_modules_next_dist_1e8vcs8._.js:776
[  196767ms] [LOG] [Fast Refresh] done in 15ms @ http://localhost:3000/_next/static/chunks/node_modules_next_dist_1e8vcs8._.js:776
[  196816ms] [LOG] [Fast Refresh] done in 15ms @ http://localhost:3000/_next/static/chunks/node_modules_next_dist_1e8vcs8._.js:776
[  196866ms] [LOG] [Fast Refresh] done in 15ms @ http://localhost:3000/_next/static/chunks/node_modules_next_dist_1e8vcs8._.js:776
[  196915ms] [LOG] [Fast Refresh] done in 15ms @ http://localhost:3000/_next/static/chunks/node_modules_next_dist_1e8vcs8._.js:776
[  196965ms] [LOG] [Fast Refresh] done in 15ms @ http://localhost:3000/_next/static/chunks/node_modules_next_dist_1e8vcs8._.js:776
[  197013ms] [LOG] [Fast Refresh] done in 15ms @ http://localhost:3000/_next/static/chunks/node_modules_next_dist_1e8vcs8._.js:776
[  197062ms] [LOG] [Fast Refresh] done in 15ms @ http://localhost:3000/_next/static/chunks/node_modules_next_dist_1e8vcs8._.js:776
[  197111ms] [LOG] [Fast Refresh] done in 15ms @ http://localhost:3000/_next/static/chunks/node_modules_next_dist_1e8vcs8._.js:776
[  197173ms] [LOG] [Fast Refresh] done in 15ms @ http://localhost:3000/_next/static/chunks/node_modules_next_dist_1e8vcs8._.js:776
[  197237ms] [LOG] [Fast Refresh] done in 15ms @ http://localhost:3000/_next/static/chunks/node_modules_next_dist_1e8vcs8._.js:776
[  197286ms] [LOG] [Fast Refresh] done in 15ms @ http://localhost:3000/_next/static/chunks/node_modules_next_dist_1e8vcs8._.js:776
[  197335ms] [LOG] [Fast Refresh] done in 15ms @ http://localhost:3000/_next/static/chunks/node_modules_next_dist_1e8vcs8._.js:776
[  197400ms] [LOG] [Fast Refresh] done in 15ms @ http://localhost:3000/_next/static/chunks/node_modules_next_dist_1e8vcs8._.js:776
[  197465ms] [LOG] [Fast Refresh] done in 15ms @ http://localhost:3000/_next/static/chunks/node_modules_next_dist_1e8vcs8._.js:776
[  197529ms] [LOG] [Fast Refresh] done in 15ms @ http://localhost:3000/_next/static/chunks/node_modules_next_dist_1e8vcs8._.js:776
[  197578ms] [LOG] [Fast Refresh] done in 15ms @ http://localhost:3000/_next/static/chunks/node_modules_next_dist_1e8vcs8._.js:776
[  197627ms] [LOG] [Fast Refresh] done in 15ms @ http://localhost:3000/_next/static/chunks/node_modules_next_dist_1e8vcs8._.js:776
[  197676ms] [LOG] [Fast Refresh] done in 15ms @ http://localhost:3000/_next/static/chunks/node_modules_next_dist_1e8vcs8._.js:776
[  197723ms] [LOG] [Fast Refresh] done in 15ms @ http://localhost:3000/_next/static/chunks/node_modules_next_dist_1e8vcs8._.js:776
[  197787ms] [LOG] [Fast Refresh] done in 15ms @ http://localhost:3000/_next/static/chunks/node_modules_next_dist_1e8vcs8._.js:776
[  197836ms] [LOG] [Fast Refresh] done in 15ms @ http://localhost:3000/_next/static/chunks/node_modules_next_dist_1e8vcs8._.js:776
[  197885ms] [LOG] [Fast Refresh] done in 15ms @ http://localhost:3000/_next/static/chunks/node_modules_next_dist_1e8vcs8._.js:776
[  197934ms] [LOG] [Fast Refresh] done in 15ms @ http://localhost:3000/_next/static/chunks/node_modules_next_dist_1e8vcs8._.js:776
[  197983ms] [LOG] [Fast Refresh] done in 15ms @ http://localhost:3000/_next/static/chunks/node_modules_next_dist_1e8vcs8._.js:776
[  198032ms] [LOG] [Fast Refresh] done in 15ms @ http://localhost:3000/_next/static/chunks/node_modules_next_dist_1e8vcs8._.js:776
[  198095ms] [LOG] [Fast Refresh] done in 15ms @ http://localhost:3000/_next/static/chunks/node_modules_next_dist_1e8vcs8._.js:776
[  198144ms] [LOG] [Fast Refresh] done in 15ms @ http://localhost:3000/_next/static/chunks/node_modules_next_dist_1e8vcs8._.js:776
[  198192ms] [LOG] [Fast Refresh] done in 15ms @ http://localhost:3000/_next/static/chunks/node_modules_next_dist_1e8vcs8._.js:776
[  198241ms] [LOG] [Fast Refresh] done in 15ms @ http://localhost:3000/_next/static/chunks/node_modules_next_dist_1e8vcs8._.js:776
[  198291ms] [LOG] [Fast Refresh] done in 15ms @ http://localhost:3000/_next/static/chunks/node_modules_next_dist_1e8vcs8._.js:776
[  198355ms] [LOG] [Fast Refresh] done in 15ms @ http://localhost:3000/_next/static/chunks/node_modules_next_dist_1e8vcs8._.js:776
[  198403ms] [LOG] [Fast Refresh] done in 15ms @ http://localhost:3000/_next/static/chunks/node_modules_next_dist_1e8vcs8._.js:776
[  198452ms] [LOG] [Fast Refresh] done in 15ms @ http://localhost:3000/_next/static/chunks/node_modules_next_dist_1e8vcs8._.js:776
[  198501ms] [LOG] [Fast Refresh] done in 15ms @ http://localhost:3000/_next/static/chunks/node_modules_next_dist_1e8vcs8._.js:776
[  198549ms] [LOG] [Fast Refresh] done in 15ms @ http://localhost:3000/_next/static/chunks/node_modules_next_dist_1e8vcs8._.js:776
[  198597ms] [LOG] [Fast Refresh] done in 15ms @ http://localhost:3000/_next/static/chunks/node_modules_next_dist_1e8vcs8._.js:776
[  198645ms] [LOG] [Fast Refresh] done in 15ms @ http://localhost:3000/_next/static/chunks/node_modules_next_dist_1e8vcs8._.js:776
[  198694ms] [LOG] [Fast Refresh] done in 15ms @ http://localhost:3000/_next/static/chunks/node_modules_next_dist_1e8vcs8._.js:776
[  198742ms] [LOG] [Fast Refresh] done in 15ms @ http://localhost:3000/_next/static/chunks/node_modules_next_dist_1e8vcs8._.js:776
[  198805ms] [LOG] [Fast Refresh] done in 15ms @ http://localhost:3000/_next/static/chunks/node_modules_next_dist_1e8vcs8._.js:776
[  198869ms] [LOG] [Fast Refresh] done in 15ms @ http://localhost:3000/_next/static/chunks/node_modules_next_dist_1e8vcs8._.js:776
[  198917ms] [LOG] [Fast Refresh] done in 15ms @ http://localhost:3000/_next/static/chunks/node_modules_next_dist_1e8vcs8._.js:776
[  198966ms] [LOG] [Fast Refresh] done in 15ms @ http://localhost:3000/_next/static/chunks/node_modules_next_dist_1e8vcs8._.js:776
[  199015ms] [LOG] [Fast Refresh] done in 15ms @ http://localhost:3000/_next/static/chunks/node_modules_next_dist_1e8vcs8._.js:776
[  199064ms] [LOG] [Fast Refresh] done in 15ms @ http://localhost:3000/_next/static/chunks/node_modules_next_dist_1e8vcs8._.js:776
[  199112ms] [LOG] [Fast Refresh] done in 15ms @ http://localhost:3000/_next/static/chunks/node_modules_next_dist_1e8vcs8._.js:776
[  199161ms] [LOG] [Fast Refresh] done in 15ms @ http://localhost:3000/_next/static/chunks/node_modules_next_dist_1e8vcs8._.js:776
[  199210ms] [LOG] [Fast Refresh] done in 15ms @ http://localhost:3000/_next/static/chunks/node_modules_next_dist_1e8vcs8._.js:776
[  199259ms] [LOG] [Fast Refresh] done in 15ms @ http://localhost:3000/_next/static/chunks/node_modules_next_dist_1e8vcs8._.js:776
[  199307ms] [LOG] [Fast Refresh] done in 15ms @ http://localhost:3000/_next/static/chunks/node_modules_next_dist_1e8vcs8._.js:776
[  199355ms] [LOG] [Fast Refresh] done in 15ms @ http://localhost:3000/_next/static/chunks/node_modules_next_dist_1e8vcs8._.js:776
[  199403ms] [LOG] [Fast Refresh] done in 15ms @ http://localhost:3000/_next/static/chunks/node_modules_next_dist_1e8vcs8._.js:776
[  199452ms] [LOG] [Fast Refresh] done in 15ms @ http://localhost:3000/_next/static/chunks/node_modules_next_dist_1e8vcs8._.js:776
[  199500ms] [LOG] [Fast Refresh] done in 15ms @ http://localhost:3000/_next/static/chunks/node_modules_next_dist_1e8vcs8._.js:776
[  199549ms] [LOG] [Fast Refresh] done in 15ms @ http://localhost:3000/_next/static/chunks/node_modules_next_dist_1e8vcs8._.js:776
[  199598ms] [LOG] [Fast Refresh] done in 15ms @ http://localhost:3000/_next/static/chunks/node_modules_next_dist_1e8vcs8._.js:776
[  199646ms] [LOG] [Fast Refresh] done in 15ms @ http://localhost:3000/_next/static/chunks/node_modules_next_dist_1e8vcs8._.js:776
[  199709ms] [LOG] [Fast Refresh] done in 15ms @ http://localhost:3000/_next/static/chunks/node_modules_next_dist_1e8vcs8._.js:776
[  199771ms] [LOG] [Fast Refresh] done in 15ms @ http://localhost:3000/_next/static/chunks/node_modules_next_dist_1e8vcs8._.js:776
[  199819ms] [LOG] [Fast Refresh] done in 15ms @ http://localhost:3000/_next/static/chunks/node_modules_next_dist_1e8vcs8._.js:776
[  199882ms] [LOG] [Fast Refresh] done in 15ms @ http://localhost:3000/_next/static/chunks/node_modules_next_dist_1e8vcs8._.js:776
[  199929ms] [LOG] [Fast Refresh] done in 15ms @ http://localhost:3000/_next/static/chunks/node_modules_next_dist_1e8vcs8._.js:776
[  199977ms] [LOG] [Fast Refresh] done in 15ms @ http://localhost:3000/_next/static/chunks/node_modules_next_dist_1e8vcs8._.js:776
[  200025ms] [LOG] [Fast Refresh] done in 15ms @ http://localhost:3000/_next/static/chunks/node_modules_next_dist_1e8vcs8._.js:776
[  200089ms] [LOG] [Fast Refresh] done in 15ms @ http://localhost:3000/_next/static/chunks/node_modules_next_dist_1e8vcs8._.js:776
[  200136ms] [LOG] [Fast Refresh] done in 15ms @ http://localhost:3000/_next/static/chunks/node_modules_next_dist_1e8vcs8._.js:776
[  200200ms] [LOG] [Fast Refresh] done in 15ms @ http://localhost:3000/_next/static/chunks/node_modules_next_dist_1e8vcs8._.js:776
[  200249ms] [LOG] [Fast Refresh] done in 15ms @ http://localhost:3000/_next/static/chunks/node_modules_next_dist_1e8vcs8._.js:776
[  200288ms] [LOG] [Fast Refresh] done in 15ms @ http://localhost:3000/_next/static/chunks/node_modules_next_dist_1e8vcs8._.js:776
[  200335ms] [LOG] [Fast Refresh] done in 15ms @ http://localhost:3000/_next/static/chunks/node_modules_next_dist_1e8vcs8._.js:776
[  200386ms] [LOG] [Fast Refresh] done in 15ms @ http://localhost:3000/_next/static/chunks/node_modules_next_dist_1e8vcs8._.js:776
[  200435ms] [LOG] [Fast Refresh] done in 15ms @ http://localhost:3000/_next/static/chunks/node_modules_next_dist_1e8vcs8._.js:776
[  200485ms] [LOG] [Fast Refresh] done in 15ms @ http://localhost:3000/_next/static/chunks/node_modules_next_dist_1e8vcs8._.js:776
[  200538ms] [LOG] [Fast Refresh] done in 15ms @ http://localhost:3000/_next/static/chunks/node_modules_next_dist_1e8vcs8._.js:776
[  200573ms] [LOG] [Fast Refresh] done in 15ms @ http://localhost:3000/_next/static/chunks/node_modules_next_dist_1e8vcs8._.js:776
[  200619ms] [LOG] [Fast Refresh] done in 15ms @ http://localhost:3000/_next/static/chunks/node_modules_next_dist_1e8vcs8._.js:776
[  200669ms] [LOG] [Fast Refresh] done in 15ms @ http://localhost:3000/_next/static/chunks/node_modules_next_dist_1e8vcs8._.js:776
[  200718ms] [LOG] [Fast Refresh] done in 15ms @ http://localhost:3000/_next/static/chunks/node_modules_next_dist_1e8vcs8._.js:776
[  200769ms] [LOG] [Fast Refresh] done in 15ms @ http://localhost:3000/_next/static/chunks/node_modules_next_dist_1e8vcs8._.js:776
[  200822ms] [LOG] [Fast Refresh] done in 15ms @ http://localhost:3000/_next/static/chunks/node_modules_next_dist_1e8vcs8._.js:776
[  200868ms] [LOG] [Fast Refresh] done in 15ms @ http://localhost:3000/_next/static/chunks/node_modules_next_dist_1e8vcs8._.js:776
[  200920ms] [LOG] [Fast Refresh] done in 15ms @ http://localhost:3000/_next/static/chunks/node_modules_next_dist_1e8vcs8._.js:776
[  200968ms] [LOG] [Fast Refresh] done in 15ms @ http://localhost:3000/_next/static/chunks/node_modules_next_dist_1e8vcs8._.js:776
[  201031ms] [LOG] [Fast Refresh] done in 15ms @ http://localhost:3000/_next/static/chunks/node_modules_next_dist_1e8vcs8._.js:776
[  201085ms] [LOG] [Fast Refresh] done in 15ms @ http://localhost:3000/_next/static/chunks/node_modules_next_dist_1e8vcs8._.js:776
[  201140ms] [LOG] [Fast Refresh] done in 15ms @ http://localhost:3000/_next/static/chunks/node_modules_next_dist_1e8vcs8._.js:776
[  201190ms] [LOG] [Fast Refresh] done in 15ms @ http://localhost:3000/_next/static/chunks/node_modules_next_dist_1e8vcs8._.js:776
[  201238ms] [LOG] [Fast Refresh] done in 15ms @ http://localhost:3000/_next/static/chunks/node_modules_next_dist_1e8vcs8._.js:776
[  201304ms] [LOG] [Fast Refresh] done in 15ms @ http://localhost:3000/_next/static/chunks/node_modules_next_dist_1e8vcs8._.js:776
[  201356ms] [LOG] [Fast Refresh] done in 15ms @ http://localhost:3000/_next/static/chunks/node_modules_next_dist_1e8vcs8._.js:776
[  201405ms] [LOG] [Fast Refresh] done in 15ms @ http://localhost:3000/_next/static/chunks/node_modules_next_dist_1e8vcs8._.js:776
[  201452ms] [LOG] [Fast Refresh] done in 15ms @ http://localhost:3000/_next/static/chunks/node_modules_next_dist_1e8vcs8._.js:776
[  201489ms] [LOG] [Fast Refresh] done in 15ms @ http://localhost:3000/_next/static/chunks/node_modules_next_dist_1e8vcs8._.js:776
[  201526ms] [LOG] [Fast Refresh] done in 15ms @ http://localhost:3000/_next/static/chunks/node_modules_next_dist_1e8vcs8._.js:776
[  201562ms] [LOG] [Fast Refresh] done in 15ms @ http://localhost:3000/_next/static/chunks/node_modules_next_dist_1e8vcs8._.js:776
[  201600ms] [LOG] [Fast Refresh] done in 15ms @ http://localhost:3000/_next/static/chunks/node_modules_next_dist_1e8vcs8._.js:776
[  201640ms] [LOG] [Fast Refresh] done in 15ms @ http://localhost:3000/_next/static/chunks/node_modules_next_dist_1e8vcs8._.js:776
[  201677ms] [LOG] [Fast Refresh] done in 15ms @ http://localhost:3000/_next/static/chunks/node_modules_next_dist_1e8vcs8._.js:776
[  201714ms] [LOG] [Fast Refresh] done in 15ms @ http://localhost:3000/_next/static/chunks/node_modules_next_dist_1e8vcs8._.js:776
[  201753ms] [LOG] [Fast Refresh] done in 15ms @ http://localhost:3000/_next/static/chunks/node_modules_next_dist_1e8vcs8._.js:776
[  201796ms] [LOG] [Fast Refresh] done in 15ms @ http://localhost:3000/_next/static/chunks/node_modules_next_dist_1e8vcs8._.js:776
[  201836ms] [LOG] [Fast Refresh] done in 15ms @ http://localhost:3000/_next/static/chunks/node_modules_next_dist_1e8vcs8._.js:776
[  201884ms] [LOG] [Fast Refresh] done in 15ms @ http://localhost:3000/_next/static/chunks/node_modules_next_dist_1e8vcs8._.js:776
[  201933ms] [LOG] [Fast Refresh] done in 15ms @ http://localhost:3000/_next/static/chunks/node_modules_next_dist_1e8vcs8._.js:776
[  201969ms] [LOG] [Fast Refresh] done in 15ms @ http://localhost:3000/_next/static/chunks/node_modules_next_dist_1e8vcs8._.js:776
[  202018ms] [LOG] [Fast Refresh] done in 15ms @ http://localhost:3000/_next/static/chunks/node_modules_next_dist_1e8vcs8._.js:776
[  202067ms] [LOG] [Fast Refresh] done in 15ms @ http://localhost:3000/_next/static/chunks/node_modules_next_dist_1e8vcs8._.js:776
[  202118ms] [LOG] [Fast Refresh] done in 15ms @ http://localhost:3000/_next/static/chunks/node_modules_next_dist_1e8vcs8._.js:776
[  202168ms] [LOG] [Fast Refresh] done in 15ms @ http://localhost:3000/_next/static/chunks/node_modules_next_dist_1e8vcs8._.js:776
[  202218ms] [LOG] [Fast Refresh] done in 15ms @ http://localhost:3000/_next/static/chunks/node_modules_next_dist_1e8vcs8._.js:776
[  202266ms] [LOG] [Fast Refresh] done in 15ms @ http://localhost:3000/_next/static/chunks/node_modules_next_dist_1e8vcs8._.js:776
[  202318ms] [LOG] [Fast Refresh] done in 15ms @ http://localhost:3000/_next/static/chunks/node_modules_next_dist_1e8vcs8._.js:776
[  202369ms] [LOG] [Fast Refresh] done in 15ms @ http://localhost:3000/_next/static/chunks/node_modules_next_dist_1e8vcs8._.js:776
[  202420ms] [LOG] [Fast Refresh] done in 15ms @ http://localhost:3000/_next/static/chunks/node_modules_next_dist_1e8vcs8._.js:776
[  202455ms] [LOG] [Fast Refresh] done in 15ms @ http://localhost:3000/_next/static/chunks/node_modules_next_dist_1e8vcs8._.js:776
[  202505ms] [LOG] [Fast Refresh] done in 15ms @ http://localhost:3000/_next/static/chunks/node_modules_next_dist_1e8vcs8._.js:776
[  202560ms] [LOG] [Fast Refresh] done in 15ms @ http://localhost:3000/_next/static/chunks/node_modules_next_dist_1e8vcs8._.js:776
[  202606ms] [LOG] [Fast Refresh] done in 15ms @ http://localhost:3000/_next/static/chunks/node_modules_next_dist_1e8vcs8._.js:776
[  202656ms] [LOG] [Fast Refresh] done in 15ms @ http://localhost:3000/_next/static/chunks/node_modules_next_dist_1e8vcs8._.js:776
[  202720ms] [LOG] [Fast Refresh] done in 15ms @ http://localhost:3000/_next/static/chunks/node_modules_next_dist_1e8vcs8._.js:776
[  202769ms] [LOG] [Fast Refresh] done in 15ms @ http://localhost:3000/_next/static/chunks/node_modules_next_dist_1e8vcs8._.js:776
[  202820ms] [LOG] [Fast Refresh] done in 15ms @ http://localhost:3000/_next/static/chunks/node_modules_next_dist_1e8vcs8._.js:776
[  202870ms] [LOG] [Fast Refresh] done in 15ms @ http://localhost:3000/_next/static/chunks/node_modules_next_dist_1e8vcs8._.js:776
[  202920ms] [LOG] [Fast Refresh] done in 15ms @ http://localhost:3000/_next/static/chunks/node_modules_next_dist_1e8vcs8._.js:776
[  202968ms] [LOG] [Fast Refresh] done in 15ms @ http://localhost:3000/_next/static/chunks/node_modules_next_dist_1e8vcs8._.js:776
[  203018ms] [LOG] [Fast Refresh] done in 15ms @ http://localhost:3000/_next/static/chunks/node_modules_next_dist_1e8vcs8._.js:776
[  203067ms] [LOG] [Fast Refresh] done in 15ms @ http://localhost:3000/_next/static/chunks/node_modules_next_dist_1e8vcs8._.js:776
[  203120ms] [LOG] [Fast Refresh] done in 15ms @ http://localhost:3000/_next/static/chunks/node_modules_next_dist_1e8vcs8._.js:776
[  203158ms] [LOG] [Fast Refresh] done in 15ms @ http://localhost:3000/_next/static/chunks/node_modules_next_dist_1e8vcs8._.js:776
[  203200ms] [LOG] [Fast Refresh] done in 15ms @ http://localhost:3000/_next/static/chunks/node_modules_next_dist_1e8vcs8._.js:776
[  203240ms] [LOG] [Fast Refresh] done in 15ms @ http://localhost:3000/_next/static/chunks/node_modules_next_dist_1e8vcs8._.js:776
[  203275ms] [LOG] [Fast Refresh] done in 15ms @ http://localhost:3000/_next/static/chunks/node_modules_next_dist_1e8vcs8._.js:776
[  203311ms] [LOG] [Fast Refresh] done in 15ms @ http://localhost:3000/_next/static/chunks/node_modules_next_dist_1e8vcs8._.js:776
[  203349ms] [LOG] [Fast Refresh] done in 15ms @ http://localhost:3000/_next/static/chunks/node_modules_next_dist_1e8vcs8._.js:776
[  203386ms] [LOG] [Fast Refresh] done in 15ms @ http://localhost:3000/_next/static/chunks/node_modules_next_dist_1e8vcs8._.js:776
[  203427ms] [LOG] [Fast Refresh] done in 15ms @ http://localhost:3000/_next/static/chunks/node_modules_next_dist_1e8vcs8._.js:776
[  203468ms] [LOG] [Fast Refresh] done in 15ms @ http://localhost:3000/_next/static/chunks/node_modules_next_dist_1e8vcs8._.js:776
[  203519ms] [LOG] [Fast Refresh] done in 15ms @ http://localhost:3000/_next/static/chunks/node_modules_next_dist_1e8vcs8._.js:776
[  203569ms] [LOG] [Fast Refresh] done in 15ms @ http://localhost:3000/_next/static/chunks/node_modules_next_dist_1e8vcs8._.js:776
[  203618ms] [LOG] [Fast Refresh] done in 15ms @ http://localhost:3000/_next/static/chunks/node_modules_next_dist_1e8vcs8._.js:776
[  203666ms] [LOG] [Fast Refresh] done in 15ms @ http://localhost:3000/_next/static/chunks/node_modules_next_dist_1e8vcs8._.js:776
[  203716ms] [LOG] [Fast Refresh] done in 15ms @ http://localhost:3000/_next/static/chunks/node_modules_next_dist_1e8vcs8._.js:776
[  203753ms] [LOG] [Fast Refresh] done in 15ms @ http://localhost:3000/_next/static/chunks/node_modules_next_dist_1e8vcs8._.js:776
[  203796ms] [LOG] [Fast Refresh] done in 15ms @ http://localhost:3000/_next/static/chunks/node_modules_next_dist_1e8vcs8._.js:776
[  203832ms] [LOG] [Fast Refresh] done in 15ms @ http://localhost:3000/_next/static/chunks/node_modules_next_dist_1e8vcs8._.js:776
[  203868ms] [LOG] [Fast Refresh] done in 15ms @ http://localhost:3000/_next/static/chunks/node_modules_next_dist_1e8vcs8._.js:776
[  203921ms] [LOG] [Fast Refresh] done in 15ms @ http://localhost:3000/_next/static/chunks/node_modules_next_dist_1e8vcs8._.js:776
[  203969ms] [LOG] [Fast Refresh] done in 15ms @ http://localhost:3000/_next/static/chunks/node_modules_next_dist_1e8vcs8._.js:776
[  204008ms] [LOG] [Fast Refresh] done in 15ms @ http://localhost:3000/_next/static/chunks/node_modules_next_dist_1e8vcs8._.js:776
[  204044ms] [LOG] [Fast Refresh] done in 15ms @ http://localhost:3000/_next/static/chunks/node_modules_next_dist_1e8vcs8._.js:776
[  204080ms] [LOG] [Fast Refresh] done in 15ms @ http://localhost:3000/_next/static/chunks/node_modules_next_dist_1e8vcs8._.js:776
[  204116ms] [LOG] [Fast Refresh] done in 15ms @ http://localhost:3000/_next/static/chunks/node_modules_next_dist_1e8vcs8._.js:776
[  204152ms] [LOG] [Fast Refresh] done in 15ms @ http://localhost:3000/_next/static/chunks/node_modules_next_dist_1e8vcs8._.js:776
[  204188ms] [LOG] [Fast Refresh] done in 15ms @ http://localhost:3000/_next/static/chunks/node_modules_next_dist_1e8vcs8._.js:776
[  204226ms] [LOG] [Fast Refresh] done in 15ms @ http://localhost:3000/_next/static/chunks/node_modules_next_dist_1e8vcs8._.js:776
[  204262ms] [LOG] [Fast Refresh] done in 15ms @ http://localhost:3000/_next/static/chunks/node_modules_next_dist_1e8vcs8._.js:776
[  204298ms] [LOG] [Fast Refresh] done in 15ms @ http://localhost:3000/_next/static/chunks/node_modules_next_dist_1e8vcs8._.js:776
[  204336ms] [LOG] [Fast Refresh] done in 15ms @ http://localhost:3000/_next/static/chunks/node_modules_next_dist_1e8vcs8._.js:776
[  204385ms] [LOG] [Fast Refresh] done in 15ms @ http://localhost:3000/_next/static/chunks/node_modules_next_dist_1e8vcs8._.js:776
[  204436ms] [LOG] [Fast Refresh] done in 15ms @ http://localhost:3000/_next/static/chunks/node_modules_next_dist_1e8vcs8._.js:776
[  204487ms] [LOG] [Fast Refresh] done in 15ms @ http://localhost:3000/_next/static/chunks/node_modules_next_dist_1e8vcs8._.js:776
[  204537ms] [LOG] [Fast Refresh] done in 15ms @ http://localhost:3000/_next/static/chunks/node_modules_next_dist_1e8vcs8._.js:776
[  204587ms] [LOG] [Fast Refresh] done in 15ms @ http://localhost:3000/_next/static/chunks/node_modules_next_dist_1e8vcs8._.js:776
[  204636ms] [LOG] [Fast Refresh] done in 15ms @ http://localhost:3000/_next/static/chunks/node_modules_next_dist_1e8vcs8._.js:776
[  204687ms] [LOG] [Fast Refresh] done in 15ms @ http://localhost:3000/_next/static/chunks/node_modules_next_dist_1e8vcs8._.js:776
[  204737ms] [LOG] [Fast Refresh] done in 15ms @ http://localhost:3000/_next/static/chunks/node_modules_next_dist_1e8vcs8._.js:776
[  204787ms] [LOG] [Fast Refresh] done in 15ms @ http://localhost:3000/_next/static/chunks/node_modules_next_dist_1e8vcs8._.js:776
[  204837ms] [LOG] [Fast Refresh] done in 15ms @ http://localhost:3000/_next/static/chunks/node_modules_next_dist_1e8vcs8._.js:776
[  204886ms] [LOG] [Fast Refresh] done in 15ms @ http://localhost:3000/_next/static/chunks/node_modules_next_dist_1e8vcs8._.js:776
[  204935ms] [LOG] [Fast Refresh] done in 15ms @ http://localhost:3000/_next/static/chunks/node_modules_next_dist_1e8vcs8._.js:776
[  204986ms] [LOG] [Fast Refresh] done in 15ms @ http://localhost:3000/_next/static/chunks/node_modules_next_dist_1e8vcs8._.js:776
[  205036ms] [LOG] [Fast Refresh] done in 15ms @ http://localhost:3000/_next/static/chunks/node_modules_next_dist_1e8vcs8._.js:776
[  205108ms] [LOG] [Fast Refresh] done in 15ms @ http://localhost:3000/_next/static/chunks/node_modules_next_dist_1e8vcs8._.js:776
[  205154ms] [LOG] [Fast Refresh] done in 15ms @ http://localhost:3000/_next/static/chunks/node_modules_next_dist_1e8vcs8._.js:776
[  205202ms] [LOG] [Fast Refresh] done in 15ms @ http://localhost:3000/_next/static/chunks/node_modules_next_dist_1e8vcs8._.js:776
[  205251ms] [LOG] [Fast Refresh] done in 15ms @ http://localhost:3000/_next/static/chunks/node_modules_next_dist_1e8vcs8._.js:776
[  205299ms] [LOG] [Fast Refresh] done in 15ms @ http://localhost:3000/_next/static/chunks/node_modules_next_dist_1e8vcs8._.js:776
[  205346ms] [LOG] [Fast Refresh] done in 15ms @ http://localhost:3000/_next/static/chunks/node_modules_next_dist_1e8vcs8._.js:776
[  205401ms] [LOG] [Fast Refresh] done in 15ms @ http://localhost:3000/_next/static/chunks/node_modules_next_dist_1e8vcs8._.js:776
[  205452ms] [LOG] [Fast Refresh] done in 15ms @ http://localhost:3000/_next/static/chunks/node_modules_next_dist_1e8vcs8._.js:776
[  205503ms] [LOG] [Fast Refresh] done in 15ms @ http://localhost:3000/_next/static/chunks/node_modules_next_dist_1e8vcs8._.js:776
[  205551ms] [LOG] [Fast Refresh] done in 15ms @ http://localhost:3000/_next/static/chunks/node_modules_next_dist_1e8vcs8._.js:776
[  205603ms] [LOG] [Fast Refresh] done in 15ms @ http://localhost:3000/_next/static/chunks/node_modules_next_dist_1e8vcs8._.js:776
[  205662ms] [LOG] [Fast Refresh] done in 15ms @ http://localhost:3000/_next/static/chunks/node_modules_next_dist_1e8vcs8._.js:776
[  205716ms] [LOG] [Fast Refresh] done in 15ms @ http://localhost:3000/_next/static/chunks/node_modules_next_dist_1e8vcs8._.js:776
[  205753ms] [LOG] [Fast Refresh] done in 15ms @ http://localhost:3000/_next/static/chunks/node_modules_next_dist_1e8vcs8._.js:776
[  205801ms] [LOG] [Fast Refresh] done in 15ms @ http://localhost:3000/_next/static/chunks/node_modules_next_dist_1e8vcs8._.js:776
[  205854ms] [LOG] [Fast Refresh] done in 15ms @ http://localhost:3000/_next/static/chunks/node_modules_next_dist_1e8vcs8._.js:776
[  205902ms] [LOG] [Fast Refresh] done in 15ms @ http://localhost:3000/_next/static/chunks/node_modules_next_dist_1e8vcs8._.js:776
[  205958ms] [LOG] [Fast Refresh] done in 15ms @ http://localhost:3000/_next/static/chunks/node_modules_next_dist_1e8vcs8._.js:776
[  205993ms] [LOG] [Fast Refresh] done in 15ms @ http://localhost:3000/_next/static/chunks/node_modules_next_dist_1e8vcs8._.js:776
[  206029ms] [LOG] [Fast Refresh] done in 15ms @ http://localhost:3000/_next/static/chunks/node_modules_next_dist_1e8vcs8._.js:776
[  206066ms] [LOG] [Fast Refresh] done in 15ms @ http://localhost:3000/_next/static/chunks/node_modules_next_dist_1e8vcs8._.js:776
[  206115ms] [LOG] [Fast Refresh] done in 15ms @ http://localhost:3000/_next/static/chunks/node_modules_next_dist_1e8vcs8._.js:776
[  206170ms] [LOG] [Fast Refresh] done in 15ms @ http://localhost:3000/_next/static/chunks/node_modules_next_dist_1e8vcs8._.js:776
[  206215ms] [LOG] [Fast Refresh] done in 15ms @ http://localhost:3000/_next/static/chunks/node_modules_next_dist_1e8vcs8._.js:776
[  206267ms] [LOG] [Fast Refresh] done in 15ms @ http://localhost:3000/_next/static/chunks/node_modules_next_dist_1e8vcs8._.js:776
[  206310ms] [LOG] [Fast Refresh] done in 15ms @ http://localhost:3000/_next/static/chunks/node_modules_next_dist_1e8vcs8._.js:776
[  206359ms] [LOG] [Fast Refresh] done in 15ms @ http://localhost:3000/_next/static/chunks/node_modules_next_dist_1e8vcs8._.js:776
[  206403ms] [LOG] [Fast Refresh] done in 15ms @ http://localhost:3000/_next/static/chunks/node_modules_next_dist_1e8vcs8._.js:776
[  206451ms] [LOG] [Fast Refresh] done in 15ms @ http://localhost:3000/_next/static/chunks/node_modules_next_dist_1e8vcs8._.js:776
[  206494ms] [LOG] [Fast Refresh] done in 15ms @ http://localhost:3000/_next/static/chunks/node_modules_next_dist_1e8vcs8._.js:776
[  206546ms] [LOG] [Fast Refresh] done in 15ms @ http://localhost:3000/_next/static/chunks/node_modules_next_dist_1e8vcs8._.js:776
[  206595ms] [LOG] [Fast Refresh] done in 15ms @ http://localhost:3000/_next/static/chunks/node_modules_next_dist_1e8vcs8._.js:776
[  206653ms] [LOG] [Fast Refresh] done in 15ms @ http://localhost:3000/_next/static/chunks/node_modules_next_dist_1e8vcs8._.js:776
[  206702ms] [LOG] [Fast Refresh] done in 15ms @ http://localhost:3000/_next/static/chunks/node_modules_next_dist_1e8vcs8._.js:776
[  206758ms] [LOG] [Fast Refresh] done in 15ms @ http://localhost:3000/_next/static/chunks/node_modules_next_dist_1e8vcs8._.js:776
[  206816ms] [LOG] [Fast Refresh] done in 15ms @ http://localhost:3000/_next/static/chunks/node_modules_next_dist_1e8vcs8._.js:776
[  206869ms] [LOG] [Fast Refresh] done in 15ms @ http://localhost:3000/_next/static/chunks/node_modules_next_dist_1e8vcs8._.js:776
[  206920ms] [LOG] [Fast Refresh] done in 15ms @ http://localhost:3000/_next/static/chunks/node_modules_next_dist_1e8vcs8._.js:776
[  206969ms] [LOG] [Fast Refresh] done in 15ms @ http://localhost:3000/_next/static/chunks/node_modules_next_dist_1e8vcs8._.js:776
[  207012ms] [LOG] [Fast Refresh] done in 15ms @ http://localhost:3000/_next/static/chunks/node_modules_next_dist_1e8vcs8._.js:776
[  207053ms] [LOG] [Fast Refresh] done in 15ms @ http://localhost:3000/_next/static/chunks/node_modules_next_dist_1e8vcs8._.js:776
[  207102ms] [LOG] [Fast Refresh] done in 15ms @ http://localhost:3000/_next/static/chunks/node_modules_next_dist_1e8vcs8._.js:776
[  207160ms] [LOG] [Fast Refresh] done in 15ms @ http://localhost:3000/_next/static/chunks/node_modules_next_dist_1e8vcs8._.js:776
[  207203ms] [LOG] [Fast Refresh] done in 15ms @ http://localhost:3000/_next/static/chunks/node_modules_next_dist_1e8vcs8._.js:776
[  207252ms] [LOG] [Fast Refresh] done in 15ms @ http://localhost:3000/_next/static/chunks/node_modules_next_dist_1e8vcs8._.js:776
[  207315ms] [LOG] [Fast Refresh] done in 15ms @ http://localhost:3000/_next/static/chunks/node_modules_next_dist_1e8vcs8._.js:776
[  207378ms] [LOG] [Fast Refresh] done in 15ms @ http://localhost:3000/_next/static/chunks/node_modules_next_dist_1e8vcs8._.js:776
[  207436ms] [LOG] [Fast Refresh] done in 15ms @ http://localhost:3000/_next/static/chunks/node_modules_next_dist_1e8vcs8._.js:776
[  207485ms] [LOG] [Fast Refresh] done in 15ms @ http://localhost:3000/_next/static/chunks/node_modules_next_dist_1e8vcs8._.js:776
[  207540ms] [LOG] [Fast Refresh] done in 15ms @ http://localhost:3000/_next/static/chunks/node_modules_next_dist_1e8vcs8._.js:776
[  207584ms] [LOG] [Fast Refresh] done in 15ms @ http://localhost:3000/_next/static/chunks/node_modules_next_dist_1e8vcs8._.js:776
[  207634ms] [LOG] [Fast Refresh] done in 15ms @ http://localhost:3000/_next/static/chunks/node_modules_next_dist_1e8vcs8._.js:776
[  207681ms] [LOG] [Fast Refresh] done in 15ms @ http://localhost:3000/_next/static/chunks/node_modules_next_dist_1e8vcs8._.js:776
[  207717ms] [LOG] [Fast Refresh] done in 15ms @ http://localhost:3000/_next/static/chunks/node_modules_next_dist_1e8vcs8._.js:776
[  207754ms] [LOG] [Fast Refresh] done in 15ms @ http://localhost:3000/_next/static/chunks/node_modules_next_dist_1e8vcs8._.js:776
[  207800ms] [LOG] [Fast Refresh] done in 15ms @ http://localhost:3000/_next/static/chunks/node_modules_next_dist_1e8vcs8._.js:776
[  207852ms] [LOG] [Fast Refresh] done in 15ms @ http://localhost:3000/_next/static/chunks/node_modules_next_dist_1e8vcs8._.js:776
[  207893ms] [LOG] [Fast Refresh] done in 15ms @ http://localhost:3000/_next/static/chunks/node_modules_next_dist_1e8vcs8._.js:776
[  207937ms] [LOG] [Fast Refresh] done in 15ms @ http://localhost:3000/_next/static/chunks/node_modules_next_dist_1e8vcs8._.js:776
[  207989ms] [LOG] [Fast Refresh] done in 15ms @ http://localhost:3000/_next/static/chunks/node_modules_next_dist_1e8vcs8._.js:776
[  208052ms] [LOG] [Fast Refresh] done in 15ms @ http://localhost:3000/_next/static/chunks/node_modules_next_dist_1e8vcs8._.js:776
[  208102ms] [LOG] [Fast Refresh] done in 15ms @ http://localhost:3000/_next/static/chunks/node_modules_next_dist_1e8vcs8._.js:776
[  208150ms] [LOG] [Fast Refresh] done in 15ms @ http://localhost:3000/_next/static/chunks/node_modules_next_dist_1e8vcs8._.js:776
[  208198ms] [LOG] [Fast Refresh] done in 15ms @ http://localhost:3000/_next/static/chunks/node_modules_next_dist_1e8vcs8._.js:776
[  208246ms] [LOG] [Fast Refresh] done in 15ms @ http://localhost:3000/_next/static/chunks/node_modules_next_dist_1e8vcs8._.js:776
[  208295ms] [LOG] [Fast Refresh] done in 15ms @ http://localhost:3000/_next/static/chunks/node_modules_next_dist_1e8vcs8._.js:776
[  208342ms] [LOG] [Fast Refresh] done in 15ms @ http://localhost:3000/_next/static/chunks/node_modules_next_dist_1e8vcs8._.js:776
[  208400ms] [LOG] [Fast Refresh] done in 15ms @ http://localhost:3000/_next/static/chunks/node_modules_next_dist_1e8vcs8._.js:776
[  208436ms] [LOG] [Fast Refresh] done in 15ms @ http://localhost:3000/_next/static/chunks/node_modules_next_dist_1e8vcs8._.js:776
[  208485ms] [LOG] [Fast Refresh] done in 15ms @ http://localhost:3000/_next/static/chunks/node_modules_next_dist_1e8vcs8._.js:776
[  208535ms] [LOG] [Fast Refresh] done in 15ms @ http://localhost:3000/_next/static/chunks/node_modules_next_dist_1e8vcs8._.js:776
[  208586ms] [LOG] [Fast Refresh] done in 15ms @ http://localhost:3000/_next/static/chunks/node_modules_next_dist_1e8vcs8._.js:776
[  208629ms] [LOG] [Fast Refresh] done in 15ms @ http://localhost:3000/_next/static/chunks/node_modules_next_dist_1e8vcs8._.js:776
[  208669ms] [LOG] [Fast Refresh] done in 15ms @ http://localhost:3000/_next/static/chunks/node_modules_next_dist_1e8vcs8._.js:776
[  208709ms] [LOG] [Fast Refresh] done in 15ms @ http://localhost:3000/_next/static/chunks/node_modules_next_dist_1e8vcs8._.js:776
[  208755ms] [LOG] [Fast Refresh] done in 15ms @ http://localhost:3000/_next/static/chunks/node_modules_next_dist_1e8vcs8._.js:776
[  208802ms] [LOG] [Fast Refresh] done in 15ms @ http://localhost:3000/_next/static/chunks/node_modules_next_dist_1e8vcs8._.js:776
[  208850ms] [LOG] [Fast Refresh] done in 15ms @ http://localhost:3000/_next/static/chunks/node_modules_next_dist_1e8vcs8._.js:776
[  208911ms] [LOG] [Fast Refresh] done in 15ms @ http://localhost:3000/_next/static/chunks/node_modules_next_dist_1e8vcs8._.js:776
[  208953ms] [LOG] [Fast Refresh] done in 15ms @ http://localhost:3000/_next/static/chunks/node_modules_next_dist_1e8vcs8._.js:776
[  209002ms] [LOG] [Fast Refresh] done in 15ms @ http://localhost:3000/_next/static/chunks/node_modules_next_dist_1e8vcs8._.js:776
[  209043ms] [LOG] [Fast Refresh] done in 15ms @ http://localhost:3000/_next/static/chunks/node_modules_next_dist_1e8vcs8._.js:776
[  209097ms] [LOG] [Fast Refresh] done in 15ms @ http://localhost:3000/_next/static/chunks/node_modules_next_dist_1e8vcs8._.js:776
[  209152ms] [LOG] [Fast Refresh] done in 15ms @ http://localhost:3000/_next/static/chunks/node_modules_next_dist_1e8vcs8._.js:776
[  209191ms] [LOG] [Fast Refresh] done in 15ms @ http://localhost:3000/_next/static/chunks/node_modules_next_dist_1e8vcs8._.js:776
[  209237ms] [LOG] [Fast Refresh] done in 15ms @ http://localhost:3000/_next/static/chunks/node_modules_next_dist_1e8vcs8._.js:776
[  209302ms] [LOG] [Fast Refresh] done in 15ms @ http://localhost:3000/_next/static/chunks/node_modules_next_dist_1e8vcs8._.js:776
[  209350ms] [LOG] [Fast Refresh] done in 15ms @ http://localhost:3000/_next/static/chunks/node_modules_next_dist_1e8vcs8._.js:776
[  209386ms] [LOG] [Fast Refresh] done in 15ms @ http://localhost:3000/_next/static/chunks/node_modules_next_dist_1e8vcs8._.js:776
[  209428ms] [LOG] [Fast Refresh] done in 15ms @ http://localhost:3000/_next/static/chunks/node_modules_next_dist_1e8vcs8._.js:776
[  209466ms] [LOG] [Fast Refresh] done in 15ms @ http://localhost:3000/_next/static/chunks/node_modules_next_dist_1e8vcs8._.js:776
[  209503ms] [LOG] [Fast Refresh] done in 15ms @ http://localhost:3000/_next/static/chunks/node_modules_next_dist_1e8vcs8._.js:776
[  209541ms] [LOG] [Fast Refresh] done in 15ms @ http://localhost:3000/_next/static/chunks/node_modules_next_dist_1e8vcs8._.js:776
[  209585ms] [LOG] [Fast Refresh] done in 15ms @ http://localhost:3000/_next/static/chunks/node_modules_next_dist_1e8vcs8._.js:776
[  209634ms] [LOG] [Fast Refresh] done in 15ms @ http://localhost:3000/_next/static/chunks/node_modules_next_dist_1e8vcs8._.js:776
[  209673ms] [LOG] [Fast Refresh] done in 15ms @ http://localhost:3000/_next/static/chunks/node_modules_next_dist_1e8vcs8._.js:776
[  209721ms] [LOG] [Fast Refresh] done in 15ms @ http://localhost:3000/_next/static/chunks/node_modules_next_dist_1e8vcs8._.js:776
[  209774ms] [LOG] [Fast Refresh] done in 15ms @ http://localhost:3000/_next/static/chunks/node_modules_next_dist_1e8vcs8._.js:776
[  209836ms] [LOG] [Fast Refresh] done in 15ms @ http://localhost:3000/_next/static/chunks/node_modules_next_dist_1e8vcs8._.js:776
[  209899ms] [LOG] [Fast Refresh] done in 15ms @ http://localhost:3000/_next/static/chunks/node_modules_next_dist_1e8vcs8._.js:776
[  209947ms] [LOG] [Fast Refresh] done in 15ms @ http://localhost:3000/_next/static/chunks/node_modules_next_dist_1e8vcs8._.js:776
[  209986ms] [LOG] [Fast Refresh] done in 15ms @ http://localhost:3000/_next/static/chunks/node_modules_next_dist_1e8vcs8._.js:776
[  210035ms] [LOG] [Fast Refresh] done in 15ms @ http://localhost:3000/_next/static/chunks/node_modules_next_dist_1e8vcs8._.js:776
[  210085ms] [LOG] [Fast Refresh] done in 15ms @ http://localhost:3000/_next/static/chunks/node_modules_next_dist_1e8vcs8._.js:776
[  210131ms] [LOG] [Fast Refresh] done in 15ms @ http://localhost:3000/_next/static/chunks/node_modules_next_dist_1e8vcs8._.js:776
[  210170ms] [LOG] [Fast Refresh] done in 15ms @ http://localhost:3000/_next/static/chunks/node_modules_next_dist_1e8vcs8._.js:776
[  210209ms] [LOG] [Fast Refresh] done in 15ms @ http://localhost:3000/_next/static/chunks/node_modules_next_dist_1e8vcs8._.js:776
[  210252ms] [LOG] [Fast Refresh] done in 15ms @ http://localhost:3000/_next/static/chunks/node_modules_next_dist_1e8vcs8._.js:776
[  210302ms] [LOG] [Fast Refresh] done in 15ms @ http://localhost:3000/_next/static/chunks/node_modules_next_dist_1e8vcs8._.js:776
[  210355ms] [LOG] [Fast Refresh] done in 15ms @ http://localhost:3000/_next/static/chunks/node_modules_next_dist_1e8vcs8._.js:776
[  210398ms] [LOG] [Fast Refresh] done in 15ms @ http://localhost:3000/_next/static/chunks/node_modules_next_dist_1e8vcs8._.js:776
[  210446ms] [LOG] [Fast Refresh] done in 15ms @ http://localhost:3000/_next/static/chunks/node_modules_next_dist_1e8vcs8._.js:776
[  210493ms] [LOG] [Fast Refresh] done in 15ms @ http://localhost:3000/_next/static/chunks/node_modules_next_dist_1e8vcs8._.js:776
[  210535ms] [LOG] [Fast Refresh] done in 15ms @ http://localhost:3000/_next/static/chunks/node_modules_next_dist_1e8vcs8._.js:776
[  210585ms] [LOG] [Fast Refresh] done in 15ms @ http://localhost:3000/_next/static/chunks/node_modules_next_dist_1e8vcs8._.js:776
[  210633ms] [LOG] [Fast Refresh] done in 15ms @ http://localhost:3000/_next/static/chunks/node_modules_next_dist_1e8vcs8._.js:776
[  210687ms] [LOG] [Fast Refresh] done in 15ms @ http://localhost:3000/_next/static/chunks/node_modules_next_dist_1e8vcs8._.js:776
[  210745ms] [LOG] [Fast Refresh] done in 15ms @ http://localhost:3000/_next/static/chunks/node_modules_next_dist_1e8vcs8._.js:776
[  210788ms] [LOG] [Fast Refresh] done in 15ms @ http://localhost:3000/_next/static/chunks/node_modules_next_dist_1e8vcs8._.js:776
[  210835ms] [LOG] [Fast Refresh] done in 15ms @ http://localhost:3000/_next/static/chunks/node_modules_next_dist_1e8vcs8._.js:776
[  210900ms] [LOG] [Fast Refresh] done in 15ms @ http://localhost:3000/_next/static/chunks/node_modules_next_dist_1e8vcs8._.js:776
[  210955ms] [LOG] [Fast Refresh] done in 15ms @ http://localhost:3000/_next/static/chunks/node_modules_next_dist_1e8vcs8._.js:776
[  210998ms] [LOG] [Fast Refresh] done in 15ms @ http://localhost:3000/_next/static/chunks/node_modules_next_dist_1e8vcs8._.js:776
[  211037ms] [LOG] [Fast Refresh] done in 15ms @ http://localhost:3000/_next/static/chunks/node_modules_next_dist_1e8vcs8._.js:776
[  211086ms] [LOG] [Fast Refresh] done in 15ms @ http://localhost:3000/_next/static/chunks/node_modules_next_dist_1e8vcs8._.js:776
[  211136ms] [LOG] [Fast Refresh] done in 15ms @ http://localhost:3000/_next/static/chunks/node_modules_next_dist_1e8vcs8._.js:776
[  211200ms] [LOG] [Fast Refresh] done in 15ms @ http://localhost:3000/_next/static/chunks/node_modules_next_dist_1e8vcs8._.js:776
[  211250ms] [LOG] [Fast Refresh] done in 15ms @ http://localhost:3000/_next/static/chunks/node_modules_next_dist_1e8vcs8._.js:776
[  211312ms] [LOG] [Fast Refresh] done in 15ms @ http://localhost:3000/_next/static/chunks/node_modules_next_dist_1e8vcs8._.js:776
[  211374ms] [LOG] [Fast Refresh] done in 15ms @ http://localhost:3000/_next/static/chunks/node_modules_next_dist_1e8vcs8._.js:776
[  211439ms] [LOG] [Fast Refresh] done in 15ms @ http://localhost:3000/_next/static/chunks/node_modules_next_dist_1e8vcs8._.js:776
[  211498ms] [LOG] [Fast Refresh] done in 15ms @ http://localhost:3000/_next/static/chunks/node_modules_next_dist_1e8vcs8._.js:776
[  211552ms] [LOG] [Fast Refresh] done in 15ms @ http://localhost:3000/_next/static/chunks/node_modules_next_dist_1e8vcs8._.js:776
[  211602ms] [LOG] [Fast Refresh] done in 15ms @ http://localhost:3000/_next/static/chunks/node_modules_next_dist_1e8vcs8._.js:776
[  211652ms] [LOG] [Fast Refresh] done in 15ms @ http://localhost:3000/_next/static/chunks/node_modules_next_dist_1e8vcs8._.js:776
[  211704ms] [LOG] [Fast Refresh] done in 15ms @ http://localhost:3000/_next/static/chunks/node_modules_next_dist_1e8vcs8._.js:776
[  211753ms] [LOG] [Fast Refresh] done in 15ms @ http://localhost:3000/_next/static/chunks/node_modules_next_dist_1e8vcs8._.js:776
[  211803ms] [LOG] [Fast Refresh] done in 15ms @ http://localhost:3000/_next/static/chunks/node_modules_next_dist_1e8vcs8._.js:776
[  211853ms] [LOG] [Fast Refresh] done in 15ms @ http://localhost:3000/_next/static/chunks/node_modules_next_dist_1e8vcs8._.js:776
[  211903ms] [LOG] [Fast Refresh] done in 15ms @ http://localhost:3000/_next/static/chunks/node_modules_next_dist_1e8vcs8._.js:776
[  211953ms] [LOG] [Fast Refresh] done in 15ms @ http://localhost:3000/_next/static/chunks/node_modules_next_dist_1e8vcs8._.js:776
[  212003ms] [LOG] [Fast Refresh] done in 15ms @ http://localhost:3000/_next/static/chunks/node_modules_next_dist_1e8vcs8._.js:776
[  212053ms] [LOG] [Fast Refresh] done in 15ms @ http://localhost:3000/_next/static/chunks/node_modules_next_dist_1e8vcs8._.js:776
[  212103ms] [LOG] [Fast Refresh] done in 15ms @ http://localhost:3000/_next/static/chunks/node_modules_next_dist_1e8vcs8._.js:776
[  212153ms] [LOG] [Fast Refresh] done in 15ms @ http://localhost:3000/_next/static/chunks/node_modules_next_dist_1e8vcs8._.js:776
[  212190ms] [LOG] [Fast Refresh] done in 15ms @ http://localhost:3000/_next/static/chunks/node_modules_next_dist_1e8vcs8._.js:776
[  212227ms] [LOG] [Fast Refresh] done in 15ms @ http://localhost:3000/_next/static/chunks/node_modules_next_dist_1e8vcs8._.js:776
[  212262ms] [LOG] [Fast Refresh] done in 15ms @ http://localhost:3000/_next/static/chunks/node_modules_next_dist_1e8vcs8._.js:776
[  212299ms] [LOG] [Fast Refresh] done in 15ms @ http://localhost:3000/_next/static/chunks/node_modules_next_dist_1e8vcs8._.js:776
[  212340ms] [LOG] [Fast Refresh] done in 15ms @ http://localhost:3000/_next/static/chunks/node_modules_next_dist_1e8vcs8._.js:776
[  212377ms] [LOG] [Fast Refresh] done in 15ms @ http://localhost:3000/_next/static/chunks/node_modules_next_dist_1e8vcs8._.js:776
[  212419ms] [LOG] [Fast Refresh] done in 15ms @ http://localhost:3000/_next/static/chunks/node_modules_next_dist_1e8vcs8._.js:776
[  212469ms] [LOG] [Fast Refresh] done in 15ms @ http://localhost:3000/_next/static/chunks/node_modules_next_dist_1e8vcs8._.js:776
[  212520ms] [LOG] [Fast Refresh] done in 15ms @ http://localhost:3000/_next/static/chunks/node_modules_next_dist_1e8vcs8._.js:776
[  212570ms] [LOG] [Fast Refresh] done in 15ms @ http://localhost:3000/_next/static/chunks/node_modules_next_dist_1e8vcs8._.js:776
[  212637ms] [LOG] [Fast Refresh] done in 15ms @ http://localhost:3000/_next/static/chunks/node_modules_next_dist_1e8vcs8._.js:776
[  212686ms] [LOG] [Fast Refresh] done in 15ms @ http://localhost:3000/_next/static/chunks/node_modules_next_dist_1e8vcs8._.js:776
[  212737ms] [LOG] [Fast Refresh] done in 15ms @ http://localhost:3000/_next/static/chunks/node_modules_next_dist_1e8vcs8._.js:776
[  212786ms] [LOG] [Fast Refresh] done in 15ms @ http://localhost:3000/_next/static/chunks/node_modules_next_dist_1e8vcs8._.js:776
[  212836ms] [LOG] [Fast Refresh] done in 15ms @ http://localhost:3000/_next/static/chunks/node_modules_next_dist_1e8vcs8._.js:776
[  212884ms] [LOG] [Fast Refresh] done in 15ms @ http://localhost:3000/_next/static/chunks/node_modules_next_dist_1e8vcs8._.js:776
[  212948ms] [LOG] [Fast Refresh] done in 15ms @ http://localhost:3000/_next/static/chunks/node_modules_next_dist_1e8vcs8._.js:776
[  213011ms] [LOG] [Fast Refresh] done in 15ms @ http://localhost:3000/_next/static/chunks/node_modules_next_dist_1e8vcs8._.js:776
[  213053ms] [LOG] [Fast Refresh] done in 15ms @ http://localhost:3000/_next/static/chunks/node_modules_next_dist_1e8vcs8._.js:776
[  213103ms] [LOG] [Fast Refresh] done in 15ms @ http://localhost:3000/_next/static/chunks/node_modules_next_dist_1e8vcs8._.js:776
[  213166ms] [LOG] [Fast Refresh] done in 15ms @ http://localhost:3000/_next/static/chunks/node_modules_next_dist_1e8vcs8._.js:776
[  213214ms] [LOG] [Fast Refresh] done in 15ms @ http://localhost:3000/_next/static/chunks/node_modules_next_dist_1e8vcs8._.js:776
[  213261ms] [LOG] [Fast Refresh] done in 15ms @ http://localhost:3000/_next/static/chunks/node_modules_next_dist_1e8vcs8._.js:776
[  213324ms] [LOG] [Fast Refresh] done in 15ms @ http://localhost:3000/_next/static/chunks/node_modules_next_dist_1e8vcs8._.js:776
[  213372ms] [LOG] [Fast Refresh] done in 15ms @ http://localhost:3000/_next/static/chunks/node_modules_next_dist_1e8vcs8._.js:776
[  213421ms] [LOG] [Fast Refresh] done in 15ms @ http://localhost:3000/_next/static/chunks/node_modules_next_dist_1e8vcs8._.js:776
[  213468ms] [LOG] [Fast Refresh] done in 15ms @ http://localhost:3000/_next/static/chunks/node_modules_next_dist_1e8vcs8._.js:776
[  213531ms] [LOG] [Fast Refresh] done in 15ms @ http://localhost:3000/_next/static/chunks/node_modules_next_dist_1e8vcs8._.js:776
[  213594ms] [LOG] [Fast Refresh] done in 15ms @ http://localhost:3000/_next/static/chunks/node_modules_next_dist_1e8vcs8._.js:776
[  213658ms] [LOG] [Fast Refresh] done in 15ms @ http://localhost:3000/_next/static/chunks/node_modules_next_dist_1e8vcs8._.js:776
[  213721ms] [LOG] [Fast Refresh] done in 15ms @ http://localhost:3000/_next/static/chunks/node_modules_next_dist_1e8vcs8._.js:776
[  213784ms] [LOG] [Fast Refresh] done in 15ms @ http://localhost:3000/_next/static/chunks/node_modules_next_dist_1e8vcs8._.js:776
[  213832ms] [LOG] [Fast Refresh] done in 15ms @ http://localhost:3000/_next/static/chunks/node_modules_next_dist_1e8vcs8._.js:776
[  213880ms] [LOG] [Fast Refresh] done in 15ms @ http://localhost:3000/_next/static/chunks/node_modules_next_dist_1e8vcs8._.js:776
[  213927ms] [LOG] [Fast Refresh] done in 15ms @ http://localhost:3000/_next/static/chunks/node_modules_next_dist_1e8vcs8._.js:776
[  213990ms] [LOG] [Fast Refresh] done in 15ms @ http://localhost:3000/_next/static/chunks/node_modules_next_dist_1e8vcs8._.js:776
[  214053ms] [LOG] [Fast Refresh] done in 15ms @ http://localhost:3000/_next/static/chunks/node_modules_next_dist_1e8vcs8._.js:776
[  214101ms] [LOG] [Fast Refresh] done in 15ms @ http://localhost:3000/_next/static/chunks/node_modules_next_dist_1e8vcs8._.js:776
[  214164ms] [LOG] [Fast Refresh] done in 15ms @ http://localhost:3000/_next/static/chunks/node_modules_next_dist_1e8vcs8._.js:776
[  214229ms] [LOG] [Fast Refresh] done in 15ms @ http://localhost:3000/_next/static/chunks/node_modules_next_dist_1e8vcs8._.js:776
[  214293ms] [LOG] [Fast Refresh] done in 15ms @ http://localhost:3000/_next/static/chunks/node_modules_next_dist_1e8vcs8._.js:776
[  214342ms] [LOG] [Fast Refresh] done in 15ms @ http://localhost:3000/_next/static/chunks/node_modules_next_dist_1e8vcs8._.js:776
[  214404ms] [LOG] [Fast Refresh] done in 15ms @ http://localhost:3000/_next/static/chunks/node_modules_next_dist_1e8vcs8._.js:776
[  214453ms] [LOG] [Fast Refresh] done in 15ms @ http://localhost:3000/_next/static/chunks/node_modules_next_dist_1e8vcs8._.js:776
[  214501ms] [LOG] [Fast Refresh] done in 15ms @ http://localhost:3000/_next/static/chunks/node_modules_next_dist_1e8vcs8._.js:776
[  214548ms] [LOG] [Fast Refresh] done in 15ms @ http://localhost:3000/_next/static/chunks/node_modules_next_dist_1e8vcs8._.js:776
[  214612ms] [LOG] [Fast Refresh] done in 15ms @ http://localhost:3000/_next/static/chunks/node_modules_next_dist_1e8vcs8._.js:776
[  214676ms] [LOG] [Fast Refresh] done in 15ms @ http://localhost:3000/_next/static/chunks/node_modules_next_dist_1e8vcs8._.js:776
[  214740ms] [LOG] [Fast Refresh] done in 15ms @ http://localhost:3000/_next/static/chunks/node_modules_next_dist_1e8vcs8._.js:776
[  214804ms] [LOG] [Fast Refresh] done in 15ms @ http://localhost:3000/_next/static/chunks/node_modules_next_dist_1e8vcs8._.js:776
[  214867ms] [LOG] [Fast Refresh] done in 15ms @ http://localhost:3000/_next/static/chunks/node_modules_next_dist_1e8vcs8._.js:776
[  214916ms] [LOG] [Fast Refresh] done in 15ms @ http://localhost:3000/_next/static/chunks/node_modules_next_dist_1e8vcs8._.js:776
[  214964ms] [LOG] [Fast Refresh] done in 15ms @ http://localhost:3000/_next/static/chunks/node_modules_next_dist_1e8vcs8._.js:776
[  215013ms] [LOG] [Fast Refresh] done in 15ms @ http://localhost:3000/_next/static/chunks/node_modules_next_dist_1e8vcs8._.js:776
[  215061ms] [LOG] [Fast Refresh] done in 15ms @ http://localhost:3000/_next/static/chunks/node_modules_next_dist_1e8vcs8._.js:776
[  215124ms] [LOG] [Fast Refresh] done in 15ms @ http://localhost:3000/_next/static/chunks/node_modules_next_dist_1e8vcs8._.js:776
[  215188ms] [LOG] [Fast Refresh] done in 15ms @ http://localhost:3000/_next/static/chunks/node_modules_next_dist_1e8vcs8._.js:776
[  215236ms] [LOG] [Fast Refresh] done in 15ms @ http://localhost:3000/_next/static/chunks/node_modules_next_dist_1e8vcs8._.js:776
[  215299ms] [LOG] [Fast Refresh] done in 15ms @ http://localhost:3000/_next/static/chunks/node_modules_next_dist_1e8vcs8._.js:776
[  215346ms] [LOG] [Fast Refresh] done in 15ms @ http://localhost:3000/_next/static/chunks/node_modules_next_dist_1e8vcs8._.js:776
[  215409ms] [LOG] [Fast Refresh] done in 15ms @ http://localhost:3000/_next/static/chunks/node_modules_next_dist_1e8vcs8._.js:776
[  215456ms] [LOG] [Fast Refresh] done in 15ms @ http://localhost:3000/_next/static/chunks/node_modules_next_dist_1e8vcs8._.js:776
[  215519ms] [LOG] [Fast Refresh] done in 15ms @ http://localhost:3000/_next/static/chunks/node_modules_next_dist_1e8vcs8._.js:776
[  215567ms] [LOG] [Fast Refresh] done in 15ms @ http://localhost:3000/_next/static/chunks/node_modules_next_dist_1e8vcs8._.js:776
[  215631ms] [LOG] [Fast Refresh] done in 15ms @ http://localhost:3000/_next/static/chunks/node_modules_next_dist_1e8vcs8._.js:776
[  215694ms] [LOG] [Fast Refresh] done in 15ms @ http://localhost:3000/_next/static/chunks/node_modules_next_dist_1e8vcs8._.js:776
[  215741ms] [LOG] [Fast Refresh] done in 15ms @ http://localhost:3000/_next/static/chunks/node_modules_next_dist_1e8vcs8._.js:776
[  215804ms] [LOG] [Fast Refresh] done in 15ms @ http://localhost:3000/_next/static/chunks/node_modules_next_dist_1e8vcs8._.js:776
[  215868ms] [LOG] [Fast Refresh] done in 15ms @ http://localhost:3000/_next/static/chunks/node_modules_next_dist_1e8vcs8._.js:776
[  215918ms] [LOG] [Fast Refresh] done in 15ms @ http://localhost:3000/_next/static/chunks/node_modules_next_dist_1e8vcs8._.js:776
[  215965ms] [LOG] [Fast Refresh] done in 15ms @ http://localhost:3000/_next/static/chunks/node_modules_next_dist_1e8vcs8._.js:776
[  216029ms] [LOG] [Fast Refresh] done in 15ms @ http://localhost:3000/_next/static/chunks/node_modules_next_dist_1e8vcs8._.js:776
[  216085ms] [LOG] [Fast Refresh] done in 15ms @ http://localhost:3000/_next/static/chunks/node_modules_next_dist_1e8vcs8._.js:776
[  216134ms] [LOG] [Fast Refresh] done in 15ms @ http://localhost:3000/_next/static/chunks/node_modules_next_dist_1e8vcs8._.js:776
[  216196ms] [LOG] [Fast Refresh] done in 15ms @ http://localhost:3000/_next/static/chunks/node_modules_next_dist_1e8vcs8._.js:776
[  216245ms] [LOG] [Fast Refresh] done in 15ms @ http://localhost:3000/_next/static/chunks/node_modules_next_dist_1e8vcs8._.js:776
[  216285ms] [LOG] [Fast Refresh] done in 15ms @ http://localhost:3000/_next/static/chunks/node_modules_next_dist_1e8vcs8._.js:776
[  216334ms] [LOG] [Fast Refresh] done in 15ms @ http://localhost:3000/_next/static/chunks/node_modules_next_dist_1e8vcs8._.js:776
[  216375ms] [LOG] [Fast Refresh] done in 15ms @ http://localhost:3000/_next/static/chunks/node_modules_next_dist_1e8vcs8._.js:776
[  216412ms] [LOG] [Fast Refresh] done in 15ms @ http://localhost:3000/_next/static/chunks/node_modules_next_dist_1e8vcs8._.js:776
[  216447ms] [LOG] [Fast Refresh] done in 15ms @ http://localhost:3000/_next/static/chunks/node_modules_next_dist_1e8vcs8._.js:776
[  216483ms] [LOG] [Fast Refresh] done in 15ms @ http://localhost:3000/_next/static/chunks/node_modules_next_dist_1e8vcs8._.js:776
[  216519ms] [LOG] [Fast Refresh] done in 15ms @ http://localhost:3000/_next/static/chunks/node_modules_next_dist_1e8vcs8._.js:776
[  216570ms] [LOG] [Fast Refresh] done in 15ms @ http://localhost:3000/_next/static/chunks/node_modules_next_dist_1e8vcs8._.js:776
[  216623ms] [LOG] [Fast Refresh] done in 15ms @ http://localhost:3000/_next/static/chunks/node_modules_next_dist_1e8vcs8._.js:776
[  216670ms] [LOG] [Fast Refresh] done in 15ms @ http://localhost:3000/_next/static/chunks/node_modules_next_dist_1e8vcs8._.js:776
[  216720ms] [LOG] [Fast Refresh] done in 15ms @ http://localhost:3000/_next/static/chunks/node_modules_next_dist_1e8vcs8._.js:776
[  216770ms] [LOG] [Fast Refresh] done in 15ms @ http://localhost:3000/_next/static/chunks/node_modules_next_dist_1e8vcs8._.js:776
[  216821ms] [LOG] [Fast Refresh] done in 15ms @ http://localhost:3000/_next/static/chunks/node_modules_next_dist_1e8vcs8._.js:776
[  216859ms] [LOG] [Fast Refresh] done in 15ms @ http://localhost:3000/_next/static/chunks/node_modules_next_dist_1e8vcs8._.js:776
[  216904ms] [LOG] [Fast Refresh] done in 15ms @ http://localhost:3000/_next/static/chunks/node_modules_next_dist_1e8vcs8._.js:776
[  216953ms] [LOG] [Fast Refresh] done in 15ms @ http://localhost:3000/_next/static/chunks/node_modules_next_dist_1e8vcs8._.js:776
[  217003ms] [LOG] [Fast Refresh] done in 15ms @ http://localhost:3000/_next/static/chunks/node_modules_next_dist_1e8vcs8._.js:776
[  217055ms] [LOG] [Fast Refresh] done in 15ms @ http://localhost:3000/_next/static/chunks/node_modules_next_dist_1e8vcs8._.js:776
[  217103ms] [LOG] [Fast Refresh] done in 15ms @ http://localhost:3000/_next/static/chunks/node_modules_next_dist_1e8vcs8._.js:776
[  217153ms] [LOG] [Fast Refresh] done in 15ms @ http://localhost:3000/_next/static/chunks/node_modules_next_dist_1e8vcs8._.js:776
[  217203ms] [LOG] [Fast Refresh] done in 15ms @ http://localhost:3000/_next/static/chunks/node_modules_next_dist_1e8vcs8._.js:776
[  217253ms] [LOG] [Fast Refresh] done in 15ms @ http://localhost:3000/_next/static/chunks/node_modules_next_dist_1e8vcs8._.js:776
[  217302ms] [LOG] [Fast Refresh] done in 15ms @ http://localhost:3000/_next/static/chunks/node_modules_next_dist_1e8vcs8._.js:776
[  217352ms] [LOG] [Fast Refresh] done in 15ms @ http://localhost:3000/_next/static/chunks/node_modules_next_dist_1e8vcs8._.js:776
[  217402ms] [LOG] [Fast Refresh] done in 15ms @ http://localhost:3000/_next/static/chunks/node_modules_next_dist_1e8vcs8._.js:776
[  217452ms] [LOG] [Fast Refresh] done in 15ms @ http://localhost:3000/_next/static/chunks/node_modules_next_dist_1e8vcs8._.js:776
[  217489ms] [LOG] [Fast Refresh] done in 15ms @ http://localhost:3000/_next/static/chunks/node_modules_next_dist_1e8vcs8._.js:776
[  217536ms] [LOG] [Fast Refresh] done in 15ms @ http://localhost:3000/_next/static/chunks/node_modules_next_dist_1e8vcs8._.js:776
[  217586ms] [LOG] [Fast Refresh] done in 15ms @ http://localhost:3000/_next/static/chunks/node_modules_next_dist_1e8vcs8._.js:776
[  217638ms] [LOG] [Fast Refresh] done in 15ms @ http://localhost:3000/_next/static/chunks/node_modules_next_dist_1e8vcs8._.js:776
[  217688ms] [LOG] [Fast Refresh] done in 15ms @ http://localhost:3000/_next/static/chunks/node_modules_next_dist_1e8vcs8._.js:776
[  217736ms] [LOG] [Fast Refresh] done in 15ms @ http://localhost:3000/_next/static/chunks/node_modules_next_dist_1e8vcs8._.js:776
[  217786ms] [LOG] [Fast Refresh] done in 15ms @ http://localhost:3000/_next/static/chunks/node_modules_next_dist_1e8vcs8._.js:776
[  217836ms] [LOG] [Fast Refresh] done in 15ms @ http://localhost:3000/_next/static/chunks/node_modules_next_dist_1e8vcs8._.js:776
[  217887ms] [LOG] [Fast Refresh] done in 15ms @ http://localhost:3000/_next/static/chunks/node_modules_next_dist_1e8vcs8._.js:776
[  217936ms] [LOG] [Fast Refresh] done in 15ms @ http://localhost:3000/_next/static/chunks/node_modules_next_dist_1e8vcs8._.js:776
[  217986ms] [LOG] [Fast Refresh] done in 15ms @ http://localhost:3000/_next/static/chunks/node_modules_next_dist_1e8vcs8._.js:776
[  218036ms] [LOG] [Fast Refresh] done in 15ms @ http://localhost:3000/_next/static/chunks/node_modules_next_dist_1e8vcs8._.js:776
[  218087ms] [LOG] [Fast Refresh] done in 15ms @ http://localhost:3000/_next/static/chunks/node_modules_next_dist_1e8vcs8._.js:776
[  218139ms] [LOG] [Fast Refresh] done in 15ms @ http://localhost:3000/_next/static/chunks/node_modules_next_dist_1e8vcs8._.js:776
[  218187ms] [LOG] [Fast Refresh] done in 15ms @ http://localhost:3000/_next/static/chunks/node_modules_next_dist_1e8vcs8._.js:776
[  218237ms] [LOG] [Fast Refresh] done in 15ms @ http://localhost:3000/_next/static/chunks/node_modules_next_dist_1e8vcs8._.js:776
[  218286ms] [LOG] [Fast Refresh] done in 15ms @ http://localhost:3000/_next/static/chunks/node_modules_next_dist_1e8vcs8._.js:776
[  218336ms] [LOG] [Fast Refresh] done in 15ms @ http://localhost:3000/_next/static/chunks/node_modules_next_dist_1e8vcs8._.js:776
[  218387ms] [LOG] [Fast Refresh] done in 15ms @ http://localhost:3000/_next/static/chunks/node_modules_next_dist_1e8vcs8._.js:776
[  218437ms] [LOG] [Fast Refresh] done in 15ms @ http://localhost:3000/_next/static/chunks/node_modules_next_dist_1e8vcs8._.js:776
[  218486ms] [LOG] [Fast Refresh] done in 15ms @ http://localhost:3000/_next/static/chunks/node_modules_next_dist_1e8vcs8._.js:776
[  218536ms] [LOG] [Fast Refresh] done in 15ms @ http://localhost:3000/_next/static/chunks/node_modules_next_dist_1e8vcs8._.js:776
[  218586ms] [LOG] [Fast Refresh] done in 15ms @ http://localhost:3000/_next/static/chunks/node_modules_next_dist_1e8vcs8._.js:776
[  218637ms] [LOG] [Fast Refresh] done in 15ms @ http://localhost:3000/_next/static/chunks/node_modules_next_dist_1e8vcs8._.js:776
[  218685ms] [LOG] [Fast Refresh] done in 15ms @ http://localhost:3000/_next/static/chunks/node_modules_next_dist_1e8vcs8._.js:776
[  218736ms] [LOG] [Fast Refresh] done in 15ms @ http://localhost:3000/_next/static/chunks/node_modules_next_dist_1e8vcs8._.js:776
[  218786ms] [LOG] [Fast Refresh] done in 15ms @ http://localhost:3000/_next/static/chunks/node_modules_next_dist_1e8vcs8._.js:776
[  218836ms] [LOG] [Fast Refresh] done in 15ms @ http://localhost:3000/_next/static/chunks/node_modules_next_dist_1e8vcs8._.js:776
[  218885ms] [LOG] [Fast Refresh] done in 15ms @ http://localhost:3000/_next/static/chunks/node_modules_next_dist_1e8vcs8._.js:776
[  218936ms] [LOG] [Fast Refresh] done in 15ms @ http://localhost:3000/_next/static/chunks/node_modules_next_dist_1e8vcs8._.js:776
[  218986ms] [LOG] [Fast Refresh] done in 15ms @ http://localhost:3000/_next/static/chunks/node_modules_next_dist_1e8vcs8._.js:776
[  219037ms] [LOG] [Fast Refresh] done in 15ms @ http://localhost:3000/_next/static/chunks/node_modules_next_dist_1e8vcs8._.js:776
[  219087ms] [LOG] [Fast Refresh] done in 15ms @ http://localhost:3000/_next/static/chunks/node_modules_next_dist_1e8vcs8._.js:776
[  219136ms] [LOG] [Fast Refresh] done in 15ms @ http://localhost:3000/_next/static/chunks/node_modules_next_dist_1e8vcs8._.js:776
[  219187ms] [LOG] [Fast Refresh] done in 15ms @ http://localhost:3000/_next/static/chunks/node_modules_next_dist_1e8vcs8._.js:776
[  219222ms] [LOG] [Fast Refresh] done in 15ms @ http://localhost:3000/_next/static/chunks/node_modules_next_dist_1e8vcs8._.js:776
[  219270ms] [LOG] [Fast Refresh] done in 15ms @ http://localhost:3000/_next/static/chunks/node_modules_next_dist_1e8vcs8._.js:776
[  219321ms] [LOG] [Fast Refresh] done in 15ms @ http://localhost:3000/_next/static/chunks/node_modules_next_dist_1e8vcs8._.js:776
[  219369ms] [LOG] [Fast Refresh] done in 15ms @ http://localhost:3000/_next/static/chunks/node_modules_next_dist_1e8vcs8._.js:776
[  219428ms] [LOG] [Fast Refresh] done in 15ms @ http://localhost:3000/_next/static/chunks/node_modules_next_dist_1e8vcs8._.js:776
[  219470ms] [LOG] [Fast Refresh] done in 15ms @ http://localhost:3000/_next/static/chunks/node_modules_next_dist_1e8vcs8._.js:776
[  219519ms] [LOG] [Fast Refresh] done in 15ms @ http://localhost:3000/_next/static/chunks/node_modules_next_dist_1e8vcs8._.js:776
[  219570ms] [LOG] [Fast Refresh] done in 15ms @ http://localhost:3000/_next/static/chunks/node_modules_next_dist_1e8vcs8._.js:776
[  219619ms] [LOG] [Fast Refresh] done in 15ms @ http://localhost:3000/_next/static/chunks/node_modules_next_dist_1e8vcs8._.js:776
[  219671ms] [LOG] [Fast Refresh] done in 15ms @ http://localhost:3000/_next/static/chunks/node_modules_next_dist_1e8vcs8._.js:776
[  219720ms] [LOG] [Fast Refresh] done in 15ms @ http://localhost:3000/_next/static/chunks/node_modules_next_dist_1e8vcs8._.js:776
[  219770ms] [LOG] [Fast Refresh] done in 15ms @ http://localhost:3000/_next/static/chunks/node_modules_next_dist_1e8vcs8._.js:776
[  219819ms] [LOG] [Fast Refresh] done in 15ms @ http://localhost:3000/_next/static/chunks/node_modules_next_dist_1e8vcs8._.js:776
[  219869ms] [LOG] [Fast Refresh] done in 15ms @ http://localhost:3000/_next/static/chunks/node_modules_next_dist_1e8vcs8._.js:776
[  219920ms] [LOG] [Fast Refresh] done in 15ms @ http://localhost:3000/_next/static/chunks/node_modules_next_dist_1e8vcs8._.js:776
[  219969ms] [LOG] [Fast Refresh] done in 15ms @ http://localhost:3000/_next/static/chunks/node_modules_next_dist_1e8vcs8._.js:776
[  220025ms] [LOG] [Fast Refresh] done in 15ms @ http://localhost:3000/_next/static/chunks/node_modules_next_dist_1e8vcs8._.js:776
[  220070ms] [LOG] [Fast Refresh] done in 15ms @ http://localhost:3000/_next/static/chunks/node_modules_next_dist_1e8vcs8._.js:776
[  220119ms] [LOG] [Fast Refresh] done in 15ms @ http://localhost:3000/_next/static/chunks/node_modules_next_dist_1e8vcs8._.js:776
[  220170ms] [LOG] [Fast Refresh] done in 15ms @ http://localhost:3000/_next/static/chunks/node_modules_next_dist_1e8vcs8._.js:776
[  220219ms] [LOG] [Fast Refresh] done in 15ms @ http://localhost:3000/_next/static/chunks/node_modules_next_dist_1e8vcs8._.js:776
[  220270ms] [LOG] [Fast Refresh] done in 15ms @ http://localhost:3000/_next/static/chunks/node_modules_next_dist_1e8vcs8._.js:776
[  220319ms] [LOG] [Fast Refresh] done in 15ms @ http://localhost:3000/_next/static/chunks/node_modules_next_dist_1e8vcs8._.js:776
[  220369ms] [LOG] [Fast Refresh] done in 15ms @ http://localhost:3000/_next/static/chunks/node_modules_next_dist_1e8vcs8._.js:776
[  220419ms] [LOG] [Fast Refresh] done in 15ms @ http://localhost:3000/_next/static/chunks/node_modules_next_dist_1e8vcs8._.js:776
[  220469ms] [LOG] [Fast Refresh] done in 15ms @ http://localhost:3000/_next/static/chunks/node_modules_next_dist_1e8vcs8._.js:776
[  220519ms] [LOG] [Fast Refresh] done in 15ms @ http://localhost:3000/_next/static/chunks/node_modules_next_dist_1e8vcs8._.js:776
[  220569ms] [LOG] [Fast Refresh] done in 15ms @ http://localhost:3000/_next/static/chunks/node_modules_next_dist_1e8vcs8._.js:776
[  220619ms] [LOG] [Fast Refresh] done in 15ms @ http://localhost:3000/_next/static/chunks/node_modules_next_dist_1e8vcs8._.js:776
[  220669ms] [LOG] [Fast Refresh] done in 15ms @ http://localhost:3000/_next/static/chunks/node_modules_next_dist_1e8vcs8._.js:776
[  220719ms] [LOG] [Fast Refresh] done in 15ms @ http://localhost:3000/_next/static/chunks/node_modules_next_dist_1e8vcs8._.js:776
[  220770ms] [LOG] [Fast Refresh] done in 15ms @ http://localhost:3000/_next/static/chunks/node_modules_next_dist_1e8vcs8._.js:776
[  220821ms] [LOG] [Fast Refresh] done in 15ms @ http://localhost:3000/_next/static/chunks/node_modules_next_dist_1e8vcs8._.js:776
[  220870ms] [LOG] [Fast Refresh] done in 15ms @ http://localhost:3000/_next/static/chunks/node_modules_next_dist_1e8vcs8._.js:776
[  220921ms] [LOG] [Fast Refresh] done in 15ms @ http://localhost:3000/_next/static/chunks/node_modules_next_dist_1e8vcs8._.js:776
[  220969ms] [LOG] [Fast Refresh] done in 15ms @ http://localhost:3000/_next/static/chunks/node_modules_next_dist_1e8vcs8._.js:776
[  221020ms] [LOG] [Fast Refresh] done in 15ms @ http://localhost:3000/_next/static/chunks/node_modules_next_dist_1e8vcs8._.js:776
[  221070ms] [LOG] [Fast Refresh] done in 15ms @ http://localhost:3000/_next/static/chunks/node_modules_next_dist_1e8vcs8._.js:776
[  221120ms] [LOG] [Fast Refresh] done in 15ms @ http://localhost:3000/_next/static/chunks/node_modules_next_dist_1e8vcs8._.js:776
[  221169ms] [LOG] [Fast Refresh] done in 15ms @ http://localhost:3000/_next/static/chunks/node_modules_next_dist_1e8vcs8._.js:776
[  221220ms] [LOG] [Fast Refresh] done in 15ms @ http://localhost:3000/_next/static/chunks/node_modules_next_dist_1e8vcs8._.js:776
[  221270ms] [LOG] [Fast Refresh] done in 15ms @ http://localhost:3000/_next/static/chunks/node_modules_next_dist_1e8vcs8._.js:776
[  221321ms] [LOG] [Fast Refresh] done in 15ms @ http://localhost:3000/_next/static/chunks/node_modules_next_dist_1e8vcs8._.js:776
[  221370ms] [LOG] [Fast Refresh] done in 15ms @ http://localhost:3000/_next/static/chunks/node_modules_next_dist_1e8vcs8._.js:776
[  221420ms] [LOG] [Fast Refresh] done in 15ms @ http://localhost:3000/_next/static/chunks/node_modules_next_dist_1e8vcs8._.js:776
[  221470ms] [LOG] [Fast Refresh] done in 15ms @ http://localhost:3000/_next/static/chunks/node_modules_next_dist_1e8vcs8._.js:776
[  221520ms] [LOG] [Fast Refresh] done in 15ms @ http://localhost:3000/_next/static/chunks/node_modules_next_dist_1e8vcs8._.js:776
[  221570ms] [LOG] [Fast Refresh] done in 15ms @ http://localhost:3000/_next/static/chunks/node_modules_next_dist_1e8vcs8._.js:776
[  221619ms] [LOG] [Fast Refresh] done in 15ms @ http://localhost:3000/_next/static/chunks/node_modules_next_dist_1e8vcs8._.js:776
[  221670ms] [LOG] [Fast Refresh] done in 15ms @ http://localhost:3000/_next/static/chunks/node_modules_next_dist_1e8vcs8._.js:776
[  221719ms] [LOG] [Fast Refresh] done in 15ms @ http://localhost:3000/_next/static/chunks/node_modules_next_dist_1e8vcs8._.js:776
[  221769ms] [LOG] [Fast Refresh] done in 15ms @ http://localhost:3000/_next/static/chunks/node_modules_next_dist_1e8vcs8._.js:776
[  221820ms] [LOG] [Fast Refresh] done in 15ms @ http://localhost:3000/_next/static/chunks/node_modules_next_dist_1e8vcs8._.js:776
[  221869ms] [LOG] [Fast Refresh] done in 15ms @ http://localhost:3000/_next/static/chunks/node_modules_next_dist_1e8vcs8._.js:776
[  221920ms] [LOG] [Fast Refresh] done in 15ms @ http://localhost:3000/_next/static/chunks/node_modules_next_dist_1e8vcs8._.js:776
[  221970ms] [LOG] [Fast Refresh] done in 15ms @ http://localhost:3000/_next/static/chunks/node_modules_next_dist_1e8vcs8._.js:776
[  222020ms] [LOG] [Fast Refresh] done in 15ms @ http://localhost:3000/_next/static/chunks/node_modules_next_dist_1e8vcs8._.js:776
[  222069ms] [LOG] [Fast Refresh] done in 15ms @ http://localhost:3000/_next/static/chunks/node_modules_next_dist_1e8vcs8._.js:776
[  222119ms] [LOG] [Fast Refresh] done in 15ms @ http://localhost:3000/_next/static/chunks/node_modules_next_dist_1e8vcs8._.js:776
[  222169ms] [LOG] [Fast Refresh] done in 15ms @ http://localhost:3000/_next/static/chunks/node_modules_next_dist_1e8vcs8._.js:776
[  222220ms] [LOG] [Fast Refresh] done in 15ms @ http://localhost:3000/_next/static/chunks/node_modules_next_dist_1e8vcs8._.js:776
[  222270ms] [LOG] [Fast Refresh] done in 15ms @ http://localhost:3000/_next/static/chunks/node_modules_next_dist_1e8vcs8._.js:776
[  222320ms] [LOG] [Fast Refresh] done in 15ms @ http://localhost:3000/_next/static/chunks/node_modules_next_dist_1e8vcs8._.js:776
[  222369ms] [LOG] [Fast Refresh] done in 15ms @ http://localhost:3000/_next/static/chunks/node_modules_next_dist_1e8vcs8._.js:776
[  222420ms] [LOG] [Fast Refresh] done in 15ms @ http://localhost:3000/_next/static/chunks/node_modules_next_dist_1e8vcs8._.js:776
[  222470ms] [LOG] [Fast Refresh] done in 15ms @ http://localhost:3000/_next/static/chunks/node_modules_next_dist_1e8vcs8._.js:776
[  222520ms] [LOG] [Fast Refresh] done in 15ms @ http://localhost:3000/_next/static/chunks/node_modules_next_dist_1e8vcs8._.js:776
[  222569ms] [LOG] [Fast Refresh] done in 15ms @ http://localhost:3000/_next/static/chunks/node_modules_next_dist_1e8vcs8._.js:776
[  222620ms] [LOG] [Fast Refresh] done in 15ms @ http://localhost:3000/_next/static/chunks/node_modules_next_dist_1e8vcs8._.js:776
[  222686ms] [LOG] [Fast Refresh] done in 15ms @ http://localhost:3000/_next/static/chunks/node_modules_next_dist_1e8vcs8._.js:776
[  222736ms] [LOG] [Fast Refresh] done in 15ms @ http://localhost:3000/_next/static/chunks/node_modules_next_dist_1e8vcs8._.js:776
[  222786ms] [LOG] [Fast Refresh] done in 15ms @ http://localhost:3000/_next/static/chunks/node_modules_next_dist_1e8vcs8._.js:776
[  222837ms] [LOG] [Fast Refresh] done in 15ms @ http://localhost:3000/_next/static/chunks/node_modules_next_dist_1e8vcs8._.js:776
[  222886ms] [LOG] [Fast Refresh] done in 15ms @ http://localhost:3000/_next/static/chunks/node_modules_next_dist_1e8vcs8._.js:776
[  222937ms] [LOG] [Fast Refresh] done in 15ms @ http://localhost:3000/_next/static/chunks/node_modules_next_dist_1e8vcs8._.js:776
[  222987ms] [LOG] [Fast Refresh] done in 15ms @ http://localhost:3000/_next/static/chunks/node_modules_next_dist_1e8vcs8._.js:776
[  223038ms] [LOG] [Fast Refresh] done in 15ms @ http://localhost:3000/_next/static/chunks/node_modules_next_dist_1e8vcs8._.js:776
[  223085ms] [LOG] [Fast Refresh] done in 15ms @ http://localhost:3000/_next/static/chunks/node_modules_next_dist_1e8vcs8._.js:776
[  223136ms] [LOG] [Fast Refresh] done in 15ms @ http://localhost:3000/_next/static/chunks/node_modules_next_dist_1e8vcs8._.js:776
[  223186ms] [LOG] [Fast Refresh] done in 15ms @ http://localhost:3000/_next/static/chunks/node_modules_next_dist_1e8vcs8._.js:776
[  223236ms] [LOG] [Fast Refresh] done in 15ms @ http://localhost:3000/_next/static/chunks/node_modules_next_dist_1e8vcs8._.js:776
[  223286ms] [LOG] [Fast Refresh] done in 15ms @ http://localhost:3000/_next/static/chunks/node_modules_next_dist_1e8vcs8._.js:776
[  223336ms] [LOG] [Fast Refresh] done in 15ms @ http://localhost:3000/_next/static/chunks/node_modules_next_dist_1e8vcs8._.js:776
[  223387ms] [LOG] [Fast Refresh] done in 15ms @ http://localhost:3000/_next/static/chunks/node_modules_next_dist_1e8vcs8._.js:776
[  223437ms] [LOG] [Fast Refresh] done in 15ms @ http://localhost:3000/_next/static/chunks/node_modules_next_dist_1e8vcs8._.js:776
[  223486ms] [LOG] [Fast Refresh] done in 15ms @ http://localhost:3000/_next/static/chunks/node_modules_next_dist_1e8vcs8._.js:776
[  223536ms] [LOG] [Fast Refresh] done in 15ms @ http://localhost:3000/_next/static/chunks/node_modules_next_dist_1e8vcs8._.js:776
[  223586ms] [LOG] [Fast Refresh] done in 15ms @ http://localhost:3000/_next/static/chunks/node_modules_next_dist_1e8vcs8._.js:776
[  223636ms] [LOG] [Fast Refresh] done in 15ms @ http://localhost:3000/_next/static/chunks/node_modules_next_dist_1e8vcs8._.js:776
[  223686ms] [LOG] [Fast Refresh] done in 15ms @ http://localhost:3000/_next/static/chunks/node_modules_next_dist_1e8vcs8._.js:776
[  223736ms] [LOG] [Fast Refresh] done in 15ms @ http://localhost:3000/_next/static/chunks/node_modules_next_dist_1e8vcs8._.js:776
[  223786ms] [LOG] [Fast Refresh] done in 15ms @ http://localhost:3000/_next/static/chunks/node_modules_next_dist_1e8vcs8._.js:776
[  223837ms] [LOG] [Fast Refresh] done in 15ms @ http://localhost:3000/_next/static/chunks/node_modules_next_dist_1e8vcs8._.js:776
[  223886ms] [LOG] [Fast Refresh] done in 15ms @ http://localhost:3000/_next/static/chunks/node_modules_next_dist_1e8vcs8._.js:776
[  223937ms] [LOG] [Fast Refresh] done in 15ms @ http://localhost:3000/_next/static/chunks/node_modules_next_dist_1e8vcs8._.js:776
[  223987ms] [LOG] [Fast Refresh] done in 15ms @ http://localhost:3000/_next/static/chunks/node_modules_next_dist_1e8vcs8._.js:776
[  224036ms] [LOG] [Fast Refresh] done in 15ms @ http://localhost:3000/_next/static/chunks/node_modules_next_dist_1e8vcs8._.js:776
[  224085ms] [LOG] [Fast Refresh] done in 15ms @ http://localhost:3000/_next/static/chunks/node_modules_next_dist_1e8vcs8._.js:776
[  224138ms] [LOG] [Fast Refresh] done in 15ms @ http://localhost:3000/_next/static/chunks/node_modules_next_dist_1e8vcs8._.js:776
[  224187ms] [LOG] [Fast Refresh] done in 15ms @ http://localhost:3000/_next/static/chunks/node_modules_next_dist_1e8vcs8._.js:776
[  224238ms] [LOG] [Fast Refresh] done in 15ms @ http://localhost:3000/_next/static/chunks/node_modules_next_dist_1e8vcs8._.js:776
[  224287ms] [LOG] [Fast Refresh] done in 15ms @ http://localhost:3000/_next/static/chunks/node_modules_next_dist_1e8vcs8._.js:776
[  224336ms] [LOG] [Fast Refresh] done in 15ms @ http://localhost:3000/_next/static/chunks/node_modules_next_dist_1e8vcs8._.js:776
[  224387ms] [LOG] [Fast Refresh] done in 15ms @ http://localhost:3000/_next/static/chunks/node_modules_next_dist_1e8vcs8._.js:776
[  224437ms] [LOG] [Fast Refresh] done in 15ms @ http://localhost:3000/_next/static/chunks/node_modules_next_dist_1e8vcs8._.js:776
[  224490ms] [LOG] [Fast Refresh] done in 15ms @ http://localhost:3000/_next/static/chunks/node_modules_next_dist_1e8vcs8._.js:776
[  224536ms] [LOG] [Fast Refresh] done in 15ms @ http://localhost:3000/_next/static/chunks/node_modules_next_dist_1e8vcs8._.js:776
[  224591ms] [LOG] [Fast Refresh] done in 15ms @ http://localhost:3000/_next/static/chunks/node_modules_next_dist_1e8vcs8._.js:776
[  224636ms] [LOG] [Fast Refresh] done in 15ms @ http://localhost:3000/_next/static/chunks/node_modules_next_dist_1e8vcs8._.js:776
[  224686ms] [LOG] [Fast Refresh] done in 15ms @ http://localhost:3000/_next/static/chunks/node_modules_next_dist_1e8vcs8._.js:776
[  224736ms] [LOG] [Fast Refresh] done in 15ms @ http://localhost:3000/_next/static/chunks/node_modules_next_dist_1e8vcs8._.js:776
[  224786ms] [LOG] [Fast Refresh] done in 15ms @ http://localhost:3000/_next/static/chunks/node_modules_next_dist_1e8vcs8._.js:776
[  224836ms] [LOG] [Fast Refresh] done in 15ms @ http://localhost:3000/_next/static/chunks/node_modules_next_dist_1e8vcs8._.js:776
[  224886ms] [LOG] [Fast Refresh] done in 15ms @ http://localhost:3000/_next/static/chunks/node_modules_next_dist_1e8vcs8._.js:776
[  224936ms] [LOG] [Fast Refresh] done in 15ms @ http://localhost:3000/_next/static/chunks/node_modules_next_dist_1e8vcs8._.js:776
[  224972ms] [LOG] [Fast Refresh] done in 15ms @ http://localhost:3000/_next/static/chunks/node_modules_next_dist_1e8vcs8._.js:776
[  225020ms] [LOG] [Fast Refresh] done in 15ms @ http://localhost:3000/_next/static/chunks/node_modules_next_dist_1e8vcs8._.js:776
[  225070ms] [LOG] [Fast Refresh] done in 15ms @ http://localhost:3000/_next/static/chunks/node_modules_next_dist_1e8vcs8._.js:776
[  225120ms] [LOG] [Fast Refresh] done in 15ms @ http://localhost:3000/_next/static/chunks/node_modules_next_dist_1e8vcs8._.js:776
[  225170ms] [LOG] [Fast Refresh] done in 15ms @ http://localhost:3000/_next/static/chunks/node_modules_next_dist_1e8vcs8._.js:776
[  225220ms] [LOG] [Fast Refresh] done in 15ms @ http://localhost:3000/_next/static/chunks/node_modules_next_dist_1e8vcs8._.js:776
[  225270ms] [LOG] [Fast Refresh] done in 15ms @ http://localhost:3000/_next/static/chunks/node_modules_next_dist_1e8vcs8._.js:776
[  225320ms] [LOG] [Fast Refresh] done in 15ms @ http://localhost:3000/_next/static/chunks/node_modules_next_dist_1e8vcs8._.js:776
[  225369ms] [LOG] [Fast Refresh] done in 15ms @ http://localhost:3000/_next/static/chunks/node_modules_next_dist_1e8vcs8._.js:776
[  225420ms] [LOG] [Fast Refresh] done in 15ms @ http://localhost:3000/_next/static/chunks/node_modules_next_dist_1e8vcs8._.js:776
[  225460ms] [LOG] [Fast Refresh] done in 15ms @ http://localhost:3000/_next/static/chunks/node_modules_next_dist_1e8vcs8._.js:776
[  225499ms] [LOG] [Fast Refresh] done in 15ms @ http://localhost:3000/_next/static/chunks/node_modules_next_dist_1e8vcs8._.js:776
[  225537ms] [LOG] [Fast Refresh] done in 15ms @ http://localhost:3000/_next/static/chunks/node_modules_next_dist_1e8vcs8._.js:776
[  225578ms] [LOG] [Fast Refresh] done in 15ms @ http://localhost:3000/_next/static/chunks/node_modules_next_dist_1e8vcs8._.js:776
[  225620ms] [LOG] [Fast Refresh] done in 15ms @ http://localhost:3000/_next/static/chunks/node_modules_next_dist_1e8vcs8._.js:776
[  225666ms] [LOG] [Fast Refresh] done in 15ms @ http://localhost:3000/_next/static/chunks/node_modules_next_dist_1e8vcs8._.js:776
[  225714ms] [LOG] [Fast Refresh] done in 15ms @ http://localhost:3000/_next/static/chunks/node_modules_next_dist_1e8vcs8._.js:776
[  225754ms] [LOG] [Fast Refresh] done in 15ms @ http://localhost:3000/_next/static/chunks/node_modules_next_dist_1e8vcs8._.js:776
[  225802ms] [LOG] [Fast Refresh] done in 15ms @ http://localhost:3000/_next/static/chunks/node_modules_next_dist_1e8vcs8._.js:776
[  225851ms] [LOG] [Fast Refresh] done in 15ms @ http://localhost:3000/_next/static/chunks/node_modules_next_dist_1e8vcs8._.js:776
[  225904ms] [LOG] [Fast Refresh] done in 15ms @ http://localhost:3000/_next/static/chunks/node_modules_next_dist_1e8vcs8._.js:776
[  225954ms] [LOG] [Fast Refresh] done in 15ms @ http://localhost:3000/_next/static/chunks/node_modules_next_dist_1e8vcs8._.js:776
[  226003ms] [LOG] [Fast Refresh] done in 15ms @ http://localhost:3000/_next/static/chunks/node_modules_next_dist_1e8vcs8._.js:776
[  226053ms] [LOG] [Fast Refresh] done in 15ms @ http://localhost:3000/_next/static/chunks/node_modules_next_dist_1e8vcs8._.js:776
[  226101ms] [LOG] [Fast Refresh] done in 15ms @ http://localhost:3000/_next/static/chunks/node_modules_next_dist_1e8vcs8._.js:776
[  226163ms] [LOG] [Fast Refresh] done in 15ms @ http://localhost:3000/_next/static/chunks/node_modules_next_dist_1e8vcs8._.js:776
[  226222ms] [LOG] [Fast Refresh] done in 15ms @ http://localhost:3000/_next/static/chunks/node_modules_next_dist_1e8vcs8._.js:776
[  226269ms] [LOG] [Fast Refresh] done in 15ms @ http://localhost:3000/_next/static/chunks/node_modules_next_dist_1e8vcs8._.js:776
[  226320ms] [LOG] [Fast Refresh] done in 15ms @ http://localhost:3000/_next/static/chunks/node_modules_next_dist_1e8vcs8._.js:776
[  226383ms] [LOG] [Fast Refresh] done in 15ms @ http://localhost:3000/_next/static/chunks/node_modules_next_dist_1e8vcs8._.js:776
[  226443ms] [LOG] [Fast Refresh] done in 15ms @ http://localhost:3000/_next/static/chunks/node_modules_next_dist_1e8vcs8._.js:776
[  226496ms] [LOG] [Fast Refresh] done in 15ms @ http://localhost:3000/_next/static/chunks/node_modules_next_dist_1e8vcs8._.js:776
[  226547ms] [LOG] [Fast Refresh] done in 15ms @ http://localhost:3000/_next/static/chunks/node_modules_next_dist_1e8vcs8._.js:776
[  226587ms] [LOG] [Fast Refresh] done in 15ms @ http://localhost:3000/_next/static/chunks/node_modules_next_dist_1e8vcs8._.js:776
[  226636ms] [LOG] [Fast Refresh] done in 15ms @ http://localhost:3000/_next/static/chunks/node_modules_next_dist_1e8vcs8._.js:776
[  226693ms] [LOG] [Fast Refresh] done in 15ms @ http://localhost:3000/_next/static/chunks/node_modules_next_dist_1e8vcs8._.js:776
[  226755ms] [LOG] [Fast Refresh] done in 15ms @ http://localhost:3000/_next/static/chunks/node_modules_next_dist_1e8vcs8._.js:776
[  226803ms] [LOG] [Fast Refresh] done in 15ms @ http://localhost:3000/_next/static/chunks/node_modules_next_dist_1e8vcs8._.js:776
[  226852ms] [LOG] [Fast Refresh] done in 15ms @ http://localhost:3000/_next/static/chunks/node_modules_next_dist_1e8vcs8._.js:776
[  226902ms] [LOG] [Fast Refresh] done in 15ms @ http://localhost:3000/_next/static/chunks/node_modules_next_dist_1e8vcs8._.js:776
[  226953ms] [LOG] [Fast Refresh] done in 15ms @ http://localhost:3000/_next/static/chunks/node_modules_next_dist_1e8vcs8._.js:776
[  227014ms] [LOG] [Fast Refresh] done in 15ms @ http://localhost:3000/_next/static/chunks/node_modules_next_dist_1e8vcs8._.js:776
[  227070ms] [LOG] [Fast Refresh] done in 15ms @ http://localhost:3000/_next/static/chunks/node_modules_next_dist_1e8vcs8._.js:776
[  227121ms] [LOG] [Fast Refresh] done in 15ms @ http://localhost:3000/_next/static/chunks/node_modules_next_dist_1e8vcs8._.js:776
[  227171ms] [LOG] [Fast Refresh] done in 15ms @ http://localhost:3000/_next/static/chunks/node_modules_next_dist_1e8vcs8._.js:776
[  227219ms] [LOG] [Fast Refresh] done in 15ms @ http://localhost:3000/_next/static/chunks/node_modules_next_dist_1e8vcs8._.js:776
[  227270ms] [LOG] [Fast Refresh] done in 15ms @ http://localhost:3000/_next/static/chunks/node_modules_next_dist_1e8vcs8._.js:776
[  227320ms] [LOG] [Fast Refresh] done in 15ms @ http://localhost:3000/_next/static/chunks/node_modules_next_dist_1e8vcs8._.js:776
[  227362ms] [LOG] [Fast Refresh] done in 15ms @ http://localhost:3000/_next/static/chunks/node_modules_next_dist_1e8vcs8._.js:776
[  227404ms] [LOG] [Fast Refresh] done in 15ms @ http://localhost:3000/_next/static/chunks/node_modules_next_dist_1e8vcs8._.js:776
[  227451ms] [LOG] [Fast Refresh] done in 15ms @ http://localhost:3000/_next/static/chunks/node_modules_next_dist_1e8vcs8._.js:776
[  227504ms] [LOG] [Fast Refresh] done in 15ms @ http://localhost:3000/_next/static/chunks/node_modules_next_dist_1e8vcs8._.js:776
[  227553ms] [LOG] [Fast Refresh] done in 15ms @ http://localhost:3000/_next/static/chunks/node_modules_next_dist_1e8vcs8._.js:776
[  227604ms] [LOG] [Fast Refresh] done in 15ms @ http://localhost:3000/_next/static/chunks/node_modules_next_dist_1e8vcs8._.js:776
[  227653ms] [LOG] [Fast Refresh] done in 15ms @ http://localhost:3000/_next/static/chunks/node_modules_next_dist_1e8vcs8._.js:776
[  227703ms] [LOG] [Fast Refresh] done in 15ms @ http://localhost:3000/_next/static/chunks/node_modules_next_dist_1e8vcs8._.js:776
[  227754ms] [LOG] [Fast Refresh] done in 15ms @ http://localhost:3000/_next/static/chunks/node_modules_next_dist_1e8vcs8._.js:776
[  227791ms] [LOG] [Fast Refresh] done in 15ms @ http://localhost:3000/_next/static/chunks/node_modules_next_dist_1e8vcs8._.js:776
[  227852ms] [LOG] [Fast Refresh] done in 15ms @ http://localhost:3000/_next/static/chunks/node_modules_next_dist_1e8vcs8._.js:776
[  227916ms] [LOG] [Fast Refresh] done in 15ms @ http://localhost:3000/_next/static/chunks/node_modules_next_dist_1e8vcs8._.js:776
[  227969ms] [LOG] [Fast Refresh] done in 15ms @ http://localhost:3000/_next/static/chunks/node_modules_next_dist_1e8vcs8._.js:776
[  228021ms] [LOG] [Fast Refresh] done in 15ms @ http://localhost:3000/_next/static/chunks/node_modules_next_dist_1e8vcs8._.js:776
[  228074ms] [LOG] [Fast Refresh] done in 15ms @ http://localhost:3000/_next/static/chunks/node_modules_next_dist_1e8vcs8._.js:776
[  228119ms] [LOG] [Fast Refresh] done in 15ms @ http://localhost:3000/_next/static/chunks/node_modules_next_dist_1e8vcs8._.js:776
[  228169ms] [LOG] [Fast Refresh] done in 15ms @ http://localhost:3000/_next/static/chunks/node_modules_next_dist_1e8vcs8._.js:776
[  228215ms] [LOG] [Fast Refresh] done in 15ms @ http://localhost:3000/_next/static/chunks/node_modules_next_dist_1e8vcs8._.js:776
[  228270ms] [LOG] [Fast Refresh] done in 15ms @ http://localhost:3000/_next/static/chunks/node_modules_next_dist_1e8vcs8._.js:776
[  228318ms] [LOG] [Fast Refresh] done in 15ms @ http://localhost:3000/_next/static/chunks/node_modules_next_dist_1e8vcs8._.js:776
[  228355ms] [LOG] [Fast Refresh] done in 15ms @ http://localhost:3000/_next/static/chunks/node_modules_next_dist_1e8vcs8._.js:776
[  228392ms] [LOG] [Fast Refresh] done in 15ms @ http://localhost:3000/_next/static/chunks/node_modules_next_dist_1e8vcs8._.js:776
[  228432ms] [LOG] [Fast Refresh] done in 15ms @ http://localhost:3000/_next/static/chunks/node_modules_next_dist_1e8vcs8._.js:776
[  228471ms] [LOG] [Fast Refresh] done in 15ms @ http://localhost:3000/_next/static/chunks/node_modules_next_dist_1e8vcs8._.js:776
[  228513ms] [LOG] [Fast Refresh] done in 15ms @ http://localhost:3000/_next/static/chunks/node_modules_next_dist_1e8vcs8._.js:776
[  228553ms] [LOG] [Fast Refresh] done in 15ms @ http://localhost:3000/_next/static/chunks/node_modules_next_dist_1e8vcs8._.js:776
[  228592ms] [LOG] [Fast Refresh] done in 15ms @ http://localhost:3000/_next/static/chunks/node_modules_next_dist_1e8vcs8._.js:776
[  228628ms] [LOG] [Fast Refresh] done in 15ms @ http://localhost:3000/_next/static/chunks/node_modules_next_dist_1e8vcs8._.js:776
[  228667ms] [LOG] [Fast Refresh] done in 15ms @ http://localhost:3000/_next/static/chunks/node_modules_next_dist_1e8vcs8._.js:776
[  228706ms] [LOG] [Fast Refresh] done in 15ms @ http://localhost:3000/_next/static/chunks/node_modules_next_dist_1e8vcs8._.js:776
[  228742ms] [LOG] [Fast Refresh] done in 15ms @ http://localhost:3000/_next/static/chunks/node_modules_next_dist_1e8vcs8._.js:776
[  228779ms] [LOG] [Fast Refresh] done in 15ms @ http://localhost:3000/_next/static/chunks/node_modules_next_dist_1e8vcs8._.js:776
[  228815ms] [LOG] [Fast Refresh] done in 15ms @ http://localhost:3000/_next/static/chunks/node_modules_next_dist_1e8vcs8._.js:776
[  228853ms] [LOG] [Fast Refresh] done in 15ms @ http://localhost:3000/_next/static/chunks/node_modules_next_dist_1e8vcs8._.js:776
[  228892ms] [LOG] [Fast Refresh] done in 15ms @ http://localhost:3000/_next/static/chunks/node_modules_next_dist_1e8vcs8._.js:776
[  228938ms] [LOG] [Fast Refresh] done in 15ms @ http://localhost:3000/_next/static/chunks/node_modules_next_dist_1e8vcs8._.js:776
[  228987ms] [LOG] [Fast Refresh] done in 15ms @ http://localhost:3000/_next/static/chunks/node_modules_next_dist_1e8vcs8._.js:776
[  229037ms] [LOG] [Fast Refresh] done in 15ms @ http://localhost:3000/_next/static/chunks/node_modules_next_dist_1e8vcs8._.js:776
[  229087ms] [LOG] [Fast Refresh] done in 15ms @ http://localhost:3000/_next/static/chunks/node_modules_next_dist_1e8vcs8._.js:776
[  229138ms] [LOG] [Fast Refresh] done in 15ms @ http://localhost:3000/_next/static/chunks/node_modules_next_dist_1e8vcs8._.js:776
[  229189ms] [LOG] [Fast Refresh] done in 15ms @ http://localhost:3000/_next/static/chunks/node_modules_next_dist_1e8vcs8._.js:776
[  229252ms] [LOG] [Fast Refresh] done in 15ms @ http://localhost:3000/_next/static/chunks/node_modules_next_dist_1e8vcs8._.js:776
[  229301ms] [LOG] [Fast Refresh] done in 15ms @ http://localhost:3000/_next/static/chunks/node_modules_next_dist_1e8vcs8._.js:776
[  229349ms] [LOG] [Fast Refresh] done in 15ms @ http://localhost:3000/_next/static/chunks/node_modules_next_dist_1e8vcs8._.js:776
[  229396ms] [LOG] [Fast Refresh] done in 15ms @ http://localhost:3000/_next/static/chunks/node_modules_next_dist_1e8vcs8._.js:776
[  229459ms] [LOG] [Fast Refresh] done in 15ms @ http://localhost:3000/_next/static/chunks/node_modules_next_dist_1e8vcs8._.js:776
[  229522ms] [LOG] [Fast Refresh] done in 15ms @ http://localhost:3000/_next/static/chunks/node_modules_next_dist_1e8vcs8._.js:776
[  229571ms] [LOG] [Fast Refresh] done in 15ms @ http://localhost:3000/_next/static/chunks/node_modules_next_dist_1e8vcs8._.js:776
[  229620ms] [LOG] [Fast Refresh] done in 15ms @ http://localhost:3000/_next/static/chunks/node_modules_next_dist_1e8vcs8._.js:776
[  229683ms] [LOG] [Fast Refresh] done in 15ms @ http://localhost:3000/_next/static/chunks/node_modules_next_dist_1e8vcs8._.js:776
[  229736ms] [LOG] [Fast Refresh] done in 15ms @ http://localhost:3000/_next/static/chunks/node_modules_next_dist_1e8vcs8._.js:776
[  229788ms] [LOG] [Fast Refresh] done in 15ms @ http://localhost:3000/_next/static/chunks/node_modules_next_dist_1e8vcs8._.js:776
[  229837ms] [LOG] [Fast Refresh] done in 15ms @ http://localhost:3000/_next/static/chunks/node_modules_next_dist_1e8vcs8._.js:776
[  229886ms] [LOG] [Fast Refresh] done in 15ms @ http://localhost:3000/_next/static/chunks/node_modules_next_dist_1e8vcs8._.js:776
[  229937ms] [LOG] [Fast Refresh] done in 15ms @ http://localhost:3000/_next/static/chunks/node_modules_next_dist_1e8vcs8._.js:776
[  229987ms] [LOG] [Fast Refresh] done in 15ms @ http://localhost:3000/_next/static/chunks/node_modules_next_dist_1e8vcs8._.js:776
[  230037ms] [LOG] [Fast Refresh] done in 15ms @ http://localhost:3000/_next/static/chunks/node_modules_next_dist_1e8vcs8._.js:776
[  230089ms] [LOG] [Fast Refresh] done in 15ms @ http://localhost:3000/_next/static/chunks/node_modules_next_dist_1e8vcs8._.js:776
[  230137ms] [LOG] [Fast Refresh] done in 15ms @ http://localhost:3000/_next/static/chunks/node_modules_next_dist_1e8vcs8._.js:776
[  230188ms] [LOG] [Fast Refresh] done in 15ms @ http://localhost:3000/_next/static/chunks/node_modules_next_dist_1e8vcs8._.js:776
[  230238ms] [LOG] [Fast Refresh] done in 15ms @ http://localhost:3000/_next/static/chunks/node_modules_next_dist_1e8vcs8._.js:776
[  230287ms] [LOG] [Fast Refresh] done in 15ms @ http://localhost:3000/_next/static/chunks/node_modules_next_dist_1e8vcs8._.js:776
[  230338ms] [LOG] [Fast Refresh] done in 15ms @ http://localhost:3000/_next/static/chunks/node_modules_next_dist_1e8vcs8._.js:776
[  230394ms] [LOG] [Fast Refresh] done in 15ms @ http://localhost:3000/_next/static/chunks/node_modules_next_dist_1e8vcs8._.js:776
[  230437ms] [LOG] [Fast Refresh] done in 15ms @ http://localhost:3000/_next/static/chunks/node_modules_next_dist_1e8vcs8._.js:776
[  230488ms] [LOG] [Fast Refresh] done in 15ms @ http://localhost:3000/_next/static/chunks/node_modules_next_dist_1e8vcs8._.js:776
[  230539ms] [LOG] [Fast Refresh] done in 15ms @ http://localhost:3000/_next/static/chunks/node_modules_next_dist_1e8vcs8._.js:776
[  230591ms] [LOG] [Fast Refresh] done in 15ms @ http://localhost:3000/_next/static/chunks/node_modules_next_dist_1e8vcs8._.js:776
[  230640ms] [LOG] [Fast Refresh] done in 15ms @ http://localhost:3000/_next/static/chunks/node_modules_next_dist_1e8vcs8._.js:776
[  230691ms] [LOG] [Fast Refresh] done in 15ms @ http://localhost:3000/_next/static/chunks/node_modules_next_dist_1e8vcs8._.js:776
[  230742ms] [LOG] [Fast Refresh] done in 15ms @ http://localhost:3000/_next/static/chunks/node_modules_next_dist_1e8vcs8._.js:776
[  230793ms] [LOG] [Fast Refresh] done in 15ms @ http://localhost:3000/_next/static/chunks/node_modules_next_dist_1e8vcs8._.js:776
[  230844ms] [LOG] [Fast Refresh] done in 15ms @ http://localhost:3000/_next/static/chunks/node_modules_next_dist_1e8vcs8._.js:776
[  230895ms] [LOG] [Fast Refresh] done in 15ms @ http://localhost:3000/_next/static/chunks/node_modules_next_dist_1e8vcs8._.js:776
[  230946ms] [LOG] [Fast Refresh] done in 15ms @ http://localhost:3000/_next/static/chunks/node_modules_next_dist_1e8vcs8._.js:776
[  230997ms] [LOG] [Fast Refresh] done in 15ms @ http://localhost:3000/_next/static/chunks/node_modules_next_dist_1e8vcs8._.js:776
[  231049ms] [LOG] [Fast Refresh] done in 15ms @ http://localhost:3000/_next/static/chunks/node_modules_next_dist_1e8vcs8._.js:776
[  231104ms] [LOG] [Fast Refresh] done in 15ms @ http://localhost:3000/_next/static/chunks/node_modules_next_dist_1e8vcs8._.js:776
[  231156ms] [LOG] [Fast Refresh] done in 15ms @ http://localhost:3000/_next/static/chunks/node_modules_next_dist_1e8vcs8._.js:776
[  231217ms] [LOG] [Fast Refresh] done in 15ms @ http://localhost:3000/_next/static/chunks/node_modules_next_dist_1e8vcs8._.js:776
[  231270ms] [LOG] [Fast Refresh] done in 15ms @ http://localhost:3000/_next/static/chunks/node_modules_next_dist_1e8vcs8._.js:776
[  231321ms] [LOG] [Fast Refresh] done in 15ms @ http://localhost:3000/_next/static/chunks/node_modules_next_dist_1e8vcs8._.js:776
[  231374ms] [LOG] [Fast Refresh] done in 15ms @ http://localhost:3000/_next/static/chunks/node_modules_next_dist_1e8vcs8._.js:776
[  231428ms] [LOG] [Fast Refresh] done in 15ms @ http://localhost:3000/_next/static/chunks/node_modules_next_dist_1e8vcs8._.js:776
[  231479ms] [LOG] [Fast Refresh] done in 15ms @ http://localhost:3000/_next/static/chunks/node_modules_next_dist_1e8vcs8._.js:776
[  231521ms] [LOG] [Fast Refresh] done in 15ms @ http://localhost:3000/_next/static/chunks/node_modules_next_dist_1e8vcs8._.js:776
[  231581ms] [LOG] [Fast Refresh] done in 15ms @ http://localhost:3000/_next/static/chunks/node_modules_next_dist_1e8vcs8._.js:776
[  231621ms] [LOG] [Fast Refresh] done in 15ms @ http://localhost:3000/_next/static/chunks/node_modules_next_dist_1e8vcs8._.js:776
[  231673ms] [LOG] [Fast Refresh] done in 15ms @ http://localhost:3000/_next/static/chunks/node_modules_next_dist_1e8vcs8._.js:776
[  231721ms] [LOG] [Fast Refresh] done in 15ms @ http://localhost:3000/_next/static/chunks/node_modules_next_dist_1e8vcs8._.js:776
[  231772ms] [LOG] [Fast Refresh] done in 15ms @ http://localhost:3000/_next/static/chunks/node_modules_next_dist_1e8vcs8._.js:776
[  231821ms] [LOG] [Fast Refresh] done in 15ms @ http://localhost:3000/_next/static/chunks/node_modules_next_dist_1e8vcs8._.js:776
[  231873ms] [LOG] [Fast Refresh] done in 15ms @ http://localhost:3000/_next/static/chunks/node_modules_next_dist_1e8vcs8._.js:776
[  231920ms] [LOG] [Fast Refresh] done in 15ms @ http://localhost:3000/_next/static/chunks/node_modules_next_dist_1e8vcs8._.js:776
[  231971ms] [LOG] [Fast Refresh] done in 15ms @ http://localhost:3000/_next/static/chunks/node_modules_next_dist_1e8vcs8._.js:776
[  232021ms] [LOG] [Fast Refresh] done in 15ms @ http://localhost:3000/_next/static/chunks/node_modules_next_dist_1e8vcs8._.js:776
[  232071ms] [LOG] [Fast Refresh] done in 15ms @ http://localhost:3000/_next/static/chunks/node_modules_next_dist_1e8vcs8._.js:776
[  232120ms] [LOG] [Fast Refresh] done in 15ms @ http://localhost:3000/_next/static/chunks/node_modules_next_dist_1e8vcs8._.js:776
[  232170ms] [LOG] [Fast Refresh] done in 15ms @ http://localhost:3000/_next/static/chunks/node_modules_next_dist_1e8vcs8._.js:776
[  232219ms] [LOG] [Fast Refresh] done in 15ms @ http://localhost:3000/_next/static/chunks/node_modules_next_dist_1e8vcs8._.js:776
[  232268ms] [LOG] [Fast Refresh] done in 15ms @ http://localhost:3000/_next/static/chunks/node_modules_next_dist_1e8vcs8._.js:776
[  232315ms] [LOG] [Fast Refresh] done in 15ms @ http://localhost:3000/_next/static/chunks/node_modules_next_dist_1e8vcs8._.js:776
[  232379ms] [LOG] [Fast Refresh] done in 15ms @ http://localhost:3000/_next/static/chunks/node_modules_next_dist_1e8vcs8._.js:776
[  232427ms] [LOG] [Fast Refresh] done in 15ms @ http://localhost:3000/_next/static/chunks/node_modules_next_dist_1e8vcs8._.js:776
[  232490ms] [LOG] [Fast Refresh] done in 15ms @ http://localhost:3000/_next/static/chunks/node_modules_next_dist_1e8vcs8._.js:776
[  232553ms] [LOG] [Fast Refresh] done in 15ms @ http://localhost:3000/_next/static/chunks/node_modules_next_dist_1e8vcs8._.js:776
[  232617ms] [LOG] [Fast Refresh] done in 15ms @ http://localhost:3000/_next/static/chunks/node_modules_next_dist_1e8vcs8._.js:776
[  232664ms] [LOG] [Fast Refresh] done in 15ms @ http://localhost:3000/_next/static/chunks/node_modules_next_dist_1e8vcs8._.js:776
[  232718ms] [LOG] [Fast Refresh] done in 15ms @ http://localhost:3000/_next/static/chunks/node_modules_next_dist_1e8vcs8._.js:776
[  232770ms] [LOG] [Fast Refresh] done in 15ms @ http://localhost:3000/_next/static/chunks/node_modules_next_dist_1e8vcs8._.js:776
[  232820ms] [LOG] [Fast Refresh] done in 15ms @ http://localhost:3000/_next/static/chunks/node_modules_next_dist_1e8vcs8._.js:776
[  232870ms] [LOG] [Fast Refresh] done in 15ms @ http://localhost:3000/_next/static/chunks/node_modules_next_dist_1e8vcs8._.js:776
[  232921ms] [LOG] [Fast Refresh] done in 15ms @ http://localhost:3000/_next/static/chunks/node_modules_next_dist_1e8vcs8._.js:776
[  232960ms] [LOG] [Fast Refresh] done in 15ms @ http://localhost:3000/_next/static/chunks/node_modules_next_dist_1e8vcs8._.js:776
[  233005ms] [LOG] [Fast Refresh] done in 15ms @ http://localhost:3000/_next/static/chunks/node_modules_next_dist_1e8vcs8._.js:776
[  233043ms] [LOG] [Fast Refresh] done in 15ms @ http://localhost:3000/_next/static/chunks/node_modules_next_dist_1e8vcs8._.js:776
[  233090ms] [LOG] [Fast Refresh] done in 15ms @ http://localhost:3000/_next/static/chunks/node_modules_next_dist_1e8vcs8._.js:776
[  233153ms] [LOG] [Fast Refresh] done in 15ms @ http://localhost:3000/_next/static/chunks/node_modules_next_dist_1e8vcs8._.js:776
[  233203ms] [LOG] [Fast Refresh] done in 15ms @ http://localhost:3000/_next/static/chunks/node_modules_next_dist_1e8vcs8._.js:776
[  233250ms] [LOG] [Fast Refresh] done in 15ms @ http://localhost:3000/_next/static/chunks/node_modules_next_dist_1e8vcs8._.js:776
[  233306ms] [LOG] [Fast Refresh] done in 15ms @ http://localhost:3000/_next/static/chunks/node_modules_next_dist_1e8vcs8._.js:776
[  233355ms] [LOG] [Fast Refresh] done in 15ms @ http://localhost:3000/_next/static/chunks/node_modules_next_dist_1e8vcs8._.js:776
[  233405ms] [LOG] [Fast Refresh] done in 15ms @ http://localhost:3000/_next/static/chunks/node_modules_next_dist_1e8vcs8._.js:776
[  233454ms] [LOG] [Fast Refresh] done in 15ms @ http://localhost:3000/_next/static/chunks/node_modules_next_dist_1e8vcs8._.js:776
[  233498ms] [LOG] [Fast Refresh] done in 15ms @ http://localhost:3000/_next/static/chunks/node_modules_next_dist_1e8vcs8._.js:776
[  233538ms] [LOG] [Fast Refresh] done in 15ms @ http://localhost:3000/_next/static/chunks/node_modules_next_dist_1e8vcs8._.js:776
[  233587ms] [LOG] [Fast Refresh] done in 15ms @ http://localhost:3000/_next/static/chunks/node_modules_next_dist_1e8vcs8._.js:776
[  233638ms] [LOG] [Fast Refresh] done in 15ms @ http://localhost:3000/_next/static/chunks/node_modules_next_dist_1e8vcs8._.js:776
[  233679ms] [LOG] [Fast Refresh] done in 15ms @ http://localhost:3000/_next/static/chunks/node_modules_next_dist_1e8vcs8._.js:776
[  233722ms] [LOG] [Fast Refresh] done in 15ms @ http://localhost:3000/_next/static/chunks/node_modules_next_dist_1e8vcs8._.js:776
[  233761ms] [LOG] [Fast Refresh] done in 15ms @ http://localhost:3000/_next/static/chunks/node_modules_next_dist_1e8vcs8._.js:776
[  233806ms] [LOG] [Fast Refresh] done in 15ms @ http://localhost:3000/_next/static/chunks/node_modules_next_dist_1e8vcs8._.js:776
[  233845ms] [LOG] [Fast Refresh] done in 15ms @ http://localhost:3000/_next/static/chunks/node_modules_next_dist_1e8vcs8._.js:776
[  233900ms] [LOG] [Fast Refresh] done in 15ms @ http://localhost:3000/_next/static/chunks/node_modules_next_dist_1e8vcs8._.js:776
[  233953ms] [LOG] [Fast Refresh] done in 15ms @ http://localhost:3000/_next/static/chunks/node_modules_next_dist_1e8vcs8._.js:776
[  234000ms] [LOG] [Fast Refresh] done in 15ms @ http://localhost:3000/_next/static/chunks/node_modules_next_dist_1e8vcs8._.js:776
[  234049ms] [LOG] [Fast Refresh] done in 15ms @ http://localhost:3000/_next/static/chunks/node_modules_next_dist_1e8vcs8._.js:776
[  234100ms] [LOG] [Fast Refresh] done in 15ms @ http://localhost:3000/_next/static/chunks/node_modules_next_dist_1e8vcs8._.js:776
[  234140ms] [LOG] [Fast Refresh] done in 15ms @ http://localhost:3000/_next/static/chunks/node_modules_next_dist_1e8vcs8._.js:776
[  234199ms] [LOG] [Fast Refresh] done in 15ms @ http://localhost:3000/_next/static/chunks/node_modules_next_dist_1e8vcs8._.js:776
[  234244ms] [LOG] [Fast Refresh] done in 15ms @ http://localhost:3000/_next/static/chunks/node_modules_next_dist_1e8vcs8._.js:776
[  234287ms] [LOG] [Fast Refresh] done in 15ms @ http://localhost:3000/_next/static/chunks/node_modules_next_dist_1e8vcs8._.js:776
[  234346ms] [LOG] [Fast Refresh] done in 15ms @ http://localhost:3000/_next/static/chunks/node_modules_next_dist_1e8vcs8._.js:776
[  234387ms] [LOG] [Fast Refresh] done in 15ms @ http://localhost:3000/_next/static/chunks/node_modules_next_dist_1e8vcs8._.js:776
[  234448ms] [LOG] [Fast Refresh] done in 15ms @ http://localhost:3000/_next/static/chunks/node_modules_next_dist_1e8vcs8._.js:776
[  234495ms] [LOG] [Fast Refresh] done in 15ms @ http://localhost:3000/_next/static/chunks/node_modules_next_dist_1e8vcs8._.js:776
[  234539ms] [LOG] [Fast Refresh] done in 15ms @ http://localhost:3000/_next/static/chunks/node_modules_next_dist_1e8vcs8._.js:776
[  234587ms] [LOG] [Fast Refresh] done in 15ms @ http://localhost:3000/_next/static/chunks/node_modules_next_dist_1e8vcs8._.js:776
[  234650ms] [LOG] [Fast Refresh] done in 15ms @ http://localhost:3000/_next/static/chunks/node_modules_next_dist_1e8vcs8._.js:776
[  234712ms] [LOG] [Fast Refresh] done in 15ms @ http://localhost:3000/_next/static/chunks/node_modules_next_dist_1e8vcs8._.js:776
[  234774ms] [LOG] [Fast Refresh] done in 15ms @ http://localhost:3000/_next/static/chunks/node_modules_next_dist_1e8vcs8._.js:776
[  234837ms] [LOG] [Fast Refresh] done in 15ms @ http://localhost:3000/_next/static/chunks/node_modules_next_dist_1e8vcs8._.js:776
[  234899ms] [LOG] [Fast Refresh] done in 15ms @ http://localhost:3000/_next/static/chunks/node_modules_next_dist_1e8vcs8._.js:776
[  234948ms] [LOG] [Fast Refresh] done in 15ms @ http://localhost:3000/_next/static/chunks/node_modules_next_dist_1e8vcs8._.js:776
[  234993ms] [LOG] [Fast Refresh] done in 15ms @ http://localhost:3000/_next/static/chunks/node_modules_next_dist_1e8vcs8._.js:776
[  235040ms] [LOG] [Fast Refresh] done in 15ms @ http://localhost:3000/_next/static/chunks/node_modules_next_dist_1e8vcs8._.js:776
[  235098ms] [LOG] [Fast Refresh] done in 15ms @ http://localhost:3000/_next/static/chunks/node_modules_next_dist_1e8vcs8._.js:776
[  235142ms] [LOG] [Fast Refresh] done in 15ms @ http://localhost:3000/_next/static/chunks/node_modules_next_dist_1e8vcs8._.js:776
[  235189ms] [LOG] [Fast Refresh] done in 15ms @ http://localhost:3000/_next/static/chunks/node_modules_next_dist_1e8vcs8._.js:776
[  235236ms] [LOG] [Fast Refresh] done in 15ms @ http://localhost:3000/_next/static/chunks/node_modules_next_dist_1e8vcs8._.js:776
[  235288ms] [LOG] [Fast Refresh] done in 15ms @ http://localhost:3000/_next/static/chunks/node_modules_next_dist_1e8vcs8._.js:776
[  235338ms] [LOG] [Fast Refresh] done in 15ms @ http://localhost:3000/_next/static/chunks/node_modules_next_dist_1e8vcs8._.js:776
[  235390ms] [LOG] [Fast Refresh] done in 15ms @ http://localhost:3000/_next/static/chunks/node_modules_next_dist_1e8vcs8._.js:776
[  235448ms] [LOG] [Fast Refresh] done in 15ms @ http://localhost:3000/_next/static/chunks/node_modules_next_dist_1e8vcs8._.js:776
[  235499ms] [LOG] [Fast Refresh] done in 15ms @ http://localhost:3000/_next/static/chunks/node_modules_next_dist_1e8vcs8._.js:776
[  235542ms] [LOG] [Fast Refresh] done in 15ms @ http://localhost:3000/_next/static/chunks/node_modules_next_dist_1e8vcs8._.js:776
[  235593ms] [LOG] [Fast Refresh] done in 15ms @ http://localhost:3000/_next/static/chunks/node_modules_next_dist_1e8vcs8._.js:776
[  235644ms] [LOG] [Fast Refresh] done in 15ms @ http://localhost:3000/_next/static/chunks/node_modules_next_dist_1e8vcs8._.js:776
[  235702ms] [LOG] [Fast Refresh] done in 15ms @ http://localhost:3000/_next/static/chunks/node_modules_next_dist_1e8vcs8._.js:776
[  235754ms] [LOG] [Fast Refresh] done in 15ms @ http://localhost:3000/_next/static/chunks/node_modules_next_dist_1e8vcs8._.js:776
[  235805ms] [LOG] [Fast Refresh] done in 15ms @ http://localhost:3000/_next/static/chunks/node_modules_next_dist_1e8vcs8._.js:776
[  235855ms] [LOG] [Fast Refresh] done in 15ms @ http://localhost:3000/_next/static/chunks/node_modules_next_dist_1e8vcs8._.js:776
[  235906ms] [LOG] [Fast Refresh] done in 15ms @ http://localhost:3000/_next/static/chunks/node_modules_next_dist_1e8vcs8._.js:776
[  235955ms] [LOG] [Fast Refresh] done in 15ms @ http://localhost:3000/_next/static/chunks/node_modules_next_dist_1e8vcs8._.js:776
[  236004ms] [LOG] [Fast Refresh] done in 15ms @ http://localhost:3000/_next/static/chunks/node_modules_next_dist_1e8vcs8._.js:776
[  236055ms] [LOG] [Fast Refresh] done in 15ms @ http://localhost:3000/_next/static/chunks/node_modules_next_dist_1e8vcs8._.js:776
[  236103ms] [LOG] [Fast Refresh] done in 15ms @ http://localhost:3000/_next/static/chunks/node_modules_next_dist_1e8vcs8._.js:776
[  236153ms] [LOG] [Fast Refresh] done in 15ms @ http://localhost:3000/_next/static/chunks/node_modules_next_dist_1e8vcs8._.js:776
[  236204ms] [LOG] [Fast Refresh] done in 15ms @ http://localhost:3000/_next/static/chunks/node_modules_next_dist_1e8vcs8._.js:776
[  236254ms] [LOG] [Fast Refresh] done in 15ms @ http://localhost:3000/_next/static/chunks/node_modules_next_dist_1e8vcs8._.js:776
[  236304ms] [LOG] [Fast Refresh] done in 15ms @ http://localhost:3000/_next/static/chunks/node_modules_next_dist_1e8vcs8._.js:776
[  236355ms] [LOG] [Fast Refresh] done in 15ms @ http://localhost:3000/_next/static/chunks/node_modules_next_dist_1e8vcs8._.js:776
[  236390ms] [LOG] [Fast Refresh] done in 15ms @ http://localhost:3000/_next/static/chunks/node_modules_next_dist_1e8vcs8._.js:776
[  236440ms] [LOG] [Fast Refresh] done in 15ms @ http://localhost:3000/_next/static/chunks/node_modules_next_dist_1e8vcs8._.js:776
[  236487ms] [LOG] [Fast Refresh] done in 15ms @ http://localhost:3000/_next/static/chunks/node_modules_next_dist_1e8vcs8._.js:776
[  236537ms] [LOG] [Fast Refresh] done in 15ms @ http://localhost:3000/_next/static/chunks/node_modules_next_dist_1e8vcs8._.js:776
[  236601ms] [LOG] [Fast Refresh] done in 15ms @ http://localhost:3000/_next/static/chunks/node_modules_next_dist_1e8vcs8._.js:776
[  236655ms] [LOG] [Fast Refresh] done in 15ms @ http://localhost:3000/_next/static/chunks/node_modules_next_dist_1e8vcs8._.js:776
[  236706ms] [LOG] [Fast Refresh] done in 15ms @ http://localhost:3000/_next/static/chunks/node_modules_next_dist_1e8vcs8._.js:776
[  236755ms] [LOG] [Fast Refresh] done in 15ms @ http://localhost:3000/_next/static/chunks/node_modules_next_dist_1e8vcs8._.js:776
[  236790ms] [LOG] [Fast Refresh] done in 15ms @ http://localhost:3000/_next/static/chunks/node_modules_next_dist_1e8vcs8._.js:776
[  236837ms] [LOG] [Fast Refresh] done in 15ms @ http://localhost:3000/_next/static/chunks/node_modules_next_dist_1e8vcs8._.js:776
[  236886ms] [LOG] [Fast Refresh] done in 15ms @ http://localhost:3000/_next/static/chunks/node_modules_next_dist_1e8vcs8._.js:776
[  236923ms] [LOG] [Fast Refresh] done in 15ms @ http://localhost:3000/_next/static/chunks/node_modules_next_dist_1e8vcs8._.js:776
[  236971ms] [LOG] [Fast Refresh] done in 15ms @ http://localhost:3000/_next/static/chunks/node_modules_next_dist_1e8vcs8._.js:776
[  237021ms] [LOG] [Fast Refresh] done in 15ms @ http://localhost:3000/_next/static/chunks/node_modules_next_dist_1e8vcs8._.js:776
[  237070ms] [LOG] [Fast Refresh] done in 15ms @ http://localhost:3000/_next/static/chunks/node_modules_next_dist_1e8vcs8._.js:776
[  237123ms] [LOG] [Fast Refresh] done in 15ms @ http://localhost:3000/_next/static/chunks/node_modules_next_dist_1e8vcs8._.js:776
[  237171ms] [LOG] [Fast Refresh] done in 15ms @ http://localhost:3000/_next/static/chunks/node_modules_next_dist_1e8vcs8._.js:776
[  237220ms] [LOG] [Fast Refresh] done in 15ms @ http://localhost:3000/_next/static/chunks/node_modules_next_dist_1e8vcs8._.js:776
[  237271ms] [LOG] [Fast Refresh] done in 15ms @ http://localhost:3000/_next/static/chunks/node_modules_next_dist_1e8vcs8._.js:776
[  237336ms] [LOG] [Fast Refresh] done in 15ms @ http://localhost:3000/_next/static/chunks/node_modules_next_dist_1e8vcs8._.js:776
[  237389ms] [LOG] [Fast Refresh] done in 15ms @ http://localhost:3000/_next/static/chunks/node_modules_next_dist_1e8vcs8._.js:776
[  237438ms] [LOG] [Fast Refresh] done in 15ms @ http://localhost:3000/_next/static/chunks/node_modules_next_dist_1e8vcs8._.js:776
[  237487ms] [LOG] [Fast Refresh] done in 15ms @ http://localhost:3000/_next/static/chunks/node_modules_next_dist_1e8vcs8._.js:776
[  237538ms] [LOG] [Fast Refresh] done in 15ms @ http://localhost:3000/_next/static/chunks/node_modules_next_dist_1e8vcs8._.js:776
[  237587ms] [LOG] [Fast Refresh] done in 15ms @ http://localhost:3000/_next/static/chunks/node_modules_next_dist_1e8vcs8._.js:776
[  237638ms] [LOG] [Fast Refresh] done in 15ms @ http://localhost:3000/_next/static/chunks/node_modules_next_dist_1e8vcs8._.js:776
[  237687ms] [LOG] [Fast Refresh] done in 15ms @ http://localhost:3000/_next/static/chunks/node_modules_next_dist_1e8vcs8._.js:776
[  237737ms] [LOG] [Fast Refresh] done in 15ms @ http://localhost:3000/_next/static/chunks/node_modules_next_dist_1e8vcs8._.js:776
[  237786ms] [LOG] [Fast Refresh] done in 15ms @ http://localhost:3000/_next/static/chunks/node_modules_next_dist_1e8vcs8._.js:776
[  237837ms] [LOG] [Fast Refresh] done in 15ms @ http://localhost:3000/_next/static/chunks/node_modules_next_dist_1e8vcs8._.js:776
[  237901ms] [LOG] [Fast Refresh] done in 15ms @ http://localhost:3000/_next/static/chunks/node_modules_next_dist_1e8vcs8._.js:776
[  237953ms] [LOG] [Fast Refresh] done in 15ms @ http://localhost:3000/_next/static/chunks/node_modules_next_dist_1e8vcs8._.js:776
[  238005ms] [LOG] [Fast Refresh] done in 15ms @ http://localhost:3000/_next/static/chunks/node_modules_next_dist_1e8vcs8._.js:776
[  238054ms] [LOG] [Fast Refresh] done in 15ms @ http://localhost:3000/_next/static/chunks/node_modules_next_dist_1e8vcs8._.js:776
[  238105ms] [LOG] [Fast Refresh] done in 15ms @ http://localhost:3000/_next/static/chunks/node_modules_next_dist_1e8vcs8._.js:776
[  238155ms] [LOG] [Fast Refresh] done in 15ms @ http://localhost:3000/_next/static/chunks/node_modules_next_dist_1e8vcs8._.js:776
[  238205ms] [LOG] [Fast Refresh] done in 15ms @ http://localhost:3000/_next/static/chunks/node_modules_next_dist_1e8vcs8._.js:776
[  238255ms] [LOG] [Fast Refresh] done in 15ms @ http://localhost:3000/_next/static/chunks/node_modules_next_dist_1e8vcs8._.js:776
[  238304ms] [LOG] [Fast Refresh] done in 15ms @ http://localhost:3000/_next/static/chunks/node_modules_next_dist_1e8vcs8._.js:776
[  238352ms] [LOG] [Fast Refresh] done in 15ms @ http://localhost:3000/_next/static/chunks/node_modules_next_dist_1e8vcs8._.js:776
[  238401ms] [LOG] [Fast Refresh] done in 15ms @ http://localhost:3000/_next/static/chunks/node_modules_next_dist_1e8vcs8._.js:776
[  238455ms] [LOG] [Fast Refresh] done in 15ms @ http://localhost:3000/_next/static/chunks/node_modules_next_dist_1e8vcs8._.js:776
[  238505ms] [LOG] [Fast Refresh] done in 15ms @ http://localhost:3000/_next/static/chunks/node_modules_next_dist_1e8vcs8._.js:776
[  238554ms] [LOG] [Fast Refresh] done in 15ms @ http://localhost:3000/_next/static/chunks/node_modules_next_dist_1e8vcs8._.js:776
[  238605ms] [LOG] [Fast Refresh] done in 15ms @ http://localhost:3000/_next/static/chunks/node_modules_next_dist_1e8vcs8._.js:776
[  238655ms] [LOG] [Fast Refresh] done in 15ms @ http://localhost:3000/_next/static/chunks/node_modules_next_dist_1e8vcs8._.js:776
[  238705ms] [LOG] [Fast Refresh] done in 15ms @ http://localhost:3000/_next/static/chunks/node_modules_next_dist_1e8vcs8._.js:776
[  238756ms] [LOG] [Fast Refresh] done in 15ms @ http://localhost:3000/_next/static/chunks/node_modules_next_dist_1e8vcs8._.js:776
[  238820ms] [LOG] [Fast Refresh] done in 15ms @ http://localhost:3000/_next/static/chunks/node_modules_next_dist_1e8vcs8._.js:776
[  238887ms] [LOG] [Fast Refresh] done in 15ms @ http://localhost:3000/_next/static/chunks/node_modules_next_dist_1e8vcs8._.js:776
[  238939ms] [LOG] [Fast Refresh] done in 15ms @ http://localhost:3000/_next/static/chunks/node_modules_next_dist_1e8vcs8._.js:776
[  238987ms] [LOG] [Fast Refresh] done in 15ms @ http://localhost:3000/_next/static/chunks/node_modules_next_dist_1e8vcs8._.js:776
[  239037ms] [LOG] [Fast Refresh] done in 15ms @ http://localhost:3000/_next/static/chunks/node_modules_next_dist_1e8vcs8._.js:776
[  239086ms] [LOG] [Fast Refresh] done in 15ms @ http://localhost:3000/_next/static/chunks/node_modules_next_dist_1e8vcs8._.js:776
[  239136ms] [LOG] [Fast Refresh] done in 15ms @ http://localhost:3000/_next/static/chunks/node_modules_next_dist_1e8vcs8._.js:776
[  239187ms] [LOG] [Fast Refresh] done in 15ms @ http://localhost:3000/_next/static/chunks/node_modules_next_dist_1e8vcs8._.js:776
[  239236ms] [LOG] [Fast Refresh] done in 15ms @ http://localhost:3000/_next/static/chunks/node_modules_next_dist_1e8vcs8._.js:776
[  239287ms] [LOG] [Fast Refresh] done in 15ms @ http://localhost:3000/_next/static/chunks/node_modules_next_dist_1e8vcs8._.js:776
[  239337ms] [LOG] [Fast Refresh] done in 15ms @ http://localhost:3000/_next/static/chunks/node_modules_next_dist_1e8vcs8._.js:776
[  239386ms] [LOG] [Fast Refresh] done in 15ms @ http://localhost:3000/_next/static/chunks/node_modules_next_dist_1e8vcs8._.js:776
[  239436ms] [LOG] [Fast Refresh] done in 15ms @ http://localhost:3000/_next/static/chunks/node_modules_next_dist_1e8vcs8._.js:776
[  239472ms] [LOG] [Fast Refresh] done in 15ms @ http://localhost:3000/_next/static/chunks/node_modules_next_dist_1e8vcs8._.js:776
[  239520ms] [LOG] [Fast Refresh] done in 15ms @ http://localhost:3000/_next/static/chunks/node_modules_next_dist_1e8vcs8._.js:776
[  239569ms] [LOG] [Fast Refresh] done in 15ms @ http://localhost:3000/_next/static/chunks/node_modules_next_dist_1e8vcs8._.js:776
[  239626ms] [LOG] [Fast Refresh] done in 15ms @ http://localhost:3000/_next/static/chunks/node_modules_next_dist_1e8vcs8._.js:776
[  239671ms] [LOG] [Fast Refresh] done in 15ms @ http://localhost:3000/_next/static/chunks/node_modules_next_dist_1e8vcs8._.js:776
[  239720ms] [LOG] [Fast Refresh] done in 15ms @ http://localhost:3000/_next/static/chunks/node_modules_next_dist_1e8vcs8._.js:776
[  239769ms] [LOG] [Fast Refresh] done in 15ms @ http://localhost:3000/_next/static/chunks/node_modules_next_dist_1e8vcs8._.js:776
[  239820ms] [LOG] [Fast Refresh] done in 15ms @ http://localhost:3000/_next/static/chunks/node_modules_next_dist_1e8vcs8._.js:776
[  239871ms] [LOG] [Fast Refresh] done in 15ms @ http://localhost:3000/_next/static/chunks/node_modules_next_dist_1e8vcs8._.js:776
[  239921ms] [LOG] [Fast Refresh] done in 15ms @ http://localhost:3000/_next/static/chunks/node_modules_next_dist_1e8vcs8._.js:776
[  239970ms] [LOG] [Fast Refresh] done in 15ms @ http://localhost:3000/_next/static/chunks/node_modules_next_dist_1e8vcs8._.js:776
[  240034ms] [LOG] [Fast Refresh] done in 15ms @ http://localhost:3000/_next/static/chunks/node_modules_next_dist_1e8vcs8._.js:776
[  240088ms] [LOG] [Fast Refresh] done in 15ms @ http://localhost:3000/_next/static/chunks/node_modules_next_dist_1e8vcs8._.js:776
[  240137ms] [LOG] [Fast Refresh] done in 15ms @ http://localhost:3000/_next/static/chunks/node_modules_next_dist_1e8vcs8._.js:776
[  240186ms] [LOG] [Fast Refresh] done in 15ms @ http://localhost:3000/_next/static/chunks/node_modules_next_dist_1e8vcs8._.js:776
[  240237ms] [LOG] [Fast Refresh] done in 15ms @ http://localhost:3000/_next/static/chunks/node_modules_next_dist_1e8vcs8._.js:776
[  240287ms] [LOG] [Fast Refresh] done in 15ms @ http://localhost:3000/_next/static/chunks/node_modules_next_dist_1e8vcs8._.js:776
[  240338ms] [LOG] [Fast Refresh] done in 15ms @ http://localhost:3000/_next/static/chunks/node_modules_next_dist_1e8vcs8._.js:776
[  240373ms] [LOG] [Fast Refresh] done in 15ms @ http://localhost:3000/_next/static/chunks/node_modules_next_dist_1e8vcs8._.js:776
[  240421ms] [LOG] [Fast Refresh] done in 15ms @ http://localhost:3000/_next/static/chunks/node_modules_next_dist_1e8vcs8._.js:776
[  240470ms] [LOG] [Fast Refresh] done in 15ms @ http://localhost:3000/_next/static/chunks/node_modules_next_dist_1e8vcs8._.js:776
[  240520ms] [LOG] [Fast Refresh] done in 15ms @ http://localhost:3000/_next/static/chunks/node_modules_next_dist_1e8vcs8._.js:776
[  240570ms] [LOG] [Fast Refresh] done in 15ms @ http://localhost:3000/_next/static/chunks/node_modules_next_dist_1e8vcs8._.js:776
[  240637ms] [LOG] [Fast Refresh] done in 15ms @ http://localhost:3000/_next/static/chunks/node_modules_next_dist_1e8vcs8._.js:776
[  240687ms] [LOG] [Fast Refresh] done in 15ms @ http://localhost:3000/_next/static/chunks/node_modules_next_dist_1e8vcs8._.js:776
[  240737ms] [LOG] [Fast Refresh] done in 15ms @ http://localhost:3000/_next/static/chunks/node_modules_next_dist_1e8vcs8._.js:776
[  240788ms] [LOG] [Fast Refresh] done in 15ms @ http://localhost:3000/_next/static/chunks/node_modules_next_dist_1e8vcs8._.js:776
[  240838ms] [LOG] [Fast Refresh] done in 15ms @ http://localhost:3000/_next/static/chunks/node_modules_next_dist_1e8vcs8._.js:776
[  240888ms] [LOG] [Fast Refresh] done in 15ms @ http://localhost:3000/_next/static/chunks/node_modules_next_dist_1e8vcs8._.js:776
[  240938ms] [LOG] [Fast Refresh] done in 15ms @ http://localhost:3000/_next/static/chunks/node_modules_next_dist_1e8vcs8._.js:776
[  240987ms] [LOG] [Fast Refresh] done in 15ms @ http://localhost:3000/_next/static/chunks/node_modules_next_dist_1e8vcs8._.js:776
[  241038ms] [LOG] [Fast Refresh] done in 15ms @ http://localhost:3000/_next/static/chunks/node_modules_next_dist_1e8vcs8._.js:776
[  241087ms] [LOG] [Fast Refresh] done in 15ms @ http://localhost:3000/_next/static/chunks/node_modules_next_dist_1e8vcs8._.js:776
[  241138ms] [LOG] [Fast Refresh] done in 15ms @ http://localhost:3000/_next/static/chunks/node_modules_next_dist_1e8vcs8._.js:776
[  241187ms] [LOG] [Fast Refresh] done in 15ms @ http://localhost:3000/_next/static/chunks/node_modules_next_dist_1e8vcs8._.js:776
[  241239ms] [LOG] [Fast Refresh] done in 15ms @ http://localhost:3000/_next/static/chunks/node_modules_next_dist_1e8vcs8._.js:776
[  241287ms] [LOG] [Fast Refresh] done in 15ms @ http://localhost:3000/_next/static/chunks/node_modules_next_dist_1e8vcs8._.js:776
[  241337ms] [LOG] [Fast Refresh] done in 15ms @ http://localhost:3000/_next/static/chunks/node_modules_next_dist_1e8vcs8._.js:776
[  241388ms] [LOG] [Fast Refresh] done in 15ms @ http://localhost:3000/_next/static/chunks/node_modules_next_dist_1e8vcs8._.js:776
[  241438ms] [LOG] [Fast Refresh] done in 15ms @ http://localhost:3000/_next/static/chunks/node_modules_next_dist_1e8vcs8._.js:776
[  241494ms] [LOG] [Fast Refresh] done in 15ms @ http://localhost:3000/_next/static/chunks/node_modules_next_dist_1e8vcs8._.js:776
[  241555ms] [LOG] [Fast Refresh] done in 15ms @ http://localhost:3000/_next/static/chunks/node_modules_next_dist_1e8vcs8._.js:776
[  241605ms] [LOG] [Fast Refresh] done in 15ms @ http://localhost:3000/_next/static/chunks/node_modules_next_dist_1e8vcs8._.js:776
[  241655ms] [LOG] [Fast Refresh] done in 15ms @ http://localhost:3000/_next/static/chunks/node_modules_next_dist_1e8vcs8._.js:776
[  241705ms] [LOG] [Fast Refresh] done in 15ms @ http://localhost:3000/_next/static/chunks/node_modules_next_dist_1e8vcs8._.js:776
[  241753ms] [LOG] [Fast Refresh] done in 15ms @ http://localhost:3000/_next/static/chunks/node_modules_next_dist_1e8vcs8._.js:776
[  241805ms] [LOG] [Fast Refresh] done in 15ms @ http://localhost:3000/_next/static/chunks/node_modules_next_dist_1e8vcs8._.js:776
[  241854ms] [LOG] [Fast Refresh] done in 15ms @ http://localhost:3000/_next/static/chunks/node_modules_next_dist_1e8vcs8._.js:776
[  241921ms] [LOG] [Fast Refresh] done in 15ms @ http://localhost:3000/_next/static/chunks/node_modules_next_dist_1e8vcs8._.js:776
[  241971ms] [LOG] [Fast Refresh] done in 15ms @ http://localhost:3000/_next/static/chunks/node_modules_next_dist_1e8vcs8._.js:776
[  242020ms] [LOG] [Fast Refresh] done in 15ms @ http://localhost:3000/_next/static/chunks/node_modules_next_dist_1e8vcs8._.js:776
[  242068ms] [LOG] [Fast Refresh] done in 15ms @ http://localhost:3000/_next/static/chunks/node_modules_next_dist_1e8vcs8._.js:776
[  242119ms] [LOG] [Fast Refresh] done in 15ms @ http://localhost:3000/_next/static/chunks/node_modules_next_dist_1e8vcs8._.js:776
[  242170ms] [LOG] [Fast Refresh] done in 15ms @ http://localhost:3000/_next/static/chunks/node_modules_next_dist_1e8vcs8._.js:776
[  242219ms] [LOG] [Fast Refresh] done in 15ms @ http://localhost:3000/_next/static/chunks/node_modules_next_dist_1e8vcs8._.js:776
[  242257ms] [LOG] [Fast Refresh] done in 15ms @ http://localhost:3000/_next/static/chunks/node_modules_next_dist_1e8vcs8._.js:776
[  242302ms] [LOG] [Fast Refresh] done in 15ms @ http://localhost:3000/_next/static/chunks/node_modules_next_dist_1e8vcs8._.js:776
[  242353ms] [LOG] [Fast Refresh] done in 15ms @ http://localhost:3000/_next/static/chunks/node_modules_next_dist_1e8vcs8._.js:776
[  242402ms] [LOG] [Fast Refresh] done in 15ms @ http://localhost:3000/_next/static/chunks/node_modules_next_dist_1e8vcs8._.js:776
[  242454ms] [LOG] [Fast Refresh] done in 15ms @ http://localhost:3000/_next/static/chunks/node_modules_next_dist_1e8vcs8._.js:776
[  242502ms] [LOG] [Fast Refresh] done in 15ms @ http://localhost:3000/_next/static/chunks/node_modules_next_dist_1e8vcs8._.js:776
[  242553ms] [LOG] [Fast Refresh] done in 15ms @ http://localhost:3000/_next/static/chunks/node_modules_next_dist_1e8vcs8._.js:776
[  242609ms] [LOG] [Fast Refresh] done in 15ms @ http://localhost:3000/_next/static/chunks/node_modules_next_dist_1e8vcs8._.js:776
[  242669ms] [LOG] [Fast Refresh] done in 15ms @ http://localhost:3000/_next/static/chunks/node_modules_next_dist_1e8vcs8._.js:776
[  242722ms] [LOG] [Fast Refresh] done in 15ms @ http://localhost:3000/_next/static/chunks/node_modules_next_dist_1e8vcs8._.js:776
[  242772ms] [LOG] [Fast Refresh] done in 15ms @ http://localhost:3000/_next/static/chunks/node_modules_next_dist_1e8vcs8._.js:776
[  242819ms] [LOG] [Fast Refresh] done in 15ms @ http://localhost:3000/_next/static/chunks/node_modules_next_dist_1e8vcs8._.js:776
[  242871ms] [LOG] [Fast Refresh] done in 15ms @ http://localhost:3000/_next/static/chunks/node_modules_next_dist_1e8vcs8._.js:776
[  242923ms] [LOG] [Fast Refresh] done in 15ms @ http://localhost:3000/_next/static/chunks/node_modules_next_dist_1e8vcs8._.js:776
[  242986ms] [LOG] [Fast Refresh] done in 15ms @ http://localhost:3000/_next/static/chunks/node_modules_next_dist_1e8vcs8._.js:776
[  243038ms] [LOG] [Fast Refresh] done in 15ms @ http://localhost:3000/_next/static/chunks/node_modules_next_dist_1e8vcs8._.js:776
[  243087ms] [LOG] [Fast Refresh] done in 15ms @ http://localhost:3000/_next/static/chunks/node_modules_next_dist_1e8vcs8._.js:776
[  243138ms] [LOG] [Fast Refresh] done in 15ms @ http://localhost:3000/_next/static/chunks/node_modules_next_dist_1e8vcs8._.js:776
[  243187ms] [LOG] [Fast Refresh] done in 15ms @ http://localhost:3000/_next/static/chunks/node_modules_next_dist_1e8vcs8._.js:776
[  243238ms] [LOG] [Fast Refresh] done in 15ms @ http://localhost:3000/_next/static/chunks/node_modules_next_dist_1e8vcs8._.js:776
[  243286ms] [LOG] [Fast Refresh] done in 15ms @ http://localhost:3000/_next/static/chunks/node_modules_next_dist_1e8vcs8._.js:776
[  243338ms] [LOG] [Fast Refresh] done in 15ms @ http://localhost:3000/_next/static/chunks/node_modules_next_dist_1e8vcs8._.js:776
[  243399ms] [LOG] [Fast Refresh] done in 15ms @ http://localhost:3000/_next/static/chunks/node_modules_next_dist_1e8vcs8._.js:776
[  243437ms] [LOG] [Fast Refresh] done in 15ms @ http://localhost:3000/_next/static/chunks/node_modules_next_dist_1e8vcs8._.js:776
[  243486ms] [LOG] [Fast Refresh] done in 15ms @ http://localhost:3000/_next/static/chunks/node_modules_next_dist_1e8vcs8._.js:776
[  243539ms] [LOG] [Fast Refresh] done in 15ms @ http://localhost:3000/_next/static/chunks/node_modules_next_dist_1e8vcs8._.js:776
[  243603ms] [LOG] [Fast Refresh] done in 15ms @ http://localhost:3000/_next/static/chunks/node_modules_next_dist_1e8vcs8._.js:776
[  243655ms] [LOG] [Fast Refresh] done in 15ms @ http://localhost:3000/_next/static/chunks/node_modules_next_dist_1e8vcs8._.js:776
[  243706ms] [LOG] [Fast Refresh] done in 15ms @ http://localhost:3000/_next/static/chunks/node_modules_next_dist_1e8vcs8._.js:776
[  243754ms] [LOG] [Fast Refresh] done in 15ms @ http://localhost:3000/_next/static/chunks/node_modules_next_dist_1e8vcs8._.js:776
[  243808ms] [LOG] [Fast Refresh] done in 15ms @ http://localhost:3000/_next/static/chunks/node_modules_next_dist_1e8vcs8._.js:776
[  243871ms] [LOG] [Fast Refresh] done in 15ms @ http://localhost:3000/_next/static/chunks/node_modules_next_dist_1e8vcs8._.js:776
[  243920ms] [LOG] [Fast Refresh] done in 15ms @ http://localhost:3000/_next/static/chunks/node_modules_next_dist_1e8vcs8._.js:776
[  243970ms] [LOG] [Fast Refresh] done in 15ms @ http://localhost:3000/_next/static/chunks/node_modules_next_dist_1e8vcs8._.js:776
[  244019ms] [LOG] [Fast Refresh] done in 15ms @ http://localhost:3000/_next/static/chunks/node_modules_next_dist_1e8vcs8._.js:776
[  244081ms] [LOG] [Fast Refresh] done in 15ms @ http://localhost:3000/_next/static/chunks/node_modules_next_dist_1e8vcs8._.js:776
[  244123ms] [LOG] [Fast Refresh] done in 15ms @ http://localhost:3000/_next/static/chunks/node_modules_next_dist_1e8vcs8._.js:776
[  244176ms] [LOG] [Fast Refresh] done in 15ms @ http://localhost:3000/_next/static/chunks/node_modules_next_dist_1e8vcs8._.js:776
[  244238ms] [LOG] [Fast Refresh] done in 15ms @ http://localhost:3000/_next/static/chunks/node_modules_next_dist_1e8vcs8._.js:776
[  244289ms] [LOG] [Fast Refresh] done in 15ms @ http://localhost:3000/_next/static/chunks/node_modules_next_dist_1e8vcs8._.js:776
[  244353ms] [LOG] [Fast Refresh] done in 15ms @ http://localhost:3000/_next/static/chunks/node_modules_next_dist_1e8vcs8._.js:776
[  244417ms] [LOG] [Fast Refresh] done in 15ms @ http://localhost:3000/_next/static/chunks/node_modules_next_dist_1e8vcs8._.js:776
[  244480ms] [LOG] [Fast Refresh] done in 15ms @ http://localhost:3000/_next/static/chunks/node_modules_next_dist_1e8vcs8._.js:776
[  244544ms] [LOG] [Fast Refresh] done in 15ms @ http://localhost:3000/_next/static/chunks/node_modules_next_dist_1e8vcs8._.js:776
[  244607ms] [LOG] [Fast Refresh] done in 15ms @ http://localhost:3000/_next/static/chunks/node_modules_next_dist_1e8vcs8._.js:776
[  244654ms] [LOG] [Fast Refresh] done in 15ms @ http://localhost:3000/_next/static/chunks/node_modules_next_dist_1e8vcs8._.js:776
[  244718ms] [LOG] [Fast Refresh] done in 15ms @ http://localhost:3000/_next/static/chunks/node_modules_next_dist_1e8vcs8._.js:776
[  244781ms] [LOG] [Fast Refresh] done in 15ms @ http://localhost:3000/_next/static/chunks/node_modules_next_dist_1e8vcs8._.js:776
[  244829ms] [LOG] [Fast Refresh] done in 15ms @ http://localhost:3000/_next/static/chunks/node_modules_next_dist_1e8vcs8._.js:776
[  244891ms] [LOG] [Fast Refresh] done in 15ms @ http://localhost:3000/_next/static/chunks/node_modules_next_dist_1e8vcs8._.js:776
[  244940ms] [LOG] [Fast Refresh] done in 15ms @ http://localhost:3000/_next/static/chunks/node_modules_next_dist_1e8vcs8._.js:776
[  244987ms] [LOG] [Fast Refresh] done in 15ms @ http://localhost:3000/_next/static/chunks/node_modules_next_dist_1e8vcs8._.js:776
[  245050ms] [LOG] [Fast Refresh] done in 15ms @ http://localhost:3000/_next/static/chunks/node_modules_next_dist_1e8vcs8._.js:776
[  245098ms] [LOG] [Fast Refresh] done in 15ms @ http://localhost:3000/_next/static/chunks/node_modules_next_dist_1e8vcs8._.js:776
[  245162ms] [LOG] [Fast Refresh] done in 15ms @ http://localhost:3000/_next/static/chunks/node_modules_next_dist_1e8vcs8._.js:776
[  245224ms] [LOG] [Fast Refresh] done in 15ms @ http://localhost:3000/_next/static/chunks/node_modules_next_dist_1e8vcs8._.js:776
[  245289ms] [LOG] [Fast Refresh] done in 15ms @ http://localhost:3000/_next/static/chunks/node_modules_next_dist_1e8vcs8._.js:776
[  245336ms] [LOG] [Fast Refresh] done in 15ms @ http://localhost:3000/_next/static/chunks/node_modules_next_dist_1e8vcs8._.js:776
[  245400ms] [LOG] [Fast Refresh] done in 15ms @ http://localhost:3000/_next/static/chunks/node_modules_next_dist_1e8vcs8._.js:776
[  245452ms] [LOG] [Fast Refresh] done in 15ms @ http://localhost:3000/_next/static/chunks/node_modules_next_dist_1e8vcs8._.js:776
[  245515ms] [LOG] [Fast Refresh] done in 15ms @ http://localhost:3000/_next/static/chunks/node_modules_next_dist_1e8vcs8._.js:776
[  245562ms] [LOG] [Fast Refresh] done in 15ms @ http://localhost:3000/_next/static/chunks/node_modules_next_dist_1e8vcs8._.js:776
[  245626ms] [LOG] [Fast Refresh] done in 15ms @ http://localhost:3000/_next/static/chunks/node_modules_next_dist_1e8vcs8._.js:776
[  245674ms] [LOG] [Fast Refresh] done in 15ms @ http://localhost:3000/_next/static/chunks/node_modules_next_dist_1e8vcs8._.js:776
[  245736ms] [LOG] [Fast Refresh] done in 15ms @ http://localhost:3000/_next/static/chunks/node_modules_next_dist_1e8vcs8._.js:776
[  245793ms] [LOG] [Fast Refresh] done in 15ms @ http://localhost:3000/_next/static/chunks/node_modules_next_dist_1e8vcs8._.js:776
[  245857ms] [LOG] [Fast Refresh] done in 15ms @ http://localhost:3000/_next/static/chunks/node_modules_next_dist_1e8vcs8._.js:776
[  245918ms] [LOG] [Fast Refresh] done in 15ms @ http://localhost:3000/_next/static/chunks/node_modules_next_dist_1e8vcs8._.js:776
[  245966ms] [LOG] [Fast Refresh] done in 15ms @ http://localhost:3000/_next/static/chunks/node_modules_next_dist_1e8vcs8._.js:776
[  246015ms] [LOG] [Fast Refresh] done in 15ms @ http://localhost:3000/_next/static/chunks/node_modules_next_dist_1e8vcs8._.js:776
[  246071ms] [LOG] [Fast Refresh] done in 15ms @ http://localhost:3000/_next/static/chunks/node_modules_next_dist_1e8vcs8._.js:776
[  246112ms] [LOG] [Fast Refresh] done in 15ms @ http://localhost:3000/_next/static/chunks/node_modules_next_dist_1e8vcs8._.js:776
[  246170ms] [LOG] [Fast Refresh] done in 15ms @ http://localhost:3000/_next/static/chunks/node_modules_next_dist_1e8vcs8._.js:776
[  246221ms] [LOG] [Fast Refresh] done in 15ms @ http://localhost:3000/_next/static/chunks/node_modules_next_dist_1e8vcs8._.js:776
[  246272ms] [LOG] [Fast Refresh] done in 15ms @ http://localhost:3000/_next/static/chunks/node_modules_next_dist_1e8vcs8._.js:776
[  246321ms] [LOG] [Fast Refresh] done in 15ms @ http://localhost:3000/_next/static/chunks/node_modules_next_dist_1e8vcs8._.js:776
[  246370ms] [LOG] [Fast Refresh] done in 15ms @ http://localhost:3000/_next/static/chunks/node_modules_next_dist_1e8vcs8._.js:776
[  246422ms] [LOG] [Fast Refresh] done in 15ms @ http://localhost:3000/_next/static/chunks/node_modules_next_dist_1e8vcs8._.js:776
[  246470ms] [LOG] [Fast Refresh] done in 15ms @ http://localhost:3000/_next/static/chunks/node_modules_next_dist_1e8vcs8._.js:776
[  246521ms] [LOG] [Fast Refresh] done in 15ms @ http://localhost:3000/_next/static/chunks/node_modules_next_dist_1e8vcs8._.js:776
[  246558ms] [LOG] [Fast Refresh] done in 15ms @ http://localhost:3000/_next/static/chunks/node_modules_next_dist_1e8vcs8._.js:776
[  246605ms] [LOG] [Fast Refresh] done in 15ms @ http://localhost:3000/_next/static/chunks/node_modules_next_dist_1e8vcs8._.js:776
[  246656ms] [LOG] [Fast Refresh] done in 15ms @ http://localhost:3000/_next/static/chunks/node_modules_next_dist_1e8vcs8._.js:776
[  246706ms] [LOG] [Fast Refresh] done in 15ms @ http://localhost:3000/_next/static/chunks/node_modules_next_dist_1e8vcs8._.js:776
[  246765ms] [LOG] [Fast Refresh] done in 15ms @ http://localhost:3000/_next/static/chunks/node_modules_next_dist_1e8vcs8._.js:776
[  246816ms] [LOG] [Fast Refresh] done in 15ms @ http://localhost:3000/_next/static/chunks/node_modules_next_dist_1e8vcs8._.js:776
[  246865ms] [LOG] [Fast Refresh] done in 15ms @ http://localhost:3000/_next/static/chunks/node_modules_next_dist_1e8vcs8._.js:776
[  246906ms] [LOG] [Fast Refresh] done in 15ms @ http://localhost:3000/_next/static/chunks/node_modules_next_dist_1e8vcs8._.js:776
[  246949ms] [LOG] [Fast Refresh] done in 15ms @ http://localhost:3000/_next/static/chunks/node_modules_next_dist_1e8vcs8._.js:776
[  246998ms] [LOG] [Fast Refresh] done in 15ms @ http://localhost:3000/_next/static/chunks/node_modules_next_dist_1e8vcs8._.js:776
[  247048ms] [LOG] [Fast Refresh] done in 15ms @ http://localhost:3000/_next/static/chunks/node_modules_next_dist_1e8vcs8._.js:776
[  247089ms] [LOG] [Fast Refresh] done in 15ms @ http://localhost:3000/_next/static/chunks/node_modules_next_dist_1e8vcs8._.js:776
[  247138ms] [LOG] [Fast Refresh] done in 15ms @ http://localhost:3000/_next/static/chunks/node_modules_next_dist_1e8vcs8._.js:776
[  247188ms] [LOG] [Fast Refresh] done in 15ms @ http://localhost:3000/_next/static/chunks/node_modules_next_dist_1e8vcs8._.js:776
[  247233ms] [LOG] [Fast Refresh] done in 15ms @ http://localhost:3000/_next/static/chunks/node_modules_next_dist_1e8vcs8._.js:776
[  247273ms] [LOG] [Fast Refresh] done in 15ms @ http://localhost:3000/_next/static/chunks/node_modules_next_dist_1e8vcs8._.js:776
[  247316ms] [LOG] [Fast Refresh] done in 15ms @ http://localhost:3000/_next/static/chunks/node_modules_next_dist_1e8vcs8._.js:776
[  247359ms] [LOG] [Fast Refresh] done in 15ms @ http://localhost:3000/_next/static/chunks/node_modules_next_dist_1e8vcs8._.js:776
[  247398ms] [LOG] [Fast Refresh] done in 15ms @ http://localhost:3000/_next/static/chunks/node_modules_next_dist_1e8vcs8._.js:776
[  247447ms] [LOG] [Fast Refresh] done in 15ms @ http://localhost:3000/_next/static/chunks/node_modules_next_dist_1e8vcs8._.js:776
[  247493ms] [LOG] [Fast Refresh] done in 15ms @ http://localhost:3000/_next/static/chunks/node_modules_next_dist_1e8vcs8._.js:776
[  247534ms] [LOG] [Fast Refresh] done in 15ms @ http://localhost:3000/_next/static/chunks/node_modules_next_dist_1e8vcs8._.js:776
[  247575ms] [LOG] [Fast Refresh] done in 15ms @ http://localhost:3000/_next/static/chunks/node_modules_next_dist_1e8vcs8._.js:776
[  247618ms] [LOG] [Fast Refresh] done in 15ms @ http://localhost:3000/_next/static/chunks/node_modules_next_dist_1e8vcs8._.js:776
[  247657ms] [LOG] [Fast Refresh] done in 15ms @ http://localhost:3000/_next/static/chunks/node_modules_next_dist_1e8vcs8._.js:776
[  247701ms] [LOG] [Fast Refresh] done in 15ms @ http://localhost:3000/_next/static/chunks/node_modules_next_dist_1e8vcs8._.js:776
[  247750ms] [LOG] [Fast Refresh] done in 15ms @ http://localhost:3000/_next/static/chunks/node_modules_next_dist_1e8vcs8._.js:776
[  247798ms] [LOG] [Fast Refresh] done in 15ms @ http://localhost:3000/_next/static/chunks/node_modules_next_dist_1e8vcs8._.js:776
[  247840ms] [LOG] [Fast Refresh] done in 15ms @ http://localhost:3000/_next/static/chunks/node_modules_next_dist_1e8vcs8._.js:776
[  247885ms] [LOG] [Fast Refresh] done in 15ms @ http://localhost:3000/_next/static/chunks/node_modules_next_dist_1e8vcs8._.js:776
[  247923ms] [LOG] [Fast Refresh] done in 15ms @ http://localhost:3000/_next/static/chunks/node_modules_next_dist_1e8vcs8._.js:776
[  247970ms] [LOG] [Fast Refresh] done in 15ms @ http://localhost:3000/_next/static/chunks/node_modules_next_dist_1e8vcs8._.js:776
[  248018ms] [LOG] [Fast Refresh] done in 15ms @ http://localhost:3000/_next/static/chunks/node_modules_next_dist_1e8vcs8._.js:776
[  248068ms] [LOG] [Fast Refresh] done in 15ms @ http://localhost:3000/_next/static/chunks/node_modules_next_dist_1e8vcs8._.js:776
[  248111ms] [LOG] [Fast Refresh] done in 15ms @ http://localhost:3000/_next/static/chunks/node_modules_next_dist_1e8vcs8._.js:776
[  248152ms] [LOG] [Fast Refresh] done in 15ms @ http://localhost:3000/_next/static/chunks/node_modules_next_dist_1e8vcs8._.js:776
[  248201ms] [LOG] [Fast Refresh] done in 15ms @ http://localhost:3000/_next/static/chunks/node_modules_next_dist_1e8vcs8._.js:776
[  248240ms] [LOG] [Fast Refresh] done in 15ms @ http://localhost:3000/_next/static/chunks/node_modules_next_dist_1e8vcs8._.js:776
[  248283ms] [LOG] [Fast Refresh] done in 15ms @ http://localhost:3000/_next/static/chunks/node_modules_next_dist_1e8vcs8._.js:776
[  248335ms] [LOG] [Fast Refresh] done in 15ms @ http://localhost:3000/_next/static/chunks/node_modules_next_dist_1e8vcs8._.js:776
[  248386ms] [LOG] [Fast Refresh] done in 15ms @ http://localhost:3000/_next/static/chunks/node_modules_next_dist_1e8vcs8._.js:776
[  248443ms] [LOG] [Fast Refresh] done in 15ms @ http://localhost:3000/_next/static/chunks/node_modules_next_dist_1e8vcs8._.js:776
[  248494ms] [LOG] [Fast Refresh] done in 15ms @ http://localhost:3000/_next/static/chunks/node_modules_next_dist_1e8vcs8._.js:776
[  248545ms] [LOG] [Fast Refresh] done in 15ms @ http://localhost:3000/_next/static/chunks/node_modules_next_dist_1e8vcs8._.js:776
[  248595ms] [LOG] [Fast Refresh] done in 15ms @ http://localhost:3000/_next/static/chunks/node_modules_next_dist_1e8vcs8._.js:776
[  248645ms] [LOG] [Fast Refresh] done in 15ms @ http://localhost:3000/_next/static/chunks/node_modules_next_dist_1e8vcs8._.js:776
[  248697ms] [LOG] [Fast Refresh] done in 15ms @ http://localhost:3000/_next/static/chunks/node_modules_next_dist_1e8vcs8._.js:776
[  248748ms] [LOG] [Fast Refresh] done in 15ms @ http://localhost:3000/_next/static/chunks/node_modules_next_dist_1e8vcs8._.js:776
[  248798ms] [LOG] [Fast Refresh] done in 15ms @ http://localhost:3000/_next/static/chunks/node_modules_next_dist_1e8vcs8._.js:776
[  248849ms] [LOG] [Fast Refresh] done in 15ms @ http://localhost:3000/_next/static/chunks/node_modules_next_dist_1e8vcs8._.js:776
[  248901ms] [LOG] [Fast Refresh] done in 15ms @ http://localhost:3000/_next/static/chunks/node_modules_next_dist_1e8vcs8._.js:776
[  248952ms] [LOG] [Fast Refresh] done in 15ms @ http://localhost:3000/_next/static/chunks/node_modules_next_dist_1e8vcs8._.js:776
[  249004ms] [LOG] [Fast Refresh] done in 15ms @ http://localhost:3000/_next/static/chunks/node_modules_next_dist_1e8vcs8._.js:776
[  249060ms] [LOG] [Fast Refresh] done in 15ms @ http://localhost:3000/_next/static/chunks/node_modules_next_dist_1e8vcs8._.js:776
[  249119ms] [LOG] [Fast Refresh] done in 15ms @ http://localhost:3000/_next/static/chunks/node_modules_next_dist_1e8vcs8._.js:776
[  249164ms] [LOG] [Fast Refresh] done in 15ms @ http://localhost:3000/_next/static/chunks/node_modules_next_dist_1e8vcs8._.js:776
[  249215ms] [LOG] [Fast Refresh] done in 15ms @ http://localhost:3000/_next/static/chunks/node_modules_next_dist_1e8vcs8._.js:776
[  249255ms] [LOG] [Fast Refresh] done in 15ms @ http://localhost:3000/_next/static/chunks/node_modules_next_dist_1e8vcs8._.js:776
[  249303ms] [LOG] [Fast Refresh] done in 15ms @ http://localhost:3000/_next/static/chunks/node_modules_next_dist_1e8vcs8._.js:776
[  249350ms] [LOG] [Fast Refresh] done in 15ms @ http://localhost:3000/_next/static/chunks/node_modules_next_dist_1e8vcs8._.js:776
[  249390ms] [LOG] [Fast Refresh] done in 15ms @ http://localhost:3000/_next/static/chunks/node_modules_next_dist_1e8vcs8._.js:776
[  249433ms] [LOG] [Fast Refresh] done in 15ms @ http://localhost:3000/_next/static/chunks/node_modules_next_dist_1e8vcs8._.js:776
[  249483ms] [LOG] [Fast Refresh] done in 15ms @ http://localhost:3000/_next/static/chunks/node_modules_next_dist_1e8vcs8._.js:776
[  249522ms] [LOG] [Fast Refresh] done in 15ms @ http://localhost:3000/_next/static/chunks/node_modules_next_dist_1e8vcs8._.js:776
[  249570ms] [LOG] [Fast Refresh] done in 15ms @ http://localhost:3000/_next/static/chunks/node_modules_next_dist_1e8vcs8._.js:776
[  249616ms] [LOG] [Fast Refresh] done in 15ms @ http://localhost:3000/_next/static/chunks/node_modules_next_dist_1e8vcs8._.js:776
[  249660ms] [LOG] [Fast Refresh] done in 15ms @ http://localhost:3000/_next/static/chunks/node_modules_next_dist_1e8vcs8._.js:776
[  249715ms] [LOG] [Fast Refresh] done in 15ms @ http://localhost:3000/_next/static/chunks/node_modules_next_dist_1e8vcs8._.js:776
[  249763ms] [LOG] [Fast Refresh] done in 15ms @ http://localhost:3000/_next/static/chunks/node_modules_next_dist_1e8vcs8._.js:776
[  249818ms] [LOG] [Fast Refresh] done in 15ms @ http://localhost:3000/_next/static/chunks/node_modules_next_dist_1e8vcs8._.js:776
[  249865ms] [LOG] [Fast Refresh] done in 15ms @ http://localhost:3000/_next/static/chunks/node_modules_next_dist_1e8vcs8._.js:776
[  249906ms] [LOG] [Fast Refresh] done in 15ms @ http://localhost:3000/_next/static/chunks/node_modules_next_dist_1e8vcs8._.js:776
[  249948ms] [LOG] [Fast Refresh] done in 15ms @ http://localhost:3000/_next/static/chunks/node_modules_next_dist_1e8vcs8._.js:776
[  249998ms] [LOG] [Fast Refresh] done in 15ms @ http://localhost:3000/_next/static/chunks/node_modules_next_dist_1e8vcs8._.js:776
[  250040ms] [LOG] [Fast Refresh] done in 15ms @ http://localhost:3000/_next/static/chunks/node_modules_next_dist_1e8vcs8._.js:776
[  250081ms] [LOG] [Fast Refresh] done in 15ms @ http://localhost:3000/_next/static/chunks/node_modules_next_dist_1e8vcs8._.js:776
[  250125ms] [LOG] [Fast Refresh] done in 15ms @ http://localhost:3000/_next/static/chunks/node_modules_next_dist_1e8vcs8._.js:776
[  250176ms] [LOG] [Fast Refresh] done in 15ms @ http://localhost:3000/_next/static/chunks/node_modules_next_dist_1e8vcs8._.js:776
[  250226ms] [LOG] [Fast Refresh] done in 15ms @ http://localhost:3000/_next/static/chunks/node_modules_next_dist_1e8vcs8._.js:776
[  250267ms] [LOG] [Fast Refresh] done in 15ms @ http://localhost:3000/_next/static/chunks/node_modules_next_dist_1e8vcs8._.js:776
[  250315ms] [LOG] [Fast Refresh] done in 15ms @ http://localhost:3000/_next/static/chunks/node_modules_next_dist_1e8vcs8._.js:776
[  250356ms] [LOG] [Fast Refresh] done in 15ms @ http://localhost:3000/_next/static/chunks/node_modules_next_dist_1e8vcs8._.js:776
[  250398ms] [LOG] [Fast Refresh] done in 15ms @ http://localhost:3000/_next/static/chunks/node_modules_next_dist_1e8vcs8._.js:776
[  250441ms] [LOG] [Fast Refresh] done in 15ms @ http://localhost:3000/_next/static/chunks/node_modules_next_dist_1e8vcs8._.js:776
[  250488ms] [LOG] [Fast Refresh] done in 15ms @ http://localhost:3000/_next/static/chunks/node_modules_next_dist_1e8vcs8._.js:776
[  250532ms] [LOG] [Fast Refresh] done in 15ms @ http://localhost:3000/_next/static/chunks/node_modules_next_dist_1e8vcs8._.js:776
[  250572ms] [LOG] [Fast Refresh] done in 15ms @ http://localhost:3000/_next/static/chunks/node_modules_next_dist_1e8vcs8._.js:776
[  250626ms] [LOG] [Fast Refresh] done in 15ms @ http://localhost:3000/_next/static/chunks/node_modules_next_dist_1e8vcs8._.js:776
[  250669ms] [LOG] [Fast Refresh] done in 15ms @ http://localhost:3000/_next/static/chunks/node_modules_next_dist_1e8vcs8._.js:776
[  250716ms] [LOG] [Fast Refresh] done in 15ms @ http://localhost:3000/_next/static/chunks/node_modules_next_dist_1e8vcs8._.js:776
[  250760ms] [LOG] [Fast Refresh] done in 15ms @ http://localhost:3000/_next/static/chunks/node_modules_next_dist_1e8vcs8._.js:776
[  250808ms] [LOG] [Fast Refresh] done in 15ms @ http://localhost:3000/_next/static/chunks/node_modules_next_dist_1e8vcs8._.js:776
[  250848ms] [LOG] [Fast Refresh] done in 15ms @ http://localhost:3000/_next/static/chunks/node_modules_next_dist_1e8vcs8._.js:776
[  250898ms] [LOG] [Fast Refresh] done in 15ms @ http://localhost:3000/_next/static/chunks/node_modules_next_dist_1e8vcs8._.js:776
[  250941ms] [LOG] [Fast Refresh] done in 15ms @ http://localhost:3000/_next/static/chunks/node_modules_next_dist_1e8vcs8._.js:776
[  250998ms] [LOG] [Fast Refresh] done in 15ms @ http://localhost:3000/_next/static/chunks/node_modules_next_dist_1e8vcs8._.js:776
[  251048ms] [LOG] [Fast Refresh] done in 15ms @ http://localhost:3000/_next/static/chunks/node_modules_next_dist_1e8vcs8._.js:776
[  251091ms] [LOG] [Fast Refresh] done in 15ms @ http://localhost:3000/_next/static/chunks/node_modules_next_dist_1e8vcs8._.js:776
[  251132ms] [LOG] [Fast Refresh] done in 15ms @ http://localhost:3000/_next/static/chunks/node_modules_next_dist_1e8vcs8._.js:776
[  251182ms] [LOG] [Fast Refresh] done in 15ms @ http://localhost:3000/_next/static/chunks/node_modules_next_dist_1e8vcs8._.js:776
[  251224ms] [LOG] [Fast Refresh] done in 15ms @ http://localhost:3000/_next/static/chunks/node_modules_next_dist_1e8vcs8._.js:776
[  251266ms] [LOG] [Fast Refresh] done in 15ms @ http://localhost:3000/_next/static/chunks/node_modules_next_dist_1e8vcs8._.js:776
[  251306ms] [LOG] [Fast Refresh] done in 15ms @ http://localhost:3000/_next/static/chunks/node_modules_next_dist_1e8vcs8._.js:776
[  251350ms] [LOG] [Fast Refresh] done in 15ms @ http://localhost:3000/_next/static/chunks/node_modules_next_dist_1e8vcs8._.js:776
[  251399ms] [LOG] [Fast Refresh] done in 15ms @ http://localhost:3000/_next/static/chunks/node_modules_next_dist_1e8vcs8._.js:776
[  251448ms] [LOG] [Fast Refresh] done in 15ms @ http://localhost:3000/_next/static/chunks/node_modules_next_dist_1e8vcs8._.js:776
[  251490ms] [LOG] [Fast Refresh] done in 15ms @ http://localhost:3000/_next/static/chunks/node_modules_next_dist_1e8vcs8._.js:776
[  251537ms] [LOG] [Fast Refresh] done in 15ms @ http://localhost:3000/_next/static/chunks/node_modules_next_dist_1e8vcs8._.js:776
[  251581ms] [LOG] [Fast Refresh] done in 15ms @ http://localhost:3000/_next/static/chunks/node_modules_next_dist_1e8vcs8._.js:776
[  251625ms] [LOG] [Fast Refresh] done in 15ms @ http://localhost:3000/_next/static/chunks/node_modules_next_dist_1e8vcs8._.js:776
[  251675ms] [LOG] [Fast Refresh] done in 15ms @ http://localhost:3000/_next/static/chunks/node_modules_next_dist_1e8vcs8._.js:776
[  251723ms] [LOG] [Fast Refresh] done in 15ms @ http://localhost:3000/_next/static/chunks/node_modules_next_dist_1e8vcs8._.js:776
[  251766ms] [LOG] [Fast Refresh] done in 15ms @ http://localhost:3000/_next/static/chunks/node_modules_next_dist_1e8vcs8._.js:776
[  251805ms] [LOG] [Fast Refresh] done in 15ms @ http://localhost:3000/_next/static/chunks/node_modules_next_dist_1e8vcs8._.js:776
[  251849ms] [LOG] [Fast Refresh] done in 15ms @ http://localhost:3000/_next/static/chunks/node_modules_next_dist_1e8vcs8._.js:776
[  251899ms] [LOG] [Fast Refresh] done in 15ms @ http://localhost:3000/_next/static/chunks/node_modules_next_dist_1e8vcs8._.js:776
[  251948ms] [LOG] [Fast Refresh] done in 15ms @ http://localhost:3000/_next/static/chunks/node_modules_next_dist_1e8vcs8._.js:776
[  251989ms] [LOG] [Fast Refresh] done in 15ms @ http://localhost:3000/_next/static/chunks/node_modules_next_dist_1e8vcs8._.js:776
[  252032ms] [LOG] [Fast Refresh] done in 15ms @ http://localhost:3000/_next/static/chunks/node_modules_next_dist_1e8vcs8._.js:776
[  252072ms] [LOG] [Fast Refresh] done in 15ms @ http://localhost:3000/_next/static/chunks/node_modules_next_dist_1e8vcs8._.js:776
[  252115ms] [LOG] [Fast Refresh] done in 15ms @ http://localhost:3000/_next/static/chunks/node_modules_next_dist_1e8vcs8._.js:776
[  252165ms] [LOG] [Fast Refresh] done in 15ms @ http://localhost:3000/_next/static/chunks/node_modules_next_dist_1e8vcs8._.js:776
[  252209ms] [LOG] [Fast Refresh] done in 15ms @ http://localhost:3000/_next/static/chunks/node_modules_next_dist_1e8vcs8._.js:776
[  252255ms] [LOG] [Fast Refresh] done in 15ms @ http://localhost:3000/_next/static/chunks/node_modules_next_dist_1e8vcs8._.js:776
[  252298ms] [LOG] [Fast Refresh] done in 15ms @ http://localhost:3000/_next/static/chunks/node_modules_next_dist_1e8vcs8._.js:776
[  252348ms] [LOG] [Fast Refresh] done in 15ms @ http://localhost:3000/_next/static/chunks/node_modules_next_dist_1e8vcs8._.js:776
[  252390ms] [LOG] [Fast Refresh] done in 15ms @ http://localhost:3000/_next/static/chunks/node_modules_next_dist_1e8vcs8._.js:776
[  252431ms] [LOG] [Fast Refresh] done in 15ms @ http://localhost:3000/_next/static/chunks/node_modules_next_dist_1e8vcs8._.js:776
[  252472ms] [LOG] [Fast Refresh] done in 15ms @ http://localhost:3000/_next/static/chunks/node_modules_next_dist_1e8vcs8._.js:776
[  252516ms] [LOG] [Fast Refresh] done in 15ms @ http://localhost:3000/_next/static/chunks/node_modules_next_dist_1e8vcs8._.js:776
[  252572ms] [LOG] [Fast Refresh] done in 15ms @ http://localhost:3000/_next/static/chunks/node_modules_next_dist_1e8vcs8._.js:776
[  252616ms] [LOG] [Fast Refresh] done in 15ms @ http://localhost:3000/_next/static/chunks/node_modules_next_dist_1e8vcs8._.js:776
[  252655ms] [LOG] [Fast Refresh] done in 15ms @ http://localhost:3000/_next/static/chunks/node_modules_next_dist_1e8vcs8._.js:776
[  252699ms] [LOG] [Fast Refresh] done in 15ms @ http://localhost:3000/_next/static/chunks/node_modules_next_dist_1e8vcs8._.js:776
[  252749ms] [LOG] [Fast Refresh] done in 15ms @ http://localhost:3000/_next/static/chunks/node_modules_next_dist_1e8vcs8._.js:776
[  252791ms] [LOG] [Fast Refresh] done in 15ms @ http://localhost:3000/_next/static/chunks/node_modules_next_dist_1e8vcs8._.js:776
[  252832ms] [LOG] [Fast Refresh] done in 15ms @ http://localhost:3000/_next/static/chunks/node_modules_next_dist_1e8vcs8._.js:776
[  252889ms] [LOG] [Fast Refresh] done in 15ms @ http://localhost:3000/_next/static/chunks/node_modules_next_dist_1e8vcs8._.js:776
[  252932ms] [LOG] [Fast Refresh] done in 15ms @ http://localhost:3000/_next/static/chunks/node_modules_next_dist_1e8vcs8._.js:776
[  252972ms] [LOG] [Fast Refresh] done in 15ms @ http://localhost:3000/_next/static/chunks/node_modules_next_dist_1e8vcs8._.js:776
[  253016ms] [LOG] [Fast Refresh] done in 15ms @ http://localhost:3000/_next/static/chunks/node_modules_next_dist_1e8vcs8._.js:776
[  253065ms] [LOG] [Fast Refresh] done in 15ms @ http://localhost:3000/_next/static/chunks/node_modules_next_dist_1e8vcs8._.js:776
[  253109ms] [LOG] [Fast Refresh] done in 15ms @ http://localhost:3000/_next/static/chunks/node_modules_next_dist_1e8vcs8._.js:776
[  253156ms] [LOG] [Fast Refresh] done in 15ms @ http://localhost:3000/_next/static/chunks/node_modules_next_dist_1e8vcs8._.js:776
[  253199ms] [LOG] [Fast Refresh] done in 15ms @ http://localhost:3000/_next/static/chunks/node_modules_next_dist_1e8vcs8._.js:776
[  253241ms] [LOG] [Fast Refresh] done in 15ms @ http://localhost:3000/_next/static/chunks/node_modules_next_dist_1e8vcs8._.js:776
[  253285ms] [LOG] [Fast Refresh] done in 15ms @ http://localhost:3000/_next/static/chunks/node_modules_next_dist_1e8vcs8._.js:776
[  253332ms] [LOG] [Fast Refresh] done in 15ms @ http://localhost:3000/_next/static/chunks/node_modules_next_dist_1e8vcs8._.js:776
[  253382ms] [LOG] [Fast Refresh] done in 15ms @ http://localhost:3000/_next/static/chunks/node_modules_next_dist_1e8vcs8._.js:776
[  253432ms] [LOG] [Fast Refresh] done in 15ms @ http://localhost:3000/_next/static/chunks/node_modules_next_dist_1e8vcs8._.js:776
[  253481ms] [LOG] [Fast Refresh] done in 15ms @ http://localhost:3000/_next/static/chunks/node_modules_next_dist_1e8vcs8._.js:776
[  253522ms] [LOG] [Fast Refresh] done in 15ms @ http://localhost:3000/_next/static/chunks/node_modules_next_dist_1e8vcs8._.js:776
[  253570ms] [LOG] [Fast Refresh] done in 15ms @ http://localhost:3000/_next/static/chunks/node_modules_next_dist_1e8vcs8._.js:776
[  253615ms] [LOG] [Fast Refresh] done in 15ms @ http://localhost:3000/_next/static/chunks/node_modules_next_dist_1e8vcs8._.js:776
[  253657ms] [LOG] [Fast Refresh] done in 15ms @ http://localhost:3000/_next/static/chunks/node_modules_next_dist_1e8vcs8._.js:776
[  253698ms] [LOG] [Fast Refresh] done in 15ms @ http://localhost:3000/_next/static/chunks/node_modules_next_dist_1e8vcs8._.js:776
[  253749ms] [LOG] [Fast Refresh] done in 15ms @ http://localhost:3000/_next/static/chunks/node_modules_next_dist_1e8vcs8._.js:776
[  253789ms] [LOG] [Fast Refresh] done in 15ms @ http://localhost:3000/_next/static/chunks/node_modules_next_dist_1e8vcs8._.js:776
[  253832ms] [LOG] [Fast Refresh] done in 15ms @ http://localhost:3000/_next/static/chunks/node_modules_next_dist_1e8vcs8._.js:776
[  253883ms] [LOG] [Fast Refresh] done in 15ms @ http://localhost:3000/_next/static/chunks/node_modules_next_dist_1e8vcs8._.js:776
[  253932ms] [LOG] [Fast Refresh] done in 15ms @ http://localhost:3000/_next/static/chunks/node_modules_next_dist_1e8vcs8._.js:776
[  253983ms] [LOG] [Fast Refresh] done in 15ms @ http://localhost:3000/_next/static/chunks/node_modules_next_dist_1e8vcs8._.js:776
[  254032ms] [LOG] [Fast Refresh] done in 15ms @ http://localhost:3000/_next/static/chunks/node_modules_next_dist_1e8vcs8._.js:776
[  254083ms] [LOG] [Fast Refresh] done in 15ms @ http://localhost:3000/_next/static/chunks/node_modules_next_dist_1e8vcs8._.js:776
[  254124ms] [LOG] [Fast Refresh] done in 15ms @ http://localhost:3000/_next/static/chunks/node_modules_next_dist_1e8vcs8._.js:776
[  254169ms] [LOG] [Fast Refresh] done in 15ms @ http://localhost:3000/_next/static/chunks/node_modules_next_dist_1e8vcs8._.js:776
[  254220ms] [LOG] [Fast Refresh] done in 15ms @ http://localhost:3000/_next/static/chunks/node_modules_next_dist_1e8vcs8._.js:776
[  254266ms] [LOG] [Fast Refresh] done in 15ms @ http://localhost:3000/_next/static/chunks/node_modules_next_dist_1e8vcs8._.js:776
[  254316ms] [LOG] [Fast Refresh] done in 15ms @ http://localhost:3000/_next/static/chunks/node_modules_next_dist_1e8vcs8._.js:776
[  254362ms] [LOG] [Fast Refresh] done in 15ms @ http://localhost:3000/_next/static/chunks/node_modules_next_dist_1e8vcs8._.js:776
[  254405ms] [LOG] [Fast Refresh] done in 15ms @ http://localhost:3000/_next/static/chunks/node_modules_next_dist_1e8vcs8._.js:776
[  254454ms] [LOG] [Fast Refresh] done in 15ms @ http://localhost:3000/_next/static/chunks/node_modules_next_dist_1e8vcs8._.js:776
[  254504ms] [LOG] [Fast Refresh] done in 15ms @ http://localhost:3000/_next/static/chunks/node_modules_next_dist_1e8vcs8._.js:776
[  254555ms] [LOG] [Fast Refresh] done in 15ms @ http://localhost:3000/_next/static/chunks/node_modules_next_dist_1e8vcs8._.js:776
[  254604ms] [LOG] [Fast Refresh] done in 15ms @ http://localhost:3000/_next/static/chunks/node_modules_next_dist_1e8vcs8._.js:776
[  254654ms] [LOG] [Fast Refresh] done in 15ms @ http://localhost:3000/_next/static/chunks/node_modules_next_dist_1e8vcs8._.js:776
[  254704ms] [LOG] [Fast Refresh] done in 15ms @ http://localhost:3000/_next/static/chunks/node_modules_next_dist_1e8vcs8._.js:776
[  254755ms] [LOG] [Fast Refresh] done in 15ms @ http://localhost:3000/_next/static/chunks/node_modules_next_dist_1e8vcs8._.js:776
[  254817ms] [LOG] [Fast Refresh] done in 15ms @ http://localhost:3000/_next/static/chunks/node_modules_next_dist_1e8vcs8._.js:776
[  254855ms] [LOG] [Fast Refresh] done in 15ms @ http://localhost:3000/_next/static/chunks/node_modules_next_dist_1e8vcs8._.js:776
[  254904ms] [LOG] [Fast Refresh] done in 15ms @ http://localhost:3000/_next/static/chunks/node_modules_next_dist_1e8vcs8._.js:776
[  254954ms] [LOG] [Fast Refresh] done in 15ms @ http://localhost:3000/_next/static/chunks/node_modules_next_dist_1e8vcs8._.js:776
[  255004ms] [LOG] [Fast Refresh] done in 15ms @ http://localhost:3000/_next/static/chunks/node_modules_next_dist_1e8vcs8._.js:776
[  255055ms] [LOG] [Fast Refresh] done in 15ms @ http://localhost:3000/_next/static/chunks/node_modules_next_dist_1e8vcs8._.js:776
[  255104ms] [LOG] [Fast Refresh] done in 15ms @ http://localhost:3000/_next/static/chunks/node_modules_next_dist_1e8vcs8._.js:776
[  255154ms] [LOG] [Fast Refresh] done in 15ms @ http://localhost:3000/_next/static/chunks/node_modules_next_dist_1e8vcs8._.js:776
[  255204ms] [LOG] [Fast Refresh] done in 15ms @ http://localhost:3000/_next/static/chunks/node_modules_next_dist_1e8vcs8._.js:776
[  255254ms] [LOG] [Fast Refresh] done in 15ms @ http://localhost:3000/_next/static/chunks/node_modules_next_dist_1e8vcs8._.js:776
[  255305ms] [LOG] [Fast Refresh] done in 15ms @ http://localhost:3000/_next/static/chunks/node_modules_next_dist_1e8vcs8._.js:776
[  255354ms] [LOG] [Fast Refresh] done in 15ms @ http://localhost:3000/_next/static/chunks/node_modules_next_dist_1e8vcs8._.js:776
[  255404ms] [LOG] [Fast Refresh] done in 15ms @ http://localhost:3000/_next/static/chunks/node_modules_next_dist_1e8vcs8._.js:776
[  255454ms] [LOG] [Fast Refresh] done in 15ms @ http://localhost:3000/_next/static/chunks/node_modules_next_dist_1e8vcs8._.js:776
[  255504ms] [LOG] [Fast Refresh] done in 15ms @ http://localhost:3000/_next/static/chunks/node_modules_next_dist_1e8vcs8._.js:776
[  255554ms] [LOG] [Fast Refresh] done in 15ms @ http://localhost:3000/_next/static/chunks/node_modules_next_dist_1e8vcs8._.js:776
[  255606ms] [LOG] [Fast Refresh] done in 15ms @ http://localhost:3000/_next/static/chunks/node_modules_next_dist_1e8vcs8._.js:776
[  255655ms] [LOG] [Fast Refresh] done in 15ms @ http://localhost:3000/_next/static/chunks/node_modules_next_dist_1e8vcs8._.js:776
[  255704ms] [LOG] [Fast Refresh] done in 15ms @ http://localhost:3000/_next/static/chunks/node_modules_next_dist_1e8vcs8._.js:776
[  255754ms] [LOG] [Fast Refresh] done in 15ms @ http://localhost:3000/_next/static/chunks/node_modules_next_dist_1e8vcs8._.js:776
[  255804ms] [LOG] [Fast Refresh] done in 15ms @ http://localhost:3000/_next/static/chunks/node_modules_next_dist_1e8vcs8._.js:776
[  255854ms] [LOG] [Fast Refresh] done in 15ms @ http://localhost:3000/_next/static/chunks/node_modules_next_dist_1e8vcs8._.js:776
[  255905ms] [LOG] [Fast Refresh] done in 15ms @ http://localhost:3000/_next/static/chunks/node_modules_next_dist_1e8vcs8._.js:776
[  255954ms] [LOG] [Fast Refresh] done in 15ms @ http://localhost:3000/_next/static/chunks/node_modules_next_dist_1e8vcs8._.js:776
[  256004ms] [LOG] [Fast Refresh] done in 15ms @ http://localhost:3000/_next/static/chunks/node_modules_next_dist_1e8vcs8._.js:776
[  256055ms] [LOG] [Fast Refresh] done in 15ms @ http://localhost:3000/_next/static/chunks/node_modules_next_dist_1e8vcs8._.js:776
[  256103ms] [LOG] [Fast Refresh] done in 15ms @ http://localhost:3000/_next/static/chunks/node_modules_next_dist_1e8vcs8._.js:776
[  256154ms] [LOG] [Fast Refresh] done in 15ms @ http://localhost:3000/_next/static/chunks/node_modules_next_dist_1e8vcs8._.js:776
[  256204ms] [LOG] [Fast Refresh] done in 15ms @ http://localhost:3000/_next/static/chunks/node_modules_next_dist_1e8vcs8._.js:776
[  256247ms] [LOG] [Fast Refresh] done in 15ms @ http://localhost:3000/_next/static/chunks/node_modules_next_dist_1e8vcs8._.js:776
[  256288ms] [LOG] [Fast Refresh] done in 15ms @ http://localhost:3000/_next/static/chunks/node_modules_next_dist_1e8vcs8._.js:776
[  256338ms] [LOG] [Fast Refresh] done in 15ms @ http://localhost:3000/_next/static/chunks/node_modules_next_dist_1e8vcs8._.js:776
[  256387ms] [LOG] [Fast Refresh] done in 15ms @ http://localhost:3000/_next/static/chunks/node_modules_next_dist_1e8vcs8._.js:776
[  256439ms] [LOG] [Fast Refresh] done in 15ms @ http://localhost:3000/_next/static/chunks/node_modules_next_dist_1e8vcs8._.js:776
[  256487ms] [LOG] [Fast Refresh] done in 15ms @ http://localhost:3000/_next/static/chunks/node_modules_next_dist_1e8vcs8._.js:776
[  256537ms] [LOG] [Fast Refresh] done in 15ms @ http://localhost:3000/_next/static/chunks/node_modules_next_dist_1e8vcs8._.js:776
[  256588ms] [LOG] [Fast Refresh] done in 15ms @ http://localhost:3000/_next/static/chunks/node_modules_next_dist_1e8vcs8._.js:776
[  256638ms] [LOG] [Fast Refresh] done in 15ms @ http://localhost:3000/_next/static/chunks/node_modules_next_dist_1e8vcs8._.js:776
[  256688ms] [LOG] [Fast Refresh] done in 15ms @ http://localhost:3000/_next/static/chunks/node_modules_next_dist_1e8vcs8._.js:776
[  256737ms] [LOG] [Fast Refresh] done in 15ms @ http://localhost:3000/_next/static/chunks/node_modules_next_dist_1e8vcs8._.js:776
[  256790ms] [LOG] [Fast Refresh] done in 15ms @ http://localhost:3000/_next/static/chunks/node_modules_next_dist_1e8vcs8._.js:776
[  256839ms] [LOG] [Fast Refresh] done in 15ms @ http://localhost:3000/_next/static/chunks/node_modules_next_dist_1e8vcs8._.js:776
[  256888ms] [LOG] [Fast Refresh] done in 15ms @ http://localhost:3000/_next/static/chunks/node_modules_next_dist_1e8vcs8._.js:776
[  256939ms] [LOG] [Fast Refresh] done in 15ms @ http://localhost:3000/_next/static/chunks/node_modules_next_dist_1e8vcs8._.js:776
[  256988ms] [LOG] [Fast Refresh] done in 15ms @ http://localhost:3000/_next/static/chunks/node_modules_next_dist_1e8vcs8._.js:776
[  257038ms] [LOG] [Fast Refresh] done in 15ms @ http://localhost:3000/_next/static/chunks/node_modules_next_dist_1e8vcs8._.js:776
[  257088ms] [LOG] [Fast Refresh] done in 15ms @ http://localhost:3000/_next/static/chunks/node_modules_next_dist_1e8vcs8._.js:776
[  257138ms] [LOG] [Fast Refresh] done in 15ms @ http://localhost:3000/_next/static/chunks/node_modules_next_dist_1e8vcs8._.js:776
[  257188ms] [LOG] [Fast Refresh] done in 15ms @ http://localhost:3000/_next/static/chunks/node_modules_next_dist_1e8vcs8._.js:776
[  257238ms] [LOG] [Fast Refresh] done in 15ms @ http://localhost:3000/_next/static/chunks/node_modules_next_dist_1e8vcs8._.js:776
[  257288ms] [LOG] [Fast Refresh] done in 15ms @ http://localhost:3000/_next/static/chunks/node_modules_next_dist_1e8vcs8._.js:776
[  257338ms] [LOG] [Fast Refresh] done in 15ms @ http://localhost:3000/_next/static/chunks/node_modules_next_dist_1e8vcs8._.js:776
[  257389ms] [LOG] [Fast Refresh] done in 15ms @ http://localhost:3000/_next/static/chunks/node_modules_next_dist_1e8vcs8._.js:776
[  257438ms] [LOG] [Fast Refresh] done in 15ms @ http://localhost:3000/_next/static/chunks/node_modules_next_dist_1e8vcs8._.js:776
[  257488ms] [LOG] [Fast Refresh] done in 15ms @ http://localhost:3000/_next/static/chunks/node_modules_next_dist_1e8vcs8._.js:776
[  257538ms] [LOG] [Fast Refresh] done in 15ms @ http://localhost:3000/_next/static/chunks/node_modules_next_dist_1e8vcs8._.js:776
[  257588ms] [LOG] [Fast Refresh] done in 15ms @ http://localhost:3000/_next/static/chunks/node_modules_next_dist_1e8vcs8._.js:776
[  257638ms] [LOG] [Fast Refresh] done in 15ms @ http://localhost:3000/_next/static/chunks/node_modules_next_dist_1e8vcs8._.js:776
[  257688ms] [LOG] [Fast Refresh] done in 15ms @ http://localhost:3000/_next/static/chunks/node_modules_next_dist_1e8vcs8._.js:776
[  257738ms] [LOG] [Fast Refresh] done in 15ms @ http://localhost:3000/_next/static/chunks/node_modules_next_dist_1e8vcs8._.js:776
[  257788ms] [LOG] [Fast Refresh] done in 15ms @ http://localhost:3000/_next/static/chunks/node_modules_next_dist_1e8vcs8._.js:776
[  257838ms] [LOG] [Fast Refresh] done in 15ms @ http://localhost:3000/_next/static/chunks/node_modules_next_dist_1e8vcs8._.js:776
[  257888ms] [LOG] [Fast Refresh] done in 15ms @ http://localhost:3000/_next/static/chunks/node_modules_next_dist_1e8vcs8._.js:776
[  257938ms] [LOG] [Fast Refresh] done in 15ms @ http://localhost:3000/_next/static/chunks/node_modules_next_dist_1e8vcs8._.js:776
[  257989ms] [LOG] [Fast Refresh] done in 15ms @ http://localhost:3000/_next/static/chunks/node_modules_next_dist_1e8vcs8._.js:776
[  258040ms] [LOG] [Fast Refresh] done in 15ms @ http://localhost:3000/_next/static/chunks/node_modules_next_dist_1e8vcs8._.js:776
[  258089ms] [LOG] [Fast Refresh] done in 15ms @ http://localhost:3000/_next/static/chunks/node_modules_next_dist_1e8vcs8._.js:776
[  258138ms] [LOG] [Fast Refresh] done in 15ms @ http://localhost:3000/_next/static/chunks/node_modules_next_dist_1e8vcs8._.js:776
[  258189ms] [LOG] [Fast Refresh] done in 15ms @ http://localhost:3000/_next/static/chunks/node_modules_next_dist_1e8vcs8._.js:776
[  258238ms] [LOG] [Fast Refresh] done in 15ms @ http://localhost:3000/_next/static/chunks/node_modules_next_dist_1e8vcs8._.js:776
[  258288ms] [LOG] [Fast Refresh] done in 15ms @ http://localhost:3000/_next/static/chunks/node_modules_next_dist_1e8vcs8._.js:776
[  258338ms] [LOG] [Fast Refresh] done in 15ms @ http://localhost:3000/_next/static/chunks/node_modules_next_dist_1e8vcs8._.js:776
[  258389ms] [LOG] [Fast Refresh] done in 15ms @ http://localhost:3000/_next/static/chunks/node_modules_next_dist_1e8vcs8._.js:776
[  258438ms] [LOG] [Fast Refresh] done in 15ms @ http://localhost:3000/_next/static/chunks/node_modules_next_dist_1e8vcs8._.js:776
[  258489ms] [LOG] [Fast Refresh] done in 15ms @ http://localhost:3000/_next/static/chunks/node_modules_next_dist_1e8vcs8._.js:776
[  258539ms] [LOG] [Fast Refresh] done in 15ms @ http://localhost:3000/_next/static/chunks/node_modules_next_dist_1e8vcs8._.js:776
[  258588ms] [LOG] [Fast Refresh] done in 15ms @ http://localhost:3000/_next/static/chunks/node_modules_next_dist_1e8vcs8._.js:776
[  258638ms] [LOG] [Fast Refresh] done in 15ms @ http://localhost:3000/_next/static/chunks/node_modules_next_dist_1e8vcs8._.js:776
[  258689ms] [LOG] [Fast Refresh] done in 15ms @ http://localhost:3000/_next/static/chunks/node_modules_next_dist_1e8vcs8._.js:776
[  258739ms] [LOG] [Fast Refresh] done in 15ms @ http://localhost:3000/_next/static/chunks/node_modules_next_dist_1e8vcs8._.js:776
[  258788ms] [LOG] [Fast Refresh] done in 15ms @ http://localhost:3000/_next/static/chunks/node_modules_next_dist_1e8vcs8._.js:776
[  258839ms] [LOG] [Fast Refresh] done in 15ms @ http://localhost:3000/_next/static/chunks/node_modules_next_dist_1e8vcs8._.js:776
[  258888ms] [LOG] [Fast Refresh] done in 15ms @ http://localhost:3000/_next/static/chunks/node_modules_next_dist_1e8vcs8._.js:776
[  258938ms] [LOG] [Fast Refresh] done in 15ms @ http://localhost:3000/_next/static/chunks/node_modules_next_dist_1e8vcs8._.js:776
[  258988ms] [LOG] [Fast Refresh] done in 15ms @ http://localhost:3000/_next/static/chunks/node_modules_next_dist_1e8vcs8._.js:776
[  259038ms] [LOG] [Fast Refresh] done in 15ms @ http://localhost:3000/_next/static/chunks/node_modules_next_dist_1e8vcs8._.js:776
[  259088ms] [LOG] [Fast Refresh] done in 15ms @ http://localhost:3000/_next/static/chunks/node_modules_next_dist_1e8vcs8._.js:776
[  259138ms] [LOG] [Fast Refresh] done in 15ms @ http://localhost:3000/_next/static/chunks/node_modules_next_dist_1e8vcs8._.js:776
[  259188ms] [LOG] [Fast Refresh] done in 15ms @ http://localhost:3000/_next/static/chunks/node_modules_next_dist_1e8vcs8._.js:776
[  259238ms] [LOG] [Fast Refresh] done in 15ms @ http://localhost:3000/_next/static/chunks/node_modules_next_dist_1e8vcs8._.js:776
[  259288ms] [LOG] [Fast Refresh] done in 15ms @ http://localhost:3000/_next/static/chunks/node_modules_next_dist_1e8vcs8._.js:776
[  259337ms] [LOG] [Fast Refresh] done in 15ms @ http://localhost:3000/_next/static/chunks/node_modules_next_dist_1e8vcs8._.js:776
[  259389ms] [LOG] [Fast Refresh] done in 15ms @ http://localhost:3000/_next/static/chunks/node_modules_next_dist_1e8vcs8._.js:776
[  259439ms] [LOG] [Fast Refresh] done in 15ms @ http://localhost:3000/_next/static/chunks/node_modules_next_dist_1e8vcs8._.js:776
[  259505ms] [LOG] [Fast Refresh] done in 15ms @ http://localhost:3000/_next/static/chunks/node_modules_next_dist_1e8vcs8._.js:776
[  259555ms] [LOG] [Fast Refresh] done in 15ms @ http://localhost:3000/_next/static/chunks/node_modules_next_dist_1e8vcs8._.js:776
[  259604ms] [LOG] [Fast Refresh] done in 15ms @ http://localhost:3000/_next/static/chunks/node_modules_next_dist_1e8vcs8._.js:776
[  259656ms] [LOG] [Fast Refresh] done in 15ms @ http://localhost:3000/_next/static/chunks/node_modules_next_dist_1e8vcs8._.js:776
[  259704ms] [LOG] [Fast Refresh] done in 15ms @ http://localhost:3000/_next/static/chunks/node_modules_next_dist_1e8vcs8._.js:776
[  259755ms] [LOG] [Fast Refresh] done in 15ms @ http://localhost:3000/_next/static/chunks/node_modules_next_dist_1e8vcs8._.js:776
[  259804ms] [LOG] [Fast Refresh] done in 15ms @ http://localhost:3000/_next/static/chunks/node_modules_next_dist_1e8vcs8._.js:776
[  259854ms] [LOG] [Fast Refresh] done in 15ms @ http://localhost:3000/_next/static/chunks/node_modules_next_dist_1e8vcs8._.js:776
[  259905ms] [LOG] [Fast Refresh] done in 15ms @ http://localhost:3000/_next/static/chunks/node_modules_next_dist_1e8vcs8._.js:776
[  259955ms] [LOG] [Fast Refresh] done in 15ms @ http://localhost:3000/_next/static/chunks/node_modules_next_dist_1e8vcs8._.js:776
[  260005ms] [LOG] [Fast Refresh] done in 15ms @ http://localhost:3000/_next/static/chunks/node_modules_next_dist_1e8vcs8._.js:776
[  260055ms] [LOG] [Fast Refresh] done in 15ms @ http://localhost:3000/_next/static/chunks/node_modules_next_dist_1e8vcs8._.js:776
[  260105ms] [LOG] [Fast Refresh] done in 15ms @ http://localhost:3000/_next/static/chunks/node_modules_next_dist_1e8vcs8._.js:776
[  260156ms] [LOG] [Fast Refresh] done in 15ms @ http://localhost:3000/_next/static/chunks/node_modules_next_dist_1e8vcs8._.js:776
[  260204ms] [LOG] [Fast Refresh] done in 15ms @ http://localhost:3000/_next/static/chunks/node_modules_next_dist_1e8vcs8._.js:776
[  260258ms] [LOG] [Fast Refresh] done in 15ms @ http://localhost:3000/_next/static/chunks/node_modules_next_dist_1e8vcs8._.js:776
[  260305ms] [LOG] [Fast Refresh] done in 15ms @ http://localhost:3000/_next/static/chunks/node_modules_next_dist_1e8vcs8._.js:776
[  260355ms] [LOG] [Fast Refresh] done in 15ms @ http://localhost:3000/_next/static/chunks/node_modules_next_dist_1e8vcs8._.js:776
[  260406ms] [LOG] [Fast Refresh] done in 15ms @ http://localhost:3000/_next/static/chunks/node_modules_next_dist_1e8vcs8._.js:776
[  260454ms] [LOG] [Fast Refresh] done in 15ms @ http://localhost:3000/_next/static/chunks/node_modules_next_dist_1e8vcs8._.js:776
[  260505ms] [LOG] [Fast Refresh] done in 15ms @ http://localhost:3000/_next/static/chunks/node_modules_next_dist_1e8vcs8._.js:776
[  260555ms] [LOG] [Fast Refresh] done in 15ms @ http://localhost:3000/_next/static/chunks/node_modules_next_dist_1e8vcs8._.js:776
[  260605ms] [LOG] [Fast Refresh] done in 15ms @ http://localhost:3000/_next/static/chunks/node_modules_next_dist_1e8vcs8._.js:776
[  260655ms] [LOG] [Fast Refresh] done in 15ms @ http://localhost:3000/_next/static/chunks/node_modules_next_dist_1e8vcs8._.js:776
[  260705ms] [LOG] [Fast Refresh] done in 15ms @ http://localhost:3000/_next/static/chunks/node_modules_next_dist_1e8vcs8._.js:776
[  260755ms] [LOG] [Fast Refresh] done in 15ms @ http://localhost:3000/_next/static/chunks/node_modules_next_dist_1e8vcs8._.js:776
[  260805ms] [LOG] [Fast Refresh] done in 15ms @ http://localhost:3000/_next/static/chunks/node_modules_next_dist_1e8vcs8._.js:776
[  260855ms] [LOG] [Fast Refresh] done in 15ms @ http://localhost:3000/_next/static/chunks/node_modules_next_dist_1e8vcs8._.js:776
[  260905ms] [LOG] [Fast Refresh] done in 15ms @ http://localhost:3000/_next/static/chunks/node_modules_next_dist_1e8vcs8._.js:776
[  260955ms] [LOG] [Fast Refresh] done in 15ms @ http://localhost:3000/_next/static/chunks/node_modules_next_dist_1e8vcs8._.js:776
[  261005ms] [LOG] [Fast Refresh] done in 15ms @ http://localhost:3000/_next/static/chunks/node_modules_next_dist_1e8vcs8._.js:776
[  261071ms] [LOG] [Fast Refresh] done in 15ms @ http://localhost:3000/_next/static/chunks/node_modules_next_dist_1e8vcs8._.js:776
[  261123ms] [LOG] [Fast Refresh] done in 15ms @ http://localhost:3000/_next/static/chunks/node_modules_next_dist_1e8vcs8._.js:776
[  261171ms] [LOG] [Fast Refresh] done in 15ms @ http://localhost:3000/_next/static/chunks/node_modules_next_dist_1e8vcs8._.js:776
[  261222ms] [LOG] [Fast Refresh] done in 15ms @ http://localhost:3000/_next/static/chunks/node_modules_next_dist_1e8vcs8._.js:776
[  261271ms] [LOG] [Fast Refresh] done in 15ms @ http://localhost:3000/_next/static/chunks/node_modules_next_dist_1e8vcs8._.js:776
[  261321ms] [LOG] [Fast Refresh] done in 15ms @ http://localhost:3000/_next/static/chunks/node_modules_next_dist_1e8vcs8._.js:776
[  261372ms] [LOG] [Fast Refresh] done in 15ms @ http://localhost:3000/_next/static/chunks/node_modules_next_dist_1e8vcs8._.js:776
[  261422ms] [LOG] [Fast Refresh] done in 15ms @ http://localhost:3000/_next/static/chunks/node_modules_next_dist_1e8vcs8._.js:776
[  261471ms] [LOG] [Fast Refresh] done in 15ms @ http://localhost:3000/_next/static/chunks/node_modules_next_dist_1e8vcs8._.js:776
[  261522ms] [LOG] [Fast Refresh] done in 15ms @ http://localhost:3000/_next/static/chunks/node_modules_next_dist_1e8vcs8._.js:776
[  261572ms] [LOG] [Fast Refresh] done in 15ms @ http://localhost:3000/_next/static/chunks/node_modules_next_dist_1e8vcs8._.js:776
[  261622ms] [LOG] [Fast Refresh] done in 15ms @ http://localhost:3000/_next/static/chunks/node_modules_next_dist_1e8vcs8._.js:776
[  261672ms] [LOG] [Fast Refresh] done in 15ms @ http://localhost:3000/_next/static/chunks/node_modules_next_dist_1e8vcs8._.js:776
[  261722ms] [LOG] [Fast Refresh] done in 15ms @ http://localhost:3000/_next/static/chunks/node_modules_next_dist_1e8vcs8._.js:776
[  261772ms] [LOG] [Fast Refresh] done in 15ms @ http://localhost:3000/_next/static/chunks/node_modules_next_dist_1e8vcs8._.js:776
[  261822ms] [LOG] [Fast Refresh] done in 15ms @ http://localhost:3000/_next/static/chunks/node_modules_next_dist_1e8vcs8._.js:776
[  261871ms] [LOG] [Fast Refresh] done in 15ms @ http://localhost:3000/_next/static/chunks/node_modules_next_dist_1e8vcs8._.js:776
[  261921ms] [LOG] [Fast Refresh] done in 15ms @ http://localhost:3000/_next/static/chunks/node_modules_next_dist_1e8vcs8._.js:776
[  261972ms] [LOG] [Fast Refresh] done in 15ms @ http://localhost:3000/_next/static/chunks/node_modules_next_dist_1e8vcs8._.js:776
[  262020ms] [LOG] [Fast Refresh] done in 15ms @ http://localhost:3000/_next/static/chunks/node_modules_next_dist_1e8vcs8._.js:776
[  262071ms] [LOG] [Fast Refresh] done in 15ms @ http://localhost:3000/_next/static/chunks/node_modules_next_dist_1e8vcs8._.js:776
[  262121ms] [LOG] [Fast Refresh] done in 15ms @ http://localhost:3000/_next/static/chunks/node_modules_next_dist_1e8vcs8._.js:776
[  262169ms] [LOG] [Fast Refresh] done in 15ms @ http://localhost:3000/_next/static/chunks/node_modules_next_dist_1e8vcs8._.js:776
[  262232ms] [LOG] [Fast Refresh] done in 15ms @ http://localhost:3000/_next/static/chunks/node_modules_next_dist_1e8vcs8._.js:776
[  262295ms] [LOG] [Fast Refresh] done in 15ms @ http://localhost:3000/_next/static/chunks/node_modules_next_dist_1e8vcs8._.js:776
[  262358ms] [LOG] [Fast Refresh] done in 15ms @ http://localhost:3000/_next/static/chunks/node_modules_next_dist_1e8vcs8._.js:776
[  262422ms] [LOG] [Fast Refresh] done in 15ms @ http://localhost:3000/_next/static/chunks/node_modules_next_dist_1e8vcs8._.js:776
[  262485ms] [LOG] [Fast Refresh] done in 15ms @ http://localhost:3000/_next/static/chunks/node_modules_next_dist_1e8vcs8._.js:776
[  262548ms] [LOG] [Fast Refresh] done in 15ms @ http://localhost:3000/_next/static/chunks/node_modules_next_dist_1e8vcs8._.js:776
[  262612ms] [LOG] [Fast Refresh] done in 15ms @ http://localhost:3000/_next/static/chunks/node_modules_next_dist_1e8vcs8._.js:776
[  262676ms] [LOG] [Fast Refresh] done in 15ms @ http://localhost:3000/_next/static/chunks/node_modules_next_dist_1e8vcs8._.js:776
[  262739ms] [LOG] [Fast Refresh] done in 15ms @ http://localhost:3000/_next/static/chunks/node_modules_next_dist_1e8vcs8._.js:776
[  262803ms] [LOG] [Fast Refresh] done in 15ms @ http://localhost:3000/_next/static/chunks/node_modules_next_dist_1e8vcs8._.js:776
[  262866ms] [LOG] [Fast Refresh] done in 15ms @ http://localhost:3000/_next/static/chunks/node_modules_next_dist_1e8vcs8._.js:776
[  262914ms] [LOG] [Fast Refresh] done in 15ms @ http://localhost:3000/_next/static/chunks/node_modules_next_dist_1e8vcs8._.js:776
[  262963ms] [LOG] [Fast Refresh] done in 15ms @ http://localhost:3000/_next/static/chunks/node_modules_next_dist_1e8vcs8._.js:776
[  263010ms] [LOG] [Fast Refresh] done in 15ms @ http://localhost:3000/_next/static/chunks/node_modules_next_dist_1e8vcs8._.js:776
[  263057ms] [LOG] [Fast Refresh] done in 15ms @ http://localhost:3000/_next/static/chunks/node_modules_next_dist_1e8vcs8._.js:776
[  263121ms] [LOG] [Fast Refresh] done in 15ms @ http://localhost:3000/_next/static/chunks/node_modules_next_dist_1e8vcs8._.js:776
[  263184ms] [LOG] [Fast Refresh] done in 15ms @ http://localhost:3000/_next/static/chunks/node_modules_next_dist_1e8vcs8._.js:776
[  263247ms] [LOG] [Fast Refresh] done in 15ms @ http://localhost:3000/_next/static/chunks/node_modules_next_dist_1e8vcs8._.js:776
[  263310ms] [LOG] [Fast Refresh] done in 15ms @ http://localhost:3000/_next/static/chunks/node_modules_next_dist_1e8vcs8._.js:776
[  263372ms] [LOG] [Fast Refresh] done in 15ms @ http://localhost:3000/_next/static/chunks/node_modules_next_dist_1e8vcs8._.js:776
[  263435ms] [LOG] [Fast Refresh] done in 15ms @ http://localhost:3000/_next/static/chunks/node_modules_next_dist_1e8vcs8._.js:776
[  263488ms] [LOG] [Fast Refresh] done in 15ms @ http://localhost:3000/_next/static/chunks/node_modules_next_dist_1e8vcs8._.js:776
[  263555ms] [LOG] [Fast Refresh] done in 15ms @ http://localhost:3000/_next/static/chunks/node_modules_next_dist_1e8vcs8._.js:776
[  263617ms] [LOG] [Fast Refresh] done in 15ms @ http://localhost:3000/_next/static/chunks/node_modules_next_dist_1e8vcs8._.js:776
[  263655ms] [LOG] [Fast Refresh] done in 15ms @ http://localhost:3000/_next/static/chunks/node_modules_next_dist_1e8vcs8._.js:776
[  263705ms] [LOG] [Fast Refresh] done in 15ms @ http://localhost:3000/_next/static/chunks/node_modules_next_dist_1e8vcs8._.js:776
[  263755ms] [LOG] [Fast Refresh] done in 15ms @ http://localhost:3000/_next/static/chunks/node_modules_next_dist_1e8vcs8._.js:776
[  263805ms] [LOG] [Fast Refresh] done in 15ms @ http://localhost:3000/_next/static/chunks/node_modules_next_dist_1e8vcs8._.js:776
[  263856ms] [LOG] [Fast Refresh] done in 15ms @ http://localhost:3000/_next/static/chunks/node_modules_next_dist_1e8vcs8._.js:776
[  263906ms] [LOG] [Fast Refresh] done in 15ms @ http://localhost:3000/_next/static/chunks/node_modules_next_dist_1e8vcs8._.js:776
[  263957ms] [LOG] [Fast Refresh] done in 15ms @ http://localhost:3000/_next/static/chunks/node_modules_next_dist_1e8vcs8._.js:776
[  264006ms] [LOG] [Fast Refresh] done in 15ms @ http://localhost:3000/_next/static/chunks/node_modules_next_dist_1e8vcs8._.js:776
[  264056ms] [LOG] [Fast Refresh] done in 15ms @ http://localhost:3000/_next/static/chunks/node_modules_next_dist_1e8vcs8._.js:776
[  264106ms] [LOG] [Fast Refresh] done in 15ms @ http://localhost:3000/_next/static/chunks/node_modules_next_dist_1e8vcs8._.js:776
[  264155ms] [LOG] [Fast Refresh] done in 15ms @ http://localhost:3000/_next/static/chunks/node_modules_next_dist_1e8vcs8._.js:776
[  264204ms] [LOG] [Fast Refresh] done in 15ms @ http://localhost:3000/_next/static/chunks/node_modules_next_dist_1e8vcs8._.js:776
[  264255ms] [LOG] [Fast Refresh] done in 15ms @ http://localhost:3000/_next/static/chunks/node_modules_next_dist_1e8vcs8._.js:776
[  264304ms] [LOG] [Fast Refresh] done in 15ms @ http://localhost:3000/_next/static/chunks/node_modules_next_dist_1e8vcs8._.js:776
[  264355ms] [LOG] [Fast Refresh] done in 15ms @ http://localhost:3000/_next/static/chunks/node_modules_next_dist_1e8vcs8._.js:776
[  264404ms] [LOG] [Fast Refresh] done in 15ms @ http://localhost:3000/_next/static/chunks/node_modules_next_dist_1e8vcs8._.js:776
[  264455ms] [LOG] [Fast Refresh] done in 15ms @ http://localhost:3000/_next/static/chunks/node_modules_next_dist_1e8vcs8._.js:776
[  264499ms] [LOG] [Fast Refresh] done in 15ms @ http://localhost:3000/_next/static/chunks/node_modules_next_dist_1e8vcs8._.js:776
[  264541ms] [LOG] [Fast Refresh] done in 15ms @ http://localhost:3000/_next/static/chunks/node_modules_next_dist_1e8vcs8._.js:776
[  264582ms] [LOG] [Fast Refresh] done in 15ms @ http://localhost:3000/_next/static/chunks/node_modules_next_dist_1e8vcs8._.js:776
[  264627ms] [LOG] [Fast Refresh] done in 15ms @ http://localhost:3000/_next/static/chunks/node_modules_next_dist_1e8vcs8._.js:776
[  264675ms] [LOG] [Fast Refresh] done in 15ms @ http://localhost:3000/_next/static/chunks/node_modules_next_dist_1e8vcs8._.js:776
[  264716ms] [LOG] [Fast Refresh] done in 15ms @ http://localhost:3000/_next/static/chunks/node_modules_next_dist_1e8vcs8._.js:776
[  264766ms] [LOG] [Fast Refresh] done in 15ms @ http://localhost:3000/_next/static/chunks/node_modules_next_dist_1e8vcs8._.js:776
[  264810ms] [LOG] [Fast Refresh] done in 15ms @ http://localhost:3000/_next/static/chunks/node_modules_next_dist_1e8vcs8._.js:776
[  264856ms] [LOG] [Fast Refresh] done in 15ms @ http://localhost:3000/_next/static/chunks/node_modules_next_dist_1e8vcs8._.js:776
[  264900ms] [LOG] [Fast Refresh] done in 15ms @ http://localhost:3000/_next/static/chunks/node_modules_next_dist_1e8vcs8._.js:776
[  264939ms] [LOG] [Fast Refresh] done in 15ms @ http://localhost:3000/_next/static/chunks/node_modules_next_dist_1e8vcs8._.js:776
[  264982ms] [LOG] [Fast Refresh] done in 15ms @ http://localhost:3000/_next/static/chunks/node_modules_next_dist_1e8vcs8._.js:776
[  265028ms] [LOG] [Fast Refresh] done in 15ms @ http://localhost:3000/_next/static/chunks/node_modules_next_dist_1e8vcs8._.js:776
[  265074ms] [LOG] [Fast Refresh] done in 15ms @ http://localhost:3000/_next/static/chunks/node_modules_next_dist_1e8vcs8._.js:776
[  265123ms] [LOG] [Fast Refresh] done in 15ms @ http://localhost:3000/_next/static/chunks/node_modules_next_dist_1e8vcs8._.js:776
[  265166ms] [LOG] [Fast Refresh] done in 15ms @ http://localhost:3000/_next/static/chunks/node_modules_next_dist_1e8vcs8._.js:776
[  265205ms] [LOG] [Fast Refresh] done in 15ms @ http://localhost:3000/_next/static/chunks/node_modules_next_dist_1e8vcs8._.js:776
[  265249ms] [LOG] [Fast Refresh] done in 15ms @ http://localhost:3000/_next/static/chunks/node_modules_next_dist_1e8vcs8._.js:776
[  265294ms] [LOG] [Fast Refresh] done in 15ms @ http://localhost:3000/_next/static/chunks/node_modules_next_dist_1e8vcs8._.js:776
[  265335ms] [LOG] [Fast Refresh] done in 15ms @ http://localhost:3000/_next/static/chunks/node_modules_next_dist_1e8vcs8._.js:776
[  265383ms] [LOG] [Fast Refresh] done in 15ms @ http://localhost:3000/_next/static/chunks/node_modules_next_dist_1e8vcs8._.js:776
[  265433ms] [LOG] [Fast Refresh] done in 15ms @ http://localhost:3000/_next/static/chunks/node_modules_next_dist_1e8vcs8._.js:776
[  265477ms] [LOG] [Fast Refresh] done in 15ms @ http://localhost:3000/_next/static/chunks/node_modules_next_dist_1e8vcs8._.js:776
[  265527ms] [LOG] [Fast Refresh] done in 15ms @ http://localhost:3000/_next/static/chunks/node_modules_next_dist_1e8vcs8._.js:776
[  265572ms] [LOG] [Fast Refresh] done in 15ms @ http://localhost:3000/_next/static/chunks/node_modules_next_dist_1e8vcs8._.js:776
[  265616ms] [LOG] [Fast Refresh] done in 15ms @ http://localhost:3000/_next/static/chunks/node_modules_next_dist_1e8vcs8._.js:776
[  265656ms] [LOG] [Fast Refresh] done in 15ms @ http://localhost:3000/_next/static/chunks/node_modules_next_dist_1e8vcs8._.js:776
[  265699ms] [LOG] [Fast Refresh] done in 15ms @ http://localhost:3000/_next/static/chunks/node_modules_next_dist_1e8vcs8._.js:776
[  265739ms] [LOG] [Fast Refresh] done in 15ms @ http://localhost:3000/_next/static/chunks/node_modules_next_dist_1e8vcs8._.js:776
[  265783ms] [LOG] [Fast Refresh] done in 15ms @ http://localhost:3000/_next/static/chunks/node_modules_next_dist_1e8vcs8._.js:776
[  265825ms] [LOG] [Fast Refresh] done in 15ms @ http://localhost:3000/_next/static/chunks/node_modules_next_dist_1e8vcs8._.js:776
[  265866ms] [LOG] [Fast Refresh] done in 15ms @ http://localhost:3000/_next/static/chunks/node_modules_next_dist_1e8vcs8._.js:776
[  265916ms] [LOG] [Fast Refresh] done in 15ms @ http://localhost:3000/_next/static/chunks/node_modules_next_dist_1e8vcs8._.js:776
[  265960ms] [LOG] [Fast Refresh] done in 15ms @ http://localhost:3000/_next/static/chunks/node_modules_next_dist_1e8vcs8._.js:776
[  266008ms] [LOG] [Fast Refresh] done in 15ms @ http://localhost:3000/_next/static/chunks/node_modules_next_dist_1e8vcs8._.js:776
[  266049ms] [LOG] [Fast Refresh] done in 15ms @ http://localhost:3000/_next/static/chunks/node_modules_next_dist_1e8vcs8._.js:776
[  266099ms] [LOG] [Fast Refresh] done in 15ms @ http://localhost:3000/_next/static/chunks/node_modules_next_dist_1e8vcs8._.js:776
[  266149ms] [LOG] [Fast Refresh] done in 15ms @ http://localhost:3000/_next/static/chunks/node_modules_next_dist_1e8vcs8._.js:776
[  266199ms] [LOG] [Fast Refresh] done in 15ms @ http://localhost:3000/_next/static/chunks/node_modules_next_dist_1e8vcs8._.js:776
[  266249ms] [LOG] [Fast Refresh] done in 15ms @ http://localhost:3000/_next/static/chunks/node_modules_next_dist_1e8vcs8._.js:776
[  266291ms] [LOG] [Fast Refresh] done in 15ms @ http://localhost:3000/_next/static/chunks/node_modules_next_dist_1e8vcs8._.js:776
[  266334ms] [LOG] [Fast Refresh] done in 15ms @ http://localhost:3000/_next/static/chunks/node_modules_next_dist_1e8vcs8._.js:776
[  266375ms] [LOG] [Fast Refresh] done in 15ms @ http://localhost:3000/_next/static/chunks/node_modules_next_dist_1e8vcs8._.js:776
[  266416ms] [LOG] [Fast Refresh] done in 15ms @ http://localhost:3000/_next/static/chunks/node_modules_next_dist_1e8vcs8._.js:776
[  266456ms] [LOG] [Fast Refresh] done in 15ms @ http://localhost:3000/_next/static/chunks/node_modules_next_dist_1e8vcs8._.js:776
[  266499ms] [LOG] [Fast Refresh] done in 15ms @ http://localhost:3000/_next/static/chunks/node_modules_next_dist_1e8vcs8._.js:776
[  266550ms] [LOG] [Fast Refresh] done in 15ms @ http://localhost:3000/_next/static/chunks/node_modules_next_dist_1e8vcs8._.js:776
[  266592ms] [LOG] [Fast Refresh] done in 15ms @ http://localhost:3000/_next/static/chunks/node_modules_next_dist_1e8vcs8._.js:776
[  266635ms] [LOG] [Fast Refresh] done in 15ms @ http://localhost:3000/_next/static/chunks/node_modules_next_dist_1e8vcs8._.js:776
[  266687ms] [LOG] [Fast Refresh] done in 15ms @ http://localhost:3000/_next/static/chunks/node_modules_next_dist_1e8vcs8._.js:776
[  266732ms] [LOG] [Fast Refresh] done in 15ms @ http://localhost:3000/_next/static/chunks/node_modules_next_dist_1e8vcs8._.js:776
[  266775ms] [LOG] [Fast Refresh] done in 15ms @ http://localhost:3000/_next/static/chunks/node_modules_next_dist_1e8vcs8._.js:776
[  266816ms] [LOG] [Fast Refresh] done in 15ms @ http://localhost:3000/_next/static/chunks/node_modules_next_dist_1e8vcs8._.js:776
[  266856ms] [LOG] [Fast Refresh] done in 15ms @ http://localhost:3000/_next/static/chunks/node_modules_next_dist_1e8vcs8._.js:776
[  266901ms] [LOG] [Fast Refresh] done in 15ms @ http://localhost:3000/_next/static/chunks/node_modules_next_dist_1e8vcs8._.js:776
[  266949ms] [LOG] [Fast Refresh] done in 15ms @ http://localhost:3000/_next/static/chunks/node_modules_next_dist_1e8vcs8._.js:776
[  266991ms] [LOG] [Fast Refresh] done in 15ms @ http://localhost:3000/_next/static/chunks/node_modules_next_dist_1e8vcs8._.js:776
[  267032ms] [LOG] [Fast Refresh] done in 15ms @ http://localhost:3000/_next/static/chunks/node_modules_next_dist_1e8vcs8._.js:776
[  267075ms] [LOG] [Fast Refresh] done in 15ms @ http://localhost:3000/_next/static/chunks/node_modules_next_dist_1e8vcs8._.js:776
[  267122ms] [LOG] [Fast Refresh] done in 15ms @ http://localhost:3000/_next/static/chunks/node_modules_next_dist_1e8vcs8._.js:776
[  267166ms] [LOG] [Fast Refresh] done in 15ms @ http://localhost:3000/_next/static/chunks/node_modules_next_dist_1e8vcs8._.js:776
[  267206ms] [LOG] [Fast Refresh] done in 15ms @ http://localhost:3000/_next/static/chunks/node_modules_next_dist_1e8vcs8._.js:776
[  267249ms] [LOG] [Fast Refresh] done in 15ms @ http://localhost:3000/_next/static/chunks/node_modules_next_dist_1e8vcs8._.js:776
[  267292ms] [LOG] [Fast Refresh] done in 15ms @ http://localhost:3000/_next/static/chunks/node_modules_next_dist_1e8vcs8._.js:776
[  267350ms] [LOG] [Fast Refresh] done in 15ms @ http://localhost:3000/_next/static/chunks/node_modules_next_dist_1e8vcs8._.js:776
[  267400ms] [LOG] [Fast Refresh] done in 15ms @ http://localhost:3000/_next/static/chunks/node_modules_next_dist_1e8vcs8._.js:776
[  267449ms] [LOG] [Fast Refresh] done in 15ms @ http://localhost:3000/_next/static/chunks/node_modules_next_dist_1e8vcs8._.js:776
[  267500ms] [LOG] [Fast Refresh] done in 15ms @ http://localhost:3000/_next/static/chunks/node_modules_next_dist_1e8vcs8._.js:776
[  267539ms] [LOG] [Fast Refresh] done in 15ms @ http://localhost:3000/_next/static/chunks/node_modules_next_dist_1e8vcs8._.js:776
[  267584ms] [LOG] [Fast Refresh] done in 15ms @ http://localhost:3000/_next/static/chunks/node_modules_next_dist_1e8vcs8._.js:776
[  267633ms] [LOG] [Fast Refresh] done in 15ms @ http://localhost:3000/_next/static/chunks/node_modules_next_dist_1e8vcs8._.js:776
[  267685ms] [LOG] [Fast Refresh] done in 15ms @ http://localhost:3000/_next/static/chunks/node_modules_next_dist_1e8vcs8._.js:776
[  267733ms] [LOG] [Fast Refresh] done in 15ms @ http://localhost:3000/_next/static/chunks/node_modules_next_dist_1e8vcs8._.js:776
[  267777ms] [LOG] [Fast Refresh] done in 15ms @ http://localhost:3000/_next/static/chunks/node_modules_next_dist_1e8vcs8._.js:776
[  267834ms] [LOG] [Fast Refresh] done in 15ms @ http://localhost:3000/_next/static/chunks/node_modules_next_dist_1e8vcs8._.js:776
[  267883ms] [LOG] [Fast Refresh] done in 15ms @ http://localhost:3000/_next/static/chunks/node_modules_next_dist_1e8vcs8._.js:776
[  267938ms] [LOG] [Fast Refresh] done in 15ms @ http://localhost:3000/_next/static/chunks/node_modules_next_dist_1e8vcs8._.js:776
[  267989ms] [LOG] [Fast Refresh] done in 15ms @ http://localhost:3000/_next/static/chunks/node_modules_next_dist_1e8vcs8._.js:776
[  268032ms] [LOG] [Fast Refresh] done in 15ms @ http://localhost:3000/_next/static/chunks/node_modules_next_dist_1e8vcs8._.js:776
[  268084ms] [LOG] [Fast Refresh] done in 15ms @ http://localhost:3000/_next/static/chunks/node_modules_next_dist_1e8vcs8._.js:776
[  268132ms] [LOG] [Fast Refresh] done in 15ms @ http://localhost:3000/_next/static/chunks/node_modules_next_dist_1e8vcs8._.js:776
[  268174ms] [LOG] [Fast Refresh] done in 15ms @ http://localhost:3000/_next/static/chunks/node_modules_next_dist_1e8vcs8._.js:776
[  268216ms] [LOG] [Fast Refresh] done in 15ms @ http://localhost:3000/_next/static/chunks/node_modules_next_dist_1e8vcs8._.js:776
[  268259ms] [LOG] [Fast Refresh] done in 15ms @ http://localhost:3000/_next/static/chunks/node_modules_next_dist_1e8vcs8._.js:776
[  268300ms] [LOG] [Fast Refresh] done in 15ms @ http://localhost:3000/_next/static/chunks/node_modules_next_dist_1e8vcs8._.js:776
[  268350ms] [LOG] [Fast Refresh] done in 15ms @ http://localhost:3000/_next/static/chunks/node_modules_next_dist_1e8vcs8._.js:776
[  268399ms] [LOG] [Fast Refresh] done in 15ms @ http://localhost:3000/_next/static/chunks/node_modules_next_dist_1e8vcs8._.js:776
[  268450ms] [LOG] [Fast Refresh] done in 15ms @ http://localhost:3000/_next/static/chunks/node_modules_next_dist_1e8vcs8._.js:776
[  268498ms] [LOG] [Fast Refresh] done in 15ms @ http://localhost:3000/_next/static/chunks/node_modules_next_dist_1e8vcs8._.js:776
[  268542ms] [LOG] [Fast Refresh] done in 15ms @ http://localhost:3000/_next/static/chunks/node_modules_next_dist_1e8vcs8._.js:776
[  268582ms] [LOG] [Fast Refresh] done in 15ms @ http://localhost:3000/_next/static/chunks/node_modules_next_dist_1e8vcs8._.js:776
[  268634ms] [LOG] [Fast Refresh] done in 15ms @ http://localhost:3000/_next/static/chunks/node_modules_next_dist_1e8vcs8._.js:776
[  268683ms] [LOG] [Fast Refresh] done in 15ms @ http://localhost:3000/_next/static/chunks/node_modules_next_dist_1e8vcs8._.js:776
[  268732ms] [LOG] [Fast Refresh] done in 15ms @ http://localhost:3000/_next/static/chunks/node_modules_next_dist_1e8vcs8._.js:776
[  268773ms] [LOG] [Fast Refresh] done in 15ms @ http://localhost:3000/_next/static/chunks/node_modules_next_dist_1e8vcs8._.js:776
[  268817ms] [LOG] [Fast Refresh] done in 15ms @ http://localhost:3000/_next/static/chunks/node_modules_next_dist_1e8vcs8._.js:776
[  268860ms] [LOG] [Fast Refresh] done in 15ms @ http://localhost:3000/_next/static/chunks/node_modules_next_dist_1e8vcs8._.js:776
[  268900ms] [LOG] [Fast Refresh] done in 15ms @ http://localhost:3000/_next/static/chunks/node_modules_next_dist_1e8vcs8._.js:776
[  268949ms] [LOG] [Fast Refresh] done in 15ms @ http://localhost:3000/_next/static/chunks/node_modules_next_dist_1e8vcs8._.js:776
[  268990ms] [LOG] [Fast Refresh] done in 15ms @ http://localhost:3000/_next/static/chunks/node_modules_next_dist_1e8vcs8._.js:776
[  269033ms] [LOG] [Fast Refresh] done in 15ms @ http://localhost:3000/_next/static/chunks/node_modules_next_dist_1e8vcs8._.js:776
[  269082ms] [LOG] [Fast Refresh] done in 15ms @ http://localhost:3000/_next/static/chunks/node_modules_next_dist_1e8vcs8._.js:776
[  269123ms] [LOG] [Fast Refresh] done in 15ms @ http://localhost:3000/_next/static/chunks/node_modules_next_dist_1e8vcs8._.js:776
[  269166ms] [LOG] [Fast Refresh] done in 15ms @ http://localhost:3000/_next/static/chunks/node_modules_next_dist_1e8vcs8._.js:776
[  269216ms] [LOG] [Fast Refresh] done in 15ms @ http://localhost:3000/_next/static/chunks/node_modules_next_dist_1e8vcs8._.js:776
[  269264ms] [LOG] [Fast Refresh] done in 15ms @ http://localhost:3000/_next/static/chunks/node_modules_next_dist_1e8vcs8._.js:776
[  269316ms] [LOG] [Fast Refresh] done in 15ms @ http://localhost:3000/_next/static/chunks/node_modules_next_dist_1e8vcs8._.js:776
[  269365ms] [LOG] [Fast Refresh] done in 15ms @ http://localhost:3000/_next/static/chunks/node_modules_next_dist_1e8vcs8._.js:776
[  269423ms] [LOG] [Fast Refresh] done in 15ms @ http://localhost:3000/_next/static/chunks/node_modules_next_dist_1e8vcs8._.js:776
[  269473ms] [LOG] [Fast Refresh] done in 15ms @ http://localhost:3000/_next/static/chunks/node_modules_next_dist_1e8vcs8._.js:776
[  269524ms] [LOG] [Fast Refresh] done in 15ms @ http://localhost:3000/_next/static/chunks/node_modules_next_dist_1e8vcs8._.js:776
[  269573ms] [LOG] [Fast Refresh] done in 15ms @ http://localhost:3000/_next/static/chunks/node_modules_next_dist_1e8vcs8._.js:776
[  269622ms] [LOG] [Fast Refresh] done in 15ms @ http://localhost:3000/_next/static/chunks/node_modules_next_dist_1e8vcs8._.js:776
[  269672ms] [LOG] [Fast Refresh] done in 15ms @ http://localhost:3000/_next/static/chunks/node_modules_next_dist_1e8vcs8._.js:776
[  269722ms] [LOG] [Fast Refresh] done in 15ms @ http://localhost:3000/_next/static/chunks/node_modules_next_dist_1e8vcs8._.js:776
[  269771ms] [LOG] [Fast Refresh] done in 15ms @ http://localhost:3000/_next/static/chunks/node_modules_next_dist_1e8vcs8._.js:776
[  269823ms] [LOG] [Fast Refresh] done in 15ms @ http://localhost:3000/_next/static/chunks/node_modules_next_dist_1e8vcs8._.js:776
[  269871ms] [LOG] [Fast Refresh] done in 15ms @ http://localhost:3000/_next/static/chunks/node_modules_next_dist_1e8vcs8._.js:776
[  269922ms] [LOG] [Fast Refresh] done in 15ms @ http://localhost:3000/_next/static/chunks/node_modules_next_dist_1e8vcs8._.js:776
[  269972ms] [LOG] [Fast Refresh] done in 15ms @ http://localhost:3000/_next/static/chunks/node_modules_next_dist_1e8vcs8._.js:776
[  270022ms] [LOG] [Fast Refresh] done in 15ms @ http://localhost:3000/_next/static/chunks/node_modules_next_dist_1e8vcs8._.js:776
[  270073ms] [LOG] [Fast Refresh] done in 15ms @ http://localhost:3000/_next/static/chunks/node_modules_next_dist_1e8vcs8._.js:776
[  270123ms] [LOG] [Fast Refresh] done in 15ms @ http://localhost:3000/_next/static/chunks/node_modules_next_dist_1e8vcs8._.js:776
[  270171ms] [LOG] [Fast Refresh] done in 15ms @ http://localhost:3000/_next/static/chunks/node_modules_next_dist_1e8vcs8._.js:776
[  270223ms] [LOG] [Fast Refresh] done in 15ms @ http://localhost:3000/_next/static/chunks/node_modules_next_dist_1e8vcs8._.js:776
[  270271ms] [LOG] [Fast Refresh] done in 15ms @ http://localhost:3000/_next/static/chunks/node_modules_next_dist_1e8vcs8._.js:776
[  270325ms] [LOG] [Fast Refresh] done in 15ms @ http://localhost:3000/_next/static/chunks/node_modules_next_dist_1e8vcs8._.js:776
[  270375ms] [LOG] [Fast Refresh] done in 15ms @ http://localhost:3000/_next/static/chunks/node_modules_next_dist_1e8vcs8._.js:776
[  270423ms] [LOG] [Fast Refresh] done in 15ms @ http://localhost:3000/_next/static/chunks/node_modules_next_dist_1e8vcs8._.js:776
[  270488ms] [LOG] [Fast Refresh] done in 15ms @ http://localhost:3000/_next/static/chunks/node_modules_next_dist_1e8vcs8._.js:776
[  270538ms] [LOG] [Fast Refresh] done in 15ms @ http://localhost:3000/_next/static/chunks/node_modules_next_dist_1e8vcs8._.js:776
[  270588ms] [LOG] [Fast Refresh] done in 15ms @ http://localhost:3000/_next/static/chunks/node_modules_next_dist_1e8vcs8._.js:776
[  270624ms] [LOG] [Fast Refresh] done in 15ms @ http://localhost:3000/_next/static/chunks/node_modules_next_dist_1e8vcs8._.js:776
[  270672ms] [LOG] [Fast Refresh] done in 15ms @ http://localhost:3000/_next/static/chunks/node_modules_next_dist_1e8vcs8._.js:776
[  270722ms] [LOG] [Fast Refresh] done in 15ms @ http://localhost:3000/_next/static/chunks/node_modules_next_dist_1e8vcs8._.js:776
[  270772ms] [LOG] [Fast Refresh] done in 15ms @ http://localhost:3000/_next/static/chunks/node_modules_next_dist_1e8vcs8._.js:776
[  270823ms] [LOG] [Fast Refresh] done in 15ms @ http://localhost:3000/_next/static/chunks/node_modules_next_dist_1e8vcs8._.js:776
[  270872ms] [LOG] [Fast Refresh] done in 15ms @ http://localhost:3000/_next/static/chunks/node_modules_next_dist_1e8vcs8._.js:776
[  270938ms] [LOG] [Fast Refresh] done in 15ms @ http://localhost:3000/_next/static/chunks/node_modules_next_dist_1e8vcs8._.js:776
[  270989ms] [LOG] [Fast Refresh] done in 15ms @ http://localhost:3000/_next/static/chunks/node_modules_next_dist_1e8vcs8._.js:776
[  271040ms] [LOG] [Fast Refresh] done in 15ms @ http://localhost:3000/_next/static/chunks/node_modules_next_dist_1e8vcs8._.js:776
[  271088ms] [LOG] [Fast Refresh] done in 15ms @ http://localhost:3000/_next/static/chunks/node_modules_next_dist_1e8vcs8._.js:776
[  271139ms] [LOG] [Fast Refresh] done in 15ms @ http://localhost:3000/_next/static/chunks/node_modules_next_dist_1e8vcs8._.js:776
[  271189ms] [LOG] [Fast Refresh] done in 15ms @ http://localhost:3000/_next/static/chunks/node_modules_next_dist_1e8vcs8._.js:776
[  271239ms] [LOG] [Fast Refresh] done in 15ms @ http://localhost:3000/_next/static/chunks/node_modules_next_dist_1e8vcs8._.js:776
[  271288ms] [LOG] [Fast Refresh] done in 15ms @ http://localhost:3000/_next/static/chunks/node_modules_next_dist_1e8vcs8._.js:776
[  271339ms] [LOG] [Fast Refresh] done in 15ms @ http://localhost:3000/_next/static/chunks/node_modules_next_dist_1e8vcs8._.js:776
[  271388ms] [LOG] [Fast Refresh] done in 15ms @ http://localhost:3000/_next/static/chunks/node_modules_next_dist_1e8vcs8._.js:776
[  271439ms] [LOG] [Fast Refresh] done in 15ms @ http://localhost:3000/_next/static/chunks/node_modules_next_dist_1e8vcs8._.js:776
[  271489ms] [LOG] [Fast Refresh] done in 15ms @ http://localhost:3000/_next/static/chunks/node_modules_next_dist_1e8vcs8._.js:776
[  271538ms] [LOG] [Fast Refresh] done in 15ms @ http://localhost:3000/_next/static/chunks/node_modules_next_dist_1e8vcs8._.js:776
[  271589ms] [LOG] [Fast Refresh] done in 15ms @ http://localhost:3000/_next/static/chunks/node_modules_next_dist_1e8vcs8._.js:776
[  271639ms] [LOG] [Fast Refresh] done in 15ms @ http://localhost:3000/_next/static/chunks/node_modules_next_dist_1e8vcs8._.js:776
[  271688ms] [LOG] [Fast Refresh] done in 15ms @ http://localhost:3000/_next/static/chunks/node_modules_next_dist_1e8vcs8._.js:776
[  271739ms] [LOG] [Fast Refresh] done in 15ms @ http://localhost:3000/_next/static/chunks/node_modules_next_dist_1e8vcs8._.js:776
[  271788ms] [LOG] [Fast Refresh] done in 15ms @ http://localhost:3000/_next/static/chunks/node_modules_next_dist_1e8vcs8._.js:776
[  271838ms] [LOG] [Fast Refresh] done in 15ms @ http://localhost:3000/_next/static/chunks/node_modules_next_dist_1e8vcs8._.js:776
[  271876ms] [LOG] [Fast Refresh] done in 15ms @ http://localhost:3000/_next/static/chunks/node_modules_next_dist_1e8vcs8._.js:776
[  271922ms] [LOG] [Fast Refresh] done in 15ms @ http://localhost:3000/_next/static/chunks/node_modules_next_dist_1e8vcs8._.js:776
[  271973ms] [LOG] [Fast Refresh] done in 15ms @ http://localhost:3000/_next/static/chunks/node_modules_next_dist_1e8vcs8._.js:776
[  272038ms] [LOG] [Fast Refresh] done in 15ms @ http://localhost:3000/_next/static/chunks/node_modules_next_dist_1e8vcs8._.js:776
[  272089ms] [LOG] [Fast Refresh] done in 15ms @ http://localhost:3000/_next/static/chunks/node_modules_next_dist_1e8vcs8._.js:776
[  272138ms] [LOG] [Fast Refresh] done in 15ms @ http://localhost:3000/_next/static/chunks/node_modules_next_dist_1e8vcs8._.js:776
[  272188ms] [LOG] [Fast Refresh] done in 15ms @ http://localhost:3000/_next/static/chunks/node_modules_next_dist_1e8vcs8._.js:776
[  272238ms] [LOG] [Fast Refresh] done in 15ms @ http://localhost:3000/_next/static/chunks/node_modules_next_dist_1e8vcs8._.js:776
[  272289ms] [LOG] [Fast Refresh] done in 15ms @ http://localhost:3000/_next/static/chunks/node_modules_next_dist_1e8vcs8._.js:776
[  272338ms] [LOG] [Fast Refresh] done in 15ms @ http://localhost:3000/_next/static/chunks/node_modules_next_dist_1e8vcs8._.js:776
[  272390ms] [LOG] [Fast Refresh] done in 15ms @ http://localhost:3000/_next/static/chunks/node_modules_next_dist_1e8vcs8._.js:776
[  272439ms] [LOG] [Fast Refresh] done in 15ms @ http://localhost:3000/_next/static/chunks/node_modules_next_dist_1e8vcs8._.js:776
[  272488ms] [LOG] [Fast Refresh] done in 15ms @ http://localhost:3000/_next/static/chunks/node_modules_next_dist_1e8vcs8._.js:776
[  272538ms] [LOG] [Fast Refresh] done in 15ms @ http://localhost:3000/_next/static/chunks/node_modules_next_dist_1e8vcs8._.js:776
[  272589ms] [LOG] [Fast Refresh] done in 15ms @ http://localhost:3000/_next/static/chunks/node_modules_next_dist_1e8vcs8._.js:776
[  272638ms] [LOG] [Fast Refresh] done in 15ms @ http://localhost:3000/_next/static/chunks/node_modules_next_dist_1e8vcs8._.js:776
[  272689ms] [LOG] [Fast Refresh] done in 15ms @ http://localhost:3000/_next/static/chunks/node_modules_next_dist_1e8vcs8._.js:776
[  272739ms] [LOG] [Fast Refresh] done in 15ms @ http://localhost:3000/_next/static/chunks/node_modules_next_dist_1e8vcs8._.js:776
[  272789ms] [LOG] [Fast Refresh] done in 15ms @ http://localhost:3000/_next/static/chunks/node_modules_next_dist_1e8vcs8._.js:776
[  272838ms] [LOG] [Fast Refresh] done in 15ms @ http://localhost:3000/_next/static/chunks/node_modules_next_dist_1e8vcs8._.js:776
[  272889ms] [LOG] [Fast Refresh] done in 15ms @ http://localhost:3000/_next/static/chunks/node_modules_next_dist_1e8vcs8._.js:776
[  272939ms] [LOG] [Fast Refresh] done in 15ms @ http://localhost:3000/_next/static/chunks/node_modules_next_dist_1e8vcs8._.js:776
[  272989ms] [LOG] [Fast Refresh] done in 15ms @ http://localhost:3000/_next/static/chunks/node_modules_next_dist_1e8vcs8._.js:776
[  273039ms] [LOG] [Fast Refresh] done in 15ms @ http://localhost:3000/_next/static/chunks/node_modules_next_dist_1e8vcs8._.js:776
[  273088ms] [LOG] [Fast Refresh] done in 15ms @ http://localhost:3000/_next/static/chunks/node_modules_next_dist_1e8vcs8._.js:776
[  273139ms] [LOG] [Fast Refresh] done in 15ms @ http://localhost:3000/_next/static/chunks/node_modules_next_dist_1e8vcs8._.js:776
[  273189ms] [LOG] [Fast Refresh] done in 15ms @ http://localhost:3000/_next/static/chunks/node_modules_next_dist_1e8vcs8._.js:776
[  273238ms] [LOG] [Fast Refresh] done in 15ms @ http://localhost:3000/_next/static/chunks/node_modules_next_dist_1e8vcs8._.js:776
[  273288ms] [LOG] [Fast Refresh] done in 15ms @ http://localhost:3000/_next/static/chunks/node_modules_next_dist_1e8vcs8._.js:776
[  273342ms] [LOG] [Fast Refresh] done in 15ms @ http://localhost:3000/_next/static/chunks/node_modules_next_dist_1e8vcs8._.js:776
[  273390ms] [LOG] [Fast Refresh] done in 15ms @ http://localhost:3000/_next/static/chunks/node_modules_next_dist_1e8vcs8._.js:776
[  273438ms] [LOG] [Fast Refresh] done in 15ms @ http://localhost:3000/_next/static/chunks/node_modules_next_dist_1e8vcs8._.js:776
[  273488ms] [LOG] [Fast Refresh] done in 15ms @ http://localhost:3000/_next/static/chunks/node_modules_next_dist_1e8vcs8._.js:776
[  273539ms] [LOG] [Fast Refresh] done in 15ms @ http://localhost:3000/_next/static/chunks/node_modules_next_dist_1e8vcs8._.js:776
[  273588ms] [LOG] [Fast Refresh] done in 15ms @ http://localhost:3000/_next/static/chunks/node_modules_next_dist_1e8vcs8._.js:776
[  273638ms] [LOG] [Fast Refresh] done in 15ms @ http://localhost:3000/_next/static/chunks/node_modules_next_dist_1e8vcs8._.js:776
[  273689ms] [LOG] [Fast Refresh] done in 15ms @ http://localhost:3000/_next/static/chunks/node_modules_next_dist_1e8vcs8._.js:776
[  273740ms] [LOG] [Fast Refresh] done in 15ms @ http://localhost:3000/_next/static/chunks/node_modules_next_dist_1e8vcs8._.js:776
[  273789ms] [LOG] [Fast Refresh] done in 15ms @ http://localhost:3000/_next/static/chunks/node_modules_next_dist_1e8vcs8._.js:776
[  273838ms] [LOG] [Fast Refresh] done in 15ms @ http://localhost:3000/_next/static/chunks/node_modules_next_dist_1e8vcs8._.js:776
[  273889ms] [LOG] [Fast Refresh] done in 15ms @ http://localhost:3000/_next/static/chunks/node_modules_next_dist_1e8vcs8._.js:776
[  273939ms] [LOG] [Fast Refresh] done in 15ms @ http://localhost:3000/_next/static/chunks/node_modules_next_dist_1e8vcs8._.js:776
[  273989ms] [LOG] [Fast Refresh] done in 15ms @ http://localhost:3000/_next/static/chunks/node_modules_next_dist_1e8vcs8._.js:776
[  274039ms] [LOG] [Fast Refresh] done in 15ms @ http://localhost:3000/_next/static/chunks/node_modules_next_dist_1e8vcs8._.js:776
[  274088ms] [LOG] [Fast Refresh] done in 15ms @ http://localhost:3000/_next/static/chunks/node_modules_next_dist_1e8vcs8._.js:776
[  274138ms] [LOG] [Fast Refresh] done in 15ms @ http://localhost:3000/_next/static/chunks/node_modules_next_dist_1e8vcs8._.js:776
[  274189ms] [LOG] [Fast Refresh] done in 15ms @ http://localhost:3000/_next/static/chunks/node_modules_next_dist_1e8vcs8._.js:776
[  274238ms] [LOG] [Fast Refresh] done in 15ms @ http://localhost:3000/_next/static/chunks/node_modules_next_dist_1e8vcs8._.js:776
[  274289ms] [LOG] [Fast Refresh] done in 15ms @ http://localhost:3000/_next/static/chunks/node_modules_next_dist_1e8vcs8._.js:776
[  274340ms] [LOG] [Fast Refresh] done in 15ms @ http://localhost:3000/_next/static/chunks/node_modules_next_dist_1e8vcs8._.js:776
[  274389ms] [LOG] [Fast Refresh] done in 15ms @ http://localhost:3000/_next/static/chunks/node_modules_next_dist_1e8vcs8._.js:776
[  274439ms] [LOG] [Fast Refresh] done in 15ms @ http://localhost:3000/_next/static/chunks/node_modules_next_dist_1e8vcs8._.js:776
[  274489ms] [LOG] [Fast Refresh] done in 15ms @ http://localhost:3000/_next/static/chunks/node_modules_next_dist_1e8vcs8._.js:776
[  274539ms] [LOG] [Fast Refresh] done in 15ms @ http://localhost:3000/_next/static/chunks/node_modules_next_dist_1e8vcs8._.js:776
[  274590ms] [LOG] [Fast Refresh] done in 15ms @ http://localhost:3000/_next/static/chunks/node_modules_next_dist_1e8vcs8._.js:776
[  274639ms] [LOG] [Fast Refresh] done in 15ms @ http://localhost:3000/_next/static/chunks/node_modules_next_dist_1e8vcs8._.js:776
[  274688ms] [LOG] [Fast Refresh] done in 15ms @ http://localhost:3000/_next/static/chunks/node_modules_next_dist_1e8vcs8._.js:776
[  274738ms] [LOG] [Fast Refresh] done in 15ms @ http://localhost:3000/_next/static/chunks/node_modules_next_dist_1e8vcs8._.js:776
[  274788ms] [LOG] [Fast Refresh] done in 15ms @ http://localhost:3000/_next/static/chunks/node_modules_next_dist_1e8vcs8._.js:776
[  274839ms] [LOG] [Fast Refresh] done in 15ms @ http://localhost:3000/_next/static/chunks/node_modules_next_dist_1e8vcs8._.js:776
[  274889ms] [LOG] [Fast Refresh] done in 15ms @ http://localhost:3000/_next/static/chunks/node_modules_next_dist_1e8vcs8._.js:776
[  274939ms] [LOG] [Fast Refresh] done in 15ms @ http://localhost:3000/_next/static/chunks/node_modules_next_dist_1e8vcs8._.js:776
[  274988ms] [LOG] [Fast Refresh] done in 15ms @ http://localhost:3000/_next/static/chunks/node_modules_next_dist_1e8vcs8._.js:776
[  275039ms] [LOG] [Fast Refresh] done in 15ms @ http://localhost:3000/_next/static/chunks/node_modules_next_dist_1e8vcs8._.js:776
[  275090ms] [LOG] [Fast Refresh] done in 15ms @ http://localhost:3000/_next/static/chunks/node_modules_next_dist_1e8vcs8._.js:776
[  275139ms] [LOG] [Fast Refresh] done in 15ms @ http://localhost:3000/_next/static/chunks/node_modules_next_dist_1e8vcs8._.js:776
[  275187ms] [LOG] [Fast Refresh] done in 15ms @ http://localhost:3000/_next/static/chunks/node_modules_next_dist_1e8vcs8._.js:776
[  275239ms] [LOG] [Fast Refresh] done in 15ms @ http://localhost:3000/_next/static/chunks/node_modules_next_dist_1e8vcs8._.js:776
[  275288ms] [LOG] [Fast Refresh] done in 15ms @ http://localhost:3000/_next/static/chunks/node_modules_next_dist_1e8vcs8._.js:776
[  275338ms] [LOG] [Fast Refresh] done in 15ms @ http://localhost:3000/_next/static/chunks/node_modules_next_dist_1e8vcs8._.js:776
[  275389ms] [LOG] [Fast Refresh] done in 15ms @ http://localhost:3000/_next/static/chunks/node_modules_next_dist_1e8vcs8._.js:776
[  275439ms] [LOG] [Fast Refresh] done in 15ms @ http://localhost:3000/_next/static/chunks/node_modules_next_dist_1e8vcs8._.js:776
[  275490ms] [LOG] [Fast Refresh] done in 15ms @ http://localhost:3000/_next/static/chunks/node_modules_next_dist_1e8vcs8._.js:776
[  275539ms] [LOG] [Fast Refresh] done in 15ms @ http://localhost:3000/_next/static/chunks/node_modules_next_dist_1e8vcs8._.js:776
[  275589ms] [LOG] [Fast Refresh] done in 15ms @ http://localhost:3000/_next/static/chunks/node_modules_next_dist_1e8vcs8._.js:776
[  275639ms] [LOG] [Fast Refresh] done in 15ms @ http://localhost:3000/_next/static/chunks/node_modules_next_dist_1e8vcs8._.js:776
[  275689ms] [LOG] [Fast Refresh] done in 15ms @ http://localhost:3000/_next/static/chunks/node_modules_next_dist_1e8vcs8._.js:776
[  275739ms] [LOG] [Fast Refresh] done in 15ms @ http://localhost:3000/_next/static/chunks/node_modules_next_dist_1e8vcs8._.js:776
[  275788ms] [LOG] [Fast Refresh] done in 15ms @ http://localhost:3000/_next/static/chunks/node_modules_next_dist_1e8vcs8._.js:776
[  275838ms] [LOG] [Fast Refresh] done in 15ms @ http://localhost:3000/_next/static/chunks/node_modules_next_dist_1e8vcs8._.js:776
[  275888ms] [LOG] [Fast Refresh] done in 15ms @ http://localhost:3000/_next/static/chunks/node_modules_next_dist_1e8vcs8._.js:776
[  275939ms] [LOG] [Fast Refresh] done in 15ms @ http://localhost:3000/_next/static/chunks/node_modules_next_dist_1e8vcs8._.js:776
[  275989ms] [LOG] [Fast Refresh] done in 15ms @ http://localhost:3000/_next/static/chunks/node_modules_next_dist_1e8vcs8._.js:776
[  276039ms] [LOG] [Fast Refresh] done in 15ms @ http://localhost:3000/_next/static/chunks/node_modules_next_dist_1e8vcs8._.js:776
[  276090ms] [LOG] [Fast Refresh] done in 15ms @ http://localhost:3000/_next/static/chunks/node_modules_next_dist_1e8vcs8._.js:776
[  276140ms] [LOG] [Fast Refresh] done in 15ms @ http://localhost:3000/_next/static/chunks/node_modules_next_dist_1e8vcs8._.js:776
[  276189ms] [LOG] [Fast Refresh] done in 15ms @ http://localhost:3000/_next/static/chunks/node_modules_next_dist_1e8vcs8._.js:776
[  276240ms] [LOG] [Fast Refresh] done in 15ms @ http://localhost:3000/_next/static/chunks/node_modules_next_dist_1e8vcs8._.js:776
[  276290ms] [LOG] [Fast Refresh] done in 15ms @ http://localhost:3000/_next/static/chunks/node_modules_next_dist_1e8vcs8._.js:776
[  276339ms] [LOG] [Fast Refresh] done in 15ms @ http://localhost:3000/_next/static/chunks/node_modules_next_dist_1e8vcs8._.js:776
[  276389ms] [LOG] [Fast Refresh] done in 15ms @ http://localhost:3000/_next/static/chunks/node_modules_next_dist_1e8vcs8._.js:776
[  276456ms] [LOG] [Fast Refresh] done in 15ms @ http://localhost:3000/_next/static/chunks/node_modules_next_dist_1e8vcs8._.js:776
[  276505ms] [LOG] [Fast Refresh] done in 15ms @ http://localhost:3000/_next/static/chunks/node_modules_next_dist_1e8vcs8._.js:776
[  276556ms] [LOG] [Fast Refresh] done in 15ms @ http://localhost:3000/_next/static/chunks/node_modules_next_dist_1e8vcs8._.js:776
[  276605ms] [LOG] [Fast Refresh] done in 15ms @ http://localhost:3000/_next/static/chunks/node_modules_next_dist_1e8vcs8._.js:776
[  276655ms] [LOG] [Fast Refresh] done in 15ms @ http://localhost:3000/_next/static/chunks/node_modules_next_dist_1e8vcs8._.js:776
[  276705ms] [LOG] [Fast Refresh] done in 15ms @ http://localhost:3000/_next/static/chunks/node_modules_next_dist_1e8vcs8._.js:776
[  276755ms] [LOG] [Fast Refresh] done in 15ms @ http://localhost:3000/_next/static/chunks/node_modules_next_dist_1e8vcs8._.js:776
[  276805ms] [LOG] [Fast Refresh] done in 15ms @ http://localhost:3000/_next/static/chunks/node_modules_next_dist_1e8vcs8._.js:776
[  276856ms] [LOG] [Fast Refresh] done in 15ms @ http://localhost:3000/_next/static/chunks/node_modules_next_dist_1e8vcs8._.js:776
[  276906ms] [LOG] [Fast Refresh] done in 15ms @ http://localhost:3000/_next/static/chunks/node_modules_next_dist_1e8vcs8._.js:776
[  276955ms] [LOG] [Fast Refresh] done in 15ms @ http://localhost:3000/_next/static/chunks/node_modules_next_dist_1e8vcs8._.js:776
[  277006ms] [LOG] [Fast Refresh] done in 15ms @ http://localhost:3000/_next/static/chunks/node_modules_next_dist_1e8vcs8._.js:776
[  277056ms] [LOG] [Fast Refresh] done in 15ms @ http://localhost:3000/_next/static/chunks/node_modules_next_dist_1e8vcs8._.js:776
[  277105ms] [LOG] [Fast Refresh] done in 15ms @ http://localhost:3000/_next/static/chunks/node_modules_next_dist_1e8vcs8._.js:776
[  277155ms] [LOG] [Fast Refresh] done in 15ms @ http://localhost:3000/_next/static/chunks/node_modules_next_dist_1e8vcs8._.js:776
[  277205ms] [LOG] [Fast Refresh] done in 15ms @ http://localhost:3000/_next/static/chunks/node_modules_next_dist_1e8vcs8._.js:776
[  277255ms] [LOG] [Fast Refresh] done in 15ms @ http://localhost:3000/_next/static/chunks/node_modules_next_dist_1e8vcs8._.js:776
[  277305ms] [LOG] [Fast Refresh] done in 15ms @ http://localhost:3000/_next/static/chunks/node_modules_next_dist_1e8vcs8._.js:776
[  277356ms] [LOG] [Fast Refresh] done in 15ms @ http://localhost:3000/_next/static/chunks/node_modules_next_dist_1e8vcs8._.js:776
[  277406ms] [LOG] [Fast Refresh] done in 15ms @ http://localhost:3000/_next/static/chunks/node_modules_next_dist_1e8vcs8._.js:776
[  277455ms] [LOG] [Fast Refresh] done in 15ms @ http://localhost:3000/_next/static/chunks/node_modules_next_dist_1e8vcs8._.js:776
[  277506ms] [LOG] [Fast Refresh] done in 15ms @ http://localhost:3000/_next/static/chunks/node_modules_next_dist_1e8vcs8._.js:776
[  277555ms] [LOG] [Fast Refresh] done in 15ms @ http://localhost:3000/_next/static/chunks/node_modules_next_dist_1e8vcs8._.js:776
[  277606ms] [LOG] [Fast Refresh] done in 15ms @ http://localhost:3000/_next/static/chunks/node_modules_next_dist_1e8vcs8._.js:776
[  277655ms] [LOG] [Fast Refresh] done in 15ms @ http://localhost:3000/_next/static/chunks/node_modules_next_dist_1e8vcs8._.js:776
[  277705ms] [LOG] [Fast Refresh] done in 15ms @ http://localhost:3000/_next/static/chunks/node_modules_next_dist_1e8vcs8._.js:776
[  277755ms] [LOG] [Fast Refresh] done in 15ms @ http://localhost:3000/_next/static/chunks/node_modules_next_dist_1e8vcs8._.js:776
[  277805ms] [LOG] [Fast Refresh] done in 15ms @ http://localhost:3000/_next/static/chunks/node_modules_next_dist_1e8vcs8._.js:776
[  277855ms] [LOG] [Fast Refresh] done in 15ms @ http://localhost:3000/_next/static/chunks/node_modules_next_dist_1e8vcs8._.js:776
[  277906ms] [LOG] [Fast Refresh] done in 15ms @ http://localhost:3000/_next/static/chunks/node_modules_next_dist_1e8vcs8._.js:776
[  277955ms] [LOG] [Fast Refresh] done in 15ms @ http://localhost:3000/_next/static/chunks/node_modules_next_dist_1e8vcs8._.js:776
[  278005ms] [LOG] [Fast Refresh] done in 15ms @ http://localhost:3000/_next/static/chunks/node_modules_next_dist_1e8vcs8._.js:776
[  278055ms] [LOG] [Fast Refresh] done in 15ms @ http://localhost:3000/_next/static/chunks/node_modules_next_dist_1e8vcs8._.js:776
[  278105ms] [LOG] [Fast Refresh] done in 15ms @ http://localhost:3000/_next/static/chunks/node_modules_next_dist_1e8vcs8._.js:776
[  278155ms] [LOG] [Fast Refresh] done in 15ms @ http://localhost:3000/_next/static/chunks/node_modules_next_dist_1e8vcs8._.js:776
[  278205ms] [LOG] [Fast Refresh] done in 15ms @ http://localhost:3000/_next/static/chunks/node_modules_next_dist_1e8vcs8._.js:776
[  278256ms] [LOG] [Fast Refresh] done in 15ms @ http://localhost:3000/_next/static/chunks/node_modules_next_dist_1e8vcs8._.js:776
[  278305ms] [LOG] [Fast Refresh] done in 15ms @ http://localhost:3000/_next/static/chunks/node_modules_next_dist_1e8vcs8._.js:776
[  278356ms] [LOG] [Fast Refresh] done in 15ms @ http://localhost:3000/_next/static/chunks/node_modules_next_dist_1e8vcs8._.js:776
[  278406ms] [LOG] [Fast Refresh] done in 15ms @ http://localhost:3000/_next/static/chunks/node_modules_next_dist_1e8vcs8._.js:776
[  278455ms] [LOG] [Fast Refresh] done in 15ms @ http://localhost:3000/_next/static/chunks/node_modules_next_dist_1e8vcs8._.js:776
[  278505ms] [LOG] [Fast Refresh] done in 15ms @ http://localhost:3000/_next/static/chunks/node_modules_next_dist_1e8vcs8._.js:776
[  278556ms] [LOG] [Fast Refresh] done in 15ms @ http://localhost:3000/_next/static/chunks/node_modules_next_dist_1e8vcs8._.js:776
[  278605ms] [LOG] [Fast Refresh] done in 15ms @ http://localhost:3000/_next/static/chunks/node_modules_next_dist_1e8vcs8._.js:776
[  278655ms] [LOG] [Fast Refresh] done in 15ms @ http://localhost:3000/_next/static/chunks/node_modules_next_dist_1e8vcs8._.js:776
[  278705ms] [LOG] [Fast Refresh] done in 15ms @ http://localhost:3000/_next/static/chunks/node_modules_next_dist_1e8vcs8._.js:776
[  278740ms] [LOG] [Fast Refresh] done in 15ms @ http://localhost:3000/_next/static/chunks/node_modules_next_dist_1e8vcs8._.js:776
[  278790ms] [LOG] [Fast Refresh] done in 15ms @ http://localhost:3000/_next/static/chunks/node_modules_next_dist_1e8vcs8._.js:776
[  278839ms] [LOG] [Fast Refresh] done in 15ms @ http://localhost:3000/_next/static/chunks/node_modules_next_dist_1e8vcs8._.js:776
[  278905ms] [LOG] [Fast Refresh] done in 15ms @ http://localhost:3000/_next/static/chunks/node_modules_next_dist_1e8vcs8._.js:776
[  278956ms] [LOG] [Fast Refresh] done in 15ms @ http://localhost:3000/_next/static/chunks/node_modules_next_dist_1e8vcs8._.js:776
[  279006ms] [LOG] [Fast Refresh] done in 15ms @ http://localhost:3000/_next/static/chunks/node_modules_next_dist_1e8vcs8._.js:776
[  279055ms] [LOG] [Fast Refresh] done in 15ms @ http://localhost:3000/_next/static/chunks/node_modules_next_dist_1e8vcs8._.js:776
[  279105ms] [LOG] [Fast Refresh] done in 15ms @ http://localhost:3000/_next/static/chunks/node_modules_next_dist_1e8vcs8._.js:776
[  279155ms] [LOG] [Fast Refresh] done in 15ms @ http://localhost:3000/_next/static/chunks/node_modules_next_dist_1e8vcs8._.js:776
[  279205ms] [LOG] [Fast Refresh] done in 15ms @ http://localhost:3000/_next/static/chunks/node_modules_next_dist_1e8vcs8._.js:776
[  279255ms] [LOG] [Fast Refresh] done in 15ms @ http://localhost:3000/_next/static/chunks/node_modules_next_dist_1e8vcs8._.js:776
[  279305ms] [LOG] [Fast Refresh] done in 15ms @ http://localhost:3000/_next/static/chunks/node_modules_next_dist_1e8vcs8._.js:776
[  279356ms] [LOG] [Fast Refresh] done in 15ms @ http://localhost:3000/_next/static/chunks/node_modules_next_dist_1e8vcs8._.js:776
[  279407ms] [LOG] [Fast Refresh] done in 15ms @ http://localhost:3000/_next/static/chunks/node_modules_next_dist_1e8vcs8._.js:776
[  279456ms] [LOG] [Fast Refresh] done in 15ms @ http://localhost:3000/_next/static/chunks/node_modules_next_dist_1e8vcs8._.js:776
[  279522ms] [LOG] [Fast Refresh] done in 15ms @ http://localhost:3000/_next/static/chunks/node_modules_next_dist_1e8vcs8._.js:776
[  279573ms] [LOG] [Fast Refresh] done in 15ms @ http://localhost:3000/_next/static/chunks/node_modules_next_dist_1e8vcs8._.js:776
[  279622ms] [LOG] [Fast Refresh] done in 15ms @ http://localhost:3000/_next/static/chunks/node_modules_next_dist_1e8vcs8._.js:776
[  279672ms] [LOG] [Fast Refresh] done in 15ms @ http://localhost:3000/_next/static/chunks/node_modules_next_dist_1e8vcs8._.js:776
[  279722ms] [LOG] [Fast Refresh] done in 15ms @ http://localhost:3000/_next/static/chunks/node_modules_next_dist_1e8vcs8._.js:776
[  279772ms] [LOG] [Fast Refresh] done in 15ms @ http://localhost:3000/_next/static/chunks/node_modules_next_dist_1e8vcs8._.js:776
[  279822ms] [LOG] [Fast Refresh] done in 15ms @ http://localhost:3000/_next/static/chunks/node_modules_next_dist_1e8vcs8._.js:776
[  279873ms] [LOG] [Fast Refresh] done in 15ms @ http://localhost:3000/_next/static/chunks/node_modules_next_dist_1e8vcs8._.js:776
[  279922ms] [LOG] [Fast Refresh] done in 15ms @ http://localhost:3000/_next/static/chunks/node_modules_next_dist_1e8vcs8._.js:776
[  279972ms] [LOG] [Fast Refresh] done in 15ms @ http://localhost:3000/_next/static/chunks/node_modules_next_dist_1e8vcs8._.js:776
[  280023ms] [LOG] [Fast Refresh] done in 15ms @ http://localhost:3000/_next/static/chunks/node_modules_next_dist_1e8vcs8._.js:776
[  280072ms] [LOG] [Fast Refresh] done in 15ms @ http://localhost:3000/_next/static/chunks/node_modules_next_dist_1e8vcs8._.js:776
[  280122ms] [LOG] [Fast Refresh] done in 15ms @ http://localhost:3000/_next/static/chunks/node_modules_next_dist_1e8vcs8._.js:776
[  280172ms] [LOG] [Fast Refresh] done in 15ms @ http://localhost:3000/_next/static/chunks/node_modules_next_dist_1e8vcs8._.js:776
[  280222ms] [LOG] [Fast Refresh] done in 15ms @ http://localhost:3000/_next/static/chunks/node_modules_next_dist_1e8vcs8._.js:776
[  280272ms] [LOG] [Fast Refresh] done in 15ms @ http://localhost:3000/_next/static/chunks/node_modules_next_dist_1e8vcs8._.js:776
[  280322ms] [LOG] [Fast Refresh] done in 15ms @ http://localhost:3000/_next/static/chunks/node_modules_next_dist_1e8vcs8._.js:776
[  280372ms] [LOG] [Fast Refresh] done in 15ms @ http://localhost:3000/_next/static/chunks/node_modules_next_dist_1e8vcs8._.js:776
[  280423ms] [LOG] [Fast Refresh] done in 15ms @ http://localhost:3000/_next/static/chunks/node_modules_next_dist_1e8vcs8._.js:776
[  280472ms] [LOG] [Fast Refresh] done in 15ms @ http://localhost:3000/_next/static/chunks/node_modules_next_dist_1e8vcs8._.js:776
[  280523ms] [LOG] [Fast Refresh] done in 15ms @ http://localhost:3000/_next/static/chunks/node_modules_next_dist_1e8vcs8._.js:776
[  280572ms] [LOG] [Fast Refresh] done in 15ms @ http://localhost:3000/_next/static/chunks/node_modules_next_dist_1e8vcs8._.js:776
[  280623ms] [LOG] [Fast Refresh] done in 15ms @ http://localhost:3000/_next/static/chunks/node_modules_next_dist_1e8vcs8._.js:776
[  280672ms] [LOG] [Fast Refresh] done in 15ms @ http://localhost:3000/_next/static/chunks/node_modules_next_dist_1e8vcs8._.js:776
[  280722ms] [LOG] [Fast Refresh] done in 15ms @ http://localhost:3000/_next/static/chunks/node_modules_next_dist_1e8vcs8._.js:776
[  280773ms] [LOG] [Fast Refresh] done in 15ms @ http://localhost:3000/_next/static/chunks/node_modules_next_dist_1e8vcs8._.js:776
[  280823ms] [LOG] [Fast Refresh] done in 15ms @ http://localhost:3000/_next/static/chunks/node_modules_next_dist_1e8vcs8._.js:776
[  280872ms] [LOG] [Fast Refresh] done in 15ms @ http://localhost:3000/_next/static/chunks/node_modules_next_dist_1e8vcs8._.js:776
[  280922ms] [LOG] [Fast Refresh] done in 15ms @ http://localhost:3000/_next/static/chunks/node_modules_next_dist_1e8vcs8._.js:776
[  280972ms] [LOG] [Fast Refresh] done in 15ms @ http://localhost:3000/_next/static/chunks/node_modules_next_dist_1e8vcs8._.js:776
[  281022ms] [LOG] [Fast Refresh] done in 15ms @ http://localhost:3000/_next/static/chunks/node_modules_next_dist_1e8vcs8._.js:776
[  281057ms] [LOG] [Fast Refresh] done in 15ms @ http://localhost:3000/_next/static/chunks/node_modules_next_dist_1e8vcs8._.js:776
[  281105ms] [LOG] [Fast Refresh] done in 15ms @ http://localhost:3000/_next/static/chunks/node_modules_next_dist_1e8vcs8._.js:776
[  281156ms] [LOG] [Fast Refresh] done in 15ms @ http://localhost:3000/_next/static/chunks/node_modules_next_dist_1e8vcs8._.js:776
[  281206ms] [LOG] [Fast Refresh] done in 15ms @ http://localhost:3000/_next/static/chunks/node_modules_next_dist_1e8vcs8._.js:776
[  281256ms] [LOG] [Fast Refresh] done in 15ms @ http://localhost:3000/_next/static/chunks/node_modules_next_dist_1e8vcs8._.js:776
[  281306ms] [LOG] [Fast Refresh] done in 15ms @ http://localhost:3000/_next/static/chunks/node_modules_next_dist_1e8vcs8._.js:776
[  281357ms] [LOG] [Fast Refresh] done in 15ms @ http://localhost:3000/_next/static/chunks/node_modules_next_dist_1e8vcs8._.js:776
[  281405ms] [LOG] [Fast Refresh] done in 15ms @ http://localhost:3000/_next/static/chunks/node_modules_next_dist_1e8vcs8._.js:776
[  281456ms] [LOG] [Fast Refresh] done in 15ms @ http://localhost:3000/_next/static/chunks/node_modules_next_dist_1e8vcs8._.js:776
[  281506ms] [LOG] [Fast Refresh] done in 15ms @ http://localhost:3000/_next/static/chunks/node_modules_next_dist_1e8vcs8._.js:776
[  281556ms] [LOG] [Fast Refresh] done in 15ms @ http://localhost:3000/_next/static/chunks/node_modules_next_dist_1e8vcs8._.js:776
[  281607ms] [LOG] [Fast Refresh] done in 15ms @ http://localhost:3000/_next/static/chunks/node_modules_next_dist_1e8vcs8._.js:776
[  281657ms] [LOG] [Fast Refresh] done in 15ms @ http://localhost:3000/_next/static/chunks/node_modules_next_dist_1e8vcs8._.js:776
[  281707ms] [LOG] [Fast Refresh] done in 15ms @ http://localhost:3000/_next/static/chunks/node_modules_next_dist_1e8vcs8._.js:776
[  281756ms] [LOG] [Fast Refresh] done in 15ms @ http://localhost:3000/_next/static/chunks/node_modules_next_dist_1e8vcs8._.js:776
[  281807ms] [LOG] [Fast Refresh] done in 15ms @ http://localhost:3000/_next/static/chunks/node_modules_next_dist_1e8vcs8._.js:776
[  281856ms] [LOG] [Fast Refresh] done in 15ms @ http://localhost:3000/_next/static/chunks/node_modules_next_dist_1e8vcs8._.js:776
[  281906ms] [LOG] [Fast Refresh] done in 15ms @ http://localhost:3000/_next/static/chunks/node_modules_next_dist_1e8vcs8._.js:776
[  281955ms] [LOG] [Fast Refresh] done in 15ms @ http://localhost:3000/_next/static/chunks/node_modules_next_dist_1e8vcs8._.js:776
[  282006ms] [LOG] [Fast Refresh] done in 15ms @ http://localhost:3000/_next/static/chunks/node_modules_next_dist_1e8vcs8._.js:776
[  282055ms] [LOG] [Fast Refresh] done in 15ms @ http://localhost:3000/_next/static/chunks/node_modules_next_dist_1e8vcs8._.js:776
[  282105ms] [LOG] [Fast Refresh] done in 15ms @ http://localhost:3000/_next/static/chunks/node_modules_next_dist_1e8vcs8._.js:776
[  282156ms] [LOG] [Fast Refresh] done in 15ms @ http://localhost:3000/_next/static/chunks/node_modules_next_dist_1e8vcs8._.js:776
[  282205ms] [LOG] [Fast Refresh] done in 15ms @ http://localhost:3000/_next/static/chunks/node_modules_next_dist_1e8vcs8._.js:776
[  282255ms] [LOG] [Fast Refresh] done in 15ms @ http://localhost:3000/_next/static/chunks/node_modules_next_dist_1e8vcs8._.js:776
[  282305ms] [LOG] [Fast Refresh] done in 15ms @ http://localhost:3000/_next/static/chunks/node_modules_next_dist_1e8vcs8._.js:776
[  282355ms] [LOG] [Fast Refresh] done in 15ms @ http://localhost:3000/_next/static/chunks/node_modules_next_dist_1e8vcs8._.js:776
[  282405ms] [LOG] [Fast Refresh] done in 15ms @ http://localhost:3000/_next/static/chunks/node_modules_next_dist_1e8vcs8._.js:776
[  282455ms] [LOG] [Fast Refresh] done in 15ms @ http://localhost:3000/_next/static/chunks/node_modules_next_dist_1e8vcs8._.js:776
[  282506ms] [LOG] [Fast Refresh] done in 15ms @ http://localhost:3000/_next/static/chunks/node_modules_next_dist_1e8vcs8._.js:776
[  282555ms] [LOG] [Fast Refresh] done in 15ms @ http://localhost:3000/_next/static/chunks/node_modules_next_dist_1e8vcs8._.js:776
[  282605ms] [LOG] [Fast Refresh] done in 15ms @ http://localhost:3000/_next/static/chunks/node_modules_next_dist_1e8vcs8._.js:776
[  282655ms] [LOG] [Fast Refresh] done in 15ms @ http://localhost:3000/_next/static/chunks/node_modules_next_dist_1e8vcs8._.js:776
[  282706ms] [LOG] [Fast Refresh] done in 15ms @ http://localhost:3000/_next/static/chunks/node_modules_next_dist_1e8vcs8._.js:776
[  282757ms] [LOG] [Fast Refresh] done in 15ms @ http://localhost:3000/_next/static/chunks/node_modules_next_dist_1e8vcs8._.js:776
[  282806ms] [LOG] [Fast Refresh] done in 15ms @ http://localhost:3000/_next/static/chunks/node_modules_next_dist_1e8vcs8._.js:776
[  282855ms] [LOG] [Fast Refresh] done in 15ms @ http://localhost:3000/_next/static/chunks/node_modules_next_dist_1e8vcs8._.js:776
[  282905ms] [LOG] [Fast Refresh] done in 15ms @ http://localhost:3000/_next/static/chunks/node_modules_next_dist_1e8vcs8._.js:776
[  282956ms] [LOG] [Fast Refresh] done in 15ms @ http://localhost:3000/_next/static/chunks/node_modules_next_dist_1e8vcs8._.js:776
[  283006ms] [LOG] [Fast Refresh] done in 15ms @ http://localhost:3000/_next/static/chunks/node_modules_next_dist_1e8vcs8._.js:776
[  283056ms] [LOG] [Fast Refresh] done in 15ms @ http://localhost:3000/_next/static/chunks/node_modules_next_dist_1e8vcs8._.js:776
[  283106ms] [LOG] [Fast Refresh] done in 15ms @ http://localhost:3000/_next/static/chunks/node_modules_next_dist_1e8vcs8._.js:776
[  283157ms] [LOG] [Fast Refresh] done in 15ms @ http://localhost:3000/_next/static/chunks/node_modules_next_dist_1e8vcs8._.js:776
[  283206ms] [LOG] [Fast Refresh] done in 15ms @ http://localhost:3000/_next/static/chunks/node_modules_next_dist_1e8vcs8._.js:776
[  283256ms] [LOG] [Fast Refresh] done in 15ms @ http://localhost:3000/_next/static/chunks/node_modules_next_dist_1e8vcs8._.js:776
[  283307ms] [LOG] [Fast Refresh] done in 15ms @ http://localhost:3000/_next/static/chunks/node_modules_next_dist_1e8vcs8._.js:776
[  283356ms] [LOG] [Fast Refresh] done in 15ms @ http://localhost:3000/_next/static/chunks/node_modules_next_dist_1e8vcs8._.js:776
[  283407ms] [LOG] [Fast Refresh] done in 15ms @ http://localhost:3000/_next/static/chunks/node_modules_next_dist_1e8vcs8._.js:776
[  283457ms] [LOG] [Fast Refresh] done in 15ms @ http://localhost:3000/_next/static/chunks/node_modules_next_dist_1e8vcs8._.js:776
[  283507ms] [LOG] [Fast Refresh] done in 15ms @ http://localhost:3000/_next/static/chunks/node_modules_next_dist_1e8vcs8._.js:776
[  283547ms] [LOG] [Fast Refresh] done in 15ms @ http://localhost:3000/_next/static/chunks/node_modules_next_dist_1e8vcs8._.js:776
[  283601ms] [LOG] [Fast Refresh] done in 15ms @ http://localhost:3000/_next/static/chunks/node_modules_next_dist_1e8vcs8._.js:776
[  283645ms] [LOG] [Fast Refresh] done in 15ms @ http://localhost:3000/_next/static/chunks/node_modules_next_dist_1e8vcs8._.js:776
[  283690ms] [LOG] [Fast Refresh] done in 15ms @ http://localhost:3000/_next/static/chunks/node_modules_next_dist_1e8vcs8._.js:776
[  283738ms] [LOG] [Fast Refresh] done in 15ms @ http://localhost:3000/_next/static/chunks/node_modules_next_dist_1e8vcs8._.js:776
[  283787ms] [LOG] [Fast Refresh] done in 15ms @ http://localhost:3000/_next/static/chunks/node_modules_next_dist_1e8vcs8._.js:776
[  283834ms] [LOG] [Fast Refresh] done in 15ms @ http://localhost:3000/_next/static/chunks/node_modules_next_dist_1e8vcs8._.js:776
[  283884ms] [LOG] [Fast Refresh] done in 15ms @ http://localhost:3000/_next/static/chunks/node_modules_next_dist_1e8vcs8._.js:776
[  283924ms] [LOG] [Fast Refresh] done in 15ms @ http://localhost:3000/_next/static/chunks/node_modules_next_dist_1e8vcs8._.js:776
[  283973ms] [LOG] [Fast Refresh] done in 15ms @ http://localhost:3000/_next/static/chunks/node_modules_next_dist_1e8vcs8._.js:776
[  284018ms] [LOG] [Fast Refresh] done in 15ms @ http://localhost:3000/_next/static/chunks/node_modules_next_dist_1e8vcs8._.js:776
[  284060ms] [LOG] [Fast Refresh] done in 15ms @ http://localhost:3000/_next/static/chunks/node_modules_next_dist_1e8vcs8._.js:776
[  284106ms] [LOG] [Fast Refresh] done in 15ms @ http://localhost:3000/_next/static/chunks/node_modules_next_dist_1e8vcs8._.js:776
[  284154ms] [LOG] [Fast Refresh] done in 15ms @ http://localhost:3000/_next/static/chunks/node_modules_next_dist_1e8vcs8._.js:776
[  284197ms] [LOG] [Fast Refresh] done in 15ms @ http://localhost:3000/_next/static/chunks/node_modules_next_dist_1e8vcs8._.js:776
[  284241ms] [LOG] [Fast Refresh] done in 15ms @ http://localhost:3000/_next/static/chunks/node_modules_next_dist_1e8vcs8._.js:776
[  284284ms] [LOG] [Fast Refresh] done in 15ms @ http://localhost:3000/_next/static/chunks/node_modules_next_dist_1e8vcs8._.js:776
[  284324ms] [LOG] [Fast Refresh] done in 15ms @ http://localhost:3000/_next/static/chunks/node_modules_next_dist_1e8vcs8._.js:776
[  284373ms] [LOG] [Fast Refresh] done in 15ms @ http://localhost:3000/_next/static/chunks/node_modules_next_dist_1e8vcs8._.js:776
[  284419ms] [LOG] [Fast Refresh] done in 15ms @ http://localhost:3000/_next/static/chunks/node_modules_next_dist_1e8vcs8._.js:776
[  284459ms] [LOG] [Fast Refresh] done in 15ms @ http://localhost:3000/_next/static/chunks/node_modules_next_dist_1e8vcs8._.js:776
[  284506ms] [LOG] [Fast Refresh] done in 15ms @ http://localhost:3000/_next/static/chunks/node_modules_next_dist_1e8vcs8._.js:776
[  284550ms] [LOG] [Fast Refresh] done in 15ms @ http://localhost:3000/_next/static/chunks/node_modules_next_dist_1e8vcs8._.js:776
[  284590ms] [LOG] [Fast Refresh] done in 15ms @ http://localhost:3000/_next/static/chunks/node_modules_next_dist_1e8vcs8._.js:776
[  284634ms] [LOG] [Fast Refresh] done in 15ms @ http://localhost:3000/_next/static/chunks/node_modules_next_dist_1e8vcs8._.js:776
[  284684ms] [LOG] [Fast Refresh] done in 15ms @ http://localhost:3000/_next/static/chunks/node_modules_next_dist_1e8vcs8._.js:776
[  284724ms] [LOG] [Fast Refresh] done in 15ms @ http://localhost:3000/_next/static/chunks/node_modules_next_dist_1e8vcs8._.js:776
[  284773ms] [LOG] [Fast Refresh] done in 15ms @ http://localhost:3000/_next/static/chunks/node_modules_next_dist_1e8vcs8._.js:776
[  284822ms] [LOG] [Fast Refresh] done in 15ms @ http://localhost:3000/_next/static/chunks/node_modules_next_dist_1e8vcs8._.js:776
[  284866ms] [LOG] [Fast Refresh] done in 15ms @ http://localhost:3000/_next/static/chunks/node_modules_next_dist_1e8vcs8._.js:776
[  284908ms] [LOG] [Fast Refresh] done in 15ms @ http://localhost:3000/_next/static/chunks/node_modules_next_dist_1e8vcs8._.js:776
[  284951ms] [LOG] [Fast Refresh] done in 15ms @ http://localhost:3000/_next/static/chunks/node_modules_next_dist_1e8vcs8._.js:776
[  284993ms] [LOG] [Fast Refresh] done in 15ms @ http://localhost:3000/_next/static/chunks/node_modules_next_dist_1e8vcs8._.js:776
[  285037ms] [LOG] [Fast Refresh] done in 15ms @ http://localhost:3000/_next/static/chunks/node_modules_next_dist_1e8vcs8._.js:776
[  285084ms] [LOG] [Fast Refresh] done in 15ms @ http://localhost:3000/_next/static/chunks/node_modules_next_dist_1e8vcs8._.js:776
[  285127ms] [LOG] [Fast Refresh] done in 15ms @ http://localhost:3000/_next/static/chunks/node_modules_next_dist_1e8vcs8._.js:776
[  285173ms] [LOG] [Fast Refresh] done in 15ms @ http://localhost:3000/_next/static/chunks/node_modules_next_dist_1e8vcs8._.js:776
[  285214ms] [LOG] [Fast Refresh] done in 15ms @ http://localhost:3000/_next/static/chunks/node_modules_next_dist_1e8vcs8._.js:776
[  285257ms] [LOG] [Fast Refresh] done in 15ms @ http://localhost:3000/_next/static/chunks/node_modules_next_dist_1e8vcs8._.js:776
[  285302ms] [LOG] [Fast Refresh] done in 15ms @ http://localhost:3000/_next/static/chunks/node_modules_next_dist_1e8vcs8._.js:776
[  285343ms] [LOG] [Fast Refresh] done in 15ms @ http://localhost:3000/_next/static/chunks/node_modules_next_dist_1e8vcs8._.js:776
[  285383ms] [LOG] [Fast Refresh] done in 15ms @ http://localhost:3000/_next/static/chunks/node_modules_next_dist_1e8vcs8._.js:776
[  285427ms] [LOG] [Fast Refresh] done in 15ms @ http://localhost:3000/_next/static/chunks/node_modules_next_dist_1e8vcs8._.js:776
[  285469ms] [LOG] [Fast Refresh] done in 15ms @ http://localhost:3000/_next/static/chunks/node_modules_next_dist_1e8vcs8._.js:776
[  285509ms] [LOG] [Fast Refresh] done in 15ms @ http://localhost:3000/_next/static/chunks/node_modules_next_dist_1e8vcs8._.js:776
[  285553ms] [LOG] [Fast Refresh] done in 15ms @ http://localhost:3000/_next/static/chunks/node_modules_next_dist_1e8vcs8._.js:776
[  285593ms] [LOG] [Fast Refresh] done in 15ms @ http://localhost:3000/_next/static/chunks/node_modules_next_dist_1e8vcs8._.js:776
[  285641ms] [LOG] [Fast Refresh] done in 15ms @ http://localhost:3000/_next/static/chunks/node_modules_next_dist_1e8vcs8._.js:776
[  285685ms] [LOG] [Fast Refresh] done in 15ms @ http://localhost:3000/_next/static/chunks/node_modules_next_dist_1e8vcs8._.js:776
[  285734ms] [LOG] [Fast Refresh] done in 15ms @ http://localhost:3000/_next/static/chunks/node_modules_next_dist_1e8vcs8._.js:776
[  285775ms] [LOG] [Fast Refresh] done in 15ms @ http://localhost:3000/_next/static/chunks/node_modules_next_dist_1e8vcs8._.js:776
[  285818ms] [LOG] [Fast Refresh] done in 15ms @ http://localhost:3000/_next/static/chunks/node_modules_next_dist_1e8vcs8._.js:776
[  285869ms] [LOG] [Fast Refresh] done in 15ms @ http://localhost:3000/_next/static/chunks/node_modules_next_dist_1e8vcs8._.js:776
[  285908ms] [LOG] [Fast Refresh] done in 15ms @ http://localhost:3000/_next/static/chunks/node_modules_next_dist_1e8vcs8._.js:776
[  285950ms] [LOG] [Fast Refresh] done in 15ms @ http://localhost:3000/_next/static/chunks/node_modules_next_dist_1e8vcs8._.js:776
[  285991ms] [LOG] [Fast Refresh] done in 15ms @ http://localhost:3000/_next/static/chunks/node_modules_next_dist_1e8vcs8._.js:776
[  286034ms] [LOG] [Fast Refresh] done in 15ms @ http://localhost:3000/_next/static/chunks/node_modules_next_dist_1e8vcs8._.js:776
[  286075ms] [LOG] [Fast Refresh] done in 15ms @ http://localhost:3000/_next/static/chunks/node_modules_next_dist_1e8vcs8._.js:776
[  286118ms] [LOG] [Fast Refresh] done in 15ms @ http://localhost:3000/_next/static/chunks/node_modules_next_dist_1e8vcs8._.js:776
[  286160ms] [LOG] [Fast Refresh] done in 15ms @ http://localhost:3000/_next/static/chunks/node_modules_next_dist_1e8vcs8._.js:776
[  286201ms] [LOG] [Fast Refresh] done in 15ms @ http://localhost:3000/_next/static/chunks/node_modules_next_dist_1e8vcs8._.js:776
[  286242ms] [LOG] [Fast Refresh] done in 15ms @ http://localhost:3000/_next/static/chunks/node_modules_next_dist_1e8vcs8._.js:776
[  286285ms] [LOG] [Fast Refresh] done in 15ms @ http://localhost:3000/_next/static/chunks/node_modules_next_dist_1e8vcs8._.js:776
[  286327ms] [LOG] [Fast Refresh] done in 15ms @ http://localhost:3000/_next/static/chunks/node_modules_next_dist_1e8vcs8._.js:776
[  286368ms] [LOG] [Fast Refresh] done in 15ms @ http://localhost:3000/_next/static/chunks/node_modules_next_dist_1e8vcs8._.js:776
[  286418ms] [LOG] [Fast Refresh] done in 15ms @ http://localhost:3000/_next/static/chunks/node_modules_next_dist_1e8vcs8._.js:776
[  286458ms] [LOG] [Fast Refresh] done in 15ms @ http://localhost:3000/_next/static/chunks/node_modules_next_dist_1e8vcs8._.js:776
[  286501ms] [LOG] [Fast Refresh] done in 15ms @ http://localhost:3000/_next/static/chunks/node_modules_next_dist_1e8vcs8._.js:776
[  286541ms] [LOG] [Fast Refresh] done in 15ms @ http://localhost:3000/_next/static/chunks/node_modules_next_dist_1e8vcs8._.js:776
[  286583ms] [LOG] [Fast Refresh] done in 15ms @ http://localhost:3000/_next/static/chunks/node_modules_next_dist_1e8vcs8._.js:776
[  286625ms] [LOG] [Fast Refresh] done in 15ms @ http://localhost:3000/_next/static/chunks/node_modules_next_dist_1e8vcs8._.js:776
[  286675ms] [LOG] [Fast Refresh] done in 15ms @ http://localhost:3000/_next/static/chunks/node_modules_next_dist_1e8vcs8._.js:776
[  286717ms] [LOG] [Fast Refresh] done in 15ms @ http://localhost:3000/_next/static/chunks/node_modules_next_dist_1e8vcs8._.js:776
[  286758ms] [LOG] [Fast Refresh] done in 15ms @ http://localhost:3000/_next/static/chunks/node_modules_next_dist_1e8vcs8._.js:776
[  286801ms] [LOG] [Fast Refresh] done in 15ms @ http://localhost:3000/_next/static/chunks/node_modules_next_dist_1e8vcs8._.js:776
[  286842ms] [LOG] [Fast Refresh] done in 15ms @ http://localhost:3000/_next/static/chunks/node_modules_next_dist_1e8vcs8._.js:776
[  286885ms] [LOG] [Fast Refresh] done in 15ms @ http://localhost:3000/_next/static/chunks/node_modules_next_dist_1e8vcs8._.js:776
[  286934ms] [LOG] [Fast Refresh] done in 15ms @ http://localhost:3000/_next/static/chunks/node_modules_next_dist_1e8vcs8._.js:776
[  286975ms] [LOG] [Fast Refresh] done in 15ms @ http://localhost:3000/_next/static/chunks/node_modules_next_dist_1e8vcs8._.js:776
[  287018ms] [LOG] [Fast Refresh] done in 15ms @ http://localhost:3000/_next/static/chunks/node_modules_next_dist_1e8vcs8._.js:776
[  287058ms] [LOG] [Fast Refresh] done in 15ms @ http://localhost:3000/_next/static/chunks/node_modules_next_dist_1e8vcs8._.js:776
[  287101ms] [LOG] [Fast Refresh] done in 15ms @ http://localhost:3000/_next/static/chunks/node_modules_next_dist_1e8vcs8._.js:776
[  287141ms] [LOG] [Fast Refresh] done in 15ms @ http://localhost:3000/_next/static/chunks/node_modules_next_dist_1e8vcs8._.js:776
[  287185ms] [LOG] [Fast Refresh] done in 15ms @ http://localhost:3000/_next/static/chunks/node_modules_next_dist_1e8vcs8._.js:776
[  287234ms] [LOG] [Fast Refresh] done in 15ms @ http://localhost:3000/_next/static/chunks/node_modules_next_dist_1e8vcs8._.js:776
[  287275ms] [LOG] [Fast Refresh] done in 15ms @ http://localhost:3000/_next/static/chunks/node_modules_next_dist_1e8vcs8._.js:776
[  287318ms] [LOG] [Fast Refresh] done in 15ms @ http://localhost:3000/_next/static/chunks/node_modules_next_dist_1e8vcs8._.js:776
[  287358ms] [LOG] [Fast Refresh] done in 15ms @ http://localhost:3000/_next/static/chunks/node_modules_next_dist_1e8vcs8._.js:776
[  287405ms] [LOG] [Fast Refresh] done in 15ms @ http://localhost:3000/_next/static/chunks/node_modules_next_dist_1e8vcs8._.js:776
[  287451ms] [LOG] [Fast Refresh] done in 15ms @ http://localhost:3000/_next/static/chunks/node_modules_next_dist_1e8vcs8._.js:776
[  287506ms] [LOG] [Fast Refresh] done in 15ms @ http://localhost:3000/_next/static/chunks/node_modules_next_dist_1e8vcs8._.js:776
[  287553ms] [LOG] [Fast Refresh] done in 15ms @ http://localhost:3000/_next/static/chunks/node_modules_next_dist_1e8vcs8._.js:776
[  287603ms] [LOG] [Fast Refresh] done in 15ms @ http://localhost:3000/_next/static/chunks/node_modules_next_dist_1e8vcs8._.js:776
[  287645ms] [LOG] [Fast Refresh] done in 15ms @ http://localhost:3000/_next/static/chunks/node_modules_next_dist_1e8vcs8._.js:776
[  287686ms] [LOG] [Fast Refresh] done in 15ms @ http://localhost:3000/_next/static/chunks/node_modules_next_dist_1e8vcs8._.js:776
[  287731ms] [LOG] [Fast Refresh] done in 15ms @ http://localhost:3000/_next/static/chunks/node_modules_next_dist_1e8vcs8._.js:776
[  287777ms] [LOG] [Fast Refresh] done in 15ms @ http://localhost:3000/_next/static/chunks/node_modules_next_dist_1e8vcs8._.js:776
[  287820ms] [LOG] [Fast Refresh] done in 15ms @ http://localhost:3000/_next/static/chunks/node_modules_next_dist_1e8vcs8._.js:776
[  287859ms] [LOG] [Fast Refresh] done in 15ms @ http://localhost:3000/_next/static/chunks/node_modules_next_dist_1e8vcs8._.js:776
[  287903ms] [LOG] [Fast Refresh] done in 15ms @ http://localhost:3000/_next/static/chunks/node_modules_next_dist_1e8vcs8._.js:776
[  287952ms] [LOG] [Fast Refresh] done in 15ms @ http://localhost:3000/_next/static/chunks/node_modules_next_dist_1e8vcs8._.js:776
[  287994ms] [LOG] [Fast Refresh] done in 15ms @ http://localhost:3000/_next/static/chunks/node_modules_next_dist_1e8vcs8._.js:776
[  288034ms] [LOG] [Fast Refresh] done in 15ms @ http://localhost:3000/_next/static/chunks/node_modules_next_dist_1e8vcs8._.js:776
[  288076ms] [LOG] [Fast Refresh] done in 15ms @ http://localhost:3000/_next/static/chunks/node_modules_next_dist_1e8vcs8._.js:776
[  288118ms] [LOG] [Fast Refresh] done in 15ms @ http://localhost:3000/_next/static/chunks/node_modules_next_dist_1e8vcs8._.js:776
[  288158ms] [LOG] [Fast Refresh] done in 15ms @ http://localhost:3000/_next/static/chunks/node_modules_next_dist_1e8vcs8._.js:776
[  288201ms] [LOG] [Fast Refresh] done in 15ms @ http://localhost:3000/_next/static/chunks/node_modules_next_dist_1e8vcs8._.js:776
[  288251ms] [LOG] [Fast Refresh] done in 15ms @ http://localhost:3000/_next/static/chunks/node_modules_next_dist_1e8vcs8._.js:776
[  288291ms] [LOG] [Fast Refresh] done in 15ms @ http://localhost:3000/_next/static/chunks/node_modules_next_dist_1e8vcs8._.js:776
[  288334ms] [LOG] [Fast Refresh] done in 15ms @ http://localhost:3000/_next/static/chunks/node_modules_next_dist_1e8vcs8._.js:776
[  288374ms] [LOG] [Fast Refresh] done in 15ms @ http://localhost:3000/_next/static/chunks/node_modules_next_dist_1e8vcs8._.js:776
[  288419ms] [LOG] [Fast Refresh] done in 15ms @ http://localhost:3000/_next/static/chunks/node_modules_next_dist_1e8vcs8._.js:776
[  288473ms] [LOG] [Fast Refresh] done in 15ms @ http://localhost:3000/_next/static/chunks/node_modules_next_dist_1e8vcs8._.js:776
[  288525ms] [LOG] [Fast Refresh] done in 15ms @ http://localhost:3000/_next/static/chunks/node_modules_next_dist_1e8vcs8._.js:776
[  288579ms] [LOG] [Fast Refresh] done in 15ms @ http://localhost:3000/_next/static/chunks/node_modules_next_dist_1e8vcs8._.js:776
[  288625ms] [LOG] [Fast Refresh] done in 15ms @ http://localhost:3000/_next/static/chunks/node_modules_next_dist_1e8vcs8._.js:776
[  288677ms] [LOG] [Fast Refresh] done in 15ms @ http://localhost:3000/_next/static/chunks/node_modules_next_dist_1e8vcs8._.js:776
[  288722ms] [LOG] [Fast Refresh] done in 15ms @ http://localhost:3000/_next/static/chunks/node_modules_next_dist_1e8vcs8._.js:776
[  288774ms] [LOG] [Fast Refresh] done in 15ms @ http://localhost:3000/_next/static/chunks/node_modules_next_dist_1e8vcs8._.js:776
[  288825ms] [LOG] [Fast Refresh] done in 15ms @ http://localhost:3000/_next/static/chunks/node_modules_next_dist_1e8vcs8._.js:776
[  288876ms] [LOG] [Fast Refresh] done in 15ms @ http://localhost:3000/_next/static/chunks/node_modules_next_dist_1e8vcs8._.js:776
[  288933ms] [LOG] [Fast Refresh] done in 15ms @ http://localhost:3000/_next/static/chunks/node_modules_next_dist_1e8vcs8._.js:776
[  288984ms] [LOG] [Fast Refresh] done in 15ms @ http://localhost:3000/_next/static/chunks/node_modules_next_dist_1e8vcs8._.js:776
[  289036ms] [LOG] [Fast Refresh] done in 15ms @ http://localhost:3000/_next/static/chunks/node_modules_next_dist_1e8vcs8._.js:776
[  289087ms] [LOG] [Fast Refresh] done in 15ms @ http://localhost:3000/_next/static/chunks/node_modules_next_dist_1e8vcs8._.js:776
[  289139ms] [LOG] [Fast Refresh] done in 15ms @ http://localhost:3000/_next/static/chunks/node_modules_next_dist_1e8vcs8._.js:776
[  289187ms] [LOG] [Fast Refresh] done in 15ms @ http://localhost:3000/_next/static/chunks/node_modules_next_dist_1e8vcs8._.js:776
[  289233ms] [LOG] [Fast Refresh] done in 15ms @ http://localhost:3000/_next/static/chunks/node_modules_next_dist_1e8vcs8._.js:776
[  289283ms] [LOG] [Fast Refresh] done in 15ms @ http://localhost:3000/_next/static/chunks/node_modules_next_dist_1e8vcs8._.js:776
[  289336ms] [LOG] [Fast Refresh] done in 15ms @ http://localhost:3000/_next/static/chunks/node_modules_next_dist_1e8vcs8._.js:776
[  289387ms] [LOG] [Fast Refresh] done in 15ms @ http://localhost:3000/_next/static/chunks/node_modules_next_dist_1e8vcs8._.js:776
[  289436ms] [LOG] [Fast Refresh] done in 15ms @ http://localhost:3000/_next/static/chunks/node_modules_next_dist_1e8vcs8._.js:776
[  289486ms] [LOG] [Fast Refresh] done in 15ms @ http://localhost:3000/_next/static/chunks/node_modules_next_dist_1e8vcs8._.js:776
[  289533ms] [LOG] [Fast Refresh] done in 15ms @ http://localhost:3000/_next/static/chunks/node_modules_next_dist_1e8vcs8._.js:776
[  289586ms] [LOG] [Fast Refresh] done in 15ms @ http://localhost:3000/_next/static/chunks/node_modules_next_dist_1e8vcs8._.js:776
[  289635ms] [LOG] [Fast Refresh] done in 15ms @ http://localhost:3000/_next/static/chunks/node_modules_next_dist_1e8vcs8._.js:776
[  289688ms] [LOG] [Fast Refresh] done in 15ms @ http://localhost:3000/_next/static/chunks/node_modules_next_dist_1e8vcs8._.js:776
[  289733ms] [LOG] [Fast Refresh] done in 15ms @ http://localhost:3000/_next/static/chunks/node_modules_next_dist_1e8vcs8._.js:776
[  289779ms] [LOG] [Fast Refresh] done in 15ms @ http://localhost:3000/_next/static/chunks/node_modules_next_dist_1e8vcs8._.js:776
[  289834ms] [LOG] [Fast Refresh] done in 15ms @ http://localhost:3000/_next/static/chunks/node_modules_next_dist_1e8vcs8._.js:776
[  289886ms] [LOG] [Fast Refresh] done in 15ms @ http://localhost:3000/_next/static/chunks/node_modules_next_dist_1e8vcs8._.js:776
[  289933ms] [LOG] [Fast Refresh] done in 15ms @ http://localhost:3000/_next/static/chunks/node_modules_next_dist_1e8vcs8._.js:776
[  289983ms] [LOG] [Fast Refresh] done in 15ms @ http://localhost:3000/_next/static/chunks/node_modules_next_dist_1e8vcs8._.js:776
[  290023ms] [LOG] [Fast Refresh] done in 15ms @ http://localhost:3000/_next/static/chunks/node_modules_next_dist_1e8vcs8._.js:776
[  290066ms] [LOG] [Fast Refresh] done in 15ms @ http://localhost:3000/_next/static/chunks/node_modules_next_dist_1e8vcs8._.js:776
[  290107ms] [LOG] [Fast Refresh] done in 15ms @ http://localhost:3000/_next/static/chunks/node_modules_next_dist_1e8vcs8._.js:776
[  290150ms] [LOG] [Fast Refresh] done in 15ms @ http://localhost:3000/_next/static/chunks/node_modules_next_dist_1e8vcs8._.js:776
[  290190ms] [LOG] [Fast Refresh] done in 15ms @ http://localhost:3000/_next/static/chunks/node_modules_next_dist_1e8vcs8._.js:776
[  290234ms] [LOG] [Fast Refresh] done in 15ms @ http://localhost:3000/_next/static/chunks/node_modules_next_dist_1e8vcs8._.js:776
[  290274ms] [LOG] [Fast Refresh] done in 15ms @ http://localhost:3000/_next/static/chunks/node_modules_next_dist_1e8vcs8._.js:776
[  290316ms] [LOG] [Fast Refresh] done in 15ms @ http://localhost:3000/_next/static/chunks/node_modules_next_dist_1e8vcs8._.js:776
[  290357ms] [LOG] [Fast Refresh] done in 15ms @ http://localhost:3000/_next/static/chunks/node_modules_next_dist_1e8vcs8._.js:776
[  290400ms] [LOG] [Fast Refresh] done in 15ms @ http://localhost:3000/_next/static/chunks/node_modules_next_dist_1e8vcs8._.js:776
[  290465ms] [LOG] [Fast Refresh] done in 15ms @ http://localhost:3000/_next/static/chunks/node_modules_next_dist_1e8vcs8._.js:776
[  290507ms] [LOG] [Fast Refresh] done in 15ms @ http://localhost:3000/_next/static/chunks/node_modules_next_dist_1e8vcs8._.js:776
[  290550ms] [LOG] [Fast Refresh] done in 15ms @ http://localhost:3000/_next/static/chunks/node_modules_next_dist_1e8vcs8._.js:776
[  290601ms] [LOG] [Fast Refresh] done in 15ms @ http://localhost:3000/_next/static/chunks/node_modules_next_dist_1e8vcs8._.js:776
[  290644ms] [LOG] [Fast Refresh] done in 15ms @ http://localhost:3000/_next/static/chunks/node_modules_next_dist_1e8vcs8._.js:776
[  290690ms] [LOG] [Fast Refresh] done in 15ms @ http://localhost:3000/_next/static/chunks/node_modules_next_dist_1e8vcs8._.js:776
[  290750ms] [LOG] [Fast Refresh] done in 15ms @ http://localhost:3000/_next/static/chunks/node_modules_next_dist_1e8vcs8._.js:776
[  290801ms] [LOG] [Fast Refresh] done in 15ms @ http://localhost:3000/_next/static/chunks/node_modules_next_dist_1e8vcs8._.js:776
[  290842ms] [LOG] [Fast Refresh] done in 15ms @ http://localhost:3000/_next/static/chunks/node_modules_next_dist_1e8vcs8._.js:776
[  290883ms] [LOG] [Fast Refresh] done in 15ms @ http://localhost:3000/_next/static/chunks/node_modules_next_dist_1e8vcs8._.js:776
[  290932ms] [LOG] [Fast Refresh] done in 15ms @ http://localhost:3000/_next/static/chunks/node_modules_next_dist_1e8vcs8._.js:776
[  290984ms] [LOG] [Fast Refresh] done in 15ms @ http://localhost:3000/_next/static/chunks/node_modules_next_dist_1e8vcs8._.js:776
[  291024ms] [LOG] [Fast Refresh] done in 15ms @ http://localhost:3000/_next/static/chunks/node_modules_next_dist_1e8vcs8._.js:776
[  291074ms] [LOG] [Fast Refresh] done in 15ms @ http://localhost:3000/_next/static/chunks/node_modules_next_dist_1e8vcs8._.js:776
[  291117ms] [LOG] [Fast Refresh] done in 15ms @ http://localhost:3000/_next/static/chunks/node_modules_next_dist_1e8vcs8._.js:776
[  291159ms] [LOG] [Fast Refresh] done in 15ms @ http://localhost:3000/_next/static/chunks/node_modules_next_dist_1e8vcs8._.js:776
[  291200ms] [LOG] [Fast Refresh] done in 15ms @ http://localhost:3000/_next/static/chunks/node_modules_next_dist_1e8vcs8._.js:776
[  291263ms] [LOG] [Fast Refresh] done in 15ms @ http://localhost:3000/_next/static/chunks/node_modules_next_dist_1e8vcs8._.js:776
[  291307ms] [LOG] [Fast Refresh] done in 15ms @ http://localhost:3000/_next/static/chunks/node_modules_next_dist_1e8vcs8._.js:776
[  291350ms] [LOG] [Fast Refresh] done in 15ms @ http://localhost:3000/_next/static/chunks/node_modules_next_dist_1e8vcs8._.js:776
[  291398ms] [LOG] [Fast Refresh] done in 15ms @ http://localhost:3000/_next/static/chunks/node_modules_next_dist_1e8vcs8._.js:776
[  291440ms] [LOG] [Fast Refresh] done in 15ms @ http://localhost:3000/_next/static/chunks/node_modules_next_dist_1e8vcs8._.js:776
[  291490ms] [LOG] [Fast Refresh] done in 15ms @ http://localhost:3000/_next/static/chunks/node_modules_next_dist_1e8vcs8._.js:776
[  291535ms] [LOG] [Fast Refresh] done in 15ms @ http://localhost:3000/_next/static/chunks/node_modules_next_dist_1e8vcs8._.js:776
[  291585ms] [LOG] [Fast Refresh] done in 15ms @ http://localhost:3000/_next/static/chunks/node_modules_next_dist_1e8vcs8._.js:776
[  291634ms] [LOG] [Fast Refresh] done in 15ms @ http://localhost:3000/_next/static/chunks/node_modules_next_dist_1e8vcs8._.js:776
[  291684ms] [LOG] [Fast Refresh] done in 15ms @ http://localhost:3000/_next/static/chunks/node_modules_next_dist_1e8vcs8._.js:776
[  291733ms] [LOG] [Fast Refresh] done in 15ms @ http://localhost:3000/_next/static/chunks/node_modules_next_dist_1e8vcs8._.js:776
[  291775ms] [LOG] [Fast Refresh] done in 15ms @ http://localhost:3000/_next/static/chunks/node_modules_next_dist_1e8vcs8._.js:776
[  291816ms] [LOG] [Fast Refresh] done in 15ms @ http://localhost:3000/_next/static/chunks/node_modules_next_dist_1e8vcs8._.js:776
[  291857ms] [LOG] [Fast Refresh] done in 15ms @ http://localhost:3000/_next/static/chunks/node_modules_next_dist_1e8vcs8._.js:776
[  291903ms] [LOG] [Fast Refresh] done in 15ms @ http://localhost:3000/_next/static/chunks/node_modules_next_dist_1e8vcs8._.js:776
[  291945ms] [LOG] [Fast Refresh] done in 15ms @ http://localhost:3000/_next/static/chunks/node_modules_next_dist_1e8vcs8._.js:776
[  291990ms] [LOG] [Fast Refresh] done in 15ms @ http://localhost:3000/_next/static/chunks/node_modules_next_dist_1e8vcs8._.js:776
[  292033ms] [LOG] [Fast Refresh] done in 15ms @ http://localhost:3000/_next/static/chunks/node_modules_next_dist_1e8vcs8._.js:776
[  292075ms] [LOG] [Fast Refresh] done in 15ms @ http://localhost:3000/_next/static/chunks/node_modules_next_dist_1e8vcs8._.js:776
[  292117ms] [LOG] [Fast Refresh] done in 15ms @ http://localhost:3000/_next/static/chunks/node_modules_next_dist_1e8vcs8._.js:776
[  292160ms] [LOG] [Fast Refresh] done in 15ms @ http://localhost:3000/_next/static/chunks/node_modules_next_dist_1e8vcs8._.js:776
[  292207ms] [LOG] [Fast Refresh] done in 15ms @ http://localhost:3000/_next/static/chunks/node_modules_next_dist_1e8vcs8._.js:776
[  292250ms] [LOG] [Fast Refresh] done in 15ms @ http://localhost:3000/_next/static/chunks/node_modules_next_dist_1e8vcs8._.js:776
[  292300ms] [LOG] [Fast Refresh] done in 15ms @ http://localhost:3000/_next/static/chunks/node_modules_next_dist_1e8vcs8._.js:776
[  292340ms] [LOG] [Fast Refresh] done in 15ms @ http://localhost:3000/_next/static/chunks/node_modules_next_dist_1e8vcs8._.js:776
[  292392ms] [LOG] [Fast Refresh] done in 15ms @ http://localhost:3000/_next/static/chunks/node_modules_next_dist_1e8vcs8._.js:776
[  292440ms] [LOG] [Fast Refresh] done in 15ms @ http://localhost:3000/_next/static/chunks/node_modules_next_dist_1e8vcs8._.js:776
[  292488ms] [LOG] [Fast Refresh] done in 15ms @ http://localhost:3000/_next/static/chunks/node_modules_next_dist_1e8vcs8._.js:776
[  292533ms] [LOG] [Fast Refresh] done in 15ms @ http://localhost:3000/_next/static/chunks/node_modules_next_dist_1e8vcs8._.js:776
[  292583ms] [LOG] [Fast Refresh] done in 15ms @ http://localhost:3000/_next/static/chunks/node_modules_next_dist_1e8vcs8._.js:776
[  292623ms] [LOG] [Fast Refresh] done in 15ms @ http://localhost:3000/_next/static/chunks/node_modules_next_dist_1e8vcs8._.js:776
[  292667ms] [LOG] [Fast Refresh] done in 15ms @ http://localhost:3000/_next/static/chunks/node_modules_next_dist_1e8vcs8._.js:776
[  292707ms] [LOG] [Fast Refresh] done in 15ms @ http://localhost:3000/_next/static/chunks/node_modules_next_dist_1e8vcs8._.js:776
[  292749ms] [LOG] [Fast Refresh] done in 15ms @ http://localhost:3000/_next/static/chunks/node_modules_next_dist_1e8vcs8._.js:776
[  292795ms] [LOG] [Fast Refresh] done in 15ms @ http://localhost:3000/_next/static/chunks/node_modules_next_dist_1e8vcs8._.js:776
[  292840ms] [LOG] [Fast Refresh] done in 15ms @ http://localhost:3000/_next/static/chunks/node_modules_next_dist_1e8vcs8._.js:776
[  292884ms] [LOG] [Fast Refresh] done in 15ms @ http://localhost:3000/_next/static/chunks/node_modules_next_dist_1e8vcs8._.js:776
[  292924ms] [LOG] [Fast Refresh] done in 15ms @ http://localhost:3000/_next/static/chunks/node_modules_next_dist_1e8vcs8._.js:776
[  292974ms] [LOG] [Fast Refresh] done in 15ms @ http://localhost:3000/_next/static/chunks/node_modules_next_dist_1e8vcs8._.js:776
[  293017ms] [LOG] [Fast Refresh] done in 15ms @ http://localhost:3000/_next/static/chunks/node_modules_next_dist_1e8vcs8._.js:776
[  293067ms] [LOG] [Fast Refresh] done in 15ms @ http://localhost:3000/_next/static/chunks/node_modules_next_dist_1e8vcs8._.js:776
[  293119ms] [LOG] [Fast Refresh] done in 15ms @ http://localhost:3000/_next/static/chunks/node_modules_next_dist_1e8vcs8._.js:776
[  293170ms] [LOG] [Fast Refresh] done in 15ms @ http://localhost:3000/_next/static/chunks/node_modules_next_dist_1e8vcs8._.js:776
[  293212ms] [LOG] [Fast Refresh] done in 15ms @ http://localhost:3000/_next/static/chunks/node_modules_next_dist_1e8vcs8._.js:776
[  293267ms] [LOG] [Fast Refresh] done in 15ms @ http://localhost:3000/_next/static/chunks/node_modules_next_dist_1e8vcs8._.js:776
[  293308ms] [LOG] [Fast Refresh] done in 15ms @ http://localhost:3000/_next/static/chunks/node_modules_next_dist_1e8vcs8._.js:776
[  293350ms] [LOG] [Fast Refresh] done in 15ms @ http://localhost:3000/_next/static/chunks/node_modules_next_dist_1e8vcs8._.js:776
[  293407ms] [LOG] [Fast Refresh] done in 15ms @ http://localhost:3000/_next/static/chunks/node_modules_next_dist_1e8vcs8._.js:776
[  293450ms] [LOG] [Fast Refresh] done in 15ms @ http://localhost:3000/_next/static/chunks/node_modules_next_dist_1e8vcs8._.js:776
[  293500ms] [LOG] [Fast Refresh] done in 15ms @ http://localhost:3000/_next/static/chunks/node_modules_next_dist_1e8vcs8._.js:776
[  293540ms] [LOG] [Fast Refresh] done in 15ms @ http://localhost:3000/_next/static/chunks/node_modules_next_dist_1e8vcs8._.js:776
[  293583ms] [LOG] [Fast Refresh] done in 15ms @ http://localhost:3000/_next/static/chunks/node_modules_next_dist_1e8vcs8._.js:776
[  293629ms] [LOG] [Fast Refresh] done in 15ms @ http://localhost:3000/_next/static/chunks/node_modules_next_dist_1e8vcs8._.js:776
[  293683ms] [LOG] [Fast Refresh] done in 15ms @ http://localhost:3000/_next/static/chunks/node_modules_next_dist_1e8vcs8._.js:776
[  293726ms] [LOG] [Fast Refresh] done in 15ms @ http://localhost:3000/_next/static/chunks/node_modules_next_dist_1e8vcs8._.js:776
[  293767ms] [LOG] [Fast Refresh] done in 15ms @ http://localhost:3000/_next/static/chunks/node_modules_next_dist_1e8vcs8._.js:776
[  293807ms] [LOG] [Fast Refresh] done in 15ms @ http://localhost:3000/_next/static/chunks/node_modules_next_dist_1e8vcs8._.js:776
[  293850ms] [LOG] [Fast Refresh] done in 15ms @ http://localhost:3000/_next/static/chunks/node_modules_next_dist_1e8vcs8._.js:776
[  293898ms] [LOG] [Fast Refresh] done in 15ms @ http://localhost:3000/_next/static/chunks/node_modules_next_dist_1e8vcs8._.js:776
[  293940ms] [LOG] [Fast Refresh] done in 15ms @ http://localhost:3000/_next/static/chunks/node_modules_next_dist_1e8vcs8._.js:776
[  293984ms] [LOG] [Fast Refresh] done in 15ms @ http://localhost:3000/_next/static/chunks/node_modules_next_dist_1e8vcs8._.js:776
[  294034ms] [LOG] [Fast Refresh] done in 15ms @ http://localhost:3000/_next/static/chunks/node_modules_next_dist_1e8vcs8._.js:776
[  294074ms] [LOG] [Fast Refresh] done in 15ms @ http://localhost:3000/_next/static/chunks/node_modules_next_dist_1e8vcs8._.js:776
[  294117ms] [LOG] [Fast Refresh] done in 15ms @ http://localhost:3000/_next/static/chunks/node_modules_next_dist_1e8vcs8._.js:776
[  294162ms] [LOG] [Fast Refresh] done in 15ms @ http://localhost:3000/_next/static/chunks/node_modules_next_dist_1e8vcs8._.js:776
[  294209ms] [LOG] [Fast Refresh] done in 15ms @ http://localhost:3000/_next/static/chunks/node_modules_next_dist_1e8vcs8._.js:776
[  294253ms] [LOG] [Fast Refresh] done in 15ms @ http://localhost:3000/_next/static/chunks/node_modules_next_dist_1e8vcs8._.js:776
[  294300ms] [LOG] [Fast Refresh] done in 15ms @ http://localhost:3000/_next/static/chunks/node_modules_next_dist_1e8vcs8._.js:776
[  294340ms] [LOG] [Fast Refresh] done in 15ms @ http://localhost:3000/_next/static/chunks/node_modules_next_dist_1e8vcs8._.js:776
[  294383ms] [LOG] [Fast Refresh] done in 15ms @ http://localhost:3000/_next/static/chunks/node_modules_next_dist_1e8vcs8._.js:776
[  294433ms] [LOG] [Fast Refresh] done in 15ms @ http://localhost:3000/_next/static/chunks/node_modules_next_dist_1e8vcs8._.js:776
[  294473ms] [LOG] [Fast Refresh] done in 15ms @ http://localhost:3000/_next/static/chunks/node_modules_next_dist_1e8vcs8._.js:776
[  294515ms] [LOG] [Fast Refresh] done in 15ms @ http://localhost:3000/_next/static/chunks/node_modules_next_dist_1e8vcs8._.js:776
[  294557ms] [LOG] [Fast Refresh] done in 15ms @ http://localhost:3000/_next/static/chunks/node_modules_next_dist_1e8vcs8._.js:776
[  294600ms] [LOG] [Fast Refresh] done in 15ms @ http://localhost:3000/_next/static/chunks/node_modules_next_dist_1e8vcs8._.js:776
[  294644ms] [LOG] [Fast Refresh] done in 15ms @ http://localhost:3000/_next/static/chunks/node_modules_next_dist_1e8vcs8._.js:776
[  294690ms] [LOG] [Fast Refresh] done in 15ms @ http://localhost:3000/_next/static/chunks/node_modules_next_dist_1e8vcs8._.js:776
[  294741ms] [LOG] [Fast Refresh] done in 15ms @ http://localhost:3000/_next/static/chunks/node_modules_next_dist_1e8vcs8._.js:776
[  294784ms] [LOG] [Fast Refresh] done in 15ms @ http://localhost:3000/_next/static/chunks/node_modules_next_dist_1e8vcs8._.js:776
[  294833ms] [LOG] [Fast Refresh] done in 15ms @ http://localhost:3000/_next/static/chunks/node_modules_next_dist_1e8vcs8._.js:776
[  294883ms] [LOG] [Fast Refresh] done in 15ms @ http://localhost:3000/_next/static/chunks/node_modules_next_dist_1e8vcs8._.js:776
[  294933ms] [LOG] [Fast Refresh] done in 15ms @ http://localhost:3000/_next/static/chunks/node_modules_next_dist_1e8vcs8._.js:776
[  294976ms] [LOG] [Fast Refresh] done in 15ms @ http://localhost:3000/_next/static/chunks/node_modules_next_dist_1e8vcs8._.js:776
[  295017ms] [LOG] [Fast Refresh] done in 15ms @ http://localhost:3000/_next/static/chunks/node_modules_next_dist_1e8vcs8._.js:776
[  295067ms] [LOG] [Fast Refresh] done in 15ms @ http://localhost:3000/_next/static/chunks/node_modules_next_dist_1e8vcs8._.js:776
[  295107ms] [LOG] [Fast Refresh] done in 15ms @ http://localhost:3000/_next/static/chunks/node_modules_next_dist_1e8vcs8._.js:776
[  295150ms] [LOG] [Fast Refresh] done in 15ms @ http://localhost:3000/_next/static/chunks/node_modules_next_dist_1e8vcs8._.js:776
[  295200ms] [LOG] [Fast Refresh] done in 15ms @ http://localhost:3000/_next/static/chunks/node_modules_next_dist_1e8vcs8._.js:776
[  295240ms] [LOG] [Fast Refresh] done in 15ms @ http://localhost:3000/_next/static/chunks/node_modules_next_dist_1e8vcs8._.js:776
[  295283ms] [LOG] [Fast Refresh] done in 15ms @ http://localhost:3000/_next/static/chunks/node_modules_next_dist_1e8vcs8._.js:776
[  295323ms] [LOG] [Fast Refresh] done in 15ms @ http://localhost:3000/_next/static/chunks/node_modules_next_dist_1e8vcs8._.js:776
[  295371ms] [LOG] [Fast Refresh] done in 15ms @ http://localhost:3000/_next/static/chunks/node_modules_next_dist_1e8vcs8._.js:776
[  295432ms] [LOG] [Fast Refresh] done in 15ms @ http://localhost:3000/_next/static/chunks/node_modules_next_dist_1e8vcs8._.js:776
[  295491ms] [LOG] [Fast Refresh] done in 15ms @ http://localhost:3000/_next/static/chunks/node_modules_next_dist_1e8vcs8._.js:776
[  295539ms] [LOG] [Fast Refresh] done in 15ms @ http://localhost:3000/_next/static/chunks/node_modules_next_dist_1e8vcs8._.js:776
[  295589ms] [LOG] [Fast Refresh] done in 15ms @ http://localhost:3000/_next/static/chunks/node_modules_next_dist_1e8vcs8._.js:776
[  295633ms] [LOG] [Fast Refresh] done in 15ms @ http://localhost:3000/_next/static/chunks/node_modules_next_dist_1e8vcs8._.js:776
[  295681ms] [LOG] [Fast Refresh] done in 15ms @ http://localhost:3000/_next/static/chunks/node_modules_next_dist_1e8vcs8._.js:776
[  295726ms] [LOG] [Fast Refresh] done in 15ms @ http://localhost:3000/_next/static/chunks/node_modules_next_dist_1e8vcs8._.js:776
[  295772ms] [LOG] [Fast Refresh] done in 15ms @ http://localhost:3000/_next/static/chunks/node_modules_next_dist_1e8vcs8._.js:776
[  295823ms] [LOG] [Fast Refresh] done in 15ms @ http://localhost:3000/_next/static/chunks/node_modules_next_dist_1e8vcs8._.js:776
[  295873ms] [LOG] [Fast Refresh] done in 15ms @ http://localhost:3000/_next/static/chunks/node_modules_next_dist_1e8vcs8._.js:776
[  295924ms] [LOG] [Fast Refresh] done in 15ms @ http://localhost:3000/_next/static/chunks/node_modules_next_dist_1e8vcs8._.js:776
[  295984ms] [LOG] [Fast Refresh] done in 15ms @ http://localhost:3000/_next/static/chunks/node_modules_next_dist_1e8vcs8._.js:776
[  296027ms] [LOG] [Fast Refresh] done in 15ms @ http://localhost:3000/_next/static/chunks/node_modules_next_dist_1e8vcs8._.js:776
[  296074ms] [LOG] [Fast Refresh] done in 15ms @ http://localhost:3000/_next/static/chunks/node_modules_next_dist_1e8vcs8._.js:776
[  296117ms] [LOG] [Fast Refresh] done in 15ms @ http://localhost:3000/_next/static/chunks/node_modules_next_dist_1e8vcs8._.js:776
[  296169ms] [LOG] [Fast Refresh] done in 15ms @ http://localhost:3000/_next/static/chunks/node_modules_next_dist_1e8vcs8._.js:776
[  296217ms] [LOG] [Fast Refresh] done in 15ms @ http://localhost:3000/_next/static/chunks/node_modules_next_dist_1e8vcs8._.js:776
[  296267ms] [LOG] [Fast Refresh] done in 15ms @ http://localhost:3000/_next/static/chunks/node_modules_next_dist_1e8vcs8._.js:776
[  296317ms] [LOG] [Fast Refresh] done in 15ms @ http://localhost:3000/_next/static/chunks/node_modules_next_dist_1e8vcs8._.js:776
[  296367ms] [LOG] [Fast Refresh] done in 15ms @ http://localhost:3000/_next/static/chunks/node_modules_next_dist_1e8vcs8._.js:776
[  296409ms] [LOG] [Fast Refresh] done in 15ms @ http://localhost:3000/_next/static/chunks/node_modules_next_dist_1e8vcs8._.js:776
[  296450ms] [LOG] [Fast Refresh] done in 15ms @ http://localhost:3000/_next/static/chunks/node_modules_next_dist_1e8vcs8._.js:776
[  296495ms] [LOG] [Fast Refresh] done in 15ms @ http://localhost:3000/_next/static/chunks/node_modules_next_dist_1e8vcs8._.js:776
[  296540ms] [LOG] [Fast Refresh] done in 15ms @ http://localhost:3000/_next/static/chunks/node_modules_next_dist_1e8vcs8._.js:776
[  296584ms] [LOG] [Fast Refresh] done in 15ms @ http://localhost:3000/_next/static/chunks/node_modules_next_dist_1e8vcs8._.js:776
[  296634ms] [LOG] [Fast Refresh] done in 15ms @ http://localhost:3000/_next/static/chunks/node_modules_next_dist_1e8vcs8._.js:776
[  296675ms] [LOG] [Fast Refresh] done in 15ms @ http://localhost:3000/_next/static/chunks/node_modules_next_dist_1e8vcs8._.js:776
[  296717ms] [LOG] [Fast Refresh] done in 15ms @ http://localhost:3000/_next/static/chunks/node_modules_next_dist_1e8vcs8._.js:776
[  296766ms] [LOG] [Fast Refresh] done in 15ms @ http://localhost:3000/_next/static/chunks/node_modules_next_dist_1e8vcs8._.js:776
[  296807ms] [LOG] [Fast Refresh] done in 15ms @ http://localhost:3000/_next/static/chunks/node_modules_next_dist_1e8vcs8._.js:776
[  296851ms] [LOG] [Fast Refresh] done in 15ms @ http://localhost:3000/_next/static/chunks/node_modules_next_dist_1e8vcs8._.js:776
[  296900ms] [LOG] [Fast Refresh] done in 15ms @ http://localhost:3000/_next/static/chunks/node_modules_next_dist_1e8vcs8._.js:776
[  296950ms] [LOG] [Fast Refresh] done in 15ms @ http://localhost:3000/_next/static/chunks/node_modules_next_dist_1e8vcs8._.js:776
[  296990ms] [LOG] [Fast Refresh] done in 15ms @ http://localhost:3000/_next/static/chunks/node_modules_next_dist_1e8vcs8._.js:776
[  297034ms] [LOG] [Fast Refresh] done in 15ms @ http://localhost:3000/_next/static/chunks/node_modules_next_dist_1e8vcs8._.js:776
[  297073ms] [LOG] [Fast Refresh] done in 15ms @ http://localhost:3000/_next/static/chunks/node_modules_next_dist_1e8vcs8._.js:776
[  297117ms] [LOG] [Fast Refresh] done in 15ms @ http://localhost:3000/_next/static/chunks/node_modules_next_dist_1e8vcs8._.js:776
[  297167ms] [LOG] [Fast Refresh] done in 15ms @ http://localhost:3000/_next/static/chunks/node_modules_next_dist_1e8vcs8._.js:776
[  297217ms] [LOG] [Fast Refresh] done in 15ms @ http://localhost:3000/_next/static/chunks/node_modules_next_dist_1e8vcs8._.js:776
[  297267ms] [LOG] [Fast Refresh] done in 15ms @ http://localhost:3000/_next/static/chunks/node_modules_next_dist_1e8vcs8._.js:776
[  297307ms] [LOG] [Fast Refresh] done in 15ms @ http://localhost:3000/_next/static/chunks/node_modules_next_dist_1e8vcs8._.js:776
[  297350ms] [LOG] [Fast Refresh] done in 15ms @ http://localhost:3000/_next/static/chunks/node_modules_next_dist_1e8vcs8._.js:776
[  297390ms] [LOG] [Fast Refresh] done in 15ms @ http://localhost:3000/_next/static/chunks/node_modules_next_dist_1e8vcs8._.js:776
[  297433ms] [LOG] [Fast Refresh] done in 15ms @ http://localhost:3000/_next/static/chunks/node_modules_next_dist_1e8vcs8._.js:776
[  297484ms] [LOG] [Fast Refresh] done in 15ms @ http://localhost:3000/_next/static/chunks/node_modules_next_dist_1e8vcs8._.js:776
[  297524ms] [LOG] [Fast Refresh] done in 15ms @ http://localhost:3000/_next/static/chunks/node_modules_next_dist_1e8vcs8._.js:776
[  297567ms] [LOG] [Fast Refresh] done in 15ms @ http://localhost:3000/_next/static/chunks/node_modules_next_dist_1e8vcs8._.js:776
[  297617ms] [LOG] [Fast Refresh] done in 15ms @ http://localhost:3000/_next/static/chunks/node_modules_next_dist_1e8vcs8._.js:776
[  297660ms] [LOG] [Fast Refresh] done in 15ms @ http://localhost:3000/_next/static/chunks/node_modules_next_dist_1e8vcs8._.js:776
[  297707ms] [LOG] [Fast Refresh] done in 15ms @ http://localhost:3000/_next/static/chunks/node_modules_next_dist_1e8vcs8._.js:776
[  297751ms] [LOG] [Fast Refresh] done in 15ms @ http://localhost:3000/_next/static/chunks/node_modules_next_dist_1e8vcs8._.js:776
[  297793ms] [LOG] [Fast Refresh] done in 15ms @ http://localhost:3000/_next/static/chunks/node_modules_next_dist_1e8vcs8._.js:776
[  297833ms] [LOG] [Fast Refresh] done in 15ms @ http://localhost:3000/_next/static/chunks/node_modules_next_dist_1e8vcs8._.js:776
[  297874ms] [LOG] [Fast Refresh] done in 15ms @ http://localhost:3000/_next/static/chunks/node_modules_next_dist_1e8vcs8._.js:776
[  297917ms] [LOG] [Fast Refresh] done in 15ms @ http://localhost:3000/_next/static/chunks/node_modules_next_dist_1e8vcs8._.js:776
[  297957ms] [LOG] [Fast Refresh] done in 15ms @ http://localhost:3000/_next/static/chunks/node_modules_next_dist_1e8vcs8._.js:776
[  298007ms] [LOG] [Fast Refresh] done in 15ms @ http://localhost:3000/_next/static/chunks/node_modules_next_dist_1e8vcs8._.js:776
[  298051ms] [LOG] [Fast Refresh] done in 15ms @ http://localhost:3000/_next/static/chunks/node_modules_next_dist_1e8vcs8._.js:776
[  298100ms] [LOG] [Fast Refresh] done in 15ms @ http://localhost:3000/_next/static/chunks/node_modules_next_dist_1e8vcs8._.js:776
[  298149ms] [LOG] [Fast Refresh] done in 15ms @ http://localhost:3000/_next/static/chunks/node_modules_next_dist_1e8vcs8._.js:776
[  298199ms] [LOG] [Fast Refresh] done in 15ms @ http://localhost:3000/_next/static/chunks/node_modules_next_dist_1e8vcs8._.js:776
[  298241ms] [LOG] [Fast Refresh] done in 15ms @ http://localhost:3000/_next/static/chunks/node_modules_next_dist_1e8vcs8._.js:776
[  298284ms] [LOG] [Fast Refresh] done in 15ms @ http://localhost:3000/_next/static/chunks/node_modules_next_dist_1e8vcs8._.js:776
[  298325ms] [LOG] [Fast Refresh] done in 15ms @ http://localhost:3000/_next/static/chunks/node_modules_next_dist_1e8vcs8._.js:776
[  298367ms] [LOG] [Fast Refresh] done in 15ms @ http://localhost:3000/_next/static/chunks/node_modules_next_dist_1e8vcs8._.js:776
[  298417ms] [LOG] [Fast Refresh] done in 15ms @ http://localhost:3000/_next/static/chunks/node_modules_next_dist_1e8vcs8._.js:776
[  298467ms] [LOG] [Fast Refresh] done in 15ms @ http://localhost:3000/_next/static/chunks/node_modules_next_dist_1e8vcs8._.js:776
[  298517ms] [LOG] [Fast Refresh] done in 15ms @ http://localhost:3000/_next/static/chunks/node_modules_next_dist_1e8vcs8._.js:776
[  298571ms] [LOG] [Fast Refresh] done in 15ms @ http://localhost:3000/_next/static/chunks/node_modules_next_dist_1e8vcs8._.js:776
[  298618ms] [LOG] [Fast Refresh] done in 15ms @ http://localhost:3000/_next/static/chunks/node_modules_next_dist_1e8vcs8._.js:776
[  298667ms] [LOG] [Fast Refresh] done in 15ms @ http://localhost:3000/_next/static/chunks/node_modules_next_dist_1e8vcs8._.js:776
[  298711ms] [LOG] [Fast Refresh] done in 15ms @ http://localhost:3000/_next/static/chunks/node_modules_next_dist_1e8vcs8._.js:776
[  298751ms] [LOG] [Fast Refresh] done in 15ms @ http://localhost:3000/_next/static/chunks/node_modules_next_dist_1e8vcs8._.js:776
[  298790ms] [LOG] [Fast Refresh] done in 15ms @ http://localhost:3000/_next/static/chunks/node_modules_next_dist_1e8vcs8._.js:776
[  298834ms] [LOG] [Fast Refresh] done in 15ms @ http://localhost:3000/_next/static/chunks/node_modules_next_dist_1e8vcs8._.js:776
[  298885ms] [LOG] [Fast Refresh] done in 15ms @ http://localhost:3000/_next/static/chunks/node_modules_next_dist_1e8vcs8._.js:776
[  298934ms] [LOG] [Fast Refresh] done in 15ms @ http://localhost:3000/_next/static/chunks/node_modules_next_dist_1e8vcs8._.js:776
[  298984ms] [LOG] [Fast Refresh] done in 15ms @ http://localhost:3000/_next/static/chunks/node_modules_next_dist_1e8vcs8._.js:776
[  299034ms] [LOG] [Fast Refresh] done in 15ms @ http://localhost:3000/_next/static/chunks/node_modules_next_dist_1e8vcs8._.js:776
[  299084ms] [LOG] [Fast Refresh] done in 15ms @ http://localhost:3000/_next/static/chunks/node_modules_next_dist_1e8vcs8._.js:776
[  299130ms] [LOG] [Fast Refresh] done in 15ms @ http://localhost:3000/_next/static/chunks/node_modules_next_dist_1e8vcs8._.js:776
[  299174ms] [LOG] [Fast Refresh] done in 15ms @ http://localhost:3000/_next/static/chunks/node_modules_next_dist_1e8vcs8._.js:776
[  299218ms] [LOG] [Fast Refresh] done in 15ms @ http://localhost:3000/_next/static/chunks/node_modules_next_dist_1e8vcs8._.js:776
[  299268ms] [LOG] [Fast Refresh] done in 15ms @ http://localhost:3000/_next/static/chunks/node_modules_next_dist_1e8vcs8._.js:776
[  299311ms] [LOG] [Fast Refresh] done in 15ms @ http://localhost:3000/_next/static/chunks/node_modules_next_dist_1e8vcs8._.js:776
[  299357ms] [LOG] [Fast Refresh] done in 15ms @ http://localhost:3000/_next/static/chunks/node_modules_next_dist_1e8vcs8._.js:776
[  299400ms] [LOG] [Fast Refresh] done in 15ms @ http://localhost:3000/_next/static/chunks/node_modules_next_dist_1e8vcs8._.js:776
[  299440ms] [LOG] [Fast Refresh] done in 15ms @ http://localhost:3000/_next/static/chunks/node_modules_next_dist_1e8vcs8._.js:776
[  299484ms] [LOG] [Fast Refresh] done in 15ms @ http://localhost:3000/_next/static/chunks/node_modules_next_dist_1e8vcs8._.js:776
[  299534ms] [LOG] [Fast Refresh] done in 15ms @ http://localhost:3000/_next/static/chunks/node_modules_next_dist_1e8vcs8._.js:776
[  299574ms] [LOG] [Fast Refresh] done in 15ms @ http://localhost:3000/_next/static/chunks/node_modules_next_dist_1e8vcs8._.js:776
[  299617ms] [LOG] [Fast Refresh] done in 15ms @ http://localhost:3000/_next/static/chunks/node_modules_next_dist_1e8vcs8._.js:776
[  299657ms] [LOG] [Fast Refresh] done in 15ms @ http://localhost:3000/_next/static/chunks/node_modules_next_dist_1e8vcs8._.js:776
[  299700ms] [LOG] [Fast Refresh] done in 15ms @ http://localhost:3000/_next/static/chunks/node_modules_next_dist_1e8vcs8._.js:776
[  299750ms] [LOG] [Fast Refresh] done in 15ms @ http://localhost:3000/_next/static/chunks/node_modules_next_dist_1e8vcs8._.js:776
[  299800ms] [LOG] [Fast Refresh] done in 15ms @ http://localhost:3000/_next/static/chunks/node_modules_next_dist_1e8vcs8._.js:776
[  299841ms] [LOG] [Fast Refresh] done in 15ms @ http://localhost:3000/_next/static/chunks/node_modules_next_dist_1e8vcs8._.js:776
[  299884ms] [LOG] [Fast Refresh] done in 15ms @ http://localhost:3000/_next/static/chunks/node_modules_next_dist_1e8vcs8._.js:776
[  299934ms] [LOG] [Fast Refresh] done in 15ms @ http://localhost:3000/_next/static/chunks/node_modules_next_dist_1e8vcs8._.js:776
[  299974ms] [LOG] [Fast Refresh] done in 15ms @ http://localhost:3000/_next/static/chunks/node_modules_next_dist_1e8vcs8._.js:776
[  300017ms] [LOG] [Fast Refresh] done in 15ms @ http://localhost:3000/_next/static/chunks/node_modules_next_dist_1e8vcs8._.js:776
[  300060ms] [LOG] [Fast Refresh] done in 15ms @ http://localhost:3000/_next/static/chunks/node_modules_next_dist_1e8vcs8._.js:776
[  300101ms] [LOG] [Fast Refresh] done in 15ms @ http://localhost:3000/_next/static/chunks/node_modules_next_dist_1e8vcs8._.js:776
[  300142ms] [LOG] [Fast Refresh] done in 15ms @ http://localhost:3000/_next/static/chunks/node_modules_next_dist_1e8vcs8._.js:776
[  300189ms] [LOG] [Fast Refresh] done in 15ms @ http://localhost:3000/_next/static/chunks/node_modules_next_dist_1e8vcs8._.js:776
[  300236ms] [LOG] [Fast Refresh] done in 15ms @ http://localhost:3000/_next/static/chunks/node_modules_next_dist_1e8vcs8._.js:776
[  300275ms] [LOG] [Fast Refresh] done in 15ms @ http://localhost:3000/_next/static/chunks/node_modules_next_dist_1e8vcs8._.js:776
[  300317ms] [LOG] [Fast Refresh] done in 15ms @ http://localhost:3000/_next/static/chunks/node_modules_next_dist_1e8vcs8._.js:776
[  300359ms] [LOG] [Fast Refresh] done in 15ms @ http://localhost:3000/_next/static/chunks/node_modules_next_dist_1e8vcs8._.js:776
[  300403ms] [LOG] [Fast Refresh] done in 15ms @ http://localhost:3000/_next/static/chunks/node_modules_next_dist_1e8vcs8._.js:776
[  300444ms] [LOG] [Fast Refresh] done in 15ms @ http://localhost:3000/_next/static/chunks/node_modules_next_dist_1e8vcs8._.js:776
[  300490ms] [LOG] [Fast Refresh] done in 15ms @ http://localhost:3000/_next/static/chunks/node_modules_next_dist_1e8vcs8._.js:776
[  300542ms] [LOG] [Fast Refresh] done in 15ms @ http://localhost:3000/_next/static/chunks/node_modules_next_dist_1e8vcs8._.js:776
[  300586ms] [LOG] [Fast Refresh] done in 15ms @ http://localhost:3000/_next/static/chunks/node_modules_next_dist_1e8vcs8._.js:776
[  300637ms] [LOG] [Fast Refresh] done in 15ms @ http://localhost:3000/_next/static/chunks/node_modules_next_dist_1e8vcs8._.js:776
[  300685ms] [LOG] [Fast Refresh] done in 15ms @ http://localhost:3000/_next/static/chunks/node_modules_next_dist_1e8vcs8._.js:776
[  300736ms] [LOG] [Fast Refresh] done in 15ms @ http://localhost:3000/_next/static/chunks/node_modules_next_dist_1e8vcs8._.js:776
[  300778ms] [LOG] [Fast Refresh] done in 15ms @ http://localhost:3000/_next/static/chunks/node_modules_next_dist_1e8vcs8._.js:776
[  300820ms] [LOG] [Fast Refresh] done in 15ms @ http://localhost:3000/_next/static/chunks/node_modules_next_dist_1e8vcs8._.js:776
[  300864ms] [LOG] [Fast Refresh] done in 15ms @ http://localhost:3000/_next/static/chunks/node_modules_next_dist_1e8vcs8._.js:776
[  300909ms] [LOG] [Fast Refresh] done in 15ms @ http://localhost:3000/_next/static/chunks/node_modules_next_dist_1e8vcs8._.js:776
[  300960ms] [LOG] [Fast Refresh] done in 15ms @ http://localhost:3000/_next/static/chunks/node_modules_next_dist_1e8vcs8._.js:776
[  301004ms] [LOG] [Fast Refresh] done in 15ms @ http://localhost:3000/_next/static/chunks/node_modules_next_dist_1e8vcs8._.js:776
[  301044ms] [LOG] [Fast Refresh] done in 15ms @ http://localhost:3000/_next/static/chunks/node_modules_next_dist_1e8vcs8._.js:776
[  301088ms] [LOG] [Fast Refresh] done in 15ms @ http://localhost:3000/_next/static/chunks/node_modules_next_dist_1e8vcs8._.js:776
[  301142ms] [LOG] [Fast Refresh] done in 15ms @ http://localhost:3000/_next/static/chunks/node_modules_next_dist_1e8vcs8._.js:776
[  301188ms] [LOG] [Fast Refresh] done in 15ms @ http://localhost:3000/_next/static/chunks/node_modules_next_dist_1e8vcs8._.js:776
[  301226ms] [LOG] [Fast Refresh] done in 15ms @ http://localhost:3000/_next/static/chunks/node_modules_next_dist_1e8vcs8._.js:776
[  301268ms] [LOG] [Fast Refresh] done in 15ms @ http://localhost:3000/_next/static/chunks/node_modules_next_dist_1e8vcs8._.js:776
[  301308ms] [LOG] [Fast Refresh] done in 15ms @ http://localhost:3000/_next/static/chunks/node_modules_next_dist_1e8vcs8._.js:776
[  301352ms] [LOG] [Fast Refresh] done in 15ms @ http://localhost:3000/_next/static/chunks/node_modules_next_dist_1e8vcs8._.js:776
[  301405ms] [LOG] [Fast Refresh] done in 15ms @ http://localhost:3000/_next/static/chunks/node_modules_next_dist_1e8vcs8._.js:776
[  301457ms] [LOG] [Fast Refresh] done in 15ms @ http://localhost:3000/_next/static/chunks/node_modules_next_dist_1e8vcs8._.js:776
[  301502ms] [LOG] [Fast Refresh] done in 15ms @ http://localhost:3000/_next/static/chunks/node_modules_next_dist_1e8vcs8._.js:776
[  301552ms] [LOG] [Fast Refresh] done in 15ms @ http://localhost:3000/_next/static/chunks/node_modules_next_dist_1e8vcs8._.js:776
[  301592ms] [LOG] [Fast Refresh] done in 15ms @ http://localhost:3000/_next/static/chunks/node_modules_next_dist_1e8vcs8._.js:776
[  301635ms] [LOG] [Fast Refresh] done in 15ms @ http://localhost:3000/_next/static/chunks/node_modules_next_dist_1e8vcs8._.js:776
[  301681ms] [LOG] [Fast Refresh] done in 15ms @ http://localhost:3000/_next/static/chunks/node_modules_next_dist_1e8vcs8._.js:776
[  301724ms] [LOG] [Fast Refresh] done in 15ms @ http://localhost:3000/_next/static/chunks/node_modules_next_dist_1e8vcs8._.js:776
[  301769ms] [LOG] [Fast Refresh] done in 15ms @ http://localhost:3000/_next/static/chunks/node_modules_next_dist_1e8vcs8._.js:776
[  301809ms] [LOG] [Fast Refresh] done in 15ms @ http://localhost:3000/_next/static/chunks/node_modules_next_dist_1e8vcs8._.js:776
[  301854ms] [LOG] [Fast Refresh] done in 15ms @ http://localhost:3000/_next/static/chunks/node_modules_next_dist_1e8vcs8._.js:776
[  301907ms] [LOG] [Fast Refresh] done in 15ms @ http://localhost:3000/_next/static/chunks/node_modules_next_dist_1e8vcs8._.js:776
[  301969ms] [LOG] [Fast Refresh] done in 15ms @ http://localhost:3000/_next/static/chunks/node_modules_next_dist_1e8vcs8._.js:776
[  302014ms] [LOG] [Fast Refresh] done in 15ms @ http://localhost:3000/_next/static/chunks/node_modules_next_dist_1e8vcs8._.js:776
[  302053ms] [LOG] [Fast Refresh] done in 15ms @ http://localhost:3000/_next/static/chunks/node_modules_next_dist_1e8vcs8._.js:776
[  302102ms] [LOG] [Fast Refresh] done in 15ms @ http://localhost:3000/_next/static/chunks/node_modules_next_dist_1e8vcs8._.js:776
[  302145ms] [LOG] [Fast Refresh] done in 15ms @ http://localhost:3000/_next/static/chunks/node_modules_next_dist_1e8vcs8._.js:776
[  302186ms] [LOG] [Fast Refresh] done in 15ms @ http://localhost:3000/_next/static/chunks/node_modules_next_dist_1e8vcs8._.js:776
[  302235ms] [LOG] [Fast Refresh] done in 15ms @ http://localhost:3000/_next/static/chunks/node_modules_next_dist_1e8vcs8._.js:776
[  302281ms] [LOG] [Fast Refresh] done in 15ms @ http://localhost:3000/_next/static/chunks/node_modules_next_dist_1e8vcs8._.js:776
[  302325ms] [LOG] [Fast Refresh] done in 15ms @ http://localhost:3000/_next/static/chunks/node_modules_next_dist_1e8vcs8._.js:776
[  302369ms] [LOG] [Fast Refresh] done in 15ms @ http://localhost:3000/_next/static/chunks/node_modules_next_dist_1e8vcs8._.js:776
[  302410ms] [LOG] [Fast Refresh] done in 15ms @ http://localhost:3000/_next/static/chunks/node_modules_next_dist_1e8vcs8._.js:776
[  302456ms] [LOG] [Fast Refresh] done in 15ms @ http://localhost:3000/_next/static/chunks/node_modules_next_dist_1e8vcs8._.js:776
[  302502ms] [LOG] [Fast Refresh] done in 15ms @ http://localhost:3000/_next/static/chunks/node_modules_next_dist_1e8vcs8._.js:776
[  302546ms] [LOG] [Fast Refresh] done in 15ms @ http://localhost:3000/_next/static/chunks/node_modules_next_dist_1e8vcs8._.js:776
[  302588ms] [LOG] [Fast Refresh] done in 15ms @ http://localhost:3000/_next/static/chunks/node_modules_next_dist_1e8vcs8._.js:776
[  302636ms] [LOG] [Fast Refresh] done in 15ms @ http://localhost:3000/_next/static/chunks/node_modules_next_dist_1e8vcs8._.js:776
[  302675ms] [LOG] [Fast Refresh] done in 15ms @ http://localhost:3000/_next/static/chunks/node_modules_next_dist_1e8vcs8._.js:776
[  302723ms] [LOG] [Fast Refresh] done in 15ms @ http://localhost:3000/_next/static/chunks/node_modules_next_dist_1e8vcs8._.js:776
[  302769ms] [LOG] [Fast Refresh] done in 15ms @ http://localhost:3000/_next/static/chunks/node_modules_next_dist_1e8vcs8._.js:776
[  302810ms] [LOG] [Fast Refresh] done in 15ms @ http://localhost:3000/_next/static/chunks/node_modules_next_dist_1e8vcs8._.js:776
[  302853ms] [LOG] [Fast Refresh] done in 15ms @ http://localhost:3000/_next/static/chunks/node_modules_next_dist_1e8vcs8._.js:776
[  302902ms] [LOG] [Fast Refresh] done in 15ms @ http://localhost:3000/_next/static/chunks/node_modules_next_dist_1e8vcs8._.js:776
[  302945ms] [LOG] [Fast Refresh] done in 15ms @ http://localhost:3000/_next/static/chunks/node_modules_next_dist_1e8vcs8._.js:776
[  302995ms] [LOG] [Fast Refresh] done in 15ms @ http://localhost:3000/_next/static/chunks/node_modules_next_dist_1e8vcs8._.js:776
[  303041ms] [LOG] [Fast Refresh] done in 15ms @ http://localhost:3000/_next/static/chunks/node_modules_next_dist_1e8vcs8._.js:776
[  303088ms] [LOG] [Fast Refresh] done in 15ms @ http://localhost:3000/_next/static/chunks/node_modules_next_dist_1e8vcs8._.js:776
[  303140ms] [LOG] [Fast Refresh] done in 15ms @ http://localhost:3000/_next/static/chunks/node_modules_next_dist_1e8vcs8._.js:776
[  303187ms] [LOG] [Fast Refresh] done in 15ms @ http://localhost:3000/_next/static/chunks/node_modules_next_dist_1e8vcs8._.js:776
[  303230ms] [LOG] [Fast Refresh] done in 15ms @ http://localhost:3000/_next/static/chunks/node_modules_next_dist_1e8vcs8._.js:776
[  303275ms] [LOG] [Fast Refresh] done in 15ms @ http://localhost:3000/_next/static/chunks/node_modules_next_dist_1e8vcs8._.js:776
[  303320ms] [LOG] [Fast Refresh] done in 15ms @ http://localhost:3000/_next/static/chunks/node_modules_next_dist_1e8vcs8._.js:776
[  303370ms] [LOG] [Fast Refresh] done in 15ms @ http://localhost:3000/_next/static/chunks/node_modules_next_dist_1e8vcs8._.js:776
[  303410ms] [LOG] [Fast Refresh] done in 15ms @ http://localhost:3000/_next/static/chunks/node_modules_next_dist_1e8vcs8._.js:776
[  303454ms] [LOG] [Fast Refresh] done in 15ms @ http://localhost:3000/_next/static/chunks/node_modules_next_dist_1e8vcs8._.js:776
[  303503ms] [LOG] [Fast Refresh] done in 15ms @ http://localhost:3000/_next/static/chunks/node_modules_next_dist_1e8vcs8._.js:776
[  303553ms] [LOG] [Fast Refresh] done in 15ms @ http://localhost:3000/_next/static/chunks/node_modules_next_dist_1e8vcs8._.js:776
[  303606ms] [LOG] [Fast Refresh] done in 15ms @ http://localhost:3000/_next/static/chunks/node_modules_next_dist_1e8vcs8._.js:776
[  303653ms] [LOG] [Fast Refresh] done in 15ms @ http://localhost:3000/_next/static/chunks/node_modules_next_dist_1e8vcs8._.js:776
[  303703ms] [LOG] [Fast Refresh] done in 15ms @ http://localhost:3000/_next/static/chunks/node_modules_next_dist_1e8vcs8._.js:776
[  303753ms] [LOG] [Fast Refresh] done in 15ms @ http://localhost:3000/_next/static/chunks/node_modules_next_dist_1e8vcs8._.js:776
[  303800ms] [LOG] [Fast Refresh] done in 15ms @ http://localhost:3000/_next/static/chunks/node_modules_next_dist_1e8vcs8._.js:776
[  303843ms] [LOG] [Fast Refresh] done in 15ms @ http://localhost:3000/_next/static/chunks/node_modules_next_dist_1e8vcs8._.js:776
[  303889ms] [LOG] [Fast Refresh] done in 15ms @ http://localhost:3000/_next/static/chunks/node_modules_next_dist_1e8vcs8._.js:776
[  303936ms] [LOG] [Fast Refresh] done in 15ms @ http://localhost:3000/_next/static/chunks/node_modules_next_dist_1e8vcs8._.js:776
[  303976ms] [LOG] [Fast Refresh] done in 15ms @ http://localhost:3000/_next/static/chunks/node_modules_next_dist_1e8vcs8._.js:776
[  304022ms] [LOG] [Fast Refresh] done in 15ms @ http://localhost:3000/_next/static/chunks/node_modules_next_dist_1e8vcs8._.js:776
[  304062ms] [LOG] [Fast Refresh] done in 15ms @ http://localhost:3000/_next/static/chunks/node_modules_next_dist_1e8vcs8._.js:776
[  304107ms] [LOG] [Fast Refresh] done in 15ms @ http://localhost:3000/_next/static/chunks/node_modules_next_dist_1e8vcs8._.js:776
[  304146ms] [LOG] [Fast Refresh] done in 15ms @ http://localhost:3000/_next/static/chunks/node_modules_next_dist_1e8vcs8._.js:776
[  304186ms] [LOG] [Fast Refresh] done in 15ms @ http://localhost:3000/_next/static/chunks/node_modules_next_dist_1e8vcs8._.js:776
[  304226ms] [LOG] [Fast Refresh] done in 15ms @ http://localhost:3000/_next/static/chunks/node_modules_next_dist_1e8vcs8._.js:776
[  304270ms] [LOG] [Fast Refresh] done in 15ms @ http://localhost:3000/_next/static/chunks/node_modules_next_dist_1e8vcs8._.js:776
[  304324ms] [LOG] [Fast Refresh] done in 15ms @ http://localhost:3000/_next/static/chunks/node_modules_next_dist_1e8vcs8._.js:776
[  304374ms] [LOG] [Fast Refresh] done in 15ms @ http://localhost:3000/_next/static/chunks/node_modules_next_dist_1e8vcs8._.js:776
[  304416ms] [LOG] [Fast Refresh] done in 15ms @ http://localhost:3000/_next/static/chunks/node_modules_next_dist_1e8vcs8._.js:776
[  304462ms] [LOG] [Fast Refresh] done in 15ms @ http://localhost:3000/_next/static/chunks/node_modules_next_dist_1e8vcs8._.js:776
[  304510ms] [LOG] [Fast Refresh] done in 15ms @ http://localhost:3000/_next/static/chunks/node_modules_next_dist_1e8vcs8._.js:776
[  304555ms] [LOG] [Fast Refresh] done in 15ms @ http://localhost:3000/_next/static/chunks/node_modules_next_dist_1e8vcs8._.js:776
[  304596ms] [LOG] [Fast Refresh] done in 15ms @ http://localhost:3000/_next/static/chunks/node_modules_next_dist_1e8vcs8._.js:776
[  304642ms] [LOG] [Fast Refresh] done in 15ms @ http://localhost:3000/_next/static/chunks/node_modules_next_dist_1e8vcs8._.js:776
[  304691ms] [LOG] [Fast Refresh] done in 15ms @ http://localhost:3000/_next/static/chunks/node_modules_next_dist_1e8vcs8._.js:776
[  304736ms] [LOG] [Fast Refresh] done in 15ms @ http://localhost:3000/_next/static/chunks/node_modules_next_dist_1e8vcs8._.js:776
[  304783ms] [LOG] [Fast Refresh] done in 15ms @ http://localhost:3000/_next/static/chunks/node_modules_next_dist_1e8vcs8._.js:776
[  304829ms] [LOG] [Fast Refresh] done in 15ms @ http://localhost:3000/_next/static/chunks/node_modules_next_dist_1e8vcs8._.js:776
[  304871ms] [LOG] [Fast Refresh] done in 15ms @ http://localhost:3000/_next/static/chunks/node_modules_next_dist_1e8vcs8._.js:776
[  304920ms] [LOG] [Fast Refresh] done in 15ms @ http://localhost:3000/_next/static/chunks/node_modules_next_dist_1e8vcs8._.js:776
[  304963ms] [LOG] [Fast Refresh] done in 15ms @ http://localhost:3000/_next/static/chunks/node_modules_next_dist_1e8vcs8._.js:776
[  305008ms] [LOG] [Fast Refresh] done in 15ms @ http://localhost:3000/_next/static/chunks/node_modules_next_dist_1e8vcs8._.js:776
[  305052ms] [LOG] [Fast Refresh] done in 15ms @ http://localhost:3000/_next/static/chunks/node_modules_next_dist_1e8vcs8._.js:776
[  305099ms] [LOG] [Fast Refresh] done in 15ms @ http://localhost:3000/_next/static/chunks/node_modules_next_dist_1e8vcs8._.js:776
[  305143ms] [LOG] [Fast Refresh] done in 15ms @ http://localhost:3000/_next/static/chunks/node_modules_next_dist_1e8vcs8._.js:776
[  305186ms] [LOG] [Fast Refresh] done in 15ms @ http://localhost:3000/_next/static/chunks/node_modules_next_dist_1e8vcs8._.js:776
[  305236ms] [LOG] [Fast Refresh] done in 15ms @ http://localhost:3000/_next/static/chunks/node_modules_next_dist_1e8vcs8._.js:776
[  305284ms] [LOG] [Fast Refresh] done in 15ms @ http://localhost:3000/_next/static/chunks/node_modules_next_dist_1e8vcs8._.js:776
[  305335ms] [LOG] [Fast Refresh] done in 15ms @ http://localhost:3000/_next/static/chunks/node_modules_next_dist_1e8vcs8._.js:776
[  305379ms] [LOG] [Fast Refresh] done in 15ms @ http://localhost:3000/_next/static/chunks/node_modules_next_dist_1e8vcs8._.js:776
[  305425ms] [LOG] [Fast Refresh] done in 15ms @ http://localhost:3000/_next/static/chunks/node_modules_next_dist_1e8vcs8._.js:776
[  305467ms] [LOG] [Fast Refresh] done in 15ms @ http://localhost:3000/_next/static/chunks/node_modules_next_dist_1e8vcs8._.js:776
[  305507ms] [LOG] [Fast Refresh] done in 15ms @ http://localhost:3000/_next/static/chunks/node_modules_next_dist_1e8vcs8._.js:776
[  305557ms] [LOG] [Fast Refresh] done in 15ms @ http://localhost:3000/_next/static/chunks/node_modules_next_dist_1e8vcs8._.js:776
[  305605ms] [LOG] [Fast Refresh] done in 15ms @ http://localhost:3000/_next/static/chunks/node_modules_next_dist_1e8vcs8._.js:776
[  305651ms] [LOG] [Fast Refresh] done in 15ms @ http://localhost:3000/_next/static/chunks/node_modules_next_dist_1e8vcs8._.js:776
[  305689ms] [LOG] [Fast Refresh] done in 15ms @ http://localhost:3000/_next/static/chunks/node_modules_next_dist_1e8vcs8._.js:776
[  305734ms] [LOG] [Fast Refresh] done in 15ms @ http://localhost:3000/_next/static/chunks/node_modules_next_dist_1e8vcs8._.js:776
[  305785ms] [LOG] [Fast Refresh] done in 15ms @ http://localhost:3000/_next/static/chunks/node_modules_next_dist_1e8vcs8._.js:776
[  305824ms] [LOG] [Fast Refresh] done in 15ms @ http://localhost:3000/_next/static/chunks/node_modules_next_dist_1e8vcs8._.js:776
[  305867ms] [LOG] [Fast Refresh] done in 15ms @ http://localhost:3000/_next/static/chunks/node_modules_next_dist_1e8vcs8._.js:776
[  305922ms] [LOG] [Fast Refresh] done in 15ms @ http://localhost:3000/_next/static/chunks/node_modules_next_dist_1e8vcs8._.js:776
[  305971ms] [LOG] [Fast Refresh] done in 15ms @ http://localhost:3000/_next/static/chunks/node_modules_next_dist_1e8vcs8._.js:776
[  306018ms] [LOG] [Fast Refresh] done in 15ms @ http://localhost:3000/_next/static/chunks/node_modules_next_dist_1e8vcs8._.js:776
[  306074ms] [LOG] [Fast Refresh] done in 15ms @ http://localhost:3000/_next/static/chunks/node_modules_next_dist_1e8vcs8._.js:776
[  306117ms] [LOG] [Fast Refresh] done in 15ms @ http://localhost:3000/_next/static/chunks/node_modules_next_dist_1e8vcs8._.js:776
[  306157ms] [LOG] [Fast Refresh] done in 15ms @ http://localhost:3000/_next/static/chunks/node_modules_next_dist_1e8vcs8._.js:776
[  306201ms] [LOG] [Fast Refresh] done in 15ms @ http://localhost:3000/_next/static/chunks/node_modules_next_dist_1e8vcs8._.js:776
[  306242ms] [LOG] [Fast Refresh] done in 15ms @ http://localhost:3000/_next/static/chunks/node_modules_next_dist_1e8vcs8._.js:776
[  306284ms] [LOG] [Fast Refresh] done in 15ms @ http://localhost:3000/_next/static/chunks/node_modules_next_dist_1e8vcs8._.js:776
[  306335ms] [LOG] [Fast Refresh] done in 15ms @ http://localhost:3000/_next/static/chunks/node_modules_next_dist_1e8vcs8._.js:776
[  306375ms] [LOG] [Fast Refresh] done in 15ms @ http://localhost:3000/_next/static/chunks/node_modules_next_dist_1e8vcs8._.js:776
[  306425ms] [LOG] [Fast Refresh] done in 15ms @ http://localhost:3000/_next/static/chunks/node_modules_next_dist_1e8vcs8._.js:776
[  306474ms] [LOG] [Fast Refresh] done in 15ms @ http://localhost:3000/_next/static/chunks/node_modules_next_dist_1e8vcs8._.js:776
[  306525ms] [LOG] [Fast Refresh] done in 15ms @ http://localhost:3000/_next/static/chunks/node_modules_next_dist_1e8vcs8._.js:776
[  306568ms] [LOG] [Fast Refresh] done in 15ms @ http://localhost:3000/_next/static/chunks/node_modules_next_dist_1e8vcs8._.js:776
[  306624ms] [LOG] [Fast Refresh] done in 15ms @ http://localhost:3000/_next/static/chunks/node_modules_next_dist_1e8vcs8._.js:776
[  306671ms] [LOG] [Fast Refresh] done in 15ms @ http://localhost:3000/_next/static/chunks/node_modules_next_dist_1e8vcs8._.js:776
[  306717ms] [LOG] [Fast Refresh] done in 15ms @ http://localhost:3000/_next/static/chunks/node_modules_next_dist_1e8vcs8._.js:776
[  306767ms] [LOG] [Fast Refresh] done in 15ms @ http://localhost:3000/_next/static/chunks/node_modules_next_dist_1e8vcs8._.js:776
[  306809ms] [LOG] [Fast Refresh] done in 15ms @ http://localhost:3000/_next/static/chunks/node_modules_next_dist_1e8vcs8._.js:776
[  306851ms] [LOG] [Fast Refresh] done in 15ms @ http://localhost:3000/_next/static/chunks/node_modules_next_dist_1e8vcs8._.js:776
[  306891ms] [LOG] [Fast Refresh] done in 15ms @ http://localhost:3000/_next/static/chunks/node_modules_next_dist_1e8vcs8._.js:776
[  306938ms] [LOG] [Fast Refresh] done in 15ms @ http://localhost:3000/_next/static/chunks/node_modules_next_dist_1e8vcs8._.js:776
[  306984ms] [LOG] [Fast Refresh] done in 15ms @ http://localhost:3000/_next/static/chunks/node_modules_next_dist_1e8vcs8._.js:776
[  307032ms] [LOG] [Fast Refresh] done in 15ms @ http://localhost:3000/_next/static/chunks/node_modules_next_dist_1e8vcs8._.js:776
[  307091ms] [LOG] [Fast Refresh] done in 15ms @ http://localhost:3000/_next/static/chunks/node_modules_next_dist_1e8vcs8._.js:776
[  307140ms] [LOG] [Fast Refresh] done in 15ms @ http://localhost:3000/_next/static/chunks/node_modules_next_dist_1e8vcs8._.js:776
[  307194ms] [LOG] [Fast Refresh] done in 15ms @ http://localhost:3000/_next/static/chunks/node_modules_next_dist_1e8vcs8._.js:776
[  307245ms] [LOG] [Fast Refresh] done in 15ms @ http://localhost:3000/_next/static/chunks/node_modules_next_dist_1e8vcs8._.js:776
[  307296ms] [LOG] [Fast Refresh] done in 15ms @ http://localhost:3000/_next/static/chunks/node_modules_next_dist_1e8vcs8._.js:776
[  307348ms] [LOG] [Fast Refresh] done in 15ms @ http://localhost:3000/_next/static/chunks/node_modules_next_dist_1e8vcs8._.js:776
[  307398ms] [LOG] [Fast Refresh] done in 15ms @ http://localhost:3000/_next/static/chunks/node_modules_next_dist_1e8vcs8._.js:776
[  307449ms] [LOG] [Fast Refresh] done in 15ms @ http://localhost:3000/_next/static/chunks/node_modules_next_dist_1e8vcs8._.js:776
[  307500ms] [LOG] [Fast Refresh] done in 15ms @ http://localhost:3000/_next/static/chunks/node_modules_next_dist_1e8vcs8._.js:776
[  307551ms] [LOG] [Fast Refresh] done in 15ms @ http://localhost:3000/_next/static/chunks/node_modules_next_dist_1e8vcs8._.js:776
[  307601ms] [LOG] [Fast Refresh] done in 15ms @ http://localhost:3000/_next/static/chunks/node_modules_next_dist_1e8vcs8._.js:776
[  307653ms] [LOG] [Fast Refresh] done in 15ms @ http://localhost:3000/_next/static/chunks/node_modules_next_dist_1e8vcs8._.js:776
[  307703ms] [LOG] [Fast Refresh] done in 15ms @ http://localhost:3000/_next/static/chunks/node_modules_next_dist_1e8vcs8._.js:776
[  307754ms] [LOG] [Fast Refresh] done in 15ms @ http://localhost:3000/_next/static/chunks/node_modules_next_dist_1e8vcs8._.js:776
[  307804ms] [LOG] [Fast Refresh] done in 15ms @ http://localhost:3000/_next/static/chunks/node_modules_next_dist_1e8vcs8._.js:776
[  307855ms] [LOG] [Fast Refresh] done in 15ms @ http://localhost:3000/_next/static/chunks/node_modules_next_dist_1e8vcs8._.js:776
[  307906ms] [LOG] [Fast Refresh] done in 15ms @ http://localhost:3000/_next/static/chunks/node_modules_next_dist_1e8vcs8._.js:776
[  307957ms] [LOG] [Fast Refresh] done in 15ms @ http://localhost:3000/_next/static/chunks/node_modules_next_dist_1e8vcs8._.js:776
[  308008ms] [LOG] [Fast Refresh] done in 15ms @ http://localhost:3000/_next/static/chunks/node_modules_next_dist_1e8vcs8._.js:776
[  308059ms] [LOG] [Fast Refresh] done in 15ms @ http://localhost:3000/_next/static/chunks/node_modules_next_dist_1e8vcs8._.js:776
[  308117ms] [LOG] [Fast Refresh] done in 15ms @ http://localhost:3000/_next/static/chunks/node_modules_next_dist_1e8vcs8._.js:776
[  308166ms] [LOG] [Fast Refresh] done in 15ms @ http://localhost:3000/_next/static/chunks/node_modules_next_dist_1e8vcs8._.js:776
[  308210ms] [LOG] [Fast Refresh] done in 15ms @ http://localhost:3000/_next/static/chunks/node_modules_next_dist_1e8vcs8._.js:776
[  308257ms] [LOG] [Fast Refresh] done in 15ms @ http://localhost:3000/_next/static/chunks/node_modules_next_dist_1e8vcs8._.js:776
[  308301ms] [LOG] [Fast Refresh] done in 15ms @ http://localhost:3000/_next/static/chunks/node_modules_next_dist_1e8vcs8._.js:776
[  308351ms] [LOG] [Fast Refresh] done in 15ms @ http://localhost:3000/_next/static/chunks/node_modules_next_dist_1e8vcs8._.js:776
[  308392ms] [LOG] [Fast Refresh] done in 15ms @ http://localhost:3000/_next/static/chunks/node_modules_next_dist_1e8vcs8._.js:776
[  308434ms] [LOG] [Fast Refresh] done in 15ms @ http://localhost:3000/_next/static/chunks/node_modules_next_dist_1e8vcs8._.js:776
[  308485ms] [LOG] [Fast Refresh] done in 15ms @ http://localhost:3000/_next/static/chunks/node_modules_next_dist_1e8vcs8._.js:776
[  308525ms] [LOG] [Fast Refresh] done in 15ms @ http://localhost:3000/_next/static/chunks/node_modules_next_dist_1e8vcs8._.js:776
[  308569ms] [LOG] [Fast Refresh] done in 15ms @ http://localhost:3000/_next/static/chunks/node_modules_next_dist_1e8vcs8._.js:776
[  308619ms] [LOG] [Fast Refresh] done in 15ms @ http://localhost:3000/_next/static/chunks/node_modules_next_dist_1e8vcs8._.js:776
[  308669ms] [LOG] [Fast Refresh] done in 15ms @ http://localhost:3000/_next/static/chunks/node_modules_next_dist_1e8vcs8._.js:776
[  308708ms] [LOG] [Fast Refresh] done in 15ms @ http://localhost:3000/_next/static/chunks/node_modules_next_dist_1e8vcs8._.js:776
[  308752ms] [LOG] [Fast Refresh] done in 15ms @ http://localhost:3000/_next/static/chunks/node_modules_next_dist_1e8vcs8._.js:776
[  308797ms] [LOG] [Fast Refresh] done in 15ms @ http://localhost:3000/_next/static/chunks/node_modules_next_dist_1e8vcs8._.js:776
[  308841ms] [LOG] [Fast Refresh] done in 15ms @ http://localhost:3000/_next/static/chunks/node_modules_next_dist_1e8vcs8._.js:776
[  308891ms] [LOG] [Fast Refresh] done in 15ms @ http://localhost:3000/_next/static/chunks/node_modules_next_dist_1e8vcs8._.js:776
[  308934ms] [LOG] [Fast Refresh] done in 15ms @ http://localhost:3000/_next/static/chunks/node_modules_next_dist_1e8vcs8._.js:776
[  308986ms] [LOG] [Fast Refresh] done in 15ms @ http://localhost:3000/_next/static/chunks/node_modules_next_dist_1e8vcs8._.js:776
[  309037ms] [LOG] [Fast Refresh] done in 15ms @ http://localhost:3000/_next/static/chunks/node_modules_next_dist_1e8vcs8._.js:776
[  309087ms] [LOG] [Fast Refresh] done in 15ms @ http://localhost:3000/_next/static/chunks/node_modules_next_dist_1e8vcs8._.js:776
[  309138ms] [LOG] [Fast Refresh] done in 15ms @ http://localhost:3000/_next/static/chunks/node_modules_next_dist_1e8vcs8._.js:776
[  309190ms] [LOG] [Fast Refresh] done in 15ms @ http://localhost:3000/_next/static/chunks/node_modules_next_dist_1e8vcs8._.js:776
[  309240ms] [LOG] [Fast Refresh] done in 15ms @ http://localhost:3000/_next/static/chunks/node_modules_next_dist_1e8vcs8._.js:776
[  309292ms] [LOG] [Fast Refresh] done in 15ms @ http://localhost:3000/_next/static/chunks/node_modules_next_dist_1e8vcs8._.js:776
[  309338ms] [LOG] [Fast Refresh] done in 15ms @ http://localhost:3000/_next/static/chunks/node_modules_next_dist_1e8vcs8._.js:776
[  309390ms] [LOG] [Fast Refresh] done in 15ms @ http://localhost:3000/_next/static/chunks/node_modules_next_dist_1e8vcs8._.js:776
[  309441ms] [LOG] [Fast Refresh] done in 15ms @ http://localhost:3000/_next/static/chunks/node_modules_next_dist_1e8vcs8._.js:776
[  309492ms] [LOG] [Fast Refresh] done in 15ms @ http://localhost:3000/_next/static/chunks/node_modules_next_dist_1e8vcs8._.js:776
[  309541ms] [LOG] [Fast Refresh] done in 15ms @ http://localhost:3000/_next/static/chunks/node_modules_next_dist_1e8vcs8._.js:776
[  309592ms] [LOG] [Fast Refresh] done in 15ms @ http://localhost:3000/_next/static/chunks/node_modules_next_dist_1e8vcs8._.js:776
[  309643ms] [LOG] [Fast Refresh] done in 15ms @ http://localhost:3000/_next/static/chunks/node_modules_next_dist_1e8vcs8._.js:776
[  309694ms] [LOG] [Fast Refresh] done in 15ms @ http://localhost:3000/_next/static/chunks/node_modules_next_dist_1e8vcs8._.js:776
[  309744ms] [LOG] [Fast Refresh] done in 15ms @ http://localhost:3000/_next/static/chunks/node_modules_next_dist_1e8vcs8._.js:776
[  309796ms] [LOG] [Fast Refresh] done in 15ms @ http://localhost:3000/_next/static/chunks/node_modules_next_dist_1e8vcs8._.js:776
[  309846ms] [LOG] [Fast Refresh] done in 15ms @ http://localhost:3000/_next/static/chunks/node_modules_next_dist_1e8vcs8._.js:776
[  309898ms] [LOG] [Fast Refresh] done in 15ms @ http://localhost:3000/_next/static/chunks/node_modules_next_dist_1e8vcs8._.js:776
[  309949ms] [LOG] [Fast Refresh] done in 15ms @ http://localhost:3000/_next/static/chunks/node_modules_next_dist_1e8vcs8._.js:776
[  310001ms] [LOG] [Fast Refresh] done in 15ms @ http://localhost:3000/_next/static/chunks/node_modules_next_dist_1e8vcs8._.js:776
[  310052ms] [LOG] [Fast Refresh] done in 15ms @ http://localhost:3000/_next/static/chunks/node_modules_next_dist_1e8vcs8._.js:776
[  310102ms] [LOG] [Fast Refresh] done in 15ms @ http://localhost:3000/_next/static/chunks/node_modules_next_dist_1e8vcs8._.js:776
[  310156ms] [LOG] [Fast Refresh] done in 15ms @ http://localhost:3000/_next/static/chunks/node_modules_next_dist_1e8vcs8._.js:776
[  310207ms] [LOG] [Fast Refresh] done in 15ms @ http://localhost:3000/_next/static/chunks/node_modules_next_dist_1e8vcs8._.js:776
[  310258ms] [LOG] [Fast Refresh] done in 15ms @ http://localhost:3000/_next/static/chunks/node_modules_next_dist_1e8vcs8._.js:776
[  310309ms] [LOG] [Fast Refresh] done in 15ms @ http://localhost:3000/_next/static/chunks/node_modules_next_dist_1e8vcs8._.js:776
[  310360ms] [LOG] [Fast Refresh] done in 15ms @ http://localhost:3000/_next/static/chunks/node_modules_next_dist_1e8vcs8._.js:776
[  310410ms] [LOG] [Fast Refresh] done in 15ms @ http://localhost:3000/_next/static/chunks/node_modules_next_dist_1e8vcs8._.js:776
[  310451ms] [LOG] [Fast Refresh] done in 15ms @ http://localhost:3000/_next/static/chunks/node_modules_next_dist_1e8vcs8._.js:776
[  310501ms] [LOG] [Fast Refresh] done in 15ms @ http://localhost:3000/_next/static/chunks/node_modules_next_dist_1e8vcs8._.js:776
[  310553ms] [LOG] [Fast Refresh] done in 15ms @ http://localhost:3000/_next/static/chunks/node_modules_next_dist_1e8vcs8._.js:776
[  310599ms] [LOG] [Fast Refresh] done in 15ms @ http://localhost:3000/_next/static/chunks/node_modules_next_dist_1e8vcs8._.js:776
[  310650ms] [LOG] [Fast Refresh] done in 15ms @ http://localhost:3000/_next/static/chunks/node_modules_next_dist_1e8vcs8._.js:776
[  310697ms] [LOG] [Fast Refresh] done in 15ms @ http://localhost:3000/_next/static/chunks/node_modules_next_dist_1e8vcs8._.js:776
[  310748ms] [LOG] [Fast Refresh] done in 15ms @ http://localhost:3000/_next/static/chunks/node_modules_next_dist_1e8vcs8._.js:776
[  310801ms] [LOG] [Fast Refresh] done in 15ms @ http://localhost:3000/_next/static/chunks/node_modules_next_dist_1e8vcs8._.js:776
[  310841ms] [LOG] [Fast Refresh] done in 15ms @ http://localhost:3000/_next/static/chunks/node_modules_next_dist_1e8vcs8._.js:776
[  310886ms] [LOG] [Fast Refresh] done in 15ms @ http://localhost:3000/_next/static/chunks/node_modules_next_dist_1e8vcs8._.js:776
[  310936ms] [LOG] [Fast Refresh] done in 15ms @ http://localhost:3000/_next/static/chunks/node_modules_next_dist_1e8vcs8._.js:776
[  310986ms] [LOG] [Fast Refresh] done in 15ms @ http://localhost:3000/_next/static/chunks/node_modules_next_dist_1e8vcs8._.js:776
[  311036ms] [LOG] [Fast Refresh] done in 15ms @ http://localhost:3000/_next/static/chunks/node_modules_next_dist_1e8vcs8._.js:776
[  311086ms] [LOG] [Fast Refresh] done in 15ms @ http://localhost:3000/_next/static/chunks/node_modules_next_dist_1e8vcs8._.js:776
[  311134ms] [LOG] [Fast Refresh] done in 15ms @ http://localhost:3000/_next/static/chunks/node_modules_next_dist_1e8vcs8._.js:776
[  311175ms] [LOG] [Fast Refresh] done in 15ms @ http://localhost:3000/_next/static/chunks/node_modules_next_dist_1e8vcs8._.js:776
[  311218ms] [LOG] [Fast Refresh] done in 15ms @ http://localhost:3000/_next/static/chunks/node_modules_next_dist_1e8vcs8._.js:776
[  311268ms] [LOG] [Fast Refresh] done in 15ms @ http://localhost:3000/_next/static/chunks/node_modules_next_dist_1e8vcs8._.js:776
[  311310ms] [LOG] [Fast Refresh] done in 15ms @ http://localhost:3000/_next/static/chunks/node_modules_next_dist_1e8vcs8._.js:776
[  311352ms] [LOG] [Fast Refresh] done in 15ms @ http://localhost:3000/_next/static/chunks/node_modules_next_dist_1e8vcs8._.js:776
[  311392ms] [LOG] [Fast Refresh] done in 15ms @ http://localhost:3000/_next/static/chunks/node_modules_next_dist_1e8vcs8._.js:776
[  311435ms] [LOG] [Fast Refresh] done in 15ms @ http://localhost:3000/_next/static/chunks/node_modules_next_dist_1e8vcs8._.js:776
[  311474ms] [LOG] [Fast Refresh] done in 15ms @ http://localhost:3000/_next/static/chunks/node_modules_next_dist_1e8vcs8._.js:776
[  311536ms] [LOG] [Fast Refresh] done in 15ms @ http://localhost:3000/_next/static/chunks/node_modules_next_dist_1e8vcs8._.js:776
[  311584ms] [LOG] [Fast Refresh] done in 15ms @ http://localhost:3000/_next/static/chunks/node_modules_next_dist_1e8vcs8._.js:776
[  311625ms] [LOG] [Fast Refresh] done in 15ms @ http://localhost:3000/_next/static/chunks/node_modules_next_dist_1e8vcs8._.js:776
[  311683ms] [LOG] [Fast Refresh] done in 15ms @ http://localhost:3000/_next/static/chunks/node_modules_next_dist_1e8vcs8._.js:776
[  311729ms] [LOG] [Fast Refresh] done in 15ms @ http://localhost:3000/_next/static/chunks/node_modules_next_dist_1e8vcs8._.js:776
[  311774ms] [LOG] [Fast Refresh] done in 15ms @ http://localhost:3000/_next/static/chunks/node_modules_next_dist_1e8vcs8._.js:776
[  311824ms] [LOG] [Fast Refresh] done in 15ms @ http://localhost:3000/_next/static/chunks/node_modules_next_dist_1e8vcs8._.js:776
[  311868ms] [LOG] [Fast Refresh] done in 15ms @ http://localhost:3000/_next/static/chunks/node_modules_next_dist_1e8vcs8._.js:776
[  311909ms] [LOG] [Fast Refresh] done in 15ms @ http://localhost:3000/_next/static/chunks/node_modules_next_dist_1e8vcs8._.js:776
[  311951ms] [LOG] [Fast Refresh] done in 15ms @ http://localhost:3000/_next/static/chunks/node_modules_next_dist_1e8vcs8._.js:776
[  312001ms] [LOG] [Fast Refresh] done in 15ms @ http://localhost:3000/_next/static/chunks/node_modules_next_dist_1e8vcs8._.js:776
[  312051ms] [LOG] [Fast Refresh] done in 15ms @ http://localhost:3000/_next/static/chunks/node_modules_next_dist_1e8vcs8._.js:776
[  312091ms] [LOG] [Fast Refresh] done in 15ms @ http://localhost:3000/_next/static/chunks/node_modules_next_dist_1e8vcs8._.js:776
[  312134ms] [LOG] [Fast Refresh] done in 15ms @ http://localhost:3000/_next/static/chunks/node_modules_next_dist_1e8vcs8._.js:776
[  312184ms] [LOG] [Fast Refresh] done in 15ms @ http://localhost:3000/_next/static/chunks/node_modules_next_dist_1e8vcs8._.js:776
[  312234ms] [LOG] [Fast Refresh] done in 15ms @ http://localhost:3000/_next/static/chunks/node_modules_next_dist_1e8vcs8._.js:776
[  312281ms] [LOG] [Fast Refresh] done in 15ms @ http://localhost:3000/_next/static/chunks/node_modules_next_dist_1e8vcs8._.js:776
[  312338ms] [LOG] [Fast Refresh] done in 15ms @ http://localhost:3000/_next/static/chunks/node_modules_next_dist_1e8vcs8._.js:776
[  312393ms] [LOG] [Fast Refresh] done in 15ms @ http://localhost:3000/_next/static/chunks/node_modules_next_dist_1e8vcs8._.js:776
[  312443ms] [LOG] [Fast Refresh] done in 15ms @ http://localhost:3000/_next/static/chunks/node_modules_next_dist_1e8vcs8._.js:776
[  312493ms] [LOG] [Fast Refresh] done in 15ms @ http://localhost:3000/_next/static/chunks/node_modules_next_dist_1e8vcs8._.js:776
[  312544ms] [LOG] [Fast Refresh] done in 15ms @ http://localhost:3000/_next/static/chunks/node_modules_next_dist_1e8vcs8._.js:776
[  312594ms] [LOG] [Fast Refresh] done in 15ms @ http://localhost:3000/_next/static/chunks/node_modules_next_dist_1e8vcs8._.js:776
[  312646ms] [LOG] [Fast Refresh] done in 15ms @ http://localhost:3000/_next/static/chunks/node_modules_next_dist_1e8vcs8._.js:776
[  312697ms] [LOG] [Fast Refresh] done in 15ms @ http://localhost:3000/_next/static/chunks/node_modules_next_dist_1e8vcs8._.js:776
[  312748ms] [LOG] [Fast Refresh] done in 15ms @ http://localhost:3000/_next/static/chunks/node_modules_next_dist_1e8vcs8._.js:776
[  312798ms] [LOG] [Fast Refresh] done in 15ms @ http://localhost:3000/_next/static/chunks/node_modules_next_dist_1e8vcs8._.js:776
[  312849ms] [LOG] [Fast Refresh] done in 15ms @ http://localhost:3000/_next/static/chunks/node_modules_next_dist_1e8vcs8._.js:776
[  312901ms] [LOG] [Fast Refresh] done in 15ms @ http://localhost:3000/_next/static/chunks/node_modules_next_dist_1e8vcs8._.js:776
[  312952ms] [LOG] [Fast Refresh] done in 15ms @ http://localhost:3000/_next/static/chunks/node_modules_next_dist_1e8vcs8._.js:776
[  312994ms] [LOG] [Fast Refresh] done in 15ms @ http://localhost:3000/_next/static/chunks/node_modules_next_dist_1e8vcs8._.js:776
[  313045ms] [LOG] [Fast Refresh] done in 15ms @ http://localhost:3000/_next/static/chunks/node_modules_next_dist_1e8vcs8._.js:776
[  313095ms] [LOG] [Fast Refresh] done in 15ms @ http://localhost:3000/_next/static/chunks/node_modules_next_dist_1e8vcs8._.js:776
[  313146ms] [LOG] [Fast Refresh] done in 15ms @ http://localhost:3000/_next/static/chunks/node_modules_next_dist_1e8vcs8._.js:776
[  313197ms] [LOG] [Fast Refresh] done in 15ms @ http://localhost:3000/_next/static/chunks/node_modules_next_dist_1e8vcs8._.js:776
[  313248ms] [LOG] [Fast Refresh] done in 15ms @ http://localhost:3000/_next/static/chunks/node_modules_next_dist_1e8vcs8._.js:776
[  313299ms] [LOG] [Fast Refresh] done in 15ms @ http://localhost:3000/_next/static/chunks/node_modules_next_dist_1e8vcs8._.js:776
[  313351ms] [LOG] [Fast Refresh] done in 15ms @ http://localhost:3000/_next/static/chunks/node_modules_next_dist_1e8vcs8._.js:776
[  313400ms] [LOG] [Fast Refresh] done in 15ms @ http://localhost:3000/_next/static/chunks/node_modules_next_dist_1e8vcs8._.js:776
[  313457ms] [LOG] [Fast Refresh] done in 15ms @ http://localhost:3000/_next/static/chunks/node_modules_next_dist_1e8vcs8._.js:776
[  313499ms] [LOG] [Fast Refresh] done in 15ms @ http://localhost:3000/_next/static/chunks/node_modules_next_dist_1e8vcs8._.js:776
[  313548ms] [LOG] [Fast Refresh] done in 15ms @ http://localhost:3000/_next/static/chunks/node_modules_next_dist_1e8vcs8._.js:776
[  313593ms] [LOG] [Fast Refresh] done in 15ms @ http://localhost:3000/_next/static/chunks/node_modules_next_dist_1e8vcs8._.js:776
[  313634ms] [LOG] [Fast Refresh] done in 15ms @ http://localhost:3000/_next/static/chunks/node_modules_next_dist_1e8vcs8._.js:776
[  313686ms] [LOG] [Fast Refresh] done in 15ms @ http://localhost:3000/_next/static/chunks/node_modules_next_dist_1e8vcs8._.js:776
[  313728ms] [LOG] [Fast Refresh] done in 15ms @ http://localhost:3000/_next/static/chunks/node_modules_next_dist_1e8vcs8._.js:776
[  313769ms] [LOG] [Fast Refresh] done in 15ms @ http://localhost:3000/_next/static/chunks/node_modules_next_dist_1e8vcs8._.js:776
[  313819ms] [LOG] [Fast Refresh] done in 15ms @ http://localhost:3000/_next/static/chunks/node_modules_next_dist_1e8vcs8._.js:776
[  313860ms] [LOG] [Fast Refresh] done in 15ms @ http://localhost:3000/_next/static/chunks/node_modules_next_dist_1e8vcs8._.js:776
[  313903ms] [LOG] [Fast Refresh] done in 15ms @ http://localhost:3000/_next/static/chunks/node_modules_next_dist_1e8vcs8._.js:776
[  313953ms] [LOG] [Fast Refresh] done in 15ms @ http://localhost:3000/_next/static/chunks/node_modules_next_dist_1e8vcs8._.js:776
[  314002ms] [LOG] [Fast Refresh] done in 15ms @ http://localhost:3000/_next/static/chunks/node_modules_next_dist_1e8vcs8._.js:776
[  314044ms] [LOG] [Fast Refresh] done in 15ms @ http://localhost:3000/_next/static/chunks/node_modules_next_dist_1e8vcs8._.js:776
[  314084ms] [LOG] [Fast Refresh] done in 15ms @ http://localhost:3000/_next/static/chunks/node_modules_next_dist_1e8vcs8._.js:776
[  314134ms] [LOG] [Fast Refresh] done in 15ms @ http://localhost:3000/_next/static/chunks/node_modules_next_dist_1e8vcs8._.js:776
[  314181ms] [LOG] [Fast Refresh] done in 15ms @ http://localhost:3000/_next/static/chunks/node_modules_next_dist_1e8vcs8._.js:776
[  314235ms] [LOG] [Fast Refresh] done in 15ms @ http://localhost:3000/_next/static/chunks/node_modules_next_dist_1e8vcs8._.js:776
[  314278ms] [LOG] [Fast Refresh] done in 15ms @ http://localhost:3000/_next/static/chunks/node_modules_next_dist_1e8vcs8._.js:776
[  314318ms] [LOG] [Fast Refresh] done in 15ms @ http://localhost:3000/_next/static/chunks/node_modules_next_dist_1e8vcs8._.js:776
[  314368ms] [LOG] [Fast Refresh] done in 15ms @ http://localhost:3000/_next/static/chunks/node_modules_next_dist_1e8vcs8._.js:776
[  314408ms] [LOG] [Fast Refresh] done in 15ms @ http://localhost:3000/_next/static/chunks/node_modules_next_dist_1e8vcs8._.js:776
[  314452ms] [LOG] [Fast Refresh] done in 15ms @ http://localhost:3000/_next/static/chunks/node_modules_next_dist_1e8vcs8._.js:776
[  314501ms] [LOG] [Fast Refresh] done in 15ms @ http://localhost:3000/_next/static/chunks/node_modules_next_dist_1e8vcs8._.js:776
[  314541ms] [LOG] [Fast Refresh] done in 15ms @ http://localhost:3000/_next/static/chunks/node_modules_next_dist_1e8vcs8._.js:776
[  314585ms] [LOG] [Fast Refresh] done in 15ms @ http://localhost:3000/_next/static/chunks/node_modules_next_dist_1e8vcs8._.js:776
[  314627ms] [LOG] [Fast Refresh] done in 15ms @ http://localhost:3000/_next/static/chunks/node_modules_next_dist_1e8vcs8._.js:776
[  314668ms] [LOG] [Fast Refresh] done in 15ms @ http://localhost:3000/_next/static/chunks/node_modules_next_dist_1e8vcs8._.js:776
[  314718ms] [LOG] [Fast Refresh] done in 15ms @ http://localhost:3000/_next/static/chunks/node_modules_next_dist_1e8vcs8._.js:776
[  314768ms] [LOG] [Fast Refresh] done in 15ms @ http://localhost:3000/_next/static/chunks/node_modules_next_dist_1e8vcs8._.js:776
[  314808ms] [LOG] [Fast Refresh] done in 15ms @ http://localhost:3000/_next/static/chunks/node_modules_next_dist_1e8vcs8._.js:776
[  314851ms] [LOG] [Fast Refresh] done in 15ms @ http://localhost:3000/_next/static/chunks/node_modules_next_dist_1e8vcs8._.js:776
[  314901ms] [LOG] [Fast Refresh] done in 15ms @ http://localhost:3000/_next/static/chunks/node_modules_next_dist_1e8vcs8._.js:776
[  314951ms] [LOG] [Fast Refresh] done in 15ms @ http://localhost:3000/_next/static/chunks/node_modules_next_dist_1e8vcs8._.js:776
[  314997ms] [LOG] [Fast Refresh] done in 15ms @ http://localhost:3000/_next/static/chunks/node_modules_next_dist_1e8vcs8._.js:776
[  315041ms] [LOG] [Fast Refresh] done in 15ms @ http://localhost:3000/_next/static/chunks/node_modules_next_dist_1e8vcs8._.js:776
[  315084ms] [LOG] [Fast Refresh] done in 15ms @ http://localhost:3000/_next/static/chunks/node_modules_next_dist_1e8vcs8._.js:776
[  315126ms] [LOG] [Fast Refresh] done in 15ms @ http://localhost:3000/_next/static/chunks/node_modules_next_dist_1e8vcs8._.js:776
[  315168ms] [LOG] [Fast Refresh] done in 15ms @ http://localhost:3000/_next/static/chunks/node_modules_next_dist_1e8vcs8._.js:776
[  315209ms] [LOG] [Fast Refresh] done in 15ms @ http://localhost:3000/_next/static/chunks/node_modules_next_dist_1e8vcs8._.js:776
[  315258ms] [LOG] [Fast Refresh] done in 15ms @ http://localhost:3000/_next/static/chunks/node_modules_next_dist_1e8vcs8._.js:776
[  315301ms] [LOG] [Fast Refresh] done in 15ms @ http://localhost:3000/_next/static/chunks/node_modules_next_dist_1e8vcs8._.js:776
[  315352ms] [LOG] [Fast Refresh] done in 15ms @ http://localhost:3000/_next/static/chunks/node_modules_next_dist_1e8vcs8._.js:776
[  315402ms] [LOG] [Fast Refresh] done in 15ms @ http://localhost:3000/_next/static/chunks/node_modules_next_dist_1e8vcs8._.js:776
[  315445ms] [LOG] [Fast Refresh] done in 15ms @ http://localhost:3000/_next/static/chunks/node_modules_next_dist_1e8vcs8._.js:776
[  315484ms] [LOG] [Fast Refresh] done in 15ms @ http://localhost:3000/_next/static/chunks/node_modules_next_dist_1e8vcs8._.js:776
[  315524ms] [LOG] [Fast Refresh] done in 15ms @ http://localhost:3000/_next/static/chunks/node_modules_next_dist_1e8vcs8._.js:776
[  315568ms] [LOG] [Fast Refresh] done in 15ms @ http://localhost:3000/_next/static/chunks/node_modules_next_dist_1e8vcs8._.js:776
[  315608ms] [LOG] [Fast Refresh] done in 15ms @ http://localhost:3000/_next/static/chunks/node_modules_next_dist_1e8vcs8._.js:776
[  315652ms] [LOG] [Fast Refresh] done in 15ms @ http://localhost:3000/_next/static/chunks/node_modules_next_dist_1e8vcs8._.js:776
[  315693ms] [LOG] [Fast Refresh] done in 15ms @ http://localhost:3000/_next/static/chunks/node_modules_next_dist_1e8vcs8._.js:776
[  315735ms] [LOG] [Fast Refresh] done in 15ms @ http://localhost:3000/_next/static/chunks/node_modules_next_dist_1e8vcs8._.js:776
[  315778ms] [LOG] [Fast Refresh] done in 15ms @ http://localhost:3000/_next/static/chunks/node_modules_next_dist_1e8vcs8._.js:776
[  315825ms] [LOG] [Fast Refresh] done in 15ms @ http://localhost:3000/_next/static/chunks/node_modules_next_dist_1e8vcs8._.js:776
[  315867ms] [LOG] [Fast Refresh] done in 15ms @ http://localhost:3000/_next/static/chunks/node_modules_next_dist_1e8vcs8._.js:776
[  315907ms] [LOG] [Fast Refresh] done in 15ms @ http://localhost:3000/_next/static/chunks/node_modules_next_dist_1e8vcs8._.js:776
[  315951ms] [LOG] [Fast Refresh] done in 15ms @ http://localhost:3000/_next/static/chunks/node_modules_next_dist_1e8vcs8._.js:776
[  316004ms] [LOG] [Fast Refresh] done in 15ms @ http://localhost:3000/_next/static/chunks/node_modules_next_dist_1e8vcs8._.js:776
[  316051ms] [LOG] [Fast Refresh] done in 15ms @ http://localhost:3000/_next/static/chunks/node_modules_next_dist_1e8vcs8._.js:776
[  316100ms] [LOG] [Fast Refresh] done in 15ms @ http://localhost:3000/_next/static/chunks/node_modules_next_dist_1e8vcs8._.js:776
[  316144ms] [LOG] [Fast Refresh] done in 15ms @ http://localhost:3000/_next/static/chunks/node_modules_next_dist_1e8vcs8._.js:776
[  316184ms] [LOG] [Fast Refresh] done in 15ms @ http://localhost:3000/_next/static/chunks/node_modules_next_dist_1e8vcs8._.js:776
[  316225ms] [LOG] [Fast Refresh] done in 15ms @ http://localhost:3000/_next/static/chunks/node_modules_next_dist_1e8vcs8._.js:776
[  316268ms] [LOG] [Fast Refresh] done in 15ms @ http://localhost:3000/_next/static/chunks/node_modules_next_dist_1e8vcs8._.js:776
[  316318ms] [LOG] [Fast Refresh] done in 15ms @ http://localhost:3000/_next/static/chunks/node_modules_next_dist_1e8vcs8._.js:776
[  316358ms] [LOG] [Fast Refresh] done in 15ms @ http://localhost:3000/_next/static/chunks/node_modules_next_dist_1e8vcs8._.js:776
[  316402ms] [LOG] [Fast Refresh] done in 15ms @ http://localhost:3000/_next/static/chunks/node_modules_next_dist_1e8vcs8._.js:776
[  316441ms] [LOG] [Fast Refresh] done in 15ms @ http://localhost:3000/_next/static/chunks/node_modules_next_dist_1e8vcs8._.js:776
[  316490ms] [LOG] [Fast Refresh] done in 15ms @ http://localhost:3000/_next/static/chunks/node_modules_next_dist_1e8vcs8._.js:776
[  316535ms] [LOG] [Fast Refresh] done in 15ms @ http://localhost:3000/_next/static/chunks/node_modules_next_dist_1e8vcs8._.js:776
[  316575ms] [LOG] [Fast Refresh] done in 15ms @ http://localhost:3000/_next/static/chunks/node_modules_next_dist_1e8vcs8._.js:776
[  316623ms] [LOG] [Fast Refresh] done in 15ms @ http://localhost:3000/_next/static/chunks/node_modules_next_dist_1e8vcs8._.js:776
[  316673ms] [LOG] [Fast Refresh] done in 15ms @ http://localhost:3000/_next/static/chunks/node_modules_next_dist_1e8vcs8._.js:776
[  316718ms] [LOG] [Fast Refresh] done in 15ms @ http://localhost:3000/_next/static/chunks/node_modules_next_dist_1e8vcs8._.js:776
[  316758ms] [LOG] [Fast Refresh] done in 15ms @ http://localhost:3000/_next/static/chunks/node_modules_next_dist_1e8vcs8._.js:776
[  316801ms] [LOG] [Fast Refresh] done in 15ms @ http://localhost:3000/_next/static/chunks/node_modules_next_dist_1e8vcs8._.js:776
[  316840ms] [LOG] [Fast Refresh] done in 15ms @ http://localhost:3000/_next/static/chunks/node_modules_next_dist_1e8vcs8._.js:776
[  316884ms] [LOG] [Fast Refresh] done in 15ms @ http://localhost:3000/_next/static/chunks/node_modules_next_dist_1e8vcs8._.js:776
[  316935ms] [LOG] [Fast Refresh] done in 15ms @ http://localhost:3000/_next/static/chunks/node_modules_next_dist_1e8vcs8._.js:776
[  316984ms] [LOG] [Fast Refresh] done in 15ms @ http://localhost:3000/_next/static/chunks/node_modules_next_dist_1e8vcs8._.js:776
[  317036ms] [LOG] [Fast Refresh] done in 15ms @ http://localhost:3000/_next/static/chunks/node_modules_next_dist_1e8vcs8._.js:776
[  317085ms] [LOG] [Fast Refresh] done in 15ms @ http://localhost:3000/_next/static/chunks/node_modules_next_dist_1e8vcs8._.js:776
[  317134ms] [LOG] [Fast Refresh] done in 15ms @ http://localhost:3000/_next/static/chunks/node_modules_next_dist_1e8vcs8._.js:776
[  317184ms] [LOG] [Fast Refresh] done in 15ms @ http://localhost:3000/_next/static/chunks/node_modules_next_dist_1e8vcs8._.js:776
[  317233ms] [LOG] [Fast Refresh] done in 15ms @ http://localhost:3000/_next/static/chunks/node_modules_next_dist_1e8vcs8._.js:776
[  317273ms] [LOG] [Fast Refresh] done in 15ms @ http://localhost:3000/_next/static/chunks/node_modules_next_dist_1e8vcs8._.js:776
[  317318ms] [LOG] [Fast Refresh] done in 15ms @ http://localhost:3000/_next/static/chunks/node_modules_next_dist_1e8vcs8._.js:776
[  317368ms] [LOG] [Fast Refresh] done in 15ms @ http://localhost:3000/_next/static/chunks/node_modules_next_dist_1e8vcs8._.js:776
[  317408ms] [LOG] [Fast Refresh] done in 15ms @ http://localhost:3000/_next/static/chunks/node_modules_next_dist_1e8vcs8._.js:776
[  317451ms] [LOG] [Fast Refresh] done in 15ms @ http://localhost:3000/_next/static/chunks/node_modules_next_dist_1e8vcs8._.js:776
[  317501ms] [LOG] [Fast Refresh] done in 15ms @ http://localhost:3000/_next/static/chunks/node_modules_next_dist_1e8vcs8._.js:776
[  317545ms] [LOG] [Fast Refresh] done in 15ms @ http://localhost:3000/_next/static/chunks/node_modules_next_dist_1e8vcs8._.js:776
[  317595ms] [LOG] [Fast Refresh] done in 15ms @ http://localhost:3000/_next/static/chunks/node_modules_next_dist_1e8vcs8._.js:776
[  317641ms] [LOG] [Fast Refresh] done in 15ms @ http://localhost:3000/_next/static/chunks/node_modules_next_dist_1e8vcs8._.js:776
[  317684ms] [LOG] [Fast Refresh] done in 15ms @ http://localhost:3000/_next/static/chunks/node_modules_next_dist_1e8vcs8._.js:776
[  317729ms] [LOG] [Fast Refresh] done in 15ms @ http://localhost:3000/_next/static/chunks/node_modules_next_dist_1e8vcs8._.js:776
[  317784ms] [LOG] [Fast Refresh] done in 15ms @ http://localhost:3000/_next/static/chunks/node_modules_next_dist_1e8vcs8._.js:776
[  317826ms] [LOG] [Fast Refresh] done in 15ms @ http://localhost:3000/_next/static/chunks/node_modules_next_dist_1e8vcs8._.js:776
[  317868ms] [LOG] [Fast Refresh] done in 15ms @ http://localhost:3000/_next/static/chunks/node_modules_next_dist_1e8vcs8._.js:776
[  317918ms] [LOG] [Fast Refresh] done in 15ms @ http://localhost:3000/_next/static/chunks/node_modules_next_dist_1e8vcs8._.js:776
[  317960ms] [LOG] [Fast Refresh] done in 15ms @ http://localhost:3000/_next/static/chunks/node_modules_next_dist_1e8vcs8._.js:776
[  318001ms] [LOG] [Fast Refresh] done in 15ms @ http://localhost:3000/_next/static/chunks/node_modules_next_dist_1e8vcs8._.js:776
[  318051ms] [LOG] [Fast Refresh] done in 15ms @ http://localhost:3000/_next/static/chunks/node_modules_next_dist_1e8vcs8._.js:776
[  318101ms] [LOG] [Fast Refresh] done in 15ms @ http://localhost:3000/_next/static/chunks/node_modules_next_dist_1e8vcs8._.js:776
[  318143ms] [LOG] [Fast Refresh] done in 15ms @ http://localhost:3000/_next/static/chunks/node_modules_next_dist_1e8vcs8._.js:776
[  318185ms] [LOG] [Fast Refresh] done in 15ms @ http://localhost:3000/_next/static/chunks/node_modules_next_dist_1e8vcs8._.js:776
[  318235ms] [LOG] [Fast Refresh] done in 15ms @ http://localhost:3000/_next/static/chunks/node_modules_next_dist_1e8vcs8._.js:776
[  318278ms] [LOG] [Fast Refresh] done in 15ms @ http://localhost:3000/_next/static/chunks/node_modules_next_dist_1e8vcs8._.js:776
[  318323ms] [LOG] [Fast Refresh] done in 15ms @ http://localhost:3000/_next/static/chunks/node_modules_next_dist_1e8vcs8._.js:776
[  318368ms] [LOG] [Fast Refresh] done in 15ms @ http://localhost:3000/_next/static/chunks/node_modules_next_dist_1e8vcs8._.js:776
[  318408ms] [LOG] [Fast Refresh] done in 15ms @ http://localhost:3000/_next/static/chunks/node_modules_next_dist_1e8vcs8._.js:776
[  318451ms] [LOG] [Fast Refresh] done in 15ms @ http://localhost:3000/_next/static/chunks/node_modules_next_dist_1e8vcs8._.js:776
[  318492ms] [LOG] [Fast Refresh] done in 15ms @ http://localhost:3000/_next/static/chunks/node_modules_next_dist_1e8vcs8._.js:776
[  318534ms] [LOG] [Fast Refresh] done in 15ms @ http://localhost:3000/_next/static/chunks/node_modules_next_dist_1e8vcs8._.js:776
[  318583ms] [LOG] [Fast Refresh] done in 15ms @ http://localhost:3000/_next/static/chunks/node_modules_next_dist_1e8vcs8._.js:776
[  318624ms] [LOG] [Fast Refresh] done in 15ms @ http://localhost:3000/_next/static/chunks/node_modules_next_dist_1e8vcs8._.js:776
[  318667ms] [LOG] [Fast Refresh] done in 15ms @ http://localhost:3000/_next/static/chunks/node_modules_next_dist_1e8vcs8._.js:776
[  318708ms] [LOG] [Fast Refresh] done in 15ms @ http://localhost:3000/_next/static/chunks/node_modules_next_dist_1e8vcs8._.js:776
[  318751ms] [LOG] [Fast Refresh] done in 15ms @ http://localhost:3000/_next/static/chunks/node_modules_next_dist_1e8vcs8._.js:776
[  318801ms] [LOG] [Fast Refresh] done in 15ms @ http://localhost:3000/_next/static/chunks/node_modules_next_dist_1e8vcs8._.js:776
[  318851ms] [LOG] [Fast Refresh] done in 15ms @ http://localhost:3000/_next/static/chunks/node_modules_next_dist_1e8vcs8._.js:776
[  318894ms] [LOG] [Fast Refresh] done in 15ms @ http://localhost:3000/_next/static/chunks/node_modules_next_dist_1e8vcs8._.js:776
[  318934ms] [LOG] [Fast Refresh] done in 15ms @ http://localhost:3000/_next/static/chunks/node_modules_next_dist_1e8vcs8._.js:776
[  318983ms] [LOG] [Fast Refresh] done in 15ms @ http://localhost:3000/_next/static/chunks/node_modules_next_dist_1e8vcs8._.js:776
[  319024ms] [LOG] [Fast Refresh] done in 15ms @ http://localhost:3000/_next/static/chunks/node_modules_next_dist_1e8vcs8._.js:776
[  319068ms] [LOG] [Fast Refresh] done in 15ms @ http://localhost:3000/_next/static/chunks/node_modules_next_dist_1e8vcs8._.js:776
[  319118ms] [LOG] [Fast Refresh] done in 15ms @ http://localhost:3000/_next/static/chunks/node_modules_next_dist_1e8vcs8._.js:776
[  319160ms] [LOG] [Fast Refresh] done in 15ms @ http://localhost:3000/_next/static/chunks/node_modules_next_dist_1e8vcs8._.js:776
[  319201ms] [LOG] [Fast Refresh] done in 15ms @ http://localhost:3000/_next/static/chunks/node_modules_next_dist_1e8vcs8._.js:776
[  319244ms] [LOG] [Fast Refresh] done in 15ms @ http://localhost:3000/_next/static/chunks/node_modules_next_dist_1e8vcs8._.js:776
[  319284ms] [LOG] [Fast Refresh] done in 15ms @ http://localhost:3000/_next/static/chunks/node_modules_next_dist_1e8vcs8._.js:776
[  319329ms] [LOG] [Fast Refresh] done in 15ms @ http://localhost:3000/_next/static/chunks/node_modules_next_dist_1e8vcs8._.js:776
[  319376ms] [LOG] [Fast Refresh] done in 15ms @ http://localhost:3000/_next/static/chunks/node_modules_next_dist_1e8vcs8._.js:776
[  319425ms] [LOG] [Fast Refresh] done in 15ms @ http://localhost:3000/_next/static/chunks/node_modules_next_dist_1e8vcs8._.js:776
[  319468ms] [LOG] [Fast Refresh] done in 15ms @ http://localhost:3000/_next/static/chunks/node_modules_next_dist_1e8vcs8._.js:776
[  319508ms] [LOG] [Fast Refresh] done in 15ms @ http://localhost:3000/_next/static/chunks/node_modules_next_dist_1e8vcs8._.js:776
[  319557ms] [LOG] [Fast Refresh] done in 15ms @ http://localhost:3000/_next/static/chunks/node_modules_next_dist_1e8vcs8._.js:776
[  319608ms] [LOG] [Fast Refresh] done in 15ms @ http://localhost:3000/_next/static/chunks/node_modules_next_dist_1e8vcs8._.js:776
[  319657ms] [LOG] [Fast Refresh] done in 15ms @ http://localhost:3000/_next/static/chunks/node_modules_next_dist_1e8vcs8._.js:776
[  319707ms] [LOG] [Fast Refresh] done in 15ms @ http://localhost:3000/_next/static/chunks/node_modules_next_dist_1e8vcs8._.js:776
[  319757ms] [LOG] [Fast Refresh] done in 15ms @ http://localhost:3000/_next/static/chunks/node_modules_next_dist_1e8vcs8._.js:776
[  319806ms] [LOG] [Fast Refresh] done in 15ms @ http://localhost:3000/_next/static/chunks/node_modules_next_dist_1e8vcs8._.js:776
[  319856ms] [LOG] [Fast Refresh] done in 15ms @ http://localhost:3000/_next/static/chunks/node_modules_next_dist_1e8vcs8._.js:776
[  319907ms] [LOG] [Fast Refresh] done in 15ms @ http://localhost:3000/_next/static/chunks/node_modules_next_dist_1e8vcs8._.js:776
[  319957ms] [LOG] [Fast Refresh] done in 15ms @ http://localhost:3000/_next/static/chunks/node_modules_next_dist_1e8vcs8._.js:776
[  320008ms] [LOG] [Fast Refresh] done in 15ms @ http://localhost:3000/_next/static/chunks/node_modules_next_dist_1e8vcs8._.js:776
[  320058ms] [LOG] [Fast Refresh] done in 15ms @ http://localhost:3000/_next/static/chunks/node_modules_next_dist_1e8vcs8._.js:776
[  320107ms] [LOG] [Fast Refresh] done in 15ms @ http://localhost:3000/_next/static/chunks/node_modules_next_dist_1e8vcs8._.js:776
[  320158ms] [LOG] [Fast Refresh] done in 15ms @ http://localhost:3000/_next/static/chunks/node_modules_next_dist_1e8vcs8._.js:776
[  320208ms] [LOG] [Fast Refresh] done in 15ms @ http://localhost:3000/_next/static/chunks/node_modules_next_dist_1e8vcs8._.js:776
[  320258ms] [LOG] [Fast Refresh] done in 15ms @ http://localhost:3000/_next/static/chunks/node_modules_next_dist_1e8vcs8._.js:776
[  320307ms] [LOG] [Fast Refresh] done in 15ms @ http://localhost:3000/_next/static/chunks/node_modules_next_dist_1e8vcs8._.js:776
[  320357ms] [LOG] [Fast Refresh] done in 15ms @ http://localhost:3000/_next/static/chunks/node_modules_next_dist_1e8vcs8._.js:776
[  320408ms] [LOG] [Fast Refresh] done in 15ms @ http://localhost:3000/_next/static/chunks/node_modules_next_dist_1e8vcs8._.js:776
[  320457ms] [LOG] [Fast Refresh] done in 15ms @ http://localhost:3000/_next/static/chunks/node_modules_next_dist_1e8vcs8._.js:776
[  320507ms] [LOG] [Fast Refresh] done in 15ms @ http://localhost:3000/_next/static/chunks/node_modules_next_dist_1e8vcs8._.js:776
[  320558ms] [LOG] [Fast Refresh] done in 15ms @ http://localhost:3000/_next/static/chunks/node_modules_next_dist_1e8vcs8._.js:776
[  320607ms] [LOG] [Fast Refresh] done in 15ms @ http://localhost:3000/_next/static/chunks/node_modules_next_dist_1e8vcs8._.js:776
[  320657ms] [LOG] [Fast Refresh] done in 15ms @ http://localhost:3000/_next/static/chunks/node_modules_next_dist_1e8vcs8._.js:776
[  320708ms] [LOG] [Fast Refresh] done in 15ms @ http://localhost:3000/_next/static/chunks/node_modules_next_dist_1e8vcs8._.js:776
[  320758ms] [LOG] [Fast Refresh] done in 15ms @ http://localhost:3000/_next/static/chunks/node_modules_next_dist_1e8vcs8._.js:776
[  320808ms] [LOG] [Fast Refresh] done in 15ms @ http://localhost:3000/_next/static/chunks/node_modules_next_dist_1e8vcs8._.js:776
[  320857ms] [LOG] [Fast Refresh] done in 15ms @ http://localhost:3000/_next/static/chunks/node_modules_next_dist_1e8vcs8._.js:776
[  320907ms] [LOG] [Fast Refresh] done in 15ms @ http://localhost:3000/_next/static/chunks/node_modules_next_dist_1e8vcs8._.js:776
[  320958ms] [LOG] [Fast Refresh] done in 15ms @ http://localhost:3000/_next/static/chunks/node_modules_next_dist_1e8vcs8._.js:776
[  321008ms] [LOG] [Fast Refresh] done in 15ms @ http://localhost:3000/_next/static/chunks/node_modules_next_dist_1e8vcs8._.js:776
[  321059ms] [LOG] [Fast Refresh] done in 15ms @ http://localhost:3000/_next/static/chunks/node_modules_next_dist_1e8vcs8._.js:776
[  321106ms] [LOG] [Fast Refresh] done in 15ms @ http://localhost:3000/_next/static/chunks/node_modules_next_dist_1e8vcs8._.js:776
[  321156ms] [LOG] [Fast Refresh] done in 15ms @ http://localhost:3000/_next/static/chunks/node_modules_next_dist_1e8vcs8._.js:776
[  321207ms] [LOG] [Fast Refresh] done in 15ms @ http://localhost:3000/_next/static/chunks/node_modules_next_dist_1e8vcs8._.js:776
[  321258ms] [LOG] [Fast Refresh] done in 15ms @ http://localhost:3000/_next/static/chunks/node_modules_next_dist_1e8vcs8._.js:776
[  321307ms] [LOG] [Fast Refresh] done in 15ms @ http://localhost:3000/_next/static/chunks/node_modules_next_dist_1e8vcs8._.js:776
[  321357ms] [LOG] [Fast Refresh] done in 15ms @ http://localhost:3000/_next/static/chunks/node_modules_next_dist_1e8vcs8._.js:776
[  321407ms] [LOG] [Fast Refresh] done in 15ms @ http://localhost:3000/_next/static/chunks/node_modules_next_dist_1e8vcs8._.js:776
[  321457ms] [LOG] [Fast Refresh] done in 15ms @ http://localhost:3000/_next/static/chunks/node_modules_next_dist_1e8vcs8._.js:776
[  321522ms] [LOG] [Fast Refresh] done in 15ms @ http://localhost:3000/_next/static/chunks/node_modules_next_dist_1e8vcs8._.js:776
[  321573ms] [LOG] [Fast Refresh] done in 15ms @ http://localhost:3000/_next/static/chunks/node_modules_next_dist_1e8vcs8._.js:776
[  321621ms] [LOG] [Fast Refresh] done in 15ms @ http://localhost:3000/_next/static/chunks/node_modules_next_dist_1e8vcs8._.js:776
[  321685ms] [LOG] [Fast Refresh] done in 15ms @ http://localhost:3000/_next/static/chunks/node_modules_next_dist_1e8vcs8._.js:776
[  321732ms] [LOG] [Fast Refresh] done in 15ms @ http://localhost:3000/_next/static/chunks/node_modules_next_dist_1e8vcs8._.js:776
[  321780ms] [LOG] [Fast Refresh] done in 15ms @ http://localhost:3000/_next/static/chunks/node_modules_next_dist_1e8vcs8._.js:776
[  321843ms] [LOG] [Fast Refresh] done in 15ms @ http://localhost:3000/_next/static/chunks/node_modules_next_dist_1e8vcs8._.js:776
[  321891ms] [LOG] [Fast Refresh] done in 15ms @ http://localhost:3000/_next/static/chunks/node_modules_next_dist_1e8vcs8._.js:776
[  321939ms] [LOG] [Fast Refresh] done in 15ms @ http://localhost:3000/_next/static/chunks/node_modules_next_dist_1e8vcs8._.js:776
[  322000ms] [LOG] [Fast Refresh] done in 15ms @ http://localhost:3000/_next/static/chunks/node_modules_next_dist_1e8vcs8._.js:776
[  322041ms] [LOG] [Fast Refresh] done in 15ms @ http://localhost:3000/_next/static/chunks/node_modules_next_dist_1e8vcs8._.js:776
[  322092ms] [LOG] [Fast Refresh] done in 15ms @ http://localhost:3000/_next/static/chunks/node_modules_next_dist_1e8vcs8._.js:776
[  322141ms] [LOG] [Fast Refresh] done in 15ms @ http://localhost:3000/_next/static/chunks/node_modules_next_dist_1e8vcs8._.js:776
[  322189ms] [LOG] [Fast Refresh] done in 15ms @ http://localhost:3000/_next/static/chunks/node_modules_next_dist_1e8vcs8._.js:776
[  322241ms] [LOG] [Fast Refresh] done in 15ms @ http://localhost:3000/_next/static/chunks/node_modules_next_dist_1e8vcs8._.js:776
[  322290ms] [LOG] [Fast Refresh] done in 15ms @ http://localhost:3000/_next/static/chunks/node_modules_next_dist_1e8vcs8._.js:776
[  322340ms] [LOG] [Fast Refresh] done in 15ms @ http://localhost:3000/_next/static/chunks/node_modules_next_dist_1e8vcs8._.js:776
[  322390ms] [LOG] [Fast Refresh] done in 15ms @ http://localhost:3000/_next/static/chunks/node_modules_next_dist_1e8vcs8._.js:776
[  322442ms] [LOG] [Fast Refresh] done in 15ms @ http://localhost:3000/_next/static/chunks/node_modules_next_dist_1e8vcs8._.js:776
[  322493ms] [LOG] [Fast Refresh] done in 15ms @ http://localhost:3000/_next/static/chunks/node_modules_next_dist_1e8vcs8._.js:776
[  322540ms] [LOG] [Fast Refresh] done in 15ms @ http://localhost:3000/_next/static/chunks/node_modules_next_dist_1e8vcs8._.js:776
[  322590ms] [LOG] [Fast Refresh] done in 15ms @ http://localhost:3000/_next/static/chunks/node_modules_next_dist_1e8vcs8._.js:776
[  322641ms] [LOG] [Fast Refresh] done in 15ms @ http://localhost:3000/_next/static/chunks/node_modules_next_dist_1e8vcs8._.js:776
[  322690ms] [LOG] [Fast Refresh] done in 15ms @ http://localhost:3000/_next/static/chunks/node_modules_next_dist_1e8vcs8._.js:776
[  322747ms] [LOG] [Fast Refresh] done in 15ms @ http://localhost:3000/_next/static/chunks/node_modules_next_dist_1e8vcs8._.js:776
[  322799ms] [LOG] [Fast Refresh] done in 15ms @ http://localhost:3000/_next/static/chunks/node_modules_next_dist_1e8vcs8._.js:776
[  322841ms] [LOG] [Fast Refresh] done in 15ms @ http://localhost:3000/_next/static/chunks/node_modules_next_dist_1e8vcs8._.js:776
[  322892ms] [LOG] [Fast Refresh] done in 15ms @ http://localhost:3000/_next/static/chunks/node_modules_next_dist_1e8vcs8._.js:776
[  322941ms] [LOG] [Fast Refresh] done in 15ms @ http://localhost:3000/_next/static/chunks/node_modules_next_dist_1e8vcs8._.js:776
[  322991ms] [LOG] [Fast Refresh] done in 15ms @ http://localhost:3000/_next/static/chunks/node_modules_next_dist_1e8vcs8._.js:776
[  323051ms] [LOG] [Fast Refresh] done in 15ms @ http://localhost:3000/_next/static/chunks/node_modules_next_dist_1e8vcs8._.js:776
[  323092ms] [LOG] [Fast Refresh] done in 15ms @ http://localhost:3000/_next/static/chunks/node_modules_next_dist_1e8vcs8._.js:776
[  323142ms] [LOG] [Fast Refresh] done in 15ms @ http://localhost:3000/_next/static/chunks/node_modules_next_dist_1e8vcs8._.js:776
[  323188ms] [LOG] [Fast Refresh] done in 15ms @ http://localhost:3000/_next/static/chunks/node_modules_next_dist_1e8vcs8._.js:776
[  323250ms] [LOG] [Fast Refresh] done in 15ms @ http://localhost:3000/_next/static/chunks/node_modules_next_dist_1e8vcs8._.js:776
[  323309ms] [LOG] [Fast Refresh] done in 15ms @ http://localhost:3000/_next/static/chunks/node_modules_next_dist_1e8vcs8._.js:776
[  323351ms] [LOG] [Fast Refresh] done in 15ms @ http://localhost:3000/_next/static/chunks/node_modules_next_dist_1e8vcs8._.js:776
[  323392ms] [LOG] [Fast Refresh] done in 15ms @ http://localhost:3000/_next/static/chunks/node_modules_next_dist_1e8vcs8._.js:776
[  323435ms] [LOG] [Fast Refresh] done in 15ms @ http://localhost:3000/_next/static/chunks/node_modules_next_dist_1e8vcs8._.js:776
[  323485ms] [LOG] [Fast Refresh] done in 15ms @ http://localhost:3000/_next/static/chunks/node_modules_next_dist_1e8vcs8._.js:776
[  323535ms] [LOG] [Fast Refresh] done in 15ms @ http://localhost:3000/_next/static/chunks/node_modules_next_dist_1e8vcs8._.js:776
[  323585ms] [LOG] [Fast Refresh] done in 15ms @ http://localhost:3000/_next/static/chunks/node_modules_next_dist_1e8vcs8._.js:776
[  323627ms] [LOG] [Fast Refresh] done in 15ms @ http://localhost:3000/_next/static/chunks/node_modules_next_dist_1e8vcs8._.js:776
[  323669ms] [LOG] [Fast Refresh] done in 15ms @ http://localhost:3000/_next/static/chunks/node_modules_next_dist_1e8vcs8._.js:776
[  323711ms] [LOG] [Fast Refresh] done in 15ms @ http://localhost:3000/_next/static/chunks/node_modules_next_dist_1e8vcs8._.js:776
[  323751ms] [LOG] [Fast Refresh] done in 15ms @ http://localhost:3000/_next/static/chunks/node_modules_next_dist_1e8vcs8._.js:776
[  323802ms] [LOG] [Fast Refresh] done in 15ms @ http://localhost:3000/_next/static/chunks/node_modules_next_dist_1e8vcs8._.js:776
[  323842ms] [LOG] [Fast Refresh] done in 15ms @ http://localhost:3000/_next/static/chunks/node_modules_next_dist_1e8vcs8._.js:776
[  323890ms] [LOG] [Fast Refresh] done in 15ms @ http://localhost:3000/_next/static/chunks/node_modules_next_dist_1e8vcs8._.js:776
[  323942ms] [LOG] [Fast Refresh] done in 15ms @ http://localhost:3000/_next/static/chunks/node_modules_next_dist_1e8vcs8._.js:776
[  323985ms] [LOG] [Fast Refresh] done in 15ms @ http://localhost:3000/_next/static/chunks/node_modules_next_dist_1e8vcs8._.js:776
[  324025ms] [LOG] [Fast Refresh] done in 15ms @ http://localhost:3000/_next/static/chunks/node_modules_next_dist_1e8vcs8._.js:776
[  324075ms] [LOG] [Fast Refresh] done in 15ms @ http://localhost:3000/_next/static/chunks/node_modules_next_dist_1e8vcs8._.js:776
[  324125ms] [LOG] [Fast Refresh] done in 15ms @ http://localhost:3000/_next/static/chunks/node_modules_next_dist_1e8vcs8._.js:776
[  324176ms] [LOG] [Fast Refresh] done in 15ms @ http://localhost:3000/_next/static/chunks/node_modules_next_dist_1e8vcs8._.js:776
[  324218ms] [LOG] [Fast Refresh] done in 15ms @ http://localhost:3000/_next/static/chunks/node_modules_next_dist_1e8vcs8._.js:776
[  324268ms] [LOG] [Fast Refresh] done in 15ms @ http://localhost:3000/_next/static/chunks/node_modules_next_dist_1e8vcs8._.js:776
[  324319ms] [LOG] [Fast Refresh] done in 15ms @ http://localhost:3000/_next/static/chunks/node_modules_next_dist_1e8vcs8._.js:776
[  324359ms] [LOG] [Fast Refresh] done in 15ms @ http://localhost:3000/_next/static/chunks/node_modules_next_dist_1e8vcs8._.js:776
[  324402ms] [LOG] [Fast Refresh] done in 15ms @ http://localhost:3000/_next/static/chunks/node_modules_next_dist_1e8vcs8._.js:776
[  324442ms] [LOG] [Fast Refresh] done in 15ms @ http://localhost:3000/_next/static/chunks/node_modules_next_dist_1e8vcs8._.js:776
[  324491ms] [LOG] [Fast Refresh] done in 15ms @ http://localhost:3000/_next/static/chunks/node_modules_next_dist_1e8vcs8._.js:776
[  324534ms] [LOG] [Fast Refresh] done in 15ms @ http://localhost:3000/_next/static/chunks/node_modules_next_dist_1e8vcs8._.js:776
[  324583ms] [LOG] [Fast Refresh] done in 15ms @ http://localhost:3000/_next/static/chunks/node_modules_next_dist_1e8vcs8._.js:776
[  324640ms] [LOG] [Fast Refresh] done in 15ms @ http://localhost:3000/_next/static/chunks/node_modules_next_dist_1e8vcs8._.js:776
[  324685ms] [LOG] [Fast Refresh] done in 15ms @ http://localhost:3000/_next/static/chunks/node_modules_next_dist_1e8vcs8._.js:776
[  324735ms] [LOG] [Fast Refresh] done in 15ms @ http://localhost:3000/_next/static/chunks/node_modules_next_dist_1e8vcs8._.js:776
[  324785ms] [LOG] [Fast Refresh] done in 15ms @ http://localhost:3000/_next/static/chunks/node_modules_next_dist_1e8vcs8._.js:776
[  324835ms] [LOG] [Fast Refresh] done in 15ms @ http://localhost:3000/_next/static/chunks/node_modules_next_dist_1e8vcs8._.js:776
[  324891ms] [LOG] [Fast Refresh] done in 15ms @ http://localhost:3000/_next/static/chunks/node_modules_next_dist_1e8vcs8._.js:776
[  324935ms] [LOG] [Fast Refresh] done in 15ms @ http://localhost:3000/_next/static/chunks/node_modules_next_dist_1e8vcs8._.js:776
[  324991ms] [LOG] [Fast Refresh] done in 15ms @ http://localhost:3000/_next/static/chunks/node_modules_next_dist_1e8vcs8._.js:776
[  325038ms] [LOG] [Fast Refresh] done in 15ms @ http://localhost:3000/_next/static/chunks/node_modules_next_dist_1e8vcs8._.js:776
[  325090ms] [LOG] [Fast Refresh] done in 15ms @ http://localhost:3000/_next/static/chunks/node_modules_next_dist_1e8vcs8._.js:776
[  325138ms] [LOG] [Fast Refresh] done in 15ms @ http://localhost:3000/_next/static/chunks/node_modules_next_dist_1e8vcs8._.js:776
[  325185ms] [LOG] [Fast Refresh] done in 15ms @ http://localhost:3000/_next/static/chunks/node_modules_next_dist_1e8vcs8._.js:776
[  325225ms] [LOG] [Fast Refresh] done in 15ms @ http://localhost:3000/_next/static/chunks/node_modules_next_dist_1e8vcs8._.js:776
[  325269ms] [LOG] [Fast Refresh] done in 15ms @ http://localhost:3000/_next/static/chunks/node_modules_next_dist_1e8vcs8._.js:776
[  325312ms] [LOG] [Fast Refresh] done in 15ms @ http://localhost:3000/_next/static/chunks/node_modules_next_dist_1e8vcs8._.js:776
[  325363ms] [LOG] [Fast Refresh] done in 15ms @ http://localhost:3000/_next/static/chunks/node_modules_next_dist_1e8vcs8._.js:776
[  325406ms] [LOG] [Fast Refresh] done in 15ms @ http://localhost:3000/_next/static/chunks/node_modules_next_dist_1e8vcs8._.js:776
[  325448ms] [LOG] [Fast Refresh] done in 15ms @ http://localhost:3000/_next/static/chunks/node_modules_next_dist_1e8vcs8._.js:776
[  325497ms] [LOG] [Fast Refresh] done in 15ms @ http://localhost:3000/_next/static/chunks/node_modules_next_dist_1e8vcs8._.js:776
[  325541ms] [LOG] [Fast Refresh] done in 15ms @ http://localhost:3000/_next/static/chunks/node_modules_next_dist_1e8vcs8._.js:776
[  325592ms] [LOG] [Fast Refresh] done in 15ms @ http://localhost:3000/_next/static/chunks/node_modules_next_dist_1e8vcs8._.js:776
[  325642ms] [LOG] [Fast Refresh] done in 15ms @ http://localhost:3000/_next/static/chunks/node_modules_next_dist_1e8vcs8._.js:776
[  325685ms] [LOG] [Fast Refresh] done in 15ms @ http://localhost:3000/_next/static/chunks/node_modules_next_dist_1e8vcs8._.js:776
[  325725ms] [LOG] [Fast Refresh] done in 15ms @ http://localhost:3000/_next/static/chunks/node_modules_next_dist_1e8vcs8._.js:776
[  325768ms] [LOG] [Fast Refresh] done in 15ms @ http://localhost:3000/_next/static/chunks/node_modules_next_dist_1e8vcs8._.js:776
[  325820ms] [LOG] [Fast Refresh] done in 15ms @ http://localhost:3000/_next/static/chunks/node_modules_next_dist_1e8vcs8._.js:776
[  325869ms] [LOG] [Fast Refresh] done in 15ms @ http://localhost:3000/_next/static/chunks/node_modules_next_dist_1e8vcs8._.js:776
[  325908ms] [LOG] [Fast Refresh] done in 15ms @ http://localhost:3000/_next/static/chunks/node_modules_next_dist_1e8vcs8._.js:776
[  325951ms] [LOG] [Fast Refresh] done in 15ms @ http://localhost:3000/_next/static/chunks/node_modules_next_dist_1e8vcs8._.js:776
[  325994ms] [LOG] [Fast Refresh] done in 15ms @ http://localhost:3000/_next/static/chunks/node_modules_next_dist_1e8vcs8._.js:776
[  326039ms] [LOG] [Fast Refresh] done in 15ms @ http://localhost:3000/_next/static/chunks/node_modules_next_dist_1e8vcs8._.js:776
[  326085ms] [LOG] [Fast Refresh] done in 15ms @ http://localhost:3000/_next/static/chunks/node_modules_next_dist_1e8vcs8._.js:776
[  326136ms] [LOG] [Fast Refresh] done in 15ms @ http://localhost:3000/_next/static/chunks/node_modules_next_dist_1e8vcs8._.js:776
[  326185ms] [LOG] [Fast Refresh] done in 15ms @ http://localhost:3000/_next/static/chunks/node_modules_next_dist_1e8vcs8._.js:776
[  326235ms] [LOG] [Fast Refresh] done in 15ms @ http://localhost:3000/_next/static/chunks/node_modules_next_dist_1e8vcs8._.js:776
[  326285ms] [LOG] [Fast Refresh] done in 15ms @ http://localhost:3000/_next/static/chunks/node_modules_next_dist_1e8vcs8._.js:776
[  326335ms] [LOG] [Fast Refresh] done in 15ms @ http://localhost:3000/_next/static/chunks/node_modules_next_dist_1e8vcs8._.js:776
[  326385ms] [LOG] [Fast Refresh] done in 15ms @ http://localhost:3000/_next/static/chunks/node_modules_next_dist_1e8vcs8._.js:776
[  326436ms] [LOG] [Fast Refresh] done in 15ms @ http://localhost:3000/_next/static/chunks/node_modules_next_dist_1e8vcs8._.js:776
[  326489ms] [LOG] [Fast Refresh] done in 15ms @ http://localhost:3000/_next/static/chunks/node_modules_next_dist_1e8vcs8._.js:776
[  326535ms] [LOG] [Fast Refresh] done in 15ms @ http://localhost:3000/_next/static/chunks/node_modules_next_dist_1e8vcs8._.js:776
[  326578ms] [LOG] [Fast Refresh] done in 15ms @ http://localhost:3000/_next/static/chunks/node_modules_next_dist_1e8vcs8._.js:776
[  326627ms] [LOG] [Fast Refresh] done in 15ms @ http://localhost:3000/_next/static/chunks/node_modules_next_dist_1e8vcs8._.js:776
[  326673ms] [LOG] [Fast Refresh] done in 15ms @ http://localhost:3000/_next/static/chunks/node_modules_next_dist_1e8vcs8._.js:776
[  326718ms] [LOG] [Fast Refresh] done in 15ms @ http://localhost:3000/_next/static/chunks/node_modules_next_dist_1e8vcs8._.js:776
[  326758ms] [LOG] [Fast Refresh] done in 15ms @ http://localhost:3000/_next/static/chunks/node_modules_next_dist_1e8vcs8._.js:776
[  326809ms] [LOG] [Fast Refresh] done in 15ms @ http://localhost:3000/_next/static/chunks/node_modules_next_dist_1e8vcs8._.js:776
[  326869ms] [LOG] [Fast Refresh] done in 15ms @ http://localhost:3000/_next/static/chunks/node_modules_next_dist_1e8vcs8._.js:776
[  326919ms] [LOG] [Fast Refresh] done in 15ms @ http://localhost:3000/_next/static/chunks/node_modules_next_dist_1e8vcs8._.js:776
[  326969ms] [LOG] [Fast Refresh] done in 15ms @ http://localhost:3000/_next/static/chunks/node_modules_next_dist_1e8vcs8._.js:776
[  327009ms] [LOG] [Fast Refresh] done in 15ms @ http://localhost:3000/_next/static/chunks/node_modules_next_dist_1e8vcs8._.js:776
[  327059ms] [LOG] [Fast Refresh] done in 15ms @ http://localhost:3000/_next/static/chunks/node_modules_next_dist_1e8vcs8._.js:776
[  327108ms] [LOG] [Fast Refresh] done in 15ms @ http://localhost:3000/_next/static/chunks/node_modules_next_dist_1e8vcs8._.js:776
[  327151ms] [LOG] [Fast Refresh] done in 15ms @ http://localhost:3000/_next/static/chunks/node_modules_next_dist_1e8vcs8._.js:776
[  327194ms] [LOG] [Fast Refresh] done in 15ms @ http://localhost:3000/_next/static/chunks/node_modules_next_dist_1e8vcs8._.js:776
[  327235ms] [LOG] [Fast Refresh] done in 15ms @ http://localhost:3000/_next/static/chunks/node_modules_next_dist_1e8vcs8._.js:776
[  327280ms] [LOG] [Fast Refresh] done in 15ms @ http://localhost:3000/_next/static/chunks/node_modules_next_dist_1e8vcs8._.js:776
[  327325ms] [LOG] [Fast Refresh] done in 15ms @ http://localhost:3000/_next/static/chunks/node_modules_next_dist_1e8vcs8._.js:776
[  327369ms] [LOG] [Fast Refresh] done in 15ms @ http://localhost:3000/_next/static/chunks/node_modules_next_dist_1e8vcs8._.js:776
[  327412ms] [LOG] [Fast Refresh] done in 15ms @ http://localhost:3000/_next/static/chunks/node_modules_next_dist_1e8vcs8._.js:776
[  327459ms] [LOG] [Fast Refresh] done in 15ms @ http://localhost:3000/_next/static/chunks/node_modules_next_dist_1e8vcs8._.js:776
[  327509ms] [LOG] [Fast Refresh] done in 15ms @ http://localhost:3000/_next/static/chunks/node_modules_next_dist_1e8vcs8._.js:776
[  327552ms] [LOG] [Fast Refresh] done in 15ms @ http://localhost:3000/_next/static/chunks/node_modules_next_dist_1e8vcs8._.js:776
[  327599ms] [LOG] [Fast Refresh] done in 15ms @ http://localhost:3000/_next/static/chunks/node_modules_next_dist_1e8vcs8._.js:776
[  327652ms] [LOG] [Fast Refresh] done in 15ms @ http://localhost:3000/_next/static/chunks/node_modules_next_dist_1e8vcs8._.js:776
[  327697ms] [LOG] [Fast Refresh] done in 15ms @ http://localhost:3000/_next/static/chunks/node_modules_next_dist_1e8vcs8._.js:776
[  327742ms] [LOG] [Fast Refresh] done in 15ms @ http://localhost:3000/_next/static/chunks/node_modules_next_dist_1e8vcs8._.js:776
[  327801ms] [LOG] [Fast Refresh] done in 15ms @ http://localhost:3000/_next/static/chunks/node_modules_next_dist_1e8vcs8._.js:776
[  327852ms] [LOG] [Fast Refresh] done in 15ms @ http://localhost:3000/_next/static/chunks/node_modules_next_dist_1e8vcs8._.js:776
[  327906ms] [LOG] [Fast Refresh] done in 15ms @ http://localhost:3000/_next/static/chunks/node_modules_next_dist_1e8vcs8._.js:776
[  327953ms] [LOG] [Fast Refresh] done in 15ms @ http://localhost:3000/_next/static/chunks/node_modules_next_dist_1e8vcs8._.js:776
[  328002ms] [LOG] [Fast Refresh] done in 15ms @ http://localhost:3000/_next/static/chunks/node_modules_next_dist_1e8vcs8._.js:776
[  328052ms] [LOG] [Fast Refresh] done in 15ms @ http://localhost:3000/_next/static/chunks/node_modules_next_dist_1e8vcs8._.js:776
[  328095ms] [LOG] [Fast Refresh] done in 15ms @ http://localhost:3000/_next/static/chunks/node_modules_next_dist_1e8vcs8._.js:776
[  328135ms] [LOG] [Fast Refresh] done in 15ms @ http://localhost:3000/_next/static/chunks/node_modules_next_dist_1e8vcs8._.js:776
[  328176ms] [LOG] [Fast Refresh] done in 15ms @ http://localhost:3000/_next/static/chunks/node_modules_next_dist_1e8vcs8._.js:776
[  328218ms] [LOG] [Fast Refresh] done in 15ms @ http://localhost:3000/_next/static/chunks/node_modules_next_dist_1e8vcs8._.js:776
[  328268ms] [LOG] [Fast Refresh] done in 15ms @ http://localhost:3000/_next/static/chunks/node_modules_next_dist_1e8vcs8._.js:776
[  328308ms] [LOG] [Fast Refresh] done in 15ms @ http://localhost:3000/_next/static/chunks/node_modules_next_dist_1e8vcs8._.js:776
[  328352ms] [LOG] [Fast Refresh] done in 15ms @ http://localhost:3000/_next/static/chunks/node_modules_next_dist_1e8vcs8._.js:776
[  328401ms] [LOG] [Fast Refresh] done in 15ms @ http://localhost:3000/_next/static/chunks/node_modules_next_dist_1e8vcs8._.js:776
[  328446ms] [LOG] [Fast Refresh] done in 15ms @ http://localhost:3000/_next/static/chunks/node_modules_next_dist_1e8vcs8._.js:776
[  328502ms] [LOG] [Fast Refresh] done in 15ms @ http://localhost:3000/_next/static/chunks/node_modules_next_dist_1e8vcs8._.js:776
[  328552ms] [LOG] [Fast Refresh] done in 15ms @ http://localhost:3000/_next/static/chunks/node_modules_next_dist_1e8vcs8._.js:776
[  328594ms] [LOG] [Fast Refresh] done in 15ms @ http://localhost:3000/_next/static/chunks/node_modules_next_dist_1e8vcs8._.js:776
[  328642ms] [LOG] [Fast Refresh] done in 15ms @ http://localhost:3000/_next/static/chunks/node_modules_next_dist_1e8vcs8._.js:776
[  328685ms] [LOG] [Fast Refresh] done in 15ms @ http://localhost:3000/_next/static/chunks/node_modules_next_dist_1e8vcs8._.js:776
[  328735ms] [LOG] [Fast Refresh] done in 15ms @ http://localhost:3000/_next/static/chunks/node_modules_next_dist_1e8vcs8._.js:776
[  328782ms] [LOG] [Fast Refresh] done in 15ms @ http://localhost:3000/_next/static/chunks/node_modules_next_dist_1e8vcs8._.js:776
[  328831ms] [LOG] [Fast Refresh] done in 15ms @ http://localhost:3000/_next/static/chunks/node_modules_next_dist_1e8vcs8._.js:776
[  328885ms] [LOG] [Fast Refresh] done in 15ms @ http://localhost:3000/_next/static/chunks/node_modules_next_dist_1e8vcs8._.js:776
[  328929ms] [LOG] [Fast Refresh] done in 15ms @ http://localhost:3000/_next/static/chunks/node_modules_next_dist_1e8vcs8._.js:776
[  328976ms] [LOG] [Fast Refresh] done in 15ms @ http://localhost:3000/_next/static/chunks/node_modules_next_dist_1e8vcs8._.js:776
[  329024ms] [LOG] [Fast Refresh] done in 15ms @ http://localhost:3000/_next/static/chunks/node_modules_next_dist_1e8vcs8._.js:776
[  329066ms] [LOG] [Fast Refresh] done in 15ms @ http://localhost:3000/_next/static/chunks/node_modules_next_dist_1e8vcs8._.js:776
[  329118ms] [LOG] [Fast Refresh] done in 15ms @ http://localhost:3000/_next/static/chunks/node_modules_next_dist_1e8vcs8._.js:776
[  329160ms] [LOG] [Fast Refresh] done in 15ms @ http://localhost:3000/_next/static/chunks/node_modules_next_dist_1e8vcs8._.js:776
[  329203ms] [LOG] [Fast Refresh] done in 15ms @ http://localhost:3000/_next/static/chunks/node_modules_next_dist_1e8vcs8._.js:776
[  329252ms] [LOG] [Fast Refresh] done in 15ms @ http://localhost:3000/_next/static/chunks/node_modules_next_dist_1e8vcs8._.js:776
[  329295ms] [LOG] [Fast Refresh] done in 15ms @ http://localhost:3000/_next/static/chunks/node_modules_next_dist_1e8vcs8._.js:776
[  329344ms] [LOG] [Fast Refresh] done in 15ms @ http://localhost:3000/_next/static/chunks/node_modules_next_dist_1e8vcs8._.js:776
[  329395ms] [LOG] [Fast Refresh] done in 15ms @ http://localhost:3000/_next/static/chunks/node_modules_next_dist_1e8vcs8._.js:776
[  329435ms] [LOG] [Fast Refresh] done in 15ms @ http://localhost:3000/_next/static/chunks/node_modules_next_dist_1e8vcs8._.js:776
[  329480ms] [LOG] [Fast Refresh] done in 15ms @ http://localhost:3000/_next/static/chunks/node_modules_next_dist_1e8vcs8._.js:776
[  329530ms] [LOG] [Fast Refresh] done in 15ms @ http://localhost:3000/_next/static/chunks/node_modules_next_dist_1e8vcs8._.js:776
[  329586ms] [LOG] [Fast Refresh] done in 15ms @ http://localhost:3000/_next/static/chunks/node_modules_next_dist_1e8vcs8._.js:776
[  329628ms] [LOG] [Fast Refresh] done in 15ms @ http://localhost:3000/_next/static/chunks/node_modules_next_dist_1e8vcs8._.js:776
[  329669ms] [LOG] [Fast Refresh] done in 15ms @ http://localhost:3000/_next/static/chunks/node_modules_next_dist_1e8vcs8._.js:776
[  329710ms] [LOG] [Fast Refresh] done in 15ms @ http://localhost:3000/_next/static/chunks/node_modules_next_dist_1e8vcs8._.js:776
[  329752ms] [LOG] [Fast Refresh] done in 15ms @ http://localhost:3000/_next/static/chunks/node_modules_next_dist_1e8vcs8._.js:776
[  329803ms] [LOG] [Fast Refresh] done in 15ms @ http://localhost:3000/_next/static/chunks/node_modules_next_dist_1e8vcs8._.js:776
[  329852ms] [LOG] [Fast Refresh] done in 15ms @ http://localhost:3000/_next/static/chunks/node_modules_next_dist_1e8vcs8._.js:776
[  329895ms] [LOG] [Fast Refresh] done in 15ms @ http://localhost:3000/_next/static/chunks/node_modules_next_dist_1e8vcs8._.js:776
[  329942ms] [LOG] [Fast Refresh] done in 15ms @ http://localhost:3000/_next/static/chunks/node_modules_next_dist_1e8vcs8._.js:776
[  329986ms] [LOG] [Fast Refresh] done in 15ms @ http://localhost:3000/_next/static/chunks/node_modules_next_dist_1e8vcs8._.js:776
[  330036ms] [LOG] [Fast Refresh] done in 15ms @ http://localhost:3000/_next/static/chunks/node_modules_next_dist_1e8vcs8._.js:776
[  330082ms] [LOG] [Fast Refresh] done in 15ms @ http://localhost:3000/_next/static/chunks/node_modules_next_dist_1e8vcs8._.js:776
[  330126ms] [LOG] [Fast Refresh] done in 15ms @ http://localhost:3000/_next/static/chunks/node_modules_next_dist_1e8vcs8._.js:776
[  330168ms] [LOG] [Fast Refresh] done in 15ms @ http://localhost:3000/_next/static/chunks/node_modules_next_dist_1e8vcs8._.js:776
[  330209ms] [LOG] [Fast Refresh] done in 15ms @ http://localhost:3000/_next/static/chunks/node_modules_next_dist_1e8vcs8._.js:776
[  330256ms] [LOG] [Fast Refresh] done in 15ms @ http://localhost:3000/_next/static/chunks/node_modules_next_dist_1e8vcs8._.js:776
[  330302ms] [LOG] [Fast Refresh] done in 15ms @ http://localhost:3000/_next/static/chunks/node_modules_next_dist_1e8vcs8._.js:776
[  330345ms] [LOG] [Fast Refresh] done in 15ms @ http://localhost:3000/_next/static/chunks/node_modules_next_dist_1e8vcs8._.js:776
[  330392ms] [LOG] [Fast Refresh] done in 15ms @ http://localhost:3000/_next/static/chunks/node_modules_next_dist_1e8vcs8._.js:776
[  330436ms] [LOG] [Fast Refresh] done in 15ms @ http://localhost:3000/_next/static/chunks/node_modules_next_dist_1e8vcs8._.js:776
[  330485ms] [LOG] [Fast Refresh] done in 15ms @ http://localhost:3000/_next/static/chunks/node_modules_next_dist_1e8vcs8._.js:776
[  330535ms] [LOG] [Fast Refresh] done in 15ms @ http://localhost:3000/_next/static/chunks/node_modules_next_dist_1e8vcs8._.js:776
[  330585ms] [LOG] [Fast Refresh] done in 15ms @ http://localhost:3000/_next/static/chunks/node_modules_next_dist_1e8vcs8._.js:776
[  330630ms] [LOG] [Fast Refresh] done in 15ms @ http://localhost:3000/_next/static/chunks/node_modules_next_dist_1e8vcs8._.js:776
[  330676ms] [LOG] [Fast Refresh] done in 15ms @ http://localhost:3000/_next/static/chunks/node_modules_next_dist_1e8vcs8._.js:776
[  330718ms] [LOG] [Fast Refresh] done in 15ms @ http://localhost:3000/_next/static/chunks/node_modules_next_dist_1e8vcs8._.js:776
[  330766ms] [LOG] [Fast Refresh] done in 15ms @ http://localhost:3000/_next/static/chunks/node_modules_next_dist_1e8vcs8._.js:776
[  330818ms] [LOG] [Fast Refresh] done in 15ms @ http://localhost:3000/_next/static/chunks/node_modules_next_dist_1e8vcs8._.js:776
[  330863ms] [LOG] [Fast Refresh] done in 15ms @ http://localhost:3000/_next/static/chunks/node_modules_next_dist_1e8vcs8._.js:776
[  330918ms] [LOG] [Fast Refresh] done in 15ms @ http://localhost:3000/_next/static/chunks/node_modules_next_dist_1e8vcs8._.js:776
[  330968ms] [LOG] [Fast Refresh] done in 15ms @ http://localhost:3000/_next/static/chunks/node_modules_next_dist_1e8vcs8._.js:776
[  331011ms] [LOG] [Fast Refresh] done in 15ms @ http://localhost:3000/_next/static/chunks/node_modules_next_dist_1e8vcs8._.js:776
[  331052ms] [LOG] [Fast Refresh] done in 15ms @ http://localhost:3000/_next/static/chunks/node_modules_next_dist_1e8vcs8._.js:776
[  331095ms] [LOG] [Fast Refresh] done in 15ms @ http://localhost:3000/_next/static/chunks/node_modules_next_dist_1e8vcs8._.js:776
[  331142ms] [LOG] [Fast Refresh] done in 15ms @ http://localhost:3000/_next/static/chunks/node_modules_next_dist_1e8vcs8._.js:776
[  331188ms] [LOG] [Fast Refresh] done in 15ms @ http://localhost:3000/_next/static/chunks/node_modules_next_dist_1e8vcs8._.js:776
[  331235ms] [LOG] [Fast Refresh] done in 15ms @ http://localhost:3000/_next/static/chunks/node_modules_next_dist_1e8vcs8._.js:776
[  331278ms] [LOG] [Fast Refresh] done in 15ms @ http://localhost:3000/_next/static/chunks/node_modules_next_dist_1e8vcs8._.js:776
[  331322ms] [LOG] [Fast Refresh] done in 15ms @ http://localhost:3000/_next/static/chunks/node_modules_next_dist_1e8vcs8._.js:776
[  331369ms] [LOG] [Fast Refresh] done in 15ms @ http://localhost:3000/_next/static/chunks/node_modules_next_dist_1e8vcs8._.js:776
[  331418ms] [LOG] [Fast Refresh] done in 15ms @ http://localhost:3000/_next/static/chunks/node_modules_next_dist_1e8vcs8._.js:776
[  331459ms] [LOG] [Fast Refresh] done in 15ms @ http://localhost:3000/_next/static/chunks/node_modules_next_dist_1e8vcs8._.js:776
[  331502ms] [LOG] [Fast Refresh] done in 15ms @ http://localhost:3000/_next/static/chunks/node_modules_next_dist_1e8vcs8._.js:776
[  331552ms] [LOG] [Fast Refresh] done in 15ms @ http://localhost:3000/_next/static/chunks/node_modules_next_dist_1e8vcs8._.js:776
[  331599ms] [LOG] [Fast Refresh] done in 15ms @ http://localhost:3000/_next/static/chunks/node_modules_next_dist_1e8vcs8._.js:776
[  331652ms] [LOG] [Fast Refresh] done in 15ms @ http://localhost:3000/_next/static/chunks/node_modules_next_dist_1e8vcs8._.js:776
[  331702ms] [LOG] [Fast Refresh] done in 15ms @ http://localhost:3000/_next/static/chunks/node_modules_next_dist_1e8vcs8._.js:776
[  331742ms] [LOG] [Fast Refresh] done in 15ms @ http://localhost:3000/_next/static/chunks/node_modules_next_dist_1e8vcs8._.js:776
[  331792ms] [LOG] [Fast Refresh] done in 15ms @ http://localhost:3000/_next/static/chunks/node_modules_next_dist_1e8vcs8._.js:776
[  331835ms] [LOG] [Fast Refresh] done in 15ms @ http://localhost:3000/_next/static/chunks/node_modules_next_dist_1e8vcs8._.js:776
[  331878ms] [LOG] [Fast Refresh] done in 15ms @ http://localhost:3000/_next/static/chunks/node_modules_next_dist_1e8vcs8._.js:776
[  331918ms] [LOG] [Fast Refresh] done in 15ms @ http://localhost:3000/_next/static/chunks/node_modules_next_dist_1e8vcs8._.js:776
[  331969ms] [LOG] [Fast Refresh] done in 15ms @ http://localhost:3000/_next/static/chunks/node_modules_next_dist_1e8vcs8._.js:776
[  332009ms] [LOG] [Fast Refresh] done in 15ms @ http://localhost:3000/_next/static/chunks/node_modules_next_dist_1e8vcs8._.js:776
[  332053ms] [LOG] [Fast Refresh] done in 15ms @ http://localhost:3000/_next/static/chunks/node_modules_next_dist_1e8vcs8._.js:776
[  332102ms] [LOG] [Fast Refresh] done in 15ms @ http://localhost:3000/_next/static/chunks/node_modules_next_dist_1e8vcs8._.js:776
[  332146ms] [LOG] [Fast Refresh] done in 15ms @ http://localhost:3000/_next/static/chunks/node_modules_next_dist_1e8vcs8._.js:776
[  332185ms] [LOG] [Fast Refresh] done in 15ms @ http://localhost:3000/_next/static/chunks/node_modules_next_dist_1e8vcs8._.js:776
[  332235ms] [LOG] [Fast Refresh] done in 15ms @ http://localhost:3000/_next/static/chunks/node_modules_next_dist_1e8vcs8._.js:776
[  332285ms] [LOG] [Fast Refresh] done in 15ms @ http://localhost:3000/_next/static/chunks/node_modules_next_dist_1e8vcs8._.js:776
[  332325ms] [LOG] [Fast Refresh] done in 15ms @ http://localhost:3000/_next/static/chunks/node_modules_next_dist_1e8vcs8._.js:776
[  332369ms] [LOG] [Fast Refresh] done in 15ms @ http://localhost:3000/_next/static/chunks/node_modules_next_dist_1e8vcs8._.js:776
[  332408ms] [LOG] [Fast Refresh] done in 15ms @ http://localhost:3000/_next/static/chunks/node_modules_next_dist_1e8vcs8._.js:776
[  332452ms] [LOG] [Fast Refresh] done in 15ms @ http://localhost:3000/_next/static/chunks/node_modules_next_dist_1e8vcs8._.js:776
[  332502ms] [LOG] [Fast Refresh] done in 15ms @ http://localhost:3000/_next/static/chunks/node_modules_next_dist_1e8vcs8._.js:776
[  332546ms] [LOG] [Fast Refresh] done in 15ms @ http://localhost:3000/_next/static/chunks/node_modules_next_dist_1e8vcs8._.js:776
[  332592ms] [LOG] [Fast Refresh] done in 15ms @ http://localhost:3000/_next/static/chunks/node_modules_next_dist_1e8vcs8._.js:776
[  332635ms] [LOG] [Fast Refresh] done in 15ms @ http://localhost:3000/_next/static/chunks/node_modules_next_dist_1e8vcs8._.js:776
[  332675ms] [LOG] [Fast Refresh] done in 15ms @ http://localhost:3000/_next/static/chunks/node_modules_next_dist_1e8vcs8._.js:776
[  332719ms] [LOG] [Fast Refresh] done in 15ms @ http://localhost:3000/_next/static/chunks/node_modules_next_dist_1e8vcs8._.js:776
[  332761ms] [LOG] [Fast Refresh] done in 15ms @ http://localhost:3000/_next/static/chunks/node_modules_next_dist_1e8vcs8._.js:776
[  332805ms] [LOG] [Fast Refresh] done in 15ms @ http://localhost:3000/_next/static/chunks/node_modules_next_dist_1e8vcs8._.js:776
[  332851ms] [LOG] [Fast Refresh] done in 15ms @ http://localhost:3000/_next/static/chunks/node_modules_next_dist_1e8vcs8._.js:776
[  332894ms] [LOG] [Fast Refresh] done in 15ms @ http://localhost:3000/_next/static/chunks/node_modules_next_dist_1e8vcs8._.js:776
[  332939ms] [LOG] [Fast Refresh] done in 15ms @ http://localhost:3000/_next/static/chunks/node_modules_next_dist_1e8vcs8._.js:776
[  332984ms] [LOG] [Fast Refresh] done in 15ms @ http://localhost:3000/_next/static/chunks/node_modules_next_dist_1e8vcs8._.js:776
[  333035ms] [LOG] [Fast Refresh] done in 15ms @ http://localhost:3000/_next/static/chunks/node_modules_next_dist_1e8vcs8._.js:776
[  333075ms] [LOG] [Fast Refresh] done in 15ms @ http://localhost:3000/_next/static/chunks/node_modules_next_dist_1e8vcs8._.js:776
